variant,function,seed,best,seconds
ads,Ackley,0,3.934614782794562,2.884
ads,Ackley,1,7.75154137817456,2.865
ads,Ackley,10,0.5154357310235622,2.945
ads,Ackley,11,4.0300206971791575,2.874
ads,Ackley,12,5.091957323477569,2.911
ads,Ackley,13,6.280078078991213,2.941
ads,Ackley,14,1.4582641849004685,2.93
ads,Ackley,15,0.005479112440096134,2.919
ads,Ackley,16,0.019502025870196338,2.952
ads,Ackley,17,0.21316168464734675,2.966
ads,Ackley,18,6.206889011845771,2.984
ads,Ackley,19,1.0628879190441194,3.025
ads,Ackley,2,4.738038086257767,2.954
ads,Ackley,20,4.775016188473213,2.879
ads,Ackley,21,4.465353731903818,2.987
ads,Ackley,22,0.46749769795587826,2.943
ads,Ackley,23,0.14197300518901246,3.042
ads,Ackley,24,5.503448529755978,2.924
ads,Ackley,25,3.78582621658169,2.865
ads,Ackley,26,4.526323355711053,3.046
ads,Ackley,27,4.076370918104441,2.944
ads,Ackley,28,6.514607185896875,2.926
ads,Ackley,29,0.36395997618454645,2.918
ads,Ackley,3,1.4307433542730164,2.897
ads,Ackley,4,0.1722485210476603,2.923
ads,Ackley,5,0.03809159919962157,2.974
ads,Ackley,6,0.7593082730545189,2.939
ads,Ackley,7,1.4339038509942204,2.92
ads,Ackley,8,4.382738600784428,2.896
ads,Ackley,9,4.775211160577996,2.892
ads,Griewank,0,0.008944653686289272,2.783
ads,Griewank,1,0.010607002613218008,2.684
ads,Griewank,10,0.002355374485154438,2.838
ads,Griewank,11,0.006883410556971281,2.743
ads,Griewank,12,0.026590166302440488,2.753
ads,Griewank,13,0.015461056239352122,2.873
ads,Griewank,14,0.01054731804737885,2.776
ads,Griewank,15,0.041771380155687265,2.853
ads,Griewank,16,0.006518136129076257,2.883
ads,Griewank,17,0.018115653796766162,2.752
ads,Griewank,18,0.007843162598594966,2.865
ads,Griewank,19,0.046162684685449484,2.728
ads,Griewank,2,0.00774518623087761,2.747
ads,Griewank,20,0.01001129199419859,2.785
ads,Griewank,21,0.017826127518761115,2.755
ads,Griewank,22,0.01475647918032652,2.729
ads,Griewank,23,0.019108030512286156,2.692
ads,Griewank,24,0.008869192145509408,2.671
ads,Griewank,25,0.003078111799021288,2.661
ads,Griewank,26,0.024636324508183982,2.784
ads,Griewank,27,0.018860412582607178,2.656
ads,Griewank,28,0.009309801618155644,2.638
ads,Griewank,29,0.021224382997200086,2.563
ads,Griewank,3,0.011802268258809256,2.713
ads,Griewank,4,0.004939496952080402,2.692
ads,Griewank,5,0.03025057793114816,2.751
ads,Griewank,6,0.014567852114575341,2.728
ads,Griewank,7,0.029890574441730045,2.849
ads,Griewank,8,0.024024931794659254,2.785
ads,Griewank,9,0.02423346245825142,2.803
ads,Penalized2,0,2.512033624712388,9.15
ads,Penalized2,1,1.522821549782118,9.343
ads,Penalized2,10,0.3205645405620319,12.477
ads,Penalized2,11,2.024319671974019,12.329
ads,Penalized2,12,18.763215928225325,9.886
ads,Penalized2,13,0.43822939510049896,10.039
ads,Penalized2,14,1.8058247886491696,9.85
ads,Penalized2,15,0.5804590941606168,9.991
ads,Penalized2,16,7.467211274025286,9.895
ads,Penalized2,17,0.11212766675098172,9.787
ads,Penalized2,18,6.166506197594757,9.799
ads,Penalized2,19,3.674134686208545,9.872
ads,Penalized2,2,2.6897632712372843,9.283
ads,Penalized2,20,0.3023176162316797,9.999
ads,Penalized2,21,0.45978624303593973,9.797
ads,Penalized2,22,0.5162802559332862,9.666
ads,Penalized2,23,0.13496370138336988,10.204
ads,Penalized2,24,5.464813831225567,10.919
ads,Penalized2,25,12.191077648420581,10.798
ads,Penalized2,26,6.42081100746058,10.643
ads,Penalized2,27,7.619066502554195,10.541
ads,Penalized2,28,0.0012648240034714969,10.564
ads,Penalized2,29,0.2758458744137624,10.548
ads,Penalized2,3,2.8504102891143757,9.18
ads,Penalized2,4,3.264049745278996,9.443
ads,Penalized2,5,1.319515285464274,9.35
ads,Penalized2,6,2.21705071786771,12.358
ads,Penalized2,7,0.6877612666781167,12.107
ads,Penalized2,8,0.9924708213147531,12.503
ads,Penalized2,9,0.38183956621631593,12.372
ads,Penalized,0,2.193578371411772,10.214
ads,Penalized,1,1.3425176035694788,10.257
ads,Penalized,10,1.4989210196235028,10.261
ads,Penalized,11,2.186007627093744,10.236
ads,Penalized,12,2.3847985670351064,10.187
ads,Penalized,13,2.68410562697071,10.196
ads,Penalized,14,2.639364431056463,10.148
ads,Penalized,15,1.3336774010063086,10.229
ads,Penalized,16,2.9075182276975533,10.118
ads,Penalized,17,1.8368711587498892,10.181
ads,Penalized,18,1.685275594625633,10.419
ads,Penalized,19,3.5077337613078177,10.342
ads,Penalized,2,3.139302798534608,10.268
ads,Penalized,20,0.0010589895228939289,10.402
ads,Penalized,21,2.2364154301776065,10.415
ads,Penalized,22,2.200385453890723,10.357
ads,Penalized,23,3.342919478884289,10.375
ads,Penalized,24,1.920306660253336,10.391
ads,Penalized,25,4.376026349197192,10.293
ads,Penalized,26,1.8245488339760534,10.356
ads,Penalized,27,1.4540636924151848,10.363
ads,Penalized,28,4.194143501047432,10.305
ads,Penalized,29,3.117078339600167,10.337
ads,Penalized,3,4.901190607887657,10.405
ads,Penalized,4,1.8817983487270054,10.255
ads,Penalized,5,1.5329328198489762,10.24
ads,Penalized,6,0.7771194878981311,10.276
ads,Penalized,7,1.2860036655947327,10.269
ads,Penalized,8,0.8560308398154816,10.184
ads,Penalized,9,2.036356538758901,10.198
ads,Quartic,0,2.470567987502022e-09,3.292
ads,Quartic,1,1.2037572191117416e-09,3.365
ads,Quartic,10,3.8355870950255685e-10,3.13
ads,Quartic,11,2.560888584074437e-09,3.187
ads,Quartic,12,4.702269494545861e-09,3.245
ads,Quartic,13,4.032868510202014e-09,3.274
ads,Quartic,14,1.222341489707715e-09,3.185
ads,Quartic,15,1.7926116704153162e-10,3.25
ads,Quartic,16,1.6945699445306727e-09,3.336
ads,Quartic,17,4.92711487167028e-11,3.256
ads,Quartic,18,1.515598752667797e-13,3.227
ads,Quartic,19,3.339337449356534e-10,3.167
ads,Quartic,2,1.8603176524873007e-12,3.246
ads,Quartic,20,8.201801764013816e-09,3.219
ads,Quartic,21,2.042858536332537e-09,3.245
ads,Quartic,22,2.2334382589304384e-10,3.241
ads,Quartic,23,2.6309188385285914e-10,3.151
ads,Quartic,24,6.618353568416254e-10,3.233
ads,Quartic,25,9.566734816551382e-11,3.247
ads,Quartic,26,1.63607476522298e-09,3.342
ads,Quartic,27,2.3081140697608605e-10,3.338
ads,Quartic,28,4.075610884671472e-11,3.265
ads,Quartic,29,1.6564591711406747e-09,3.306
ads,Quartic,3,7.306125801263637e-14,3.387
ads,Quartic,4,7.852470798628744e-10,3.241
ads,Quartic,5,3.077568294503613e-09,3.18
ads,Quartic,6,2.454400989725643e-12,3.242
ads,Quartic,7,2.4251730976083192e-11,3.32
ads,Quartic,8,6.814177286413654e-10,3.355
ads,Quartic,9,1.7490690206640927e-09,3.23
ads,Rastrigin,0,0.015753284275945134,2.571
ads,Rastrigin,1,11.947788755607519,2.458
ads,Rastrigin,10,12.939881221010467,2.543
ads,Rastrigin,11,0.5412055998211258,2.461
ads,Rastrigin,12,6.123999023040653,2.494
ads,Rastrigin,13,0.3035157204467396,2.438
ads,Rastrigin,14,0.4120350109392916,2.497
ads,Rastrigin,15,12.93986258279432,2.48
ads,Rastrigin,16,3.3183306519540565,2.569
ads,Rastrigin,17,0.18570104281474187,2.437
ads,Rastrigin,18,5.085459080052374,2.531
ads,Rastrigin,19,8.961275711858605,2.405
ads,Rastrigin,2,0.03280831766619485,2.492
ads,Rastrigin,20,9.951337180104133,2.43
ads,Rastrigin,21,9.953980467665758,2.49
ads,Rastrigin,22,0.2079836830843078,2.418
ads,Rastrigin,23,19.90131494372622,2.47
ads,Rastrigin,24,0.07926643861082994,2.445
ads,Rastrigin,25,3.3988892913239397,2.487
ads,Rastrigin,26,0.062530810338842,2.513
ads,Rastrigin,27,16.920150683820793,2.585
ads,Rastrigin,28,10.948654829976135,2.489
ads,Rastrigin,29,15.92290165768651,2.426
ads,Rastrigin,3,12.937796450360622,2.443
ads,Rastrigin,4,6.216272086295021,2.524
ads,Rastrigin,5,0.709755716808047,2.518
ads,Rastrigin,6,15.925039829266325,2.421
ads,Rastrigin,7,6.967388837847977,2.466
ads,Rastrigin,8,0.4393958535802085,2.602
ads,Rastrigin,9,1.5423811749499805,2.387
ads,Rosenbrock,0,29.48764055239853,4.771
ads,Rosenbrock,1,29.084010973002812,4.841
ads,Rosenbrock,10,29.327344783022106,4.768
ads,Rosenbrock,11,60.96608407632442,4.823
ads,Rosenbrock,12,29.901107876923383,4.787
ads,Rosenbrock,13,187.6621904235013,4.808
ads,Rosenbrock,14,164.13518479081105,4.801
ads,Rosenbrock,15,48.66850137999477,4.756
ads,Rosenbrock,16,89.65329152631905,4.752
ads,Rosenbrock,17,28.41532289408397,4.748
ads,Rosenbrock,18,28.79101665319913,4.852
ads,Rosenbrock,19,28.653651978084806,4.801
ads,Rosenbrock,2,200.84210366138802,4.796
ads,Rosenbrock,20,22.592174262396313,4.833
ads,Rosenbrock,21,28.606354763306005,4.769
ads,Rosenbrock,22,28.785207613508813,4.754
ads,Rosenbrock,23,22.42695330444797,4.866
ads,Rosenbrock,24,28.54874137287077,4.963
ads,Rosenbrock,25,84.29249909722392,4.746
ads,Rosenbrock,26,25.929466000992658,4.793
ads,Rosenbrock,27,28.983110138140216,4.861
ads,Rosenbrock,28,28.97559129518871,4.791
ads,Rosenbrock,29,27.036196452412483,4.717
ads,Rosenbrock,3,45.58726496369256,4.892
ads,Rosenbrock,4,204.95266741642595,4.79
ads,Rosenbrock,5,25.212663236733494,4.918
ads,Rosenbrock,6,106.60399813701083,4.848
ads,Rosenbrock,7,23.952221717272103,4.84
ads,Rosenbrock,8,28.276348040409047,4.901
ads,Rosenbrock,9,63.66546585715115,4.84
ads,Schwefel_1_2,0,131.27847473518972,12.931
ads,Schwefel_1_2,1,132.06318546964744,12.948
ads,Schwefel_1_2,10,124.10241504391031,13.033
ads,Schwefel_1_2,11,244.4088059203454,12.869
ads,Schwefel_1_2,12,75.02086714881271,12.937
ads,Schwefel_1_2,13,48.71433133396859,12.902
ads,Schwefel_1_2,14,97.0535887246841,12.948
ads,Schwefel_1_2,15,52.94185559431326,12.865
ads,Schwefel_1_2,16,59.05396995676811,12.848
ads,Schwefel_1_2,17,48.32248269555845,12.986
ads,Schwefel_1_2,18,126.73393583541493,13.269
ads,Schwefel_1_2,19,109.2677485925273,13.178
ads,Schwefel_1_2,2,158.69159395835393,12.93
ads,Schwefel_1_2,20,99.60864464226266,13.059
ads,Schwefel_1_2,21,87.6354737468204,12.981
ads,Schwefel_1_2,22,131.29173726023748,13.106
ads,Schwefel_1_2,23,76.51234565976667,13.108
ads,Schwefel_1_2,24,103.60289860729931,13.341
ads,Schwefel_1_2,25,51.1334145022992,13.199
ads,Schwefel_1_2,26,83.4155597852763,13.076
ads,Schwefel_1_2,27,77.2901442643018,13.251
ads,Schwefel_1_2,28,268.14327314567174,13.301
ads,Schwefel_1_2,29,76.04761082069571,13.052
ads,Schwefel_1_2,3,99.49416680034294,12.992
ads,Schwefel_1_2,4,85.0591002923547,12.932
ads,Schwefel_1_2,5,83.53668697229385,12.971
ads,Schwefel_1_2,6,75.62822512809062,12.936
ads,Schwefel_1_2,7,123.0810053684324,12.955
ads,Schwefel_1_2,8,85.54782162329698,12.93
ads,Schwefel_1_2,9,120.35668857477192,12.898
ads,Schwefel_2_21,0,0.8178159702823212,2.068
ads,Schwefel_2_21,1,8.661165505417872,2.018
ads,Schwefel_2_21,10,1.1244344060716278,2.098
ads,Schwefel_2_21,11,0.6303971753561741,2.072
ads,Schwefel_2_21,12,0.07821823442958448,2.072
ads,Schwefel_2_21,13,0.34011150122043804,1.994
ads,Schwefel_2_21,14,8.068499005011477,1.967
ads,Schwefel_2_21,15,0.3469494281876997,1.988
ads,Schwefel_2_21,16,0.24839028186400997,1.978
ads,Schwefel_2_21,17,5.082944009581069,2.01
ads,Schwefel_2_21,18,6.661407853768651,2.037
ads,Schwefel_2_21,19,6.849713555153277,2.097
ads,Schwefel_2_21,2,6.745733944681431,2.037
ads,Schwefel_2_21,20,6.806618823786833,1.99
ads,Schwefel_2_21,21,1.6900901624964417,2.044
ads,Schwefel_2_21,22,0.39719738317052344,2.079
ads,Schwefel_2_21,23,7.573519300534912,2.068
ads,Schwefel_2_21,24,0.42309767615232413,1.993
ads,Schwefel_2_21,25,0.3588170595410197,2.151
ads,Schwefel_2_21,26,0.20266341904988025,2.005
ads,Schwefel_2_21,27,4.620276975109505,2.044
ads,Schwefel_2_21,28,4.317247622925914,2.041
ads,Schwefel_2_21,29,0.8409963595812908,2.017
ads,Schwefel_2_21,3,0.12413736500873766,1.959
ads,Schwefel_2_21,4,0.27934726491628753,1.986
ads,Schwefel_2_21,5,1.1909318811303828,2.091
ads,Schwefel_2_21,6,7.124376482569248,1.948
ads,Schwefel_2_21,7,0.6333873141771755,2.065
ads,Schwefel_2_21,8,2.636704096281921,2.055
ads,Schwefel_2_21,9,0.09434523957757818,2.054
ads,Schwefel_2_22,0,2.0855885833589625,2.389
ads,Schwefel_2_22,1,3.278535460059433,2.393
ads,Schwefel_2_22,10,4.031372990488289,2.465
ads,Schwefel_2_22,11,3.5374322799748676,2.466
ads,Schwefel_2_22,12,1.4806356785283805,2.316
ads,Schwefel_2_22,13,1.2904924877425303,2.409
ads,Schwefel_2_22,14,3.026924683538646,2.443
ads,Schwefel_2_22,15,3.0515009283742285,2.596
ads,Schwefel_2_22,16,4.0855933559424535,2.344
ads,Schwefel_2_22,17,0.414927819148091,2.443
ads,Schwefel_2_22,18,2.758512901833754,2.481
ads,Schwefel_2_22,19,4.209910835302081,2.448
ads,Schwefel_2_22,2,3.364668321808456,2.381
ads,Schwefel_2_22,20,3.22894278350397,2.386
ads,Schwefel_2_22,21,3.812856724560407,2.421
ads,Schwefel_2_22,22,1.7386390995927217,2.328
ads,Schwefel_2_22,23,4.0776203125967685,2.361
ads,Schwefel_2_22,24,2.2611231926457815,2.437
ads,Schwefel_2_22,25,3.6205338583466915,2.43
ads,Schwefel_2_22,26,3.061803848015437,2.418
ads,Schwefel_2_22,27,2.9638020862374552,2.474
ads,Schwefel_2_22,28,2.093910581581728,2.456
ads,Schwefel_2_22,29,4.442975358261259,2.373
ads,Schwefel_2_22,3,3.117649310037854,2.412
ads,Schwefel_2_22,4,2.334856805782693,2.47
ads,Schwefel_2_22,5,0.6939396334109307,2.453
ads,Schwefel_2_22,6,4.214811815877665,2.403
ads,Schwefel_2_22,7,2.582594531732545,2.443
ads,Schwefel_2_22,8,2.7844838023924656,2.454
ads,Schwefel_2_22,9,3.6535327787227354,2.431
ads,Schwefel_2_26,0,-20440.353997329126,2.578
ads,Schwefel_2_26,1,-20285.638264462497,2.514
ads,Schwefel_2_26,10,-20036.86427539232,2.391
ads,Schwefel_2_26,11,-19026.93441277733,2.432
ads,Schwefel_2_26,12,-20427.46136928187,2.381
ads,Schwefel_2_26,13,-19571.75666871587,2.283
ads,Schwefel_2_26,14,-19078.369192617996,2.408
ads,Schwefel_2_26,15,-18746.553519009092,2.532
ads,Schwefel_2_26,16,-20934.088000117037,2.252
ads,Schwefel_2_26,17,-18824.768751277268,2.389
ads,Schwefel_2_26,18,-20177.09858556498,2.444
ads,Schwefel_2_26,19,-19629.93126471121,2.179
ads,Schwefel_2_26,2,-16965.354811544465,2.402
ads,Schwefel_2_26,20,-19518.9839233573,2.371
ads,Schwefel_2_26,21,-19512.36551208622,2.251
ads,Schwefel_2_26,22,-19334.40594162642,2.246
ads,Schwefel_2_26,23,-20131.680100080976,2.461
ads,Schwefel_2_26,24,-20263.00740147227,2.187
ads,Schwefel_2_26,25,-19729.94491981559,2.255
ads,Schwefel_2_26,26,-19341.26682812759,2.529
ads,Schwefel_2_26,27,-19374.11008637333,2.213
ads,Schwefel_2_26,28,-20736.764167515892,2.319
ads,Schwefel_2_26,29,-20815.753318083036,2.235
ads,Schwefel_2_26,3,-19236.587538229312,2.267
ads,Schwefel_2_26,4,-19967.15238676079,2.625
ads,Schwefel_2_26,5,-21259.105515110805,2.441
ads,Schwefel_2_26,6,-19353.901416800505,2.281
ads,Schwefel_2_26,7,-19631.34705493808,2.246
ads,Schwefel_2_26,8,-20163.913183409695,2.284
ads,Schwefel_2_26,9,-19024.171287322053,2.358
ads,Sphere,0,0.000373298429586336,1.953
ads,Sphere,1,0.00030076046006833956,1.938
ads,Sphere,10,0.0024173293388751634,2.065
ads,Sphere,11,0.0008856334538159595,1.985
ads,Sphere,12,0.0008590671105300014,1.912
ads,Sphere,13,0.0007361024276591852,2.023
ads,Sphere,14,0.00137398917370064,2.04
ads,Sphere,15,0.0019997627100540438,2.088
ads,Sphere,16,0.0006064422589870255,1.925
ads,Sphere,17,0.0006481076403911878,1.992
ads,Sphere,18,0.0009698059040540508,2.011
ads,Sphere,19,0.0008265618810842035,2.061
ads,Sphere,2,0.0013389474045829488,1.949
ads,Sphere,20,0.0009330731077831445,1.949
ads,Sphere,21,0.00018665991500174821,2.016
ads,Sphere,22,0.0005432513691953863,1.941
ads,Sphere,23,0.0012231298918558612,1.942
ads,Sphere,24,0.001001447163874038,1.984
ads,Sphere,25,0.000185767766912326,2.035
ads,Sphere,26,0.00036413683157196806,2.015
ads,Sphere,27,0.0006216371851139367,2.02
ads,Sphere,28,0.000686712562519611,1.924
ads,Sphere,29,0.0007844344134958394,1.975
ads,Sphere,3,0.0004968583185932525,1.95
ads,Sphere,4,0.001470977646884894,2.076
ads,Sphere,5,0.00027994224244522333,1.989
ads,Sphere,6,0.0023123511428192766,2.014
ads,Sphere,7,0.0009759850315409426,2.037
ads,Sphere,8,5.2850111337627496e-05,1.932
ads,Sphere,9,0.001602013262732086,2.013
ads,Step,0,0.0,2.6
ads,Step,1,0.0,2.375
ads,Step,10,0.0,2.404
ads,Step,11,0.0,2.436
ads,Step,12,0.0,2.371
ads,Step,13,0.0,2.338
ads,Step,14,0.0,2.627
ads,Step,15,0.0,2.473
ads,Step,16,0.0,2.441
ads,Step,17,0.0,2.508
ads,Step,18,0.0,2.512
ads,Step,19,0.0,2.389
ads,Step,2,0.0,2.41
ads,Step,20,0.0,2.412
ads,Step,21,0.0,2.629
ads,Step,22,0.0,2.611
ads,Step,23,0.0,2.479
ads,Step,24,0.0,2.447
ads,Step,25,0.0,2.666
ads,Step,26,0.0,2.516
ads,Step,27,0.0,2.477
ads,Step,28,0.0,2.585
ads,Step,29,0.0,2.412
ads,Step,3,0.0,2.414
ads,Step,4,0.0,2.411
ads,Step,5,0.0,2.453
ads,Step,6,0.0,2.421
ads,Step,7,0.0,2.591
ads,Step,8,0.0,2.418
ads,Step,9,0.0,2.462
fixed_K16,Ackley,0,0.32701333352461903,1.823
fixed_K16,Ackley,1,6.46887604722151,1.792
fixed_K16,Ackley,10,4.9199379832736625,1.998
fixed_K16,Ackley,11,6.604628818102956,1.817
fixed_K16,Ackley,12,4.167506837108128,1.776
fixed_K16,Ackley,13,1.3427583316288438,1.798
fixed_K16,Ackley,14,6.4687974268055655,1.789
fixed_K16,Ackley,15,1.6453911304842959,1.788
fixed_K16,Ackley,16,0.2980030898101842,1.777
fixed_K16,Ackley,17,1.714958594110691,1.806
fixed_K16,Ackley,18,6.280206409075003,1.819
fixed_K16,Ackley,19,0.2330410373412417,1.834
fixed_K16,Ackley,2,0.06483580526990496,1.805
fixed_K16,Ackley,20,5.0243617885837,1.801
fixed_K16,Ackley,21,0.9350277236184295,1.816
fixed_K16,Ackley,22,1.260107299938277,1.818
fixed_K16,Ackley,23,0.6100878842715862,1.83
fixed_K16,Ackley,24,1.5105138446579258,1.802
fixed_K16,Ackley,25,3.2847263791146877,1.823
fixed_K16,Ackley,26,0.19495377907665246,1.794
fixed_K16,Ackley,27,0.11811271845636684,1.809
fixed_K16,Ackley,28,1.3535664073813014,1.761
fixed_K16,Ackley,29,0.19287398193874639,1.795
fixed_K16,Ackley,3,0.6117266589096251,1.926
fixed_K16,Ackley,4,0.24165793852185802,1.876
fixed_K16,Ackley,5,0.3539112798822477,2.027
fixed_K16,Ackley,6,4.7004083738696,1.998
fixed_K16,Ackley,7,1.156098707606351,2.012
fixed_K16,Ackley,8,0.09702385993579243,2.033
fixed_K16,Ackley,9,5.412995163102611,2.019
fixed_K16,Griewank,0,0.036692605569412895,1.647
fixed_K16,Griewank,1,0.03650251068776367,1.659
fixed_K16,Griewank,10,0.015454264326864475,1.708
fixed_K16,Griewank,11,0.018542126701082018,1.7
fixed_K16,Griewank,12,0.040057002640732975,1.711
fixed_K16,Griewank,13,0.014396551639319854,1.668
fixed_K16,Griewank,14,0.00616450059264273,1.652
fixed_K16,Griewank,15,0.032438312884145226,1.644
fixed_K16,Griewank,16,0.010899843006057175,1.676
fixed_K16,Griewank,17,0.005244126974390251,1.716
fixed_K16,Griewank,18,0.023330376579567824,1.669
fixed_K16,Griewank,19,0.033347654621200706,1.688
fixed_K16,Griewank,2,0.00798125186591625,1.668
fixed_K16,Griewank,20,0.04161005391408268,1.648
fixed_K16,Griewank,21,0.06169411318862583,1.713
fixed_K16,Griewank,22,0.010609375030949053,1.696
fixed_K16,Griewank,23,0.013601154620383582,1.668
fixed_K16,Griewank,24,0.006490777346697452,1.649
fixed_K16,Griewank,25,0.02592626432849887,1.692
fixed_K16,Griewank,26,0.017374111804301928,1.688
fixed_K16,Griewank,27,0.010985742372406126,1.651
fixed_K16,Griewank,28,0.030359199086093303,1.674
fixed_K16,Griewank,29,0.019833599831022397,1.696
fixed_K16,Griewank,3,0.047082035264576216,1.703
fixed_K16,Griewank,4,0.019328579219255237,1.701
fixed_K16,Griewank,5,0.04753041257394186,1.677
fixed_K16,Griewank,6,0.055295563421577154,1.683
fixed_K16,Griewank,7,0.034935733879076336,1.672
fixed_K16,Griewank,8,0.024476407066255312,1.665
fixed_K16,Griewank,9,0.020092695015603956,1.68
fixed_K16,Penalized2,0,2.137354291901376,6.752
fixed_K16,Penalized2,1,0.934285673895765,6.714
fixed_K16,Penalized2,10,3.4962528417334187,6.799
fixed_K16,Penalized2,11,1.4573266714626019,6.787
fixed_K16,Penalized2,12,0.036842511700770776,6.791
fixed_K16,Penalized2,13,1.105690938705573,6.841
fixed_K16,Penalized2,14,0.028425478179436116,6.933
fixed_K16,Penalized2,15,1.9815032866289792,6.856
fixed_K16,Penalized2,16,4.622956675944887,6.828
fixed_K16,Penalized2,17,0.026605984449187,6.817
fixed_K16,Penalized2,18,2.9389614994775615,6.806
fixed_K16,Penalized2,19,2.5275782205733797,6.83
fixed_K16,Penalized2,2,0.00683298652109704,6.744
fixed_K16,Penalized2,20,0.1671096071829038,6.893
fixed_K16,Penalized2,21,1.878949315946235,6.856
fixed_K16,Penalized2,22,0.06982631661948391,6.848
fixed_K16,Penalized2,23,0.46805460875504495,6.889
fixed_K16,Penalized2,24,0.03057885156981395,6.883
fixed_K16,Penalized2,25,0.5409171889046464,6.859
fixed_K16,Penalized2,26,0.1548288067836291,7.012
fixed_K16,Penalized2,27,0.5644967998407376,6.843
fixed_K16,Penalized2,28,3.180511741941659,6.866
fixed_K16,Penalized2,29,0.8886043672460167,6.863
fixed_K16,Penalized2,3,2.2695327968085066,6.75
fixed_K16,Penalized2,4,0.03176776651472352,6.794
fixed_K16,Penalized2,5,10.45674468826546,6.72
fixed_K16,Penalized2,6,0.5046024282331926,6.822
fixed_K16,Penalized2,7,0.0003114610470332578,6.803
fixed_K16,Penalized2,8,0.0005416257197563541,6.782
fixed_K16,Penalized2,9,1.3215955187588384,6.883
fixed_K16,Penalized,0,1.5296946814753938,7.508
fixed_K16,Penalized,1,2.0370805910606564,7.568
fixed_K16,Penalized,10,1.660966374724864,7.612
fixed_K16,Penalized,11,2.1318783108548973,7.627
fixed_K16,Penalized,12,2.665951235561927,7.691
fixed_K16,Penalized,13,2.426523685970523,7.708
fixed_K16,Penalized,14,0.023397224653877675,7.692
fixed_K16,Penalized,15,1.0663670273774466,7.669
fixed_K16,Penalized,16,4.584506053528211,7.691
fixed_K16,Penalized,17,1.3231739144204344,7.757
fixed_K16,Penalized,18,2.1209499678041572,7.759
fixed_K16,Penalized,19,4.520670245376146,7.799
fixed_K16,Penalized,2,1.7936901853765002,7.596
fixed_K16,Penalized,20,2.5584505174316647,7.757
fixed_K16,Penalized,21,1.46317789887388,7.751
fixed_K16,Penalized,22,2.3107359155204947,7.771
fixed_K16,Penalized,23,1.7530476256396093,7.742
fixed_K16,Penalized,24,1.7414890198883681,7.829
fixed_K16,Penalized,25,4.655756745164481,7.936
fixed_K16,Penalized,26,1.9125871060095205,7.849
fixed_K16,Penalized,27,1.3643004522868125,7.873
fixed_K16,Penalized,28,4.917843324508759,7.875
fixed_K16,Penalized,29,2.3898761759512803,7.82
fixed_K16,Penalized,3,3.233680656287543,7.526
fixed_K16,Penalized,4,1.3229095065218144,7.615
fixed_K16,Penalized,5,2.01482311936585,7.533
fixed_K16,Penalized,6,0.7212166394621987,7.598
fixed_K16,Penalized,7,2.002754324958104,7.669
fixed_K16,Penalized,8,0.8644872312920706,7.65
fixed_K16,Penalized,9,1.2639915485859061,7.633
fixed_K16,Quartic,0,5.993465002504851e-10,5.459
fixed_K16,Quartic,1,2.853248926418796e-09,5.406
fixed_K16,Quartic,10,1.5850158594404532e-09,5.433
fixed_K16,Quartic,11,4.324693624069457e-11,5.526
fixed_K16,Quartic,12,1.5750575968582602e-08,5.517
fixed_K16,Quartic,13,2.5735252620335945e-09,5.494
fixed_K16,Quartic,14,8.975421873142681e-09,5.437
fixed_K16,Quartic,15,7.53224490788306e-10,5.493
fixed_K16,Quartic,16,2.0708919586085955e-09,5.483
fixed_K16,Quartic,17,1.3097759858133324e-09,5.561
fixed_K16,Quartic,18,3.3159678952870465e-09,5.536
fixed_K16,Quartic,19,6.2394993560052916e-09,5.492
fixed_K16,Quartic,2,3.688419967987668e-09,5.386
fixed_K16,Quartic,20,2.0045059122876634e-09,5.502
fixed_K16,Quartic,21,1.6248251168385958e-09,5.475
fixed_K16,Quartic,22,1.6842062660351445e-10,5.529
fixed_K16,Quartic,23,9.136391630109345e-10,5.513
fixed_K16,Quartic,24,1.3108592601420215e-09,5.43
fixed_K16,Quartic,25,2.0329931616577155e-09,5.514
fixed_K16,Quartic,26,5.570401540387141e-09,5.518
fixed_K16,Quartic,27,1.0890111403414524e-10,5.514
fixed_K16,Quartic,28,2.5197321606326485e-09,5.537
fixed_K16,Quartic,29,3.231538396459862e-11,5.561
fixed_K16,Quartic,3,2.588694402647299e-10,5.475
fixed_K16,Quartic,4,6.97127467357054e-10,5.428
fixed_K16,Quartic,5,5.8782786499776505e-09,5.471
fixed_K16,Quartic,6,4.34832205775294e-09,5.464
fixed_K16,Quartic,7,2.6563965956316784e-09,5.389
fixed_K16,Quartic,8,9.830637568417716e-10,5.488
fixed_K16,Quartic,9,5.214010113996609e-09,5.459
fixed_K16,Rastrigin,0,0.17912439374134692,4.541
fixed_K16,Rastrigin,1,0.43837800333960786,4.633
fixed_K16,Rastrigin,10,0.04127288671753604,4.626
fixed_K16,Rastrigin,11,6.241279005429988,4.587
fixed_K16,Rastrigin,12,0.3604156346490299,4.54
fixed_K16,Rastrigin,13,12.938345857272168,4.558
fixed_K16,Rastrigin,14,4.8045457466687935,4.571
fixed_K16,Rastrigin,15,3.98639607144014,4.539
fixed_K16,Rastrigin,16,1.4568048259679358,4.544
fixed_K16,Rastrigin,17,0.5294345674292913,4.199
fixed_K16,Rastrigin,18,0.40375101110271316,3.565
fixed_K16,Rastrigin,19,0.36169617574336144,3.496
fixed_K16,Rastrigin,2,1.314941910792129,4.564
fixed_K16,Rastrigin,20,9.956073677293261,2.177
fixed_K16,Rastrigin,21,1.0032442966457324,1.767
fixed_K16,Rastrigin,22,12.938446540375253,1.48
fixed_K16,Rastrigin,23,0.0981323952739217,1.534
fixed_K16,Rastrigin,24,6.166795771507509,1.53
fixed_K16,Rastrigin,25,4.8278856902381335,1.557
fixed_K16,Rastrigin,26,0.07704450477854152,1.56
fixed_K16,Rastrigin,27,2.010578559534679,1.509
fixed_K16,Rastrigin,28,2.3873936238587703,1.451
fixed_K16,Rastrigin,29,0.11174193133678045,1.513
fixed_K16,Rastrigin,3,7.5930579194829875,4.549
fixed_K16,Rastrigin,4,15.923050102568084,4.541
fixed_K16,Rastrigin,5,20.899327969474825,4.494
fixed_K16,Rastrigin,6,3.3616140639442165,4.57
fixed_K16,Rastrigin,7,3.5656199891765255,4.533
fixed_K16,Rastrigin,8,2.5911749975164184,4.591
fixed_K16,Rastrigin,9,0.41849052688445454,4.627
fixed_K16,Rosenbrock,0,26.490253059008392,7.981
fixed_K16,Rosenbrock,1,28.464974571421408,7.986
fixed_K16,Rosenbrock,10,29.379213847073054,7.908
fixed_K16,Rosenbrock,11,28.619977541535686,7.919
fixed_K16,Rosenbrock,12,27.326520118257385,7.916
fixed_K16,Rosenbrock,13,191.52051201913994,8.002
fixed_K16,Rosenbrock,14,134.6468882442852,7.911
fixed_K16,Rosenbrock,15,25.71617754397928,7.888
fixed_K16,Rosenbrock,16,187.6167485914406,7.932
fixed_K16,Rosenbrock,17,84.99901112587368,7.9
fixed_K16,Rosenbrock,18,64.27655515151429,7.889
fixed_K16,Rosenbrock,19,22.16311746775065,7.937
fixed_K16,Rosenbrock,2,162.15296106720518,7.974
fixed_K16,Rosenbrock,20,24.596420084467102,7.919
fixed_K16,Rosenbrock,21,29.088387453317104,7.928
fixed_K16,Rosenbrock,22,25.90135735628853,7.897
fixed_K16,Rosenbrock,23,28.487635432510164,7.904
fixed_K16,Rosenbrock,24,89.17913157797751,7.841
fixed_K16,Rosenbrock,25,83.367371921657,7.873
fixed_K16,Rosenbrock,26,87.27678217173319,7.921
fixed_K16,Rosenbrock,27,42.5576561269819,7.901
fixed_K16,Rosenbrock,28,82.71995812775562,7.886
fixed_K16,Rosenbrock,29,173.14196391895666,7.869
fixed_K16,Rosenbrock,3,76.5386413118246,7.962
fixed_K16,Rosenbrock,4,156.47973912535628,7.977
fixed_K16,Rosenbrock,5,25.9679538993383,7.918
fixed_K16,Rosenbrock,6,107.59593868081943,7.925
fixed_K16,Rosenbrock,7,27.327558927567676,7.892
fixed_K16,Rosenbrock,8,113.5866181240518,7.861
fixed_K16,Rosenbrock,9,54.500400907276045,7.893
fixed_K16,Schwefel_1_2,0,105.40971407167292,30.548
fixed_K16,Schwefel_1_2,1,104.92217316582425,30.596
fixed_K16,Schwefel_1_2,10,55.38951020334377,31.083
fixed_K16,Schwefel_1_2,11,207.37571788959914,30.882
fixed_K16,Schwefel_1_2,12,151.57755086583254,30.799
fixed_K16,Schwefel_1_2,13,79.48075571657795,30.769
fixed_K16,Schwefel_1_2,14,141.5786943759446,30.73
fixed_K16,Schwefel_1_2,15,65.72425431245259,31.002
fixed_K16,Schwefel_1_2,16,46.07348756022021,30.849
fixed_K16,Schwefel_1_2,17,77.47566264648046,30.904
fixed_K16,Schwefel_1_2,18,125.6134483393201,30.891
fixed_K16,Schwefel_1_2,19,178.23776379504633,30.936
fixed_K16,Schwefel_1_2,2,189.2405162547906,30.819
fixed_K16,Schwefel_1_2,20,109.0327344116944,31.035
fixed_K16,Schwefel_1_2,21,48.873536415003315,31.321
fixed_K16,Schwefel_1_2,22,64.9266400641019,31.467
fixed_K16,Schwefel_1_2,23,52.58746723696924,31.476
fixed_K16,Schwefel_1_2,24,213.09063568385827,31.123
fixed_K16,Schwefel_1_2,25,69.80114285669504,31.148
fixed_K16,Schwefel_1_2,26,74.48509856382282,30.956
fixed_K16,Schwefel_1_2,27,36.39423780859903,31.098
fixed_K16,Schwefel_1_2,28,231.90825397548818,31.051
fixed_K16,Schwefel_1_2,29,128.53287025172557,30.869
fixed_K16,Schwefel_1_2,3,113.84296284537096,30.718
fixed_K16,Schwefel_1_2,4,91.07802825999221,30.835
fixed_K16,Schwefel_1_2,5,97.58929227923623,30.726
fixed_K16,Schwefel_1_2,6,68.64289661334921,30.678
fixed_K16,Schwefel_1_2,7,130.78294518475428,30.744
fixed_K16,Schwefel_1_2,8,36.569465964909625,30.719
fixed_K16,Schwefel_1_2,9,74.82163040144233,30.992
fixed_K16,Schwefel_2_21,0,5.2498233828069365,3.308
fixed_K16,Schwefel_2_21,1,1.3357311170194617,3.324
fixed_K16,Schwefel_2_21,10,0.276732363641389,3.371
fixed_K16,Schwefel_2_21,11,1.0749541518086845,3.377
fixed_K16,Schwefel_2_21,12,0.7121199391579882,3.389
fixed_K16,Schwefel_2_21,13,7.187245104384153,3.287
fixed_K16,Schwefel_2_21,14,0.18587199679627397,3.385
fixed_K16,Schwefel_2_21,15,1.2567996141910438,3.346
fixed_K16,Schwefel_2_21,16,8.785880609821023,3.389
fixed_K16,Schwefel_2_21,17,0.920169711547809,3.445
fixed_K16,Schwefel_2_21,18,1.4786356626621684,3.394
fixed_K16,Schwefel_2_21,19,0.7874937905678923,3.426
fixed_K16,Schwefel_2_21,2,0.3358300743787611,3.397
fixed_K16,Schwefel_2_21,20,1.449496876558627,3.417
fixed_K16,Schwefel_2_21,21,6.56223646794778,3.383
fixed_K16,Schwefel_2_21,22,1.5003715081229503,3.396
fixed_K16,Schwefel_2_21,23,1.2663706222812512,3.407
fixed_K16,Schwefel_2_21,24,0.17777561289868699,3.411
fixed_K16,Schwefel_2_21,25,1.1073566998703839,3.416
fixed_K16,Schwefel_2_21,26,0.21111924527097856,3.394
fixed_K16,Schwefel_2_21,27,5.1950431190735,3.336
fixed_K16,Schwefel_2_21,28,6.929107749815601,3.343
fixed_K16,Schwefel_2_21,29,0.12856043757261687,3.41
fixed_K16,Schwefel_2_21,3,6.989464481563946,3.349
fixed_K16,Schwefel_2_21,4,1.8761950415830841,3.421
fixed_K16,Schwefel_2_21,5,5.696984959022782,3.364
fixed_K16,Schwefel_2_21,6,6.905273207048876,3.374
fixed_K16,Schwefel_2_21,7,0.7003503810475021,3.429
fixed_K16,Schwefel_2_21,8,0.03367057173748489,3.464
fixed_K16,Schwefel_2_21,9,0.8691403750963631,3.371
fixed_K16,Schwefel_2_22,0,2.0249644505827873,4.337
fixed_K16,Schwefel_2_22,1,2.963126985512858,4.341
fixed_K16,Schwefel_2_22,10,2.287457475658168,4.356
fixed_K16,Schwefel_2_22,11,2.4389118267098007,4.337
fixed_K16,Schwefel_2_22,12,3.325032507588197,4.338
fixed_K16,Schwefel_2_22,13,3.183301812694837,4.354
fixed_K16,Schwefel_2_22,14,3.0921392513381845,4.275
fixed_K16,Schwefel_2_22,15,1.3605772450034226,4.293
fixed_K16,Schwefel_2_22,16,3.2448137936026127,4.298
fixed_K16,Schwefel_2_22,17,0.6620500092736633,4.312
fixed_K16,Schwefel_2_22,18,2.6185873994566378,4.27
fixed_K16,Schwefel_2_22,19,4.458285314268735,4.256
fixed_K16,Schwefel_2_22,2,2.789033543166267,4.278
fixed_K16,Schwefel_2_22,20,2.613110728296677,4.335
fixed_K16,Schwefel_2_22,21,3.998805220955646,4.272
fixed_K16,Schwefel_2_22,22,3.963204487040688,4.348
fixed_K16,Schwefel_2_22,23,3.293318912627992,4.355
fixed_K16,Schwefel_2_22,24,2.5534124792031143,4.324
fixed_K16,Schwefel_2_22,25,3.884785197669273,4.329
fixed_K16,Schwefel_2_22,26,2.9157998413551804,4.308
fixed_K16,Schwefel_2_22,27,3.900548819767618,4.239
fixed_K16,Schwefel_2_22,28,4.474949517037133,4.287
fixed_K16,Schwefel_2_22,29,0.8399041857362549,4.27
fixed_K16,Schwefel_2_22,3,2.6607398884118316,4.269
fixed_K16,Schwefel_2_22,4,2.143263793054294,4.312
fixed_K16,Schwefel_2_22,5,2.264966316869663,4.329
fixed_K16,Schwefel_2_22,6,0.7031845646435843,4.346
fixed_K16,Schwefel_2_22,7,4.372439253132791,4.291
fixed_K16,Schwefel_2_22,8,3.890138945204483,4.348
fixed_K16,Schwefel_2_22,9,0.06108865020878003,4.361
fixed_K16,Schwefel_2_26,0,-20339.562116063767,3.874
fixed_K16,Schwefel_2_26,1,-20420.980563920308,3.817
fixed_K16,Schwefel_2_26,10,-20163.706228493047,3.787
fixed_K16,Schwefel_2_26,11,-19208.978944583905,3.91
fixed_K16,Schwefel_2_26,12,-20559.210556866543,3.838
fixed_K16,Schwefel_2_26,13,-19729.290631667427,3.86
fixed_K16,Schwefel_2_26,14,-17143.888872517087,3.794
fixed_K16,Schwefel_2_26,15,-18869.698577037754,3.919
fixed_K16,Schwefel_2_26,16,-21151.225917735406,3.836
fixed_K16,Schwefel_2_26,17,-19007.79335176991,3.857
fixed_K16,Schwefel_2_26,18,-20331.274710538622,3.794
fixed_K16,Schwefel_2_26,19,-19432.83673796666,3.749
fixed_K16,Schwefel_2_26,2,-19590.985306170653,3.778
fixed_K16,Schwefel_2_26,20,-19754.13196633266,3.862
fixed_K16,Schwefel_2_26,21,-19423.537316992653,3.902
fixed_K16,Schwefel_2_26,22,-19175.91956568307,3.807
fixed_K16,Schwefel_2_26,23,-19907.483454997993,3.864
fixed_K16,Schwefel_2_26,24,-19993.763454745163,3.823
fixed_K16,Schwefel_2_26,25,-20045.736471169977,3.761
fixed_K16,Schwefel_2_26,26,-19844.693520541012,3.826
fixed_K16,Schwefel_2_26,27,-19295.140723906392,3.806
fixed_K16,Schwefel_2_26,28,-20776.247505085856,3.863
fixed_K16,Schwefel_2_26,29,-20657.349269388837,3.816
fixed_K16,Schwefel_2_26,3,-19236.586936084208,3.783
fixed_K16,Schwefel_2_26,4,-20076.815661729248,3.887
fixed_K16,Schwefel_2_26,5,-21019.639549940057,3.819
fixed_K16,Schwefel_2_26,6,-18228.913740306645,3.742
fixed_K16,Schwefel_2_26,7,-19887.90438311932,3.735
fixed_K16,Schwefel_2_26,8,-19966.909082461345,3.816
fixed_K16,Schwefel_2_26,9,-18652.164333463013,3.859
fixed_K16,Sphere,0,0.0015649873321352357,3.354
fixed_K16,Sphere,1,0.0008510875531899661,3.384
fixed_K16,Sphere,10,0.002790739613084973,3.377
fixed_K16,Sphere,11,0.0018049910436641464,3.364
fixed_K16,Sphere,12,0.0006626855727778982,3.37
fixed_K16,Sphere,13,0.001659848768948274,3.424
fixed_K16,Sphere,14,0.002579570705011176,3.422
fixed_K16,Sphere,15,0.0006574603593888367,3.471
fixed_K16,Sphere,16,0.0016623427061718886,3.476
fixed_K16,Sphere,17,0.001317053068948626,3.456
fixed_K16,Sphere,18,0.0009087938659902593,3.463
fixed_K16,Sphere,19,0.0018515174499145399,3.458
fixed_K16,Sphere,2,0.0011655704279654082,3.473
fixed_K16,Sphere,20,0.0009183859442993449,3.479
fixed_K16,Sphere,21,0.0008639830065496251,3.441
fixed_K16,Sphere,22,0.002378899468147606,3.502
fixed_K16,Sphere,23,0.002374941336143491,3.464
fixed_K16,Sphere,24,0.002182337418921618,3.432
fixed_K16,Sphere,25,0.0009574568304965978,3.424
fixed_K16,Sphere,26,0.0018197452560718042,3.425
fixed_K16,Sphere,27,0.000951968913919659,3.416
fixed_K16,Sphere,28,0.0012987403563619302,3.414
fixed_K16,Sphere,29,0.00016917804556653378,3.482
fixed_K16,Sphere,3,0.0010559487128282373,3.433
fixed_K16,Sphere,4,0.002715734658007733,3.476
fixed_K16,Sphere,5,0.0010484741011461273,3.492
fixed_K16,Sphere,6,0.0013909378845888905,3.432
fixed_K16,Sphere,7,0.002101011918399101,3.389
fixed_K16,Sphere,8,0.0013300910449644578,3.371
fixed_K16,Sphere,9,0.0024769003329943766,3.397
fixed_K16,Step,0,0.0,4.2
fixed_K16,Step,1,0.0,4.168
fixed_K16,Step,10,0.0,4.262
fixed_K16,Step,11,0.0,4.286
fixed_K16,Step,12,0.0,4.307
fixed_K16,Step,13,0.0,4.308
fixed_K16,Step,14,0.0,4.278
fixed_K16,Step,15,0.0,4.254
fixed_K16,Step,16,0.0,4.249
fixed_K16,Step,17,0.0,4.161
fixed_K16,Step,18,0.0,4.286
fixed_K16,Step,19,0.0,4.251
fixed_K16,Step,2,0.0,4.237
fixed_K16,Step,20,0.0,4.219
fixed_K16,Step,21,0.0,4.156
fixed_K16,Step,22,0.0,4.15
fixed_K16,Step,23,0.0,4.165
fixed_K16,Step,24,0.0,4.16
fixed_K16,Step,25,0.0,4.117
fixed_K16,Step,26,0.0,4.086
fixed_K16,Step,27,0.0,4.179
fixed_K16,Step,28,0.0,4.169
fixed_K16,Step,29,0.0,4.116
fixed_K16,Step,3,0.0,4.13
fixed_K16,Step,4,0.0,4.171
fixed_K16,Step,5,0.0,4.267
fixed_K16,Step,6,0.0,4.176
fixed_K16,Step,7,0.0,4.148
fixed_K16,Step,8,0.0,4.229
fixed_K16,Step,9,0.0,4.204
fixed_K59,Ackley,0,0.655566113887343,2.45
fixed_K59,Ackley,1,0.4484814548905942,2.497
fixed_K59,Ackley,10,0.17352284482464642,2.462
fixed_K59,Ackley,11,0.13678498125842298,2.477
fixed_K59,Ackley,12,0.7201329794842946,2.468
fixed_K59,Ackley,13,0.14832882193928087,2.419
fixed_K59,Ackley,14,1.7247352253603947,2.453
fixed_K59,Ackley,15,0.07347106305757167,2.499
fixed_K59,Ackley,16,0.6035784656192473,2.473
fixed_K59,Ackley,17,0.07607227425519669,2.482
fixed_K59,Ackley,18,0.6368188225645715,2.494
fixed_K59,Ackley,19,1.1774436657847187,2.47
fixed_K59,Ackley,2,0.26255382612982503,2.501
fixed_K59,Ackley,20,0.2084483661103751,2.526
fixed_K59,Ackley,21,0.27910398558680827,2.515
fixed_K59,Ackley,22,0.09769730803705245,2.55
fixed_K59,Ackley,23,0.16624991636716802,2.501
fixed_K59,Ackley,24,0.6115620547574534,2.514
fixed_K59,Ackley,25,1.2864787246479108,2.542
fixed_K59,Ackley,26,0.6703359972009122,2.531
fixed_K59,Ackley,27,0.08556645129185059,2.529
fixed_K59,Ackley,28,0.05149679002236285,2.551
fixed_K59,Ackley,29,0.14296614636219873,2.554
fixed_K59,Ackley,3,0.7963035062045347,2.508
fixed_K59,Ackley,4,0.7260531657743106,2.537
fixed_K59,Ackley,5,0.03950111116246946,2.591
fixed_K59,Ackley,6,0.21575728461047605,2.521
fixed_K59,Ackley,7,0.111884896898506,2.491
fixed_K59,Ackley,8,0.1865763518206056,2.513
fixed_K59,Ackley,9,0.5987080407173662,2.435
fixed_K59,Griewank,0,0.023460444569247563,2.298
fixed_K59,Griewank,1,0.041239070727279725,2.301
fixed_K59,Griewank,10,0.035349415078195,2.442
fixed_K59,Griewank,11,0.03200314221695433,2.417
fixed_K59,Griewank,12,0.015436796729679791,2.417
fixed_K59,Griewank,13,0.016201021625677936,2.366
fixed_K59,Griewank,14,0.019177623134036814,2.301
fixed_K59,Griewank,15,0.023884323375466865,2.365
fixed_K59,Griewank,16,0.03371436090604696,2.355
fixed_K59,Griewank,17,0.021245874110712437,2.426
fixed_K59,Griewank,18,0.04422521084381259,2.359
fixed_K59,Griewank,19,0.04382439972611252,2.308
fixed_K59,Griewank,2,0.01228184014708733,2.352
fixed_K59,Griewank,20,0.02421453637027371,2.33
fixed_K59,Griewank,21,0.02213338470988524,2.319
fixed_K59,Griewank,22,0.030409130896805192,2.354
fixed_K59,Griewank,23,0.027224801652797948,2.316
fixed_K59,Griewank,24,0.02706645351862369,2.359
fixed_K59,Griewank,25,0.022639342016494424,2.332
fixed_K59,Griewank,26,0.02879380229745665,2.367
fixed_K59,Griewank,27,0.018697135533789377,2.393
fixed_K59,Griewank,28,0.03651844853323516,2.428
fixed_K59,Griewank,29,0.006607206959034273,2.373
fixed_K59,Griewank,3,0.022274690208999748,2.371
fixed_K59,Griewank,4,0.021713313713394577,2.312
fixed_K59,Griewank,5,0.04087524909389151,2.372
fixed_K59,Griewank,6,0.03580652423733355,2.462
fixed_K59,Griewank,7,0.014461748726280033,2.414
fixed_K59,Griewank,8,0.026296118862245588,2.427
fixed_K59,Griewank,9,0.0620922866616157,2.467
fixed_K59,Penalized2,0,1.2011671014572507,8.689
fixed_K59,Penalized2,1,2.9030955232476234,8.595
fixed_K59,Penalized2,10,3.7437597480620797,8.618
fixed_K59,Penalized2,11,1.526884305656318,8.64
fixed_K59,Penalized2,12,3.4544615018024922,8.723
fixed_K59,Penalized2,13,2.2747764782683775,8.703
fixed_K59,Penalized2,14,3.0227574218332474,8.731
fixed_K59,Penalized2,15,15.953702553005483,8.53
fixed_K59,Penalized2,16,1.8979224101257068,8.652
fixed_K59,Penalized2,17,1.164456422235945,8.541
fixed_K59,Penalized2,18,0.11990067137809568,8.617
fixed_K59,Penalized2,19,2.86196793434161,8.576
fixed_K59,Penalized2,2,2.8450662215152147,8.56
fixed_K59,Penalized2,20,3.2885600406215363,8.658
fixed_K59,Penalized2,21,2.189257348407654,8.584
fixed_K59,Penalized2,22,0.4007086911794354,8.66
fixed_K59,Penalized2,23,1.2655640657360667,8.672
fixed_K59,Penalized2,24,0.9595865797069041,8.585
fixed_K59,Penalized2,25,0.660259263838537,8.579
fixed_K59,Penalized2,26,3.853307081303975,8.569
fixed_K59,Penalized2,27,0.8264438753782927,8.527
fixed_K59,Penalized2,28,2.806727089643666,8.692
fixed_K59,Penalized2,29,0.222063184790427,8.589
fixed_K59,Penalized2,3,2.23984946311758,8.627
fixed_K59,Penalized2,4,2.927851813120494,8.718
fixed_K59,Penalized2,5,0.2336643846625112,8.511
fixed_K59,Penalized2,6,3.336058176418234,8.598
fixed_K59,Penalized2,7,2.739999843753351,8.669
fixed_K59,Penalized2,8,2.144649062045919,8.516
fixed_K59,Penalized2,9,1.951546904504081,8.655
fixed_K59,Penalized,0,1.437583131856768,10.267
fixed_K59,Penalized,1,1.5111390465302261,10.307
fixed_K59,Penalized,10,2.407751802120964,9.868
fixed_K59,Penalized,11,2.1096907414793598,9.939
fixed_K59,Penalized,12,2.296017929682072,9.852
fixed_K59,Penalized,13,2.750315656046339,9.908
fixed_K59,Penalized,14,2.810036190903471,9.846
fixed_K59,Penalized,15,2.2368127270827647,9.919
fixed_K59,Penalized,16,0.20529786164802338,9.907
fixed_K59,Penalized,17,2.1122095482459313,9.998
fixed_K59,Penalized,18,1.6800771756984347,9.961
fixed_K59,Penalized,19,3.3872697736074433,9.902
fixed_K59,Penalized,2,1.785980956248841,10.214
fixed_K59,Penalized,20,3.1753349192644,9.918
fixed_K59,Penalized,21,2.2924637477983003,9.885
fixed_K59,Penalized,22,2.5081367746037784,9.956
fixed_K59,Penalized,23,2.1457776667522634,10.057
fixed_K59,Penalized,24,1.7878552738621267,9.92
fixed_K59,Penalized,25,4.6655733244808575,9.879
fixed_K59,Penalized,26,1.526194547904016,9.945
fixed_K59,Penalized,27,1.9383071486615335,9.874
fixed_K59,Penalized,28,3.333274034264894,9.888
fixed_K59,Penalized,29,2.602750724824254,9.926
fixed_K59,Penalized,3,1.5420553423842844,10.17
fixed_K59,Penalized,4,2.904954222353915,10.252
fixed_K59,Penalized,5,1.3041557093002079,10.216
fixed_K59,Penalized,6,0.8083138578493134,9.884
fixed_K59,Penalized,7,2.2426275948616405,9.871
fixed_K59,Penalized,8,1.2161710358512636,9.867
fixed_K59,Penalized,9,1.8226090467467702,9.805
fixed_K59,Quartic,0,2.6620299505508484e-08,2.774
fixed_K59,Quartic,1,1.3912182117650108e-08,2.838
fixed_K59,Quartic,10,1.7242310879156337e-08,2.856
fixed_K59,Quartic,11,4.6866161915516315e-09,2.895
fixed_K59,Quartic,12,4.081262293702508e-08,2.775
fixed_K59,Quartic,13,1.5558420470150178e-08,2.727
fixed_K59,Quartic,14,6.2967464109839215e-09,2.838
fixed_K59,Quartic,15,8.833438499003935e-09,2.964
fixed_K59,Quartic,16,1.3891887452298468e-08,2.772
fixed_K59,Quartic,17,1.4985697750102784e-08,2.743
fixed_K59,Quartic,18,1.2695226940397384e-08,2.875
fixed_K59,Quartic,19,7.541733994228349e-09,2.723
fixed_K59,Quartic,2,4.161929540629069e-08,2.862
fixed_K59,Quartic,20,1.865848266281751e-08,2.795
fixed_K59,Quartic,21,7.081998708852069e-09,2.857
fixed_K59,Quartic,22,9.174912170972965e-09,2.838
fixed_K59,Quartic,23,2.2018395537994095e-07,2.708
fixed_K59,Quartic,24,1.5920699838183088e-08,2.87
fixed_K59,Quartic,25,1.0753530941317368e-08,2.797
fixed_K59,Quartic,26,2.3089690912466544e-08,2.857
fixed_K59,Quartic,27,5.78039188427063e-09,2.851
fixed_K59,Quartic,28,2.139119129813238e-08,2.911
fixed_K59,Quartic,29,2.1588117742641075e-08,2.846
fixed_K59,Quartic,3,1.510651764808944e-08,2.766
fixed_K59,Quartic,4,2.1399427013939402e-08,2.9
fixed_K59,Quartic,5,4.079219902874259e-09,2.888
fixed_K59,Quartic,6,2.2140898055754468e-08,2.788
fixed_K59,Quartic,7,2.4303707415176448e-08,2.809
fixed_K59,Quartic,8,1.3768284963779312e-08,2.832
fixed_K59,Quartic,9,1.1694120449625534e-08,2.717
fixed_K59,Rastrigin,0,0.32073902669856125,2.049
fixed_K59,Rastrigin,1,0.6349315996400264,2.037
fixed_K59,Rastrigin,10,3.6145688632933,2.068
fixed_K59,Rastrigin,11,2.95973887062803,2.088
fixed_K59,Rastrigin,12,0.8175386716765161,1.993
fixed_K59,Rastrigin,13,10.966924829463437,2.071
fixed_K59,Rastrigin,14,2.6113260213385274,2.047
fixed_K59,Rastrigin,15,0.2554174131568061,2.06
fixed_K59,Rastrigin,16,8.974908068345485,2.003
fixed_K59,Rastrigin,17,4.499193703967194,2.014
fixed_K59,Rastrigin,18,0.3442084489451531,2.04
fixed_K59,Rastrigin,19,0.39353132371434185,2.106
fixed_K59,Rastrigin,2,0.2745514003485141,2.044
fixed_K59,Rastrigin,20,0.5358368780546812,2.027
fixed_K59,Rastrigin,21,0.21190914518030013,2.029
fixed_K59,Rastrigin,22,0.4157980808854518,2.079
fixed_K59,Rastrigin,23,0.20723736384383074,2.055
fixed_K59,Rastrigin,24,0.46086113986274313,2.005
fixed_K59,Rastrigin,25,0.39428187844515605,1.99
fixed_K59,Rastrigin,26,1.059867440750736,2.098
fixed_K59,Rastrigin,27,2.2705491893295857,2.132
fixed_K59,Rastrigin,28,1.7569766813552974,2.104
fixed_K59,Rastrigin,29,0.30117318510906443,2.041
fixed_K59,Rastrigin,3,0.5138065293242562,2.052
fixed_K59,Rastrigin,4,10.981249269092018,2.1
fixed_K59,Rastrigin,5,3.13156565648643,2.02
fixed_K59,Rastrigin,6,0.12086737939171144,1.991
fixed_K59,Rastrigin,7,0.31100851769411975,2.025
fixed_K59,Rastrigin,8,1.8889750992315726,2.127
fixed_K59,Rastrigin,9,12.970681051576605,2.08
fixed_K59,Rosenbrock,0,30.13137231102164,3.847
fixed_K59,Rosenbrock,1,31.438056152793784,3.796
fixed_K59,Rosenbrock,10,29.90897037786296,3.826
fixed_K59,Rosenbrock,11,28.46786319625748,3.817
fixed_K59,Rosenbrock,12,93.21143640359546,3.872
fixed_K59,Rosenbrock,13,34.35459567426261,3.85
fixed_K59,Rosenbrock,14,136.28468082764212,3.87
fixed_K59,Rosenbrock,15,73.98347624501486,3.869
fixed_K59,Rosenbrock,16,35.40792085822036,3.869
fixed_K59,Rosenbrock,17,50.520916560414705,3.833
fixed_K59,Rosenbrock,18,72.52740906630694,3.787
fixed_K59,Rosenbrock,19,96.13823851607162,3.808
fixed_K59,Rosenbrock,2,108.9441740677088,3.801
fixed_K59,Rosenbrock,20,82.2399769796536,3.83
fixed_K59,Rosenbrock,21,27.343382225306375,3.797
fixed_K59,Rosenbrock,22,28.05543405940628,3.86
fixed_K59,Rosenbrock,23,23.64791841778085,3.806
fixed_K59,Rosenbrock,24,28.763176957324706,3.86
fixed_K59,Rosenbrock,25,32.09895865902354,3.821
fixed_K59,Rosenbrock,26,26.53189250938662,3.813
fixed_K59,Rosenbrock,27,56.409478547996535,3.81
fixed_K59,Rosenbrock,28,93.83471746409566,3.845
fixed_K59,Rosenbrock,29,42.822372854609554,3.818
fixed_K59,Rosenbrock,3,29.978851537904017,3.823
fixed_K59,Rosenbrock,4,218.05690818859333,3.827
fixed_K59,Rosenbrock,5,27.58426064196189,3.799
fixed_K59,Rosenbrock,6,29.17967269878223,3.818
fixed_K59,Rosenbrock,7,53.33979961715717,3.773
fixed_K59,Rosenbrock,8,94.29562225584714,3.797
fixed_K59,Rosenbrock,9,49.78501583043654,3.853
fixed_K59,Schwefel_1_2,0,185.55231058191566,10.447
fixed_K59,Schwefel_1_2,1,121.13783801376755,10.516
fixed_K59,Schwefel_1_2,10,144.12613197072392,10.546
fixed_K59,Schwefel_1_2,11,212.45683180600102,10.453
fixed_K59,Schwefel_1_2,12,175.65351587215227,10.627
fixed_K59,Schwefel_1_2,13,84.67634493752067,10.713
fixed_K59,Schwefel_1_2,14,202.6130952317391,10.626
fixed_K59,Schwefel_1_2,15,49.612536134734775,10.621
fixed_K59,Schwefel_1_2,16,82.56122244819069,10.627
fixed_K59,Schwefel_1_2,17,42.41293470018225,10.656
fixed_K59,Schwefel_1_2,18,142.94272774127435,10.64
fixed_K59,Schwefel_1_2,19,154.01190249153143,10.576
fixed_K59,Schwefel_1_2,2,158.85478825078553,10.409
fixed_K59,Schwefel_1_2,20,135.42709729216878,10.458
fixed_K59,Schwefel_1_2,21,88.23599283437588,10.604
fixed_K59,Schwefel_1_2,22,127.7501321035741,10.697
fixed_K59,Schwefel_1_2,23,48.19012975300437,10.644
fixed_K59,Schwefel_1_2,24,186.42261841604358,10.611
fixed_K59,Schwefel_1_2,25,121.92375046898958,10.637
fixed_K59,Schwefel_1_2,26,122.25381973915378,10.619
fixed_K59,Schwefel_1_2,27,100.82142550626111,10.703
fixed_K59,Schwefel_1_2,28,167.51611636076177,10.656
fixed_K59,Schwefel_1_2,29,86.40915730087643,10.562
fixed_K59,Schwefel_1_2,3,102.43416714774635,10.609
fixed_K59,Schwefel_1_2,4,114.26991074111193,10.397
fixed_K59,Schwefel_1_2,5,147.83788035492344,10.436
fixed_K59,Schwefel_1_2,6,42.30870198711335,10.531
fixed_K59,Schwefel_1_2,7,71.97397684410457,10.517
fixed_K59,Schwefel_1_2,8,102.79164395104375,10.464
fixed_K59,Schwefel_1_2,9,121.42202937666273,10.539
fixed_K59,Schwefel_2_21,0,0.4792189596780121,1.438
fixed_K59,Schwefel_2_21,1,0.7250722423511594,1.425
fixed_K59,Schwefel_2_21,10,0.34545952179632045,1.475
fixed_K59,Schwefel_2_21,11,0.4129470846246877,1.43
fixed_K59,Schwefel_2_21,12,0.35694869312838806,1.448
fixed_K59,Schwefel_2_21,13,7.711296120396,1.39
fixed_K59,Schwefel_2_21,14,0.31076108449029743,1.584
fixed_K59,Schwefel_2_21,15,1.012280273983215,1.412
fixed_K59,Schwefel_2_21,16,1.2336067028022148,1.423
fixed_K59,Schwefel_2_21,17,0.38348826407455955,1.512
fixed_K59,Schwefel_2_21,18,0.38915487036332724,1.527
fixed_K59,Schwefel_2_21,19,0.37912236536317895,1.478
fixed_K59,Schwefel_2_21,2,0.3853671592147881,1.464
fixed_K59,Schwefel_2_21,20,0.8549782369902873,1.421
fixed_K59,Schwefel_2_21,21,1.1794035963805076,1.383
fixed_K59,Schwefel_2_21,22,7.565575216581128,1.383
fixed_K59,Schwefel_2_21,23,0.48785051554050257,1.494
fixed_K59,Schwefel_2_21,24,0.26394151764534207,1.479
fixed_K59,Schwefel_2_21,25,0.3892078360416164,1.507
fixed_K59,Schwefel_2_21,26,0.3875696931365635,1.529
fixed_K59,Schwefel_2_21,27,0.943248545515764,1.436
fixed_K59,Schwefel_2_21,28,0.4961935077623361,1.46
fixed_K59,Schwefel_2_21,29,1.0286027379504719,1.435
fixed_K59,Schwefel_2_21,3,0.6434444454960163,1.42
fixed_K59,Schwefel_2_21,4,0.3689545571556948,1.476
fixed_K59,Schwefel_2_21,5,0.5687003519401894,1.448
fixed_K59,Schwefel_2_21,6,0.6252611586244129,1.399
fixed_K59,Schwefel_2_21,7,7.844844724004924,1.418
fixed_K59,Schwefel_2_21,8,1.150112951477799,1.395
fixed_K59,Schwefel_2_21,9,0.5455396075128317,1.438
fixed_K59,Schwefel_2_22,0,0.6873382901323976,1.693
fixed_K59,Schwefel_2_22,1,5.527332535193547,1.683
fixed_K59,Schwefel_2_22,10,1.607974793272328,1.738
fixed_K59,Schwefel_2_22,11,4.129673670438698,1.681
fixed_K59,Schwefel_2_22,12,5.716851534663804,1.681
fixed_K59,Schwefel_2_22,13,4.23661168465021,1.7
fixed_K59,Schwefel_2_22,14,3.6307094670746274,1.658
fixed_K59,Schwefel_2_22,15,0.9725645006952245,1.726
fixed_K59,Schwefel_2_22,16,6.829503112962617,1.671
fixed_K59,Schwefel_2_22,17,5.08484801677711,1.689
fixed_K59,Schwefel_2_22,18,1.2965506335326977,1.713
fixed_K59,Schwefel_2_22,19,3.158260059559297,1.688
fixed_K59,Schwefel_2_22,2,4.322555529343906,1.668
fixed_K59,Schwefel_2_22,20,3.937141993340156,1.658
fixed_K59,Schwefel_2_22,21,4.583087931798878,1.69
fixed_K59,Schwefel_2_22,22,3.708080856401247,1.667
fixed_K59,Schwefel_2_22,23,1.084403717513979,1.705
fixed_K59,Schwefel_2_22,24,4.742055696671724,1.684
fixed_K59,Schwefel_2_22,25,5.036607058465187,1.682
fixed_K59,Schwefel_2_22,26,4.84509891442231,1.698
fixed_K59,Schwefel_2_22,27,0.30349251410036104,1.72
fixed_K59,Schwefel_2_22,28,3.8938854224830886,1.664
fixed_K59,Schwefel_2_22,29,3.9585018968252235,1.707
fixed_K59,Schwefel_2_22,3,1.4181229919512486,1.683
fixed_K59,Schwefel_2_22,4,5.053155794095104,1.689
fixed_K59,Schwefel_2_22,5,6.085962918423583,1.689
fixed_K59,Schwefel_2_22,6,1.4906450321999227,1.691
fixed_K59,Schwefel_2_22,7,4.362313537934375,1.685
fixed_K59,Schwefel_2_22,8,0.33554990844794075,1.825
fixed_K59,Schwefel_2_22,9,1.7879084270729295,1.718
fixed_K59,Schwefel_2_26,0,-20270.12720445849,1.753
fixed_K59,Schwefel_2_26,1,-20155.444825051254,1.731
fixed_K59,Schwefel_2_26,10,-20084.80734141347,2.066
fixed_K59,Schwefel_2_26,11,-19400.061671267922,1.881
fixed_K59,Schwefel_2_26,12,-20260.907183438234,1.777
fixed_K59,Schwefel_2_26,13,-20005.618621168796,1.719
fixed_K59,Schwefel_2_26,14,-19078.70232562137,2.002
fixed_K59,Schwefel_2_26,15,-18610.6630778414,1.945
fixed_K59,Schwefel_2_26,16,-20934.026150852562,1.743
fixed_K59,Schwefel_2_26,17,-19105.286732967048,1.862
fixed_K59,Schwefel_2_26,18,-20146.845150708556,2.113
fixed_K59,Schwefel_2_26,19,-19590.7244528893,1.746
fixed_K59,Schwefel_2_26,2,-19325.778409856666,1.873
fixed_K59,Schwefel_2_26,20,-19396.013513084385,1.917
fixed_K59,Schwefel_2_26,21,-19354.79365368304,1.736
fixed_K59,Schwefel_2_26,22,-19234.707526921673,1.821
fixed_K59,Schwefel_2_26,23,-20440.26185272154,1.798
fixed_K59,Schwefel_2_26,24,-19941.73892687387,1.948
fixed_K59,Schwefel_2_26,25,-20302.416961896746,1.771
fixed_K59,Schwefel_2_26,26,-19317.332044659248,2.183
fixed_K59,Schwefel_2_26,27,-19828.14929389872,1.734
fixed_K59,Schwefel_2_26,28,-21071.8287910043,1.775
fixed_K59,Schwefel_2_26,29,-20815.736787536604,1.77
fixed_K59,Schwefel_2_26,3,-19596.38537400947,1.94
fixed_K59,Schwefel_2_26,4,-19980.398306257208,2.043
fixed_K59,Schwefel_2_26,5,-21021.476075770956,1.909
fixed_K59,Schwefel_2_26,6,-18248.95420519451,1.763
fixed_K59,Schwefel_2_26,7,-19749.62609278583,1.727
fixed_K59,Schwefel_2_26,8,-20163.88959670252,1.766
fixed_K59,Schwefel_2_26,9,-19140.469350472173,1.869
fixed_K59,Sphere,0,0.004706317693907068,1.342
fixed_K59,Sphere,1,0.003133658555746284,1.366
fixed_K59,Sphere,10,0.0026032447820268745,1.449
fixed_K59,Sphere,11,0.0017336050330856057,1.405
fixed_K59,Sphere,12,0.0032446835824694207,1.364
fixed_K59,Sphere,13,0.00434056311039846,1.354
fixed_K59,Sphere,14,0.002395227903993876,1.393
fixed_K59,Sphere,15,0.001965253183361236,1.404
fixed_K59,Sphere,16,0.0023739113160403708,1.327
fixed_K59,Sphere,17,0.0015397780949401143,1.387
fixed_K59,Sphere,18,0.002869301478972151,1.384
fixed_K59,Sphere,19,0.003251211633936551,1.366
fixed_K59,Sphere,2,0.002821630677604498,1.373
fixed_K59,Sphere,20,0.002068708430003641,1.344
fixed_K59,Sphere,21,0.0020470402609588816,1.451
fixed_K59,Sphere,22,0.0014339981511464726,1.339
fixed_K59,Sphere,23,0.0029672582380755102,1.395
fixed_K59,Sphere,24,0.0030297998084514314,1.375
fixed_K59,Sphere,25,0.00182967282659236,1.374
fixed_K59,Sphere,26,0.004056969122819144,1.353
fixed_K59,Sphere,27,0.0019378804241585704,1.379
fixed_K59,Sphere,28,0.004377060756563106,1.346
fixed_K59,Sphere,29,0.0016316804495580793,1.42
fixed_K59,Sphere,3,0.002146163708020291,1.404
fixed_K59,Sphere,4,0.0026013992111592102,1.458
fixed_K59,Sphere,5,0.0018762918812511198,1.448
fixed_K59,Sphere,6,0.0025647704715603434,1.457
fixed_K59,Sphere,7,0.003783237997542301,1.425
fixed_K59,Sphere,8,0.002399998780075179,1.317
fixed_K59,Sphere,9,0.0025679331390084815,1.35
fixed_K59,Step,0,1.0,2.205
fixed_K59,Step,1,0.0,2.181
fixed_K59,Step,10,0.0,2.188
fixed_K59,Step,11,0.0,2.174
fixed_K59,Step,12,0.0,2.184
fixed_K59,Step,13,0.0,2.053
fixed_K59,Step,14,0.0,2.193
fixed_K59,Step,15,0.0,2.166
fixed_K59,Step,16,0.0,1.923
fixed_K59,Step,17,0.0,2.249
fixed_K59,Step,18,0.0,2.061
fixed_K59,Step,19,0.0,2.26
fixed_K59,Step,2,0.0,2.185
fixed_K59,Step,20,0.0,2.216
fixed_K59,Step,21,0.0,2.114
fixed_K59,Step,22,0.0,2.04
fixed_K59,Step,23,0.0,2.133
fixed_K59,Step,24,0.0,2.232
fixed_K59,Step,25,0.0,2.256
fixed_K59,Step,26,0.0,2.271
fixed_K59,Step,27,0.0,2.203
fixed_K59,Step,28,0.0,2.172
fixed_K59,Step,29,0.0,2.273
fixed_K59,Step,3,0.0,2.181
fixed_K59,Step,4,0.0,2.166
fixed_K59,Step,5,0.0,2.234
fixed_K59,Step,6,0.0,2.156
fixed_K59,Step,7,0.0,2.163
fixed_K59,Step,8,0.0,2.196
fixed_K59,Step,9,0.0,2.264
random_K,Ackley,0,4.211798137345443,2.994
random_K,Ackley,1,0.23590895260519362,2.867
random_K,Ackley,10,5.47364820269744,2.983
random_K,Ackley,11,7.294634725724466,3.051
random_K,Ackley,12,1.1185584283392633,2.993
random_K,Ackley,13,0.9048653804017488,2.957
random_K,Ackley,14,0.1255508906823697,3.025
random_K,Ackley,15,1.1722152253566844,3.046
random_K,Ackley,16,0.839234288927202,2.957
random_K,Ackley,17,4.505996716339059,2.995
random_K,Ackley,18,0.9352715994047363,2.952
random_K,Ackley,19,2.067841365670891,2.902
random_K,Ackley,2,0.1198826570894913,2.985
random_K,Ackley,20,0.04643628578327297,2.994
random_K,Ackley,21,0.8271894706011733,3.06
random_K,Ackley,22,0.007564061129734956,3.011
random_K,Ackley,23,0.032914144896900144,3.024
random_K,Ackley,24,0.5285164261524362,2.963
random_K,Ackley,25,6.375644428445991,2.924
random_K,Ackley,26,0.948196850886792,3.041
random_K,Ackley,27,5.319697348985706,2.985
random_K,Ackley,28,6.35224825843429,2.996
random_K,Ackley,29,2.2935983938260986,2.897
random_K,Ackley,3,2.158949707990463,3.008
random_K,Ackley,4,0.09550195601455203,2.939
random_K,Ackley,5,0.7592563586082375,3.028
random_K,Ackley,6,1.097225963365681,3.054
random_K,Ackley,7,0.027007916554616873,2.934
random_K,Ackley,8,0.43373031321481337,2.959
random_K,Ackley,9,0.011919659013497341,2.945
random_K,Griewank,0,0.010898078811102274,2.801
random_K,Griewank,1,0.01201597462079984,2.864
random_K,Griewank,10,0.026500203920031717,2.75
random_K,Griewank,11,0.036691419192715236,2.827
random_K,Griewank,12,0.02041847874019087,2.782
random_K,Griewank,13,0.015644854247494067,2.707
random_K,Griewank,14,0.018002026483870615,2.749
random_K,Griewank,15,0.011376456720218475,2.797
random_K,Griewank,16,0.019717428651810587,2.747
random_K,Griewank,17,0.0275062355767709,2.791
random_K,Griewank,18,0.03717625275109426,2.752
random_K,Griewank,19,0.023885895275122082,2.774
random_K,Griewank,2,0.056857452421632315,2.846
random_K,Griewank,20,0.032865269595885205,2.77
random_K,Griewank,21,0.04722000475459809,2.774
random_K,Griewank,22,0.03399528432671839,2.813
random_K,Griewank,23,0.027755901373597514,2.938
random_K,Griewank,24,0.017334489975228684,2.915
random_K,Griewank,25,0.016147958244931315,2.985
random_K,Griewank,26,0.025527612137765665,2.995
random_K,Griewank,27,0.02489014376261689,3.002
random_K,Griewank,28,0.02258208790149996,2.904
random_K,Griewank,29,0.02449847588773535,2.899
random_K,Griewank,3,0.040580248796408425,2.804
random_K,Griewank,4,0.01109524764755343,2.77
random_K,Griewank,5,0.021463583164076705,2.809
random_K,Griewank,6,0.010663603417553902,2.837
random_K,Griewank,7,0.022187242676591112,2.823
random_K,Griewank,8,0.006441072148891891,2.753
random_K,Griewank,9,0.033020787568570076,2.776
random_K,Penalized2,0,0.015145314123429496,8.94
random_K,Penalized2,1,2.465353079886505,8.906
random_K,Penalized2,10,2.7866991799919183,8.936
random_K,Penalized2,11,0.501423490765364,8.884
random_K,Penalized2,12,30.66179812889511,8.965
random_K,Penalized2,13,2.159569139303911,8.894
random_K,Penalized2,14,13.609342045896565,8.883
random_K,Penalized2,15,2.382420616669847,8.956
random_K,Penalized2,16,0.605083325870589,8.927
random_K,Penalized2,17,1.7788981726996167,8.903
random_K,Penalized2,18,7.4301377556966175,8.888
random_K,Penalized2,19,3.3526223369580856,8.949
random_K,Penalized2,2,1.3687007089178436,8.948
random_K,Penalized2,20,0.10855017136806983,8.949
random_K,Penalized2,21,0.1343154604391162,8.815
random_K,Penalized2,22,2.8666942319154547,8.951
random_K,Penalized2,23,4.018208067076911,8.952
random_K,Penalized2,24,0.01662437910204718,8.909
random_K,Penalized2,25,2.8568008147223054,8.884
random_K,Penalized2,26,0.8780061170561647,8.937
random_K,Penalized2,27,1.6299706362236515,8.854
random_K,Penalized2,28,2.624752673441874,8.895
random_K,Penalized2,29,0.4174733763176036,8.949
random_K,Penalized2,3,0.18826488446866252,8.892
random_K,Penalized2,4,7.004426088879739,8.886
random_K,Penalized2,5,0.128118741442624,8.988
random_K,Penalized2,6,0.021731079892985186,8.889
random_K,Penalized2,7,0.0019887497211042936,8.936
random_K,Penalized2,8,0.620734915732616,8.856
random_K,Penalized2,9,0.0836572828014109,8.847
random_K,Penalized,0,2.1482494824467686,10.386
random_K,Penalized,1,4.716166736593634e-05,10.38
random_K,Penalized,10,1.395373117294404,10.258
random_K,Penalized,11,3.2560515031576425,10.387
random_K,Penalized,12,2.420913063169633,10.276
random_K,Penalized,13,3.0827341660897445,10.336
random_K,Penalized,14,2.6118319952374023,10.328
random_K,Penalized,15,1.7574274531217153,10.519
random_K,Penalized,16,2.4894977141670327,10.514
random_K,Penalized,17,1.767057472723539,10.352
random_K,Penalized,18,1.9197759363718412,10.655
random_K,Penalized,19,3.649412699415591,10.716
random_K,Penalized,2,3.2064789346477576,10.301
random_K,Penalized,20,2.549733205707563,10.494
random_K,Penalized,21,2.341681840600243,10.506
random_K,Penalized,22,2.3499661558474494,10.466
random_K,Penalized,23,4.264617006996172,10.522
random_K,Penalized,24,2.510740809628211,10.229
random_K,Penalized,25,4.427099288980986,10.248
random_K,Penalized,26,2.2014361635250244,10.284
random_K,Penalized,27,1.5384462578752305,10.279
random_K,Penalized,28,3.6775563862224816,10.317
random_K,Penalized,29,3.069429861153643,10.222
random_K,Penalized,3,3.9601792799949522,10.308
random_K,Penalized,4,1.7603933967516863,10.291
random_K,Penalized,5,1.469205906445151,10.249
random_K,Penalized,6,0.8846858251968199,10.264
random_K,Penalized,7,1.2702018682398803,10.31
random_K,Penalized,8,0.6659407740802221,10.229
random_K,Penalized,9,1.9079546743752425,10.228
random_K,Quartic,0,2.1004445969230495e-09,3.353
random_K,Quartic,1,1.6170481643795723e-09,3.349
random_K,Quartic,10,7.879519537574975e-13,3.381
random_K,Quartic,11,4.011094196429249e-10,3.331
random_K,Quartic,12,4.472943512678092e-09,3.318
random_K,Quartic,13,4.311962833159776e-09,3.321
random_K,Quartic,14,6.311152080920449e-09,3.306
random_K,Quartic,15,5.658335773127274e-09,3.345
random_K,Quartic,16,7.466654808395777e-10,3.261
random_K,Quartic,17,1.6136875080322924e-12,3.426
random_K,Quartic,18,2.111048976013749e-10,3.31
random_K,Quartic,19,2.8207408345764802e-09,3.385
random_K,Quartic,2,8.832980375875003e-10,3.356
random_K,Quartic,20,7.974522683695879e-10,3.345
random_K,Quartic,21,1.9914448066984695e-09,3.349
random_K,Quartic,22,1.5066607301121374e-10,3.441
random_K,Quartic,23,8.547801781178361e-10,3.407
random_K,Quartic,24,4.282736870989404e-11,3.352
random_K,Quartic,25,7.253629171080401e-10,3.403
random_K,Quartic,26,1.4902879930075146e-10,3.452
random_K,Quartic,27,5.903503744299563e-11,3.316
random_K,Quartic,28,1.2564104223826082e-09,3.3
random_K,Quartic,29,5.63118520421293e-09,3.374
random_K,Quartic,3,9.231134309914667e-11,3.41
random_K,Quartic,4,1.598991215800335e-09,3.427
random_K,Quartic,5,5.901196911104284e-10,3.328
random_K,Quartic,6,9.975394047417495e-13,3.403
random_K,Quartic,7,2.17226598802472e-11,3.388
random_K,Quartic,8,9.43394345655037e-10,3.242
random_K,Quartic,9,2.6285741012910062e-09,3.272
random_K,Rastrigin,0,0.1282437225769968,2.504
random_K,Rastrigin,1,0.1479656262389426,2.497
random_K,Rastrigin,10,0.07381271325942862,2.473
random_K,Rastrigin,11,7.387337125477302,2.488
random_K,Rastrigin,12,0.2795061109184189,2.561
random_K,Rastrigin,13,0.7880029856611372,2.513
random_K,Rastrigin,14,0.053138227433635166,2.49
random_K,Rastrigin,15,0.26223740784558913,2.567
random_K,Rastrigin,16,0.7293136645172353,2.565
random_K,Rastrigin,17,3.4924702124886267,2.605
random_K,Rastrigin,18,4.006754506891696,2.544
random_K,Rastrigin,19,0.25570942756428394,2.517
random_K,Rastrigin,2,13.935187213321342,2.588
random_K,Rastrigin,20,8.959091077292555,2.526
random_K,Rastrigin,21,6.337820703872524,2.568
random_K,Rastrigin,22,0.04576479271707967,2.393
random_K,Rastrigin,23,0.11446271207324799,2.51
random_K,Rastrigin,24,13.93500543686423,2.483
random_K,Rastrigin,25,0.2917814211944574,2.486
random_K,Rastrigin,26,11.948892358457215,2.415
random_K,Rastrigin,27,0.0330998375808349,2.496
random_K,Rastrigin,28,1.1448823849872838,2.528
random_K,Rastrigin,29,0.3291591025860612,2.495
random_K,Rastrigin,3,13.931212984109322,2.524
random_K,Rastrigin,4,0.30028395127948215,2.576
random_K,Rastrigin,5,3.418249802225546,2.594
random_K,Rastrigin,6,0.28930953162353035,2.572
random_K,Rastrigin,7,2.225792861299226,2.605
random_K,Rastrigin,8,6.97155585379403,2.447
random_K,Rastrigin,9,5.972829682565532,2.585
random_K,Rosenbrock,0,28.817245582999934,4.889
random_K,Rosenbrock,1,28.199024358629607,4.813
random_K,Rosenbrock,10,29.3483308795843,4.881
random_K,Rosenbrock,11,79.5457618706023,4.892
random_K,Rosenbrock,12,88.48483036547408,4.899
random_K,Rosenbrock,13,142.3866295720741,4.832
random_K,Rosenbrock,14,100.43042838387791,4.835
random_K,Rosenbrock,15,36.22064034225139,4.77
random_K,Rosenbrock,16,78.25428433611444,4.779
random_K,Rosenbrock,17,28.552087061235472,4.795
random_K,Rosenbrock,18,27.251441235733466,4.825
random_K,Rosenbrock,19,36.48207951487775,4.785
random_K,Rosenbrock,2,31.444850104404047,4.792
random_K,Rosenbrock,20,29.27651480468622,4.749
random_K,Rosenbrock,21,47.16218345588895,4.786
random_K,Rosenbrock,22,27.141626326740976,4.877
random_K,Rosenbrock,23,28.7089106969889,4.816
random_K,Rosenbrock,24,28.229215828090418,4.794
random_K,Rosenbrock,25,148.66639615934864,4.845
random_K,Rosenbrock,26,27.18599978523802,4.81
random_K,Rosenbrock,27,33.4671197611436,4.854
random_K,Rosenbrock,28,207.48341580308352,4.803
random_K,Rosenbrock,29,27.072801084643494,4.811
random_K,Rosenbrock,3,45.120492566374644,4.829
random_K,Rosenbrock,4,174.89620714562525,4.846
random_K,Rosenbrock,5,25.500162940789856,4.884
random_K,Rosenbrock,6,31.128058693886555,4.827
random_K,Rosenbrock,7,27.862685246481384,4.869
random_K,Rosenbrock,8,85.60670987111278,4.9
random_K,Rosenbrock,9,30.122023869299543,4.77
random_K,Schwefel_1_2,0,149.20550647720376,13.026
random_K,Schwefel_1_2,1,131.42528325399059,12.905
random_K,Schwefel_1_2,10,123.9437336469816,12.985
random_K,Schwefel_1_2,11,225.21980234629498,13.01
random_K,Schwefel_1_2,12,88.1750685097994,13.011
random_K,Schwefel_1_2,13,48.93471147688647,13.074
random_K,Schwefel_1_2,14,94.63230551439183,12.985
random_K,Schwefel_1_2,15,45.91869735465935,13.053
random_K,Schwefel_1_2,16,40.86793613974806,12.867
random_K,Schwefel_1_2,17,65.01623995926589,13.023
random_K,Schwefel_1_2,18,129.86514617529394,12.988
random_K,Schwefel_1_2,19,141.36255549176283,13.067
random_K,Schwefel_1_2,2,221.50132153806607,13.009
random_K,Schwefel_1_2,20,1.6957321613560925,12.936
random_K,Schwefel_1_2,21,78.55098964980738,13.009
random_K,Schwefel_1_2,22,95.81739875270888,12.881
random_K,Schwefel_1_2,23,82.62881961146309,12.83
random_K,Schwefel_1_2,24,94.30508338002949,12.946
random_K,Schwefel_1_2,25,91.45907097403311,13.161
random_K,Schwefel_1_2,26,123.07942569631534,13.011
random_K,Schwefel_1_2,27,84.59386996889266,13.076
random_K,Schwefel_1_2,28,236.3953156264377,12.984
random_K,Schwefel_1_2,29,58.203030030171675,12.911
random_K,Schwefel_1_2,3,159.4942486985399,12.952
random_K,Schwefel_1_2,4,82.80358779244719,12.989
random_K,Schwefel_1_2,5,81.43158206048567,12.934
random_K,Schwefel_1_2,6,75.019937370683,13.054
random_K,Schwefel_1_2,7,97.4895360916298,12.977
random_K,Schwefel_1_2,8,57.555293048339315,12.927
random_K,Schwefel_1_2,9,137.71946300716806,12.98
random_K,Schwefel_2_21,0,0.3423038274231381,2.09
random_K,Schwefel_2_21,1,6.086422684143884,2.098
random_K,Schwefel_2_21,10,0.9618690105089729,2.032
random_K,Schwefel_2_21,11,1.1092642199856406,2.062
random_K,Schwefel_2_21,12,1.7106448686323945,2.071
random_K,Schwefel_2_21,13,0.8138816564601554,1.967
random_K,Schwefel_2_21,14,0.7280166131685675,2.085
random_K,Schwefel_2_21,15,6.533575144495936,2.027
random_K,Schwefel_2_21,16,1.0157239953917898,2.056
random_K,Schwefel_2_21,17,5.942336256581873,2.069
random_K,Schwefel_2_21,18,1.3836509787644191,2.055
random_K,Schwefel_2_21,19,0.06886840671327209,2.132
random_K,Schwefel_2_21,2,5.774153246335771,2.019
random_K,Schwefel_2_21,20,0.8663332490559466,2.108
random_K,Schwefel_2_21,21,0.005104396069140407,2.148
random_K,Schwefel_2_21,22,0.571389802722138,2.12
random_K,Schwefel_2_21,23,1.091693337377448,2.078
random_K,Schwefel_2_21,24,0.8763661103576936,2.077
random_K,Schwefel_2_21,25,7.531622745291603,2.062
random_K,Schwefel_2_21,26,1.2981270187524179,2.057
random_K,Schwefel_2_21,27,4.796638930701546,2.093
random_K,Schwefel_2_21,28,0.35917821122061955,2.063
random_K,Schwefel_2_21,29,0.26886302294568376,2.065
random_K,Schwefel_2_21,3,0.7874186963452299,2.071
random_K,Schwefel_2_21,4,5.843634892550142,2.058
random_K,Schwefel_2_21,5,0.5211410157333755,2.046
random_K,Schwefel_2_21,6,0.4999180387587385,2.032
random_K,Schwefel_2_21,7,0.6731544369798654,2.063
random_K,Schwefel_2_21,8,4.6259098162869146,2.065
random_K,Schwefel_2_21,9,0.14874904028599356,2.152
random_K,Schwefel_2_22,0,2.6917085887142203,2.578
random_K,Schwefel_2_22,1,2.9231034710043313,2.632
random_K,Schwefel_2_22,10,0.3877669916523641,2.522
random_K,Schwefel_2_22,11,3.7452814627273168,2.395
random_K,Schwefel_2_22,12,1.6385439811651243,2.53
random_K,Schwefel_2_22,13,0.641833765258306,2.475
random_K,Schwefel_2_22,14,3.352258331581944,2.518
random_K,Schwefel_2_22,15,2.860659755524624,2.514
random_K,Schwefel_2_22,16,3.5773307457171954,2.509
random_K,Schwefel_2_22,17,2.7476493769474777,2.575
random_K,Schwefel_2_22,18,2.2485475164515,2.499
random_K,Schwefel_2_22,19,4.083741532934661,2.517
random_K,Schwefel_2_22,2,0.18510471256892802,2.498
random_K,Schwefel_2_22,20,3.0237663470500182,2.395
random_K,Schwefel_2_22,21,4.740867786460967,2.497
random_K,Schwefel_2_22,22,2.315310974936157,2.421
random_K,Schwefel_2_22,23,4.033929590949603,2.57
random_K,Schwefel_2_22,24,2.71193277299211,2.499
random_K,Schwefel_2_22,25,2.941074451508096,2.504
random_K,Schwefel_2_22,26,3.7950372068382765,2.473
random_K,Schwefel_2_22,27,2.9509388480728433,2.457
random_K,Schwefel_2_22,28,2.5305848106251143,2.443
random_K,Schwefel_2_22,29,4.338377186941243,2.513
random_K,Schwefel_2_22,3,1.7101953809571278,2.58
random_K,Schwefel_2_22,4,2.4392339379424004,2.501
random_K,Schwefel_2_22,5,4.9305461122152305,2.498
random_K,Schwefel_2_22,6,4.221682537841601,2.533
random_K,Schwefel_2_22,7,3.02179922104216,2.53
random_K,Schwefel_2_22,8,3.239718017726304,2.466
random_K,Schwefel_2_22,9,3.59157083871986,2.451
random_K,Schwefel_2_26,0,-20313.25650006273,2.376
random_K,Schwefel_2_26,1,-20283.4076513878,2.441
random_K,Schwefel_2_26,10,-19983.288955043816,2.348
random_K,Schwefel_2_26,11,-19336.537447937644,2.332
random_K,Schwefel_2_26,12,-20559.208983796932,2.268
random_K,Schwefel_2_26,13,-19394.0843916729,2.213
random_K,Schwefel_2_26,14,-19442.169202105517,2.33
random_K,Schwefel_2_26,15,-18745.951779211922,2.442
random_K,Schwefel_2_26,16,-20973.636618730783,2.245
random_K,Schwefel_2_26,17,-18806.230689251766,2.465
random_K,Schwefel_2_26,18,-20246.475549636954,2.475
random_K,Schwefel_2_26,19,-19749.225256229925,2.316
random_K,Schwefel_2_26,2,-16946.389798033582,2.367
random_K,Schwefel_2_26,20,-19573.255755878832,2.38
random_K,Schwefel_2_26,21,-19472.812238582494,2.27
random_K,Schwefel_2_26,22,-19175.198601300257,2.243
random_K,Schwefel_2_26,23,-20061.92112059747,2.381
random_K,Schwefel_2_26,24,-20242.868126177076,2.22
random_K,Schwefel_2_26,25,-19887.38840220031,2.216
random_K,Schwefel_2_26,26,-19452.071400724813,2.386
random_K,Schwefel_2_26,27,-19611.417752102538,2.187
random_K,Schwefel_2_26,28,-20776.315685926,2.262
random_K,Schwefel_2_26,29,-20598.59783707928,2.214
random_K,Schwefel_2_26,3,-19552.374077885343,2.281
random_K,Schwefel_2_26,4,-20045.66191194178,2.386
random_K,Schwefel_2_26,5,-21012.905983693254,2.391
random_K,Schwefel_2_26,6,-19137.03572018265,2.257
random_K,Schwefel_2_26,7,-19749.69503857552,2.283
random_K,Schwefel_2_26,8,-20163.91478725745,2.256
random_K,Schwefel_2_26,9,-19277.706737435587,2.346
random_K,Sphere,0,0.0016747608795187625,2.094
random_K,Sphere,1,0.000856702553211876,2.024
random_K,Sphere,10,0.0018786308100059098,2.065
random_K,Sphere,11,0.0013332522188723868,2.101
random_K,Sphere,12,0.0013960491286709796,2.029
random_K,Sphere,13,0.001408529657011665,2.113
random_K,Sphere,14,0.0002697529832776971,2.101
random_K,Sphere,15,0.0013684080819078516,2.04
random_K,Sphere,16,0.0011051379125649108,2.053
random_K,Sphere,17,0.0010637900585075497,2.059
random_K,Sphere,18,0.0016363719198570752,2.012
random_K,Sphere,19,0.001863547886871215,2.147
random_K,Sphere,2,0.00016258056768331098,2.051
random_K,Sphere,20,0.00024185222942962753,2.082
random_K,Sphere,21,0.0008007615229059403,2.2
random_K,Sphere,22,0.001163583203901626,2.181
random_K,Sphere,23,0.0009296728592032517,2.246
random_K,Sphere,24,0.0015098280478526391,2.18
random_K,Sphere,25,0.001196159875519445,2.16
random_K,Sphere,26,0.0014081839145454295,2.204
random_K,Sphere,27,0.0007814881724346522,2.151
random_K,Sphere,28,0.0029564057397716338,2.219
random_K,Sphere,29,0.0015375933766187825,2.213
random_K,Sphere,3,0.0013183359325348787,2.075
random_K,Sphere,4,0.0018445407730064774,2.083
random_K,Sphere,5,0.001929189247903587,2.07
random_K,Sphere,6,0.00031302718368193377,2.09
random_K,Sphere,7,0.002783399670785185,2.018
random_K,Sphere,8,0.0012638746591607515,2.027
random_K,Sphere,9,0.00158139671942014,2.068
random_K,Step,0,0.0,2.499
random_K,Step,1,0.0,2.486
random_K,Step,10,0.0,2.658
random_K,Step,11,0.0,2.521
random_K,Step,12,0.0,2.526
random_K,Step,13,0.0,2.627
random_K,Step,14,0.0,2.507
random_K,Step,15,0.0,2.465
random_K,Step,16,0.0,2.424
random_K,Step,17,0.0,2.548
random_K,Step,18,0.0,2.519
random_K,Step,19,0.0,2.509
random_K,Step,2,0.0,2.52
random_K,Step,20,0.0,2.378
random_K,Step,21,0.0,2.558
random_K,Step,22,0.0,2.664
random_K,Step,23,0.0,2.493
random_K,Step,24,0.0,2.539
random_K,Step,25,0.0,2.416
random_K,Step,26,0.0,2.488
random_K,Step,27,0.0,2.428
random_K,Step,28,0.0,2.424
random_K,Step,29,0.0,2.41
random_K,Step,3,0.0,2.672
random_K,Step,4,0.0,2.634
random_K,Step,5,0.0,2.407
random_K,Step,6,0.0,2.748
random_K,Step,7,0.0,2.448
random_K,Step,8,0.0,2.703
random_K,Step,9,0.0,2.384
social,Ackley,0,2.81412893799487,9.794
social,Ackley,1,6.375562645098324,9.832
social,Ackley,10,5.503244672056542,9.737
social,Ackley,11,6.03030764314547,9.816
social,Ackley,12,7.06429626469879,9.744
social,Ackley,13,4.737885946554709,9.769
social,Ackley,14,4.584193375177559,9.768
social,Ackley,15,6.0044083780540625,9.827
social,Ackley,16,0.2573302200037628,9.842
social,Ackley,17,5.255952327784886,9.864
social,Ackley,18,5.1912358024627,9.829
social,Ackley,19,4.883930882902504,9.881
social,Ackley,2,5.533083321815422,9.847
social,Ackley,20,0.09829979336817773,9.901
social,Ackley,21,0.03155502027767598,9.835
social,Ackley,22,4.700336797354119,9.858
social,Ackley,23,1.7204403463194713,9.872
social,Ackley,24,6.231423135041442,9.784
social,Ackley,25,4.465277385328406,9.809
social,Ackley,26,4.029588041125358,9.808
social,Ackley,27,5.158319161016063,9.755
social,Ackley,28,5.734494213328219,9.829
social,Ackley,29,3.7342856253070704,9.861
social,Ackley,3,5.951985291840376,9.843
social,Ackley,4,0.013340308643443155,9.814
social,Ackley,5,4.919512195105614,9.865
social,Ackley,6,4.989420189620841,9.752
social,Ackley,7,4.919366248469746,9.779
social,Ackley,8,5.871915201540208,9.765
social,Ackley,9,4.623880596411336,9.796
social,Griewank,0,0.029189061551303075,9.254
social,Griewank,1,0.023938181820264637,9.152
social,Griewank,10,0.009279989887482909,9.091
social,Griewank,11,0.028507910092966826,9.15
social,Griewank,12,0.028060873059353675,9.187
social,Griewank,13,0.029727454949137755,9.095
social,Griewank,14,0.04120023010192653,9.145
social,Griewank,15,0.005444296608100863,9.109
social,Griewank,16,0.02210237519674174,9.133
social,Griewank,17,0.008812478944883573,9.051
social,Griewank,18,0.05241258527873305,9.076
social,Griewank,19,0.03305634027678339,9.084
social,Griewank,2,0.019495689240920377,9.232
social,Griewank,20,0.0024626242446523783,9.143
social,Griewank,21,0.04294603447210177,9.103
social,Griewank,22,0.023338471021196683,9.155
social,Griewank,23,0.023465079704718228,9.223
social,Griewank,24,0.0022952378946227148,9.212
social,Griewank,25,0.01978999612573573,9.232
social,Griewank,26,0.02309104068037182,9.217
social,Griewank,27,0.0016420422016689695,9.246
social,Griewank,28,0.005046857847239572,9.241
social,Griewank,29,0.02550153077597539,9.208
social,Griewank,3,0.011175042514643407,9.196
social,Griewank,4,0.044261620579439054,9.239
social,Griewank,5,0.023496034305590108,9.205
social,Griewank,6,0.02663954168697047,9.051
social,Griewank,7,0.010651248831818894,9.052
social,Griewank,8,0.0056565175411513735,9.111
social,Griewank,9,0.015291626887149357,9.11
social,Penalized2,0,0.47852542141712706,22.91
social,Penalized2,1,1.6507937418344665,22.805
social,Penalized2,10,3.7488196046723594,23.044
social,Penalized2,11,5.437058268385153,23.134
social,Penalized2,12,4.585585202151058,22.761
social,Penalized2,13,1.81138673816179,22.902
social,Penalized2,14,0.4026770024966075,22.977
social,Penalized2,15,2.825282257546492,22.887
social,Penalized2,16,1.3983012684964002,22.955
social,Penalized2,17,2.1930645010342835,22.953
social,Penalized2,18,15.860879880752734,22.786
social,Penalized2,19,2.9474880257357197,22.886
social,Penalized2,2,0.0006038894130798221,22.997
social,Penalized2,20,20.281702207914417,22.941
social,Penalized2,21,0.4123509465453338,22.9
social,Penalized2,22,5.89802333146025,22.851
social,Penalized2,23,6.40745205459987,22.909
social,Penalized2,24,26.085993708236774,22.797
social,Penalized2,25,2.340886110202146,22.813
social,Penalized2,26,3.4505475794943727,22.785
social,Penalized2,27,6.212019845993332,22.868
social,Penalized2,28,28.612516334247573,22.98
social,Penalized2,29,11.314885163359287,22.983
social,Penalized2,3,9.659443529191373,22.872
social,Penalized2,4,0.36871466327014746,22.9
social,Penalized2,5,5.043238743813298,23.013
social,Penalized2,6,1.2575764418103557,23.007
social,Penalized2,7,1.4982963049637172,22.904
social,Penalized2,8,0.8379442830049245,23.058
social,Penalized2,9,3.5984509521685597,23.018
social,Penalized,0,1.3873071441803932,24.389
social,Penalized,1,2.007719733940848,24.372
social,Penalized,10,2.6669583801104553,24.188
social,Penalized,11,4.273731297178533,24.244
social,Penalized,12,2.197626337989731,13.22
social,Penalized,13,3.3202932573272834,12.74
social,Penalized,14,3.236278674580843,12.573
social,Penalized,15,1.19998698105334,12.671
social,Penalized,16,6.4013399906182755,12.308
social,Penalized,17,0.9570727414002964,11.236
social,Penalized,18,5.0276166060548615,17.129
social,Penalized,19,3.6185382272488185,17.222
social,Penalized,2,3.698501238136482,24.351
social,Penalized,20,4.301325177359935,17.327
social,Penalized,21,1.8245145146865704,17.422
social,Penalized,22,1.6764489720904803,17.736
social,Penalized,23,1.0398682441609712,19.009
social,Penalized,24,3.7994340584693864,24.546
social,Penalized,25,3.879443852282513,24.424
social,Penalized,26,1.767724291991716,24.496
social,Penalized,27,3.0286423311029873,24.464
social,Penalized,28,4.104851585886532,24.53
social,Penalized,29,2.247335825001999,24.565
social,Penalized,3,3.3297086920599313,24.274
social,Penalized,4,4.19712747905428,24.326
social,Penalized,5,1.5204213036484222,24.398
social,Penalized,6,2.1175249196085875,24.274
social,Penalized,7,3.5304099944099048,24.295
social,Penalized,8,1.8327859459315778,24.119
social,Penalized,9,2.1808648453781103,24.255
social,Quartic,0,2.8691977150381226e-11,6.399
social,Quartic,1,3.414409811872843e-11,6.678
social,Quartic,10,9.559322084984827e-11,8.987
social,Quartic,11,2.140388069313964e-11,9.044
social,Quartic,12,1.1640294668744042e-12,9.325
social,Quartic,13,2.6454443699039497e-12,9.39
social,Quartic,14,5.684511499139139e-12,9.41
social,Quartic,15,3.3447593741451825e-11,9.364
social,Quartic,16,1.1151803602254996e-13,9.414
social,Quartic,17,3.813649512962538e-12,9.486
social,Quartic,18,3.296877127289386e-12,9.363
social,Quartic,19,6.788779026736075e-13,9.438
social,Quartic,2,3.282441998589e-12,6.76
social,Quartic,20,7.631358790139992e-12,9.422
social,Quartic,21,9.567389863817833e-13,9.413
social,Quartic,22,6.725837741445027e-12,9.472
social,Quartic,23,3.059704275968455e-12,9.485
social,Quartic,24,8.429141638226715e-12,9.459
social,Quartic,25,1.882921795452614e-11,9.496
social,Quartic,26,1.1436165216772241e-11,9.475
social,Quartic,27,1.1730313541702688e-11,9.446
social,Quartic,28,1.1836119585030308e-11,9.44
social,Quartic,29,1.3880840470568604e-11,9.446
social,Quartic,3,3.578468488364376e-12,6.676
social,Quartic,4,3.707906530444293e-12,6.848
social,Quartic,5,3.581514264524416e-12,7.601
social,Quartic,6,1.4684087565449528e-12,9.082
social,Quartic,7,4.196429906373729e-13,9.088
social,Quartic,8,4.299905932985414e-12,9.052
social,Quartic,9,2.148472258172891e-12,9.118
social,Rastrigin,0,0.07269565022329516,8.535
social,Rastrigin,1,9.949737216235576,8.532
social,Rastrigin,10,0.11695673039270105,8.575
social,Rastrigin,11,11.939717977905389,8.594
social,Rastrigin,12,14.924647043595371,8.633
social,Rastrigin,13,0.0021340135127161375,8.537
social,Rastrigin,14,16.914604600485802,8.586
social,Rastrigin,15,0.10014949631641912,8.509
social,Rastrigin,16,21.889351631312252,8.537
social,Rastrigin,17,15.919533336546749,8.552
social,Rastrigin,18,22.884193962954498,8.511
social,Rastrigin,19,8.954861712239449,8.547
social,Rastrigin,2,1.9164577454976666,8.57
social,Rastrigin,20,19.899491645254386,8.593
social,Rastrigin,21,20.89440249924013,8.517
social,Rastrigin,22,52.73338869933724,8.568
social,Rastrigin,23,8.954906635114867,8.56
social,Rastrigin,24,0.10997507525695482,8.572
social,Rastrigin,25,9.949764637499584,8.487
social,Rastrigin,26,2.7048404379510202,8.558
social,Rastrigin,27,0.10206184946247276,8.577
social,Rastrigin,28,10.945028740153873,8.526
social,Rastrigin,29,20.894580003102817,8.567
social,Rastrigin,3,8.95482271381178,8.519
social,Rastrigin,4,9.949768655162586,8.486
social,Rastrigin,5,21.889326080867306,8.576
social,Rastrigin,6,15.919468104181021,8.506
social,Rastrigin,7,8.954909890802355,8.604
social,Rastrigin,8,1.1490209222155272,8.616
social,Rastrigin,9,12.93462129294636,8.555
social,Rosenbrock,0,28.00221325878494,5.508
social,Rosenbrock,1,24.56109933176022,5.489
social,Rosenbrock,10,31.989411944247117,5.551
social,Rosenbrock,11,28.108502243004903,5.544
social,Rosenbrock,12,28.271850791004738,5.532
social,Rosenbrock,13,143.85708188542543,5.527
social,Rosenbrock,14,29.10835849459999,5.514
social,Rosenbrock,15,71.49760289723301,5.525
social,Rosenbrock,16,295.2747093532649,5.566
social,Rosenbrock,17,29.340517953327264,5.599
social,Rosenbrock,18,24.705717918366265,5.592
social,Rosenbrock,19,89.58052098977824,5.62
social,Rosenbrock,2,72.7521596640467,5.495
social,Rosenbrock,20,21.71662202225558,5.617
social,Rosenbrock,21,29.18776945310183,5.591
social,Rosenbrock,22,27.63376566401773,5.571
social,Rosenbrock,23,28.816344662971197,5.568
social,Rosenbrock,24,138.13264946405488,5.579
social,Rosenbrock,25,29.295949665017737,5.579
social,Rosenbrock,26,25.63381837150804,5.622
social,Rosenbrock,27,29.240490781030868,5.569
social,Rosenbrock,28,60.55129213053571,5.594
social,Rosenbrock,29,203.83343810463455,5.661
social,Rosenbrock,3,336.6512540733961,5.512
social,Rosenbrock,4,145.86650313439645,5.5
social,Rosenbrock,5,23.346974301031484,5.493
social,Rosenbrock,6,27.682197607804127,5.485
social,Rosenbrock,7,28.235744980012694,5.51
social,Rosenbrock,8,90.31085646878438,5.508
social,Rosenbrock,9,28.464162573377422,5.505
social,Schwefel_1_2,0,71.05611490758149,10.515
social,Schwefel_1_2,1,97.21961757193564,10.478
social,Schwefel_1_2,10,103.99278466385084,10.69
social,Schwefel_1_2,11,136.08344117150648,10.728
social,Schwefel_1_2,12,176.90313281624356,11.176
social,Schwefel_1_2,13,163.39341392431183,11.078
social,Schwefel_1_2,14,166.18585706138322,11.169
social,Schwefel_1_2,15,18.90290500805055,11.208
social,Schwefel_1_2,16,34.11311164054589,11.109
social,Schwefel_1_2,17,91.91880713877894,11.207
social,Schwefel_1_2,18,125.17166653868316,11.185
social,Schwefel_1_2,19,110.75308943440021,11.139
social,Schwefel_1_2,2,143.92261656158075,10.546
social,Schwefel_1_2,20,207.44154491959725,11.188
social,Schwefel_1_2,21,39.49811730247568,11.165
social,Schwefel_1_2,22,44.27846200961931,11.108
social,Schwefel_1_2,23,49.099496456247024,11.317
social,Schwefel_1_2,24,106.8073721391308,11.306
social,Schwefel_1_2,25,52.28892223556359,11.331
social,Schwefel_1_2,26,152.360433748669,11.368
social,Schwefel_1_2,27,32.518207614228004,11.3
social,Schwefel_1_2,28,151.16178759918986,11.323
social,Schwefel_1_2,29,100.47712988170262,11.415
social,Schwefel_1_2,3,191.75480682784146,10.568
social,Schwefel_1_2,4,188.66588861908258,10.454
social,Schwefel_1_2,5,70.56572843852791,10.535
social,Schwefel_1_2,6,44.22118012087909,10.802
social,Schwefel_1_2,7,68.75256427944686,10.816
social,Schwefel_1_2,8,58.17005242775162,10.712
social,Schwefel_1_2,9,84.27457904247179,10.693
social,Schwefel_2_21,0,6.627913476562956,3.278
social,Schwefel_2_21,1,7.401477592989604,3.298
social,Schwefel_2_21,10,9.348778169665248,3.289
social,Schwefel_2_21,11,7.04707470196468,3.285
social,Schwefel_2_21,12,8.165501709052277,3.302
social,Schwefel_2_21,13,8.385221246211199,3.31
social,Schwefel_2_21,14,0.06698108820362046,3.336
social,Schwefel_2_21,15,7.094156899528105,3.303
social,Schwefel_2_21,16,1.802352233852031,3.306
social,Schwefel_2_21,17,0.09150985624091959,3.377
social,Schwefel_2_21,18,1.914658969898143,3.289
social,Schwefel_2_21,19,7.81420771600673,3.306
social,Schwefel_2_21,2,0.2817631786894749,3.282
social,Schwefel_2_21,20,7.137476063339137,3.295
social,Schwefel_2_21,21,7.9069364862639855,3.313
social,Schwefel_2_21,22,2.7903705853579837,3.346
social,Schwefel_2_21,23,7.977472067286282,3.329
social,Schwefel_2_21,24,9.098015784112008,3.343
social,Schwefel_2_21,25,6.102530294843489,3.297
social,Schwefel_2_21,26,6.948377646469262,3.312
social,Schwefel_2_21,27,4.836024264126872,3.321
social,Schwefel_2_21,28,8.120494735480907,3.332
social,Schwefel_2_21,29,6.224770302755052,3.31
social,Schwefel_2_21,3,6.439506343750197,3.266
social,Schwefel_2_21,4,0.04942558168130218,3.302
social,Schwefel_2_21,5,4.6821209628913545,3.303
social,Schwefel_2_21,6,7.332558176051192,3.291
social,Schwefel_2_21,7,0.08782233403993558,3.267
social,Schwefel_2_21,8,5.928248947142151,3.293
social,Schwefel_2_21,9,5.959661100409523,3.31
social,Schwefel_2_22,0,3.14472051434287,3.267
social,Schwefel_2_22,1,6.112250860012991,3.24
social,Schwefel_2_22,10,4.3900566122825095,3.213
social,Schwefel_2_22,11,2.8394773226230257,3.305
social,Schwefel_2_22,12,2.75039512667227,3.24
social,Schwefel_2_22,13,6.369632952239143,3.273
social,Schwefel_2_22,14,5.139843738221187,3.291
social,Schwefel_2_22,15,2.12715425578387,3.287
social,Schwefel_2_22,16,4.112578510153489,3.326
social,Schwefel_2_22,17,3.4437412276436685,3.262
social,Schwefel_2_22,18,4.416916738706404,3.267
social,Schwefel_2_22,19,5.903766551085949,3.311
social,Schwefel_2_22,2,4.214054413353126,3.262
social,Schwefel_2_22,20,4.169943465931715,3.338
social,Schwefel_2_22,21,6.558248751609908,3.299
social,Schwefel_2_22,22,4.251672219241707,3.327
social,Schwefel_2_22,23,4.263459801917061,3.268
social,Schwefel_2_22,24,4.08988249681874,3.26
social,Schwefel_2_22,25,4.467971823402694,3.267
social,Schwefel_2_22,26,4.01475271231281,3.261
social,Schwefel_2_22,27,0.2087292699300943,3.288
social,Schwefel_2_22,28,2.583663703296384,3.3
social,Schwefel_2_22,29,2.9635055806369546,3.276
social,Schwefel_2_22,3,6.9084119964220685,3.242
social,Schwefel_2_22,4,5.152840698144088,3.246
social,Schwefel_2_22,5,6.401521092196087,3.189
social,Schwefel_2_22,6,6.0195285987059926,3.228
social,Schwefel_2_22,7,1.7868548576855208,3.237
social,Schwefel_2_22,8,4.779741705666088,3.278
social,Schwefel_2_22,9,6.3626897744419,3.252
social,Schwefel_2_26,0,-20254.34502651718,7.705
social,Schwefel_2_26,1,-20084.83399045946,7.703
social,Schwefel_2_26,10,-20039.525698967293,7.645
social,Schwefel_2_26,11,-19149.048523099023,7.669
social,Schwefel_2_26,12,-20475.41522948393,7.608
social,Schwefel_2_26,13,-20065.316201355454,7.546
social,Schwefel_2_26,14,-17439.544272255916,7.572
social,Schwefel_2_26,15,-18634.186069629897,7.646
social,Schwefel_2_26,16,-21250.02509468495,7.707
social,Schwefel_2_26,17,-18854.449394514406,7.614
social,Schwefel_2_26,18,-20310.323426764855,7.65
social,Schwefel_2_26,19,-19511.725582164705,7.647
social,Schwefel_2_26,2,-19432.64664225287,7.698
social,Schwefel_2_26,20,-19344.943520793702,7.62
social,Schwefel_2_26,21,-17854.112921254462,7.647
social,Schwefel_2_26,22,-19274.276590525522,7.627
social,Schwefel_2_26,23,-16550.340892339293,7.678
social,Schwefel_2_26,24,-20440.681709183038,7.751
social,Schwefel_2_26,25,-19965.91444529986,7.794
social,Schwefel_2_26,26,-19634.760136945315,7.781
social,Schwefel_2_26,27,-19374.113574964358,7.79
social,Schwefel_2_26,28,-20341.972862162067,7.817
social,Schwefel_2_26,29,-20598.617001146165,7.823
social,Schwefel_2_26,3,-17617.08713697772,7.728
social,Schwefel_2_26,4,-20029.33624630798,7.725
social,Schwefel_2_26,5,-21020.747367292548,7.751
social,Schwefel_2_26,6,-19157.178380110556,7.54
social,Schwefel_2_26,7,-19749.7009170538,7.625
social,Schwefel_2_26,8,-19966.921349969794,7.631
social,Schwefel_2_26,9,-18347.757980513492,7.657
social,Sphere,0,7.931263457651537e-05,3.024
social,Sphere,1,0.00015201107473561656,3.055
social,Sphere,10,1.2056036898431372e-05,2.959
social,Sphere,11,5.246620480313691e-05,2.983
social,Sphere,12,9.08744355423305e-05,3.044
social,Sphere,13,9.546093482879342e-05,3.063
social,Sphere,14,7.914494685275922e-05,3.034
social,Sphere,15,0.0002029094335736517,3.041
social,Sphere,16,0.00013705981940772147,3.02
social,Sphere,17,8.413924403071752e-05,3.002
social,Sphere,18,0.00010716345482566379,2.933
social,Sphere,19,9.810708514059347e-05,2.968
social,Sphere,2,0.00017328927469374212,3.014
social,Sphere,20,9.788577839444737e-05,2.921
social,Sphere,21,7.059156030485135e-05,2.974
social,Sphere,22,0.00011634892607868588,2.967
social,Sphere,23,0.00012234022568836578,2.984
social,Sphere,24,6.961812000913671e-05,2.987
social,Sphere,25,0.00010712760896782989,2.969
social,Sphere,26,0.00019140416862287895,2.949
social,Sphere,27,0.0002172014814689384,2.992
social,Sphere,28,0.00014665084540446975,2.933
social,Sphere,29,5.25034072150953e-05,2.963
social,Sphere,3,0.0001272022341748234,3.016
social,Sphere,4,0.00012916688211562997,3.027
social,Sphere,5,8.083640742533456e-05,3.001
social,Sphere,6,8.683267860568464e-05,2.938
social,Sphere,7,0.000153423102993841,2.931
social,Sphere,8,7.000548745933573e-05,2.959
social,Sphere,9,0.00015414407062352994,2.979
social,Step,0,0.0,3.652
social,Step,1,0.0,3.63
social,Step,10,0.0,3.751
social,Step,11,0.0,3.735
social,Step,12,0.0,3.747
social,Step,13,0.0,3.507
social,Step,14,0.0,3.712
social,Step,15,0.0,3.601
social,Step,16,0.0,3.657
social,Step,17,0.0,3.602
social,Step,18,0.0,3.683
social,Step,19,0.0,3.694
social,Step,2,0.0,3.675
social,Step,20,0.0,3.685
social,Step,21,0.0,3.6
social,Step,22,0.0,3.647
social,Step,23,0.0,3.685
social,Step,24,0.0,3.685
social,Step,25,0.0,3.688
social,Step,26,0.0,3.703
social,Step,27,0.0,3.644
social,Step,28,0.0,3.602
social,Step,29,0.0,3.679
social,Step,3,0.0,3.659
social,Step,4,0.0,3.669
social,Step,5,0.0,3.723
social,Step,6,0.0,3.732
social,Step,7,0.0,3.674
social,Step,8,0.0,3.624
social,Step,9,0.0,3.688
uniform_K4,Ackley,0,4.662357285725744,5.721
uniform_K4,Ackley,1,5.591720212470346,5.762
uniform_K4,Ackley,10,5.6495322933020375,5.74
uniform_K4,Ackley,11,6.056011198294435,5.722
uniform_K4,Ackley,12,5.091709850679145,5.685
uniform_K4,Ackley,13,4.255130234445332,5.688
uniform_K4,Ackley,14,3.456434780208131,5.708
uniform_K4,Ackley,15,3.78572196781245,5.682
uniform_K4,Ackley,16,6.081538941178149,5.697
uniform_K4,Ackley,17,0.2000958780251776,5.675
uniform_K4,Ackley,18,0.057741087102361366,5.605
uniform_K4,Ackley,19,7.064323334136933,5.622
uniform_K4,Ackley,2,4.775096005191212,5.788
uniform_K4,Ackley,20,0.5292493009430435,5.631
uniform_K4,Ackley,21,4.121926214826125,5.611
uniform_K4,Ackley,22,5.978205332314349,5.626
uniform_K4,Ackley,23,3.4043337912305103,5.693
uniform_K4,Ackley,24,3.462018131003728,5.694
uniform_K4,Ackley,25,5.319327795521183,5.717
uniform_K4,Ackley,26,4.9547996953109035,5.754
uniform_K4,Ackley,27,5.678055299225861,5.735
uniform_K4,Ackley,28,3.8362268881900303,5.709
uniform_K4,Ackley,29,0.5703814820853315,5.716
uniform_K4,Ackley,3,3.785654421595187,5.781
uniform_K4,Ackley,4,6.004362061925043,5.783
uniform_K4,Ackley,5,3.2845742922508205,5.788
uniform_K4,Ackley,6,3.934619134264278,5.742
uniform_K4,Ackley,7,4.505682838724205,5.74
uniform_K4,Ackley,8,0.5088413288102811,5.779
uniform_K4,Ackley,9,0.15949644751286174,5.763
uniform_K4,Griewank,0,0.033322086640414805,5.085
uniform_K4,Griewank,1,0.027488598550388987,5.082
uniform_K4,Griewank,10,0.010279132761167209,4.811
uniform_K4,Griewank,11,0.011360841568254787,4.839
uniform_K4,Griewank,12,0.014869469997003115,4.894
uniform_K4,Griewank,13,0.01699097066946853,4.846
uniform_K4,Griewank,14,0.002335783623295007,4.923
uniform_K4,Griewank,15,0.01911996056834875,5.017
uniform_K4,Griewank,16,0.01637591730020449,5.02
uniform_K4,Griewank,17,0.020169754096317383,4.993
uniform_K4,Griewank,18,0.028683309356864584,5.018
uniform_K4,Griewank,19,0.02752097972216494,5.062
uniform_K4,Griewank,2,0.0047434900181158035,5.136
uniform_K4,Griewank,20,0.013203677256251933,5.179
uniform_K4,Griewank,21,0.01554544846512107,5.14
uniform_K4,Griewank,22,0.025245760952395058,5.167
uniform_K4,Griewank,23,0.004651381794217868,5.176
uniform_K4,Griewank,24,0.006082582598156749,5.138
uniform_K4,Griewank,25,0.009261055881202629,5.12
uniform_K4,Griewank,26,0.013009438755914648,5.123
uniform_K4,Griewank,27,0.01710687414729628,5.114
uniform_K4,Griewank,28,0.049741616481858375,5.148
uniform_K4,Griewank,29,0.018733372659993974,5.089
uniform_K4,Griewank,3,0.0063078763833080975,5.055
uniform_K4,Griewank,4,0.020796273865361203,5.105
uniform_K4,Griewank,5,0.01183840213041365,5.062
uniform_K4,Griewank,6,0.007831163657637141,5.028
uniform_K4,Griewank,7,0.02395268446838883,4.915
uniform_K4,Griewank,8,0.03519260996902274,5.011
uniform_K4,Griewank,9,0.026308958127992277,4.825
uniform_K4,Penalized2,0,17.057577451362516,18.677
uniform_K4,Penalized2,1,2.6705168496246174,18.56
uniform_K4,Penalized2,10,0.03409732059736722,18.508
uniform_K4,Penalized2,11,0.0561289032310015,18.445
uniform_K4,Penalized2,12,5.358776143807479,18.621
uniform_K4,Penalized2,13,1.204579471023542,18.622
uniform_K4,Penalized2,14,41.790597121152096,18.838
uniform_K4,Penalized2,15,1.660706078828643,18.565
uniform_K4,Penalized2,16,0.011060101194784878,18.696
uniform_K4,Penalized2,17,1.8935749735394767,18.511
uniform_K4,Penalized2,18,3.0198349377505544,18.425
uniform_K4,Penalized2,19,7.5110045590618855,18.508
uniform_K4,Penalized2,2,1.0554665665170513,18.551
uniform_K4,Penalized2,20,5.644347197032179,18.458
uniform_K4,Penalized2,21,0.24012128806118624,18.55
uniform_K4,Penalized2,22,0.016734630209578015,18.326
uniform_K4,Penalized2,23,1.6852781104538643,18.525
uniform_K4,Penalized2,24,16.522584571393917,18.735
uniform_K4,Penalized2,25,3.6417322934198317,18.617
uniform_K4,Penalized2,26,1.5554709346405784,18.751
uniform_K4,Penalized2,27,3.6480994798095567,18.696
uniform_K4,Penalized2,28,0.0739989064421013,18.612
uniform_K4,Penalized2,29,5.036901861464081,18.734
uniform_K4,Penalized2,3,0.9650803860768683,18.541
uniform_K4,Penalized2,4,0.22611234290341092,18.552
uniform_K4,Penalized2,5,2.2317956371885175,18.435
uniform_K4,Penalized2,6,7.577061089962131,18.37
uniform_K4,Penalized2,7,0.6116662406463861,18.487
uniform_K4,Penalized2,8,17.219541478254442,18.69
uniform_K4,Penalized2,9,2.197138301567209,18.478
uniform_K4,Penalized,0,2.6195393172977806,20.315
uniform_K4,Penalized,1,1.7542865429308105,20.268
uniform_K4,Penalized,10,3.104379998390082,20.269
uniform_K4,Penalized,11,3.181865119943701,20.165
uniform_K4,Penalized,12,2.4497592401385737,20.097
uniform_K4,Penalized,13,3.7401011927793366,20.064
uniform_K4,Penalized,14,2.8123423475655684,20.02
uniform_K4,Penalized,15,1.0471585534199919,20.004
uniform_K4,Penalized,16,4.79744117427603,20.069
uniform_K4,Penalized,17,1.8979291960825806,20.0
uniform_K4,Penalized,18,4.396766020697542,20.132
uniform_K4,Penalized,19,4.020050593952351,20.136
uniform_K4,Penalized,2,1.592056290199434,20.237
uniform_K4,Penalized,20,3.011279338497554,20.107
uniform_K4,Penalized,21,2.4450156575267425,20.077
uniform_K4,Penalized,22,3.6245653923209935,20.12
uniform_K4,Penalized,23,3.0026742628452268,20.017
uniform_K4,Penalized,24,3.650041693063128,19.906
uniform_K4,Penalized,25,3.8026468477445277,19.9
uniform_K4,Penalized,26,1.667655573980683,20.013
uniform_K4,Penalized,27,0.6882753360999962,20.006
uniform_K4,Penalized,28,3.029019530501108,20.058
uniform_K4,Penalized,29,3.540722452266486,19.939
uniform_K4,Penalized,3,4.025158479866065,20.277
uniform_K4,Penalized,4,2.0776755131342552,20.264
uniform_K4,Penalized,5,1.3815514907477884,20.16
uniform_K4,Penalized,6,1.4919483635497677,20.262
uniform_K4,Penalized,7,2.266534148613392,20.198
uniform_K4,Penalized,8,1.397725514374849,20.251
uniform_K4,Penalized,9,2.1783433059910795,20.202
uniform_K4,Quartic,0,6.691376243107563e-11,5.496
uniform_K4,Quartic,1,4.1788656659716013e-10,5.523
uniform_K4,Quartic,10,2.535824514976789e-10,5.441
uniform_K4,Quartic,11,1.532428259002222e-11,5.428
uniform_K4,Quartic,12,1.0072413606755797e-10,5.356
uniform_K4,Quartic,13,1.503985515848138e-10,5.322
uniform_K4,Quartic,14,7.536593155789798e-11,5.279
uniform_K4,Quartic,15,4.072092663408436e-10,5.301
uniform_K4,Quartic,16,2.4947080141818755e-11,5.292
uniform_K4,Quartic,17,6.403559944889154e-11,5.326
uniform_K4,Quartic,18,1.3875101131061297e-11,5.316
uniform_K4,Quartic,19,1.2736149292359386e-10,5.443
uniform_K4,Quartic,2,9.468465317946723e-11,5.487
uniform_K4,Quartic,20,6.636903847071527e-11,5.463
uniform_K4,Quartic,21,4.322587919944691e-10,5.476
uniform_K4,Quartic,22,1.0998810427644432e-10,5.477
uniform_K4,Quartic,23,1.4709014954066073e-11,5.485
uniform_K4,Quartic,24,2.765492988806425e-10,5.487
uniform_K4,Quartic,25,9.200187534641137e-11,5.474
uniform_K4,Quartic,26,4.524953453874073e-11,5.461
uniform_K4,Quartic,27,2.8574632818312435e-11,5.492
uniform_K4,Quartic,28,3.4112676424960145e-10,5.489
uniform_K4,Quartic,29,3.6593247370396154e-10,5.434
uniform_K4,Quartic,3,1.0747487587622969e-12,5.551
uniform_K4,Quartic,4,3.6979115662830246e-11,5.518
uniform_K4,Quartic,5,7.813322020464478e-11,5.519
uniform_K4,Quartic,6,4.6730339583265915e-11,5.456
uniform_K4,Quartic,7,3.589952291409006e-11,5.473
uniform_K4,Quartic,8,5.929993375402253e-11,5.438
uniform_K4,Quartic,9,2.9158387884312924e-10,5.435
uniform_K4,Rastrigin,0,10.945061526779227,4.355
uniform_K4,Rastrigin,1,11.940905177756974,4.371
uniform_K4,Rastrigin,10,13.93027058368665,4.462
uniform_K4,Rastrigin,11,12.934816815281806,4.496
uniform_K4,Rastrigin,12,18.90489528776476,4.521
uniform_K4,Rastrigin,13,10.94498770995898,4.54
uniform_K4,Rastrigin,14,14.924671093170332,4.515
uniform_K4,Rastrigin,15,13.930372538438519,4.514
uniform_K4,Rastrigin,16,11.940015713631624,4.499
uniform_K4,Rastrigin,17,0.9044511098747421,4.513
uniform_K4,Rastrigin,18,16.914914109365498,4.482
uniform_K4,Rastrigin,19,7.96034432549942,4.474
uniform_K4,Rastrigin,2,13.930141947896004,4.373
uniform_K4,Rastrigin,20,2.6344168997096062,4.498
uniform_K4,Rastrigin,21,6.965361502555822,4.499
uniform_K4,Rastrigin,22,17.90996267536616,4.472
uniform_K4,Rastrigin,23,13.930036160069449,4.502
uniform_K4,Rastrigin,24,10.945536584837555,4.469
uniform_K4,Rastrigin,25,12.93497657396398,4.507
uniform_K4,Rastrigin,26,9.950228205101723,4.5
uniform_K4,Rastrigin,27,10.94555340357698,4.502
uniform_K4,Rastrigin,28,26.864188664298524,4.514
uniform_K4,Rastrigin,29,7.960073688914065,4.491
uniform_K4,Rastrigin,3,7.960447393119864,4.353
uniform_K4,Rastrigin,4,11.552630768534414,4.364
uniform_K4,Rastrigin,5,1.5128497776613585,4.389
uniform_K4,Rastrigin,6,0.404833237049786,4.369
uniform_K4,Rastrigin,7,8.955642915048884,4.408
uniform_K4,Rastrigin,8,8.955179368505185,4.414
uniform_K4,Rastrigin,9,2.016678614344926,4.507
uniform_K4,Rosenbrock,0,27.897922140905,7.951
uniform_K4,Rosenbrock,1,27.973033969206753,7.914
uniform_K4,Rosenbrock,10,57.67410064950315,7.911
uniform_K4,Rosenbrock,11,83.29423269749783,7.87
uniform_K4,Rosenbrock,12,29.038603987105322,7.876
uniform_K4,Rosenbrock,13,31.018936082947558,7.926
uniform_K4,Rosenbrock,14,220.0302040095505,7.877
uniform_K4,Rosenbrock,15,78.9183080817034,7.914
uniform_K4,Rosenbrock,16,170.33920884699893,7.895
uniform_K4,Rosenbrock,17,28.336813882249874,7.91
uniform_K4,Rosenbrock,18,52.16090114259358,7.921
uniform_K4,Rosenbrock,19,47.107319897204476,7.947
uniform_K4,Rosenbrock,2,29.009602699258505,7.922
uniform_K4,Rosenbrock,20,21.325774974430033,7.934
uniform_K4,Rosenbrock,21,29.317455562092523,7.951
uniform_K4,Rosenbrock,22,27.7596223524821,7.914
uniform_K4,Rosenbrock,23,24.3757866160173,7.889
uniform_K4,Rosenbrock,24,139.54982419098374,7.908
uniform_K4,Rosenbrock,25,79.22983012105843,7.932
uniform_K4,Rosenbrock,26,28.93798079348444,7.884
uniform_K4,Rosenbrock,27,29.15196276933767,7.933
uniform_K4,Rosenbrock,28,29.776394553883904,7.918
uniform_K4,Rosenbrock,29,27.988039231044038,7.899
uniform_K4,Rosenbrock,3,406.8403123429039,7.918
uniform_K4,Rosenbrock,4,138.87481239032104,7.919
uniform_K4,Rosenbrock,5,23.87990191499166,7.879
uniform_K4,Rosenbrock,6,28.852637216930013,7.872
uniform_K4,Rosenbrock,7,24.946189595195946,7.861
uniform_K4,Rosenbrock,8,180.51087029592108,7.897
uniform_K4,Rosenbrock,9,29.293171442238556,7.889
uniform_K4,Schwefel_1_2,0,85.86910020730987,31.17
uniform_K4,Schwefel_1_2,1,138.64404283722033,31.45
uniform_K4,Schwefel_1_2,10,81.62816156232385,31.198
uniform_K4,Schwefel_1_2,11,139.3838034352139,31.088
uniform_K4,Schwefel_1_2,12,125.32624185449102,31.054
uniform_K4,Schwefel_1_2,13,120.69879199578862,31.029
uniform_K4,Schwefel_1_2,14,88.44324703805867,31.227
uniform_K4,Schwefel_1_2,15,17.84750011330092,31.262
uniform_K4,Schwefel_1_2,16,31.405251449873862,31.168
uniform_K4,Schwefel_1_2,17,65.7472842901528,31.097
uniform_K4,Schwefel_1_2,18,86.84698793500948,31.127
uniform_K4,Schwefel_1_2,19,70.64361534478165,31.044
uniform_K4,Schwefel_1_2,2,169.4849292173397,31.42
uniform_K4,Schwefel_1_2,20,90.53208840764727,31.377
uniform_K4,Schwefel_1_2,21,63.477353486354495,31.281
uniform_K4,Schwefel_1_2,22,71.98214913316116,31.159
uniform_K4,Schwefel_1_2,23,25.94210214279695,31.066
uniform_K4,Schwefel_1_2,24,68.62566179219698,31.129
uniform_K4,Schwefel_1_2,25,37.95876280717541,31.068
uniform_K4,Schwefel_1_2,26,74.01313173039999,31.318
uniform_K4,Schwefel_1_2,27,33.066985367151105,31.298
uniform_K4,Schwefel_1_2,28,74.02371954222176,31.201
uniform_K4,Schwefel_1_2,29,97.07134619391097,31.096
uniform_K4,Schwefel_1_2,3,106.18117663268521,31.238
uniform_K4,Schwefel_1_2,4,48.104504673786884,31.415
uniform_K4,Schwefel_1_2,5,67.86842287998641,31.216
uniform_K4,Schwefel_1_2,6,40.93505440468844,31.137
uniform_K4,Schwefel_1_2,7,39.233737950838616,31.321
uniform_K4,Schwefel_1_2,8,58.61353508529311,31.06
uniform_K4,Schwefel_1_2,9,67.13966369196656,31.321
uniform_K4,Schwefel_2_21,0,8.93601378933514,3.259
uniform_K4,Schwefel_2_21,1,6.543850960186256,3.293
uniform_K4,Schwefel_2_21,10,8.60626468041778,3.32
uniform_K4,Schwefel_2_21,11,2.742507986879281,3.332
uniform_K4,Schwefel_2_21,12,3.5626725396461127,3.359
uniform_K4,Schwefel_2_21,13,0.004942613339658755,3.383
uniform_K4,Schwefel_2_21,14,9.113777247552228,3.371
uniform_K4,Schwefel_2_21,15,6.086130157909869,3.4
uniform_K4,Schwefel_2_21,16,9.111023789493842,3.403
uniform_K4,Schwefel_2_21,17,6.7015100617578724,3.385
uniform_K4,Schwefel_2_21,18,0.07917159467120514,3.381
uniform_K4,Schwefel_2_21,19,2.5445694486809067,3.359
uniform_K4,Schwefel_2_21,2,9.755601840514817,3.32
uniform_K4,Schwefel_2_21,20,0.0656925527004619,3.36
uniform_K4,Schwefel_2_21,21,3.6650499036270037,3.349
uniform_K4,Schwefel_2_21,22,6.101503226843998,3.336
uniform_K4,Schwefel_2_21,23,0.09250076758374068,3.32
uniform_K4,Schwefel_2_21,24,7.468962105782078,3.296
uniform_K4,Schwefel_2_21,25,5.98492009370625,3.345
uniform_K4,Schwefel_2_21,26,2.9571676623585046,3.364
uniform_K4,Schwefel_2_21,27,2.600891523269143,3.356
uniform_K4,Schwefel_2_21,28,3.050720188104532,3.333
uniform_K4,Schwefel_2_21,29,6.246424121911089,3.308
uniform_K4,Schwefel_2_21,3,7.955171637196754,3.346
uniform_K4,Schwefel_2_21,4,7.209165617612932,3.364
uniform_K4,Schwefel_2_21,5,0.1606073237354907,3.383
uniform_K4,Schwefel_2_21,6,7.4028192200922405,3.324
uniform_K4,Schwefel_2_21,7,5.74482156973785,3.363
uniform_K4,Schwefel_2_21,8,7.3772263532351054,3.287
uniform_K4,Schwefel_2_21,9,7.149855800442795,3.317
uniform_K4,Schwefel_2_22,0,1.2143336522927368,4.325
uniform_K4,Schwefel_2_22,1,4.302779267515086,4.333
uniform_K4,Schwefel_2_22,10,3.6714923281586676,4.331
uniform_K4,Schwefel_2_22,11,2.9286935845159547,4.345
uniform_K4,Schwefel_2_22,12,3.9057791673198112,4.342
uniform_K4,Schwefel_2_22,13,3.5889842063324475,4.401
uniform_K4,Schwefel_2_22,14,4.135850672403877,4.403
uniform_K4,Schwefel_2_22,15,3.6670092893406174,4.384
uniform_K4,Schwefel_2_22,16,4.67078111533705,4.413
uniform_K4,Schwefel_2_22,17,2.5743666070345768,4.385
uniform_K4,Schwefel_2_22,18,3.395521383732072,4.375
uniform_K4,Schwefel_2_22,19,5.2085390916385075,4.359
uniform_K4,Schwefel_2_22,2,4.376064617879759,4.319
uniform_K4,Schwefel_2_22,20,4.098269173667246,4.372
uniform_K4,Schwefel_2_22,21,6.243928923852504,4.365
uniform_K4,Schwefel_2_22,22,3.264760546655548,4.355
uniform_K4,Schwefel_2_22,23,0.6350145881858175,4.316
uniform_K4,Schwefel_2_22,24,3.1240171741385643,4.312
uniform_K4,Schwefel_2_22,25,5.260275535961086,4.325
uniform_K4,Schwefel_2_22,26,4.4198600990967,4.331
uniform_K4,Schwefel_2_22,27,3.9414573615037467,4.313
uniform_K4,Schwefel_2_22,28,3.5099796022990826,4.329
uniform_K4,Schwefel_2_22,29,2.296443870691614,4.284
uniform_K4,Schwefel_2_22,3,4.463553204042876,4.333
uniform_K4,Schwefel_2_22,4,3.8505486885688427,4.341
uniform_K4,Schwefel_2_22,5,2.793219483354414,4.327
uniform_K4,Schwefel_2_22,6,4.378364116334641,4.331
uniform_K4,Schwefel_2_22,7,3.546830883337906,4.333
uniform_K4,Schwefel_2_22,8,3.9813804029750974,4.338
uniform_K4,Schwefel_2_22,9,3.5909516884934405,4.324
uniform_K4,Schwefel_2_26,0,-20276.317690359796,3.763
uniform_K4,Schwefel_2_26,1,-20420.982972681915,3.747
uniform_K4,Schwefel_2_26,10,-19931.822527707514,3.791
uniform_K4,Schwefel_2_26,11,-19284.842276776268,3.732
uniform_K4,Schwefel_2_26,12,-20293.57359403081,3.754
uniform_K4,Schwefel_2_26,13,-19807.820744886536,3.764
uniform_K4,Schwefel_2_26,14,-16452.397876318057,3.778
uniform_K4,Schwefel_2_26,15,-18900.625040496376,3.79
uniform_K4,Schwefel_2_26,16,-21151.231197309946,3.817
uniform_K4,Schwefel_2_26,17,-18850.536837990705,3.812
uniform_K4,Schwefel_2_26,18,-20193.580999741625,3.806
uniform_K4,Schwefel_2_26,19,-19511.725188233122,3.776
uniform_K4,Schwefel_2_26,2,-19314.576003184564,3.773
uniform_K4,Schwefel_2_26,20,-19448.973234356847,3.736
uniform_K4,Schwefel_2_26,21,-17854.112317899366,3.754
uniform_K4,Schwefel_2_26,22,-19373.735645910278,3.684
uniform_K4,Schwefel_2_26,23,-19610.80205028386,3.676
uniform_K4,Schwefel_2_26,24,-20174.594325873535,3.616
uniform_K4,Schwefel_2_26,25,-19986.051528758966,3.583
uniform_K4,Schwefel_2_26,26,-19501.877315432255,3.61
uniform_K4,Schwefel_2_26,27,-19808.783899371057,3.614
uniform_K4,Schwefel_2_26,28,-20559.093359390386,3.595
uniform_K4,Schwefel_2_26,29,-20993.424068529832,3.578
uniform_K4,Schwefel_2_26,3,-19098.3859639782,3.77
uniform_K4,Schwefel_2_26,4,-20334.249482334846,3.78
uniform_K4,Schwefel_2_26,5,-21022.203455545176,3.77
uniform_K4,Schwefel_2_26,6,-19274.937346816398,3.753
uniform_K4,Schwefel_2_26,7,-19749.70329376987,3.772
uniform_K4,Schwefel_2_26,8,-19966.921220832868,3.773
uniform_K4,Schwefel_2_26,9,-17972.410805910273,3.785
uniform_K4,Sphere,0,0.0001554778357945019,3.363
uniform_K4,Sphere,1,0.00019496879469344224,3.358
uniform_K4,Sphere,10,0.00013707487996155224,3.409
uniform_K4,Sphere,11,0.0003084837470848809,3.396
uniform_K4,Sphere,12,0.0003755322079823009,3.382
uniform_K4,Sphere,13,0.00021861840188263927,3.393
uniform_K4,Sphere,14,0.00015317020800985034,3.397
uniform_K4,Sphere,15,0.0005589188405401701,3.405
uniform_K4,Sphere,16,0.000328315844464169,3.432
uniform_K4,Sphere,17,0.000358985274501857,3.448
uniform_K4,Sphere,18,0.00020204096344419835,3.46
uniform_K4,Sphere,19,0.00028237262751669407,3.48
uniform_K4,Sphere,2,0.00026840049800031337,3.437
uniform_K4,Sphere,20,0.00016796628176136554,3.502
uniform_K4,Sphere,21,0.0001785058015578057,3.503
uniform_K4,Sphere,22,0.00026662387067558736,3.485
uniform_K4,Sphere,23,0.00010652091663493063,3.455
uniform_K4,Sphere,24,0.00062580192195284,3.432
uniform_K4,Sphere,25,0.0003456835660399212,3.444
uniform_K4,Sphere,26,0.00020021764371823425,3.419
uniform_K4,Sphere,27,0.00016488256109141,3.416
uniform_K4,Sphere,28,0.00022663009632761037,3.418
uniform_K4,Sphere,29,0.00023405824705273516,3.38
uniform_K4,Sphere,3,0.0004533728376760363,3.422
uniform_K4,Sphere,4,0.00019569004629240393,3.451
uniform_K4,Sphere,5,0.000116956738786907,3.453
uniform_K4,Sphere,6,0.00011756300527536932,3.439
uniform_K4,Sphere,7,0.0003587222310350759,3.452
uniform_K4,Sphere,8,8.487876725629445e-05,3.424
uniform_K4,Sphere,9,9.287673320546493e-05,3.413
uniform_K4,Step,0,0.0,3.815
uniform_K4,Step,1,0.0,3.843
uniform_K4,Step,10,0.0,3.963
uniform_K4,Step,11,0.0,3.911
uniform_K4,Step,12,0.0,3.957
uniform_K4,Step,13,0.0,3.922
uniform_K4,Step,14,0.0,3.915
uniform_K4,Step,15,0.0,3.898
uniform_K4,Step,16,0.0,3.87
uniform_K4,Step,17,0.0,3.87
uniform_K4,Step,18,0.0,3.858
uniform_K4,Step,19,0.0,3.893
uniform_K4,Step,2,0.0,3.838
uniform_K4,Step,20,0.0,3.916
uniform_K4,Step,21,0.0,3.913
uniform_K4,Step,22,0.0,3.883
uniform_K4,Step,23,0.0,3.904
uniform_K4,Step,24,0.0,3.879
uniform_K4,Step,25,0.0,3.863
uniform_K4,Step,26,0.0,3.895
uniform_K4,Step,27,0.0,3.905
uniform_K4,Step,28,0.0,3.884
uniform_K4,Step,29,0.0,3.865
uniform_K4,Step,3,0.0,3.889
uniform_K4,Step,4,0.0,3.839
uniform_K4,Step,5,0.0,3.891
uniform_K4,Step,6,0.0,3.871
uniform_K4,Step,7,0.0,3.895
uniform_K4,Step,8,0.0,3.893
uniform_K4,Step,9,0.0,3.907
