variant,fid,dim,seed,error,seconds
shuffled,10,30,0,57086.61998107913,49.205
shuffled,10,30,1,56735.67158107503,48.943
shuffled,10,30,10,46786.44024677791,48.924
shuffled,10,30,11,61843.07449329844,49.038
shuffled,10,30,12,38428.88107335096,48.845
shuffled,10,30,13,61965.517895072924,48.651
shuffled,10,30,14,65088.86849892847,48.876
shuffled,10,30,15,53979.877798008194,48.772
shuffled,10,30,16,72241.15272617081,48.934
shuffled,10,30,17,41936.349240270014,48.691
shuffled,10,30,18,38735.43603797296,48.756
shuffled,10,30,19,38638.35780993478,48.577
shuffled,10,30,2,32422.032568550923,49.247
shuffled,10,30,20,52614.40459753934,48.731
shuffled,10,30,21,47376.80905436388,48.781
shuffled,10,30,22,42315.62307620548,48.841
shuffled,10,30,23,48077.08566630544,48.725
shuffled,10,30,24,45786.60612419991,48.687
shuffled,10,30,25,59719.68026211453,48.471
shuffled,10,30,26,55373.23709245478,48.92
shuffled,10,30,27,51661.51551223706,48.579
shuffled,10,30,28,45769.92500107438,48.843
shuffled,10,30,29,55579.69674132796,48.651
shuffled,10,30,3,60377.29995664273,48.806
shuffled,10,30,4,73493.58771249202,49.244
shuffled,10,30,5,38981.554615031055,48.364
shuffled,10,30,6,35349.542249490856,48.774
shuffled,10,30,7,58496.35613513612,48.793
shuffled,10,30,8,48043.2259219398,48.987
shuffled,10,30,9,62171.859611177926,48.971
shuffled,11,30,0,1813781.3062574812,67.599
shuffled,11,30,1,5020642.052445457,68.984
shuffled,11,30,10,5333988.194766135,69.736
shuffled,11,30,11,11639671.142150352,64.938
shuffled,11,30,12,1125572.916941284,65.073
shuffled,11,30,13,2560340.9246985726,69.164
shuffled,11,30,14,6927736.129167343,65.08
shuffled,11,30,15,1457982.368444471,65.308
shuffled,11,30,16,4008746.777782362,65.33
shuffled,11,30,17,4505570.347197294,65.361
shuffled,11,30,18,2660849.5140554355,64.96
shuffled,11,30,19,16772293.539603287,67.992
shuffled,11,30,2,4726083.282086168,65.049
shuffled,11,30,20,468941.3661665342,69.116
shuffled,11,30,21,4170721.7304534903,65.198
shuffled,11,30,22,1816396.3089665463,65.179
shuffled,11,30,23,2498496.2071650876,68.915
shuffled,11,30,24,1261368.8973279032,65.176
shuffled,11,30,25,6136850.606629652,68.858
shuffled,11,30,26,2111605.493968706,69.283
shuffled,11,30,27,3011270.635658132,65.784
shuffled,11,30,28,7368274.866778088,66.199
shuffled,11,30,29,4197602.287471861,64.894
shuffled,11,30,3,11021018.042187527,65.973
shuffled,11,30,4,8622608.36216573,69.024
shuffled,11,30,5,3078885.5147716296,65.197
shuffled,11,30,6,7540420.352138628,65.682
shuffled,11,30,7,1850463.9634164902,65.785
shuffled,11,30,8,5938141.334525588,69.574
shuffled,11,30,9,12281224.626183592,65.379
shuffled,12,30,0,145340.15747707748,54.789
shuffled,12,30,1,113293.73970741233,54.871
shuffled,12,30,10,131353.76865345836,55.082
shuffled,12,30,11,115633.89848946739,54.525
shuffled,12,30,12,105012.52197930786,54.718
shuffled,12,30,13,93928.17193503317,54.249
shuffled,12,30,14,95917.76147555938,54.576
shuffled,12,30,15,97869.62296267322,54.654
shuffled,12,30,16,103491.9204849468,54.626
shuffled,12,30,17,120966.53315684438,54.724
shuffled,12,30,18,115822.36332398321,54.537
shuffled,12,30,19,121220.51633412036,54.699
shuffled,12,30,2,122577.0775330652,54.842
shuffled,12,30,20,107137.7050525723,54.772
shuffled,12,30,21,96822.01023502514,55.072
shuffled,12,30,22,125608.2552487771,54.835
shuffled,12,30,23,176422.2770141046,54.563
shuffled,12,30,24,86804.12357278277,54.952
shuffled,12,30,25,112768.75343814984,54.644
shuffled,12,30,26,89308.45516302725,55.036
shuffled,12,30,27,94336.69278746637,54.699
shuffled,12,30,28,94915.34733504466,55.004
shuffled,12,30,29,213571.74971950738,54.428
shuffled,12,30,3,120519.2200883806,55.043
shuffled,12,30,4,104772.85178881664,54.893
shuffled,12,30,5,160868.68252303844,54.432
shuffled,12,30,6,100404.33199194548,54.944
shuffled,12,30,7,76164.74609379435,54.646
shuffled,12,30,8,89704.53002379471,54.995
shuffled,12,30,9,92577.8611279105,54.669
shuffled,13,30,0,107733.23225871447,62.606
shuffled,13,30,1,118692.6207321024,62.635
shuffled,13,30,10,79645.81095752172,62.685
shuffled,13,30,11,172771.5265866452,62.634
shuffled,13,30,12,100460.90865457771,62.558
shuffled,13,30,13,160858.89691117988,62.665
shuffled,13,30,14,113833.12568858964,62.867
shuffled,13,30,15,159627.4375280587,63.028
shuffled,13,30,16,96018.38095730766,62.786
shuffled,13,30,17,161602.43770307457,62.547
shuffled,13,30,18,117712.81883522417,62.771
shuffled,13,30,19,120064.4865152955,62.762
shuffled,13,30,2,121186.40523217115,62.774
shuffled,13,30,20,123073.35724617512,63.042
shuffled,13,30,21,100268.25133366353,62.888
shuffled,13,30,22,82093.37340440982,62.975
shuffled,13,30,23,91995.37302586553,62.482
shuffled,13,30,24,114025.33691041652,62.859
shuffled,13,30,25,84207.78909837225,62.656
shuffled,13,30,26,103989.91207049646,62.967
shuffled,13,30,27,135519.13109536955,62.839
shuffled,13,30,28,114063.27426401441,62.933
shuffled,13,30,29,77143.39591953081,62.823
shuffled,13,30,3,92059.92364329388,62.862
shuffled,13,30,4,182009.0198099169,62.875
shuffled,13,30,5,123193.08675117735,62.943
shuffled,13,30,6,103334.8582972067,62.77
shuffled,13,30,7,135625.25549216213,62.531
shuffled,13,30,8,100478.73974739562,62.747
shuffled,13,30,9,111191.49453522284,62.595
shuffled,14,30,0,62444.802985139584,55.588
shuffled,14,30,1,72988.50777283956,55.488
shuffled,14,30,10,68320.15592433076,55.692
shuffled,14,30,11,75137.30464317235,55.424
shuffled,14,30,12,72494.41373977534,55.88
shuffled,14,30,13,54191.51935617153,55.686
shuffled,14,30,14,60878.63487148595,55.857
shuffled,14,30,15,88005.21895263583,55.768
shuffled,14,30,16,65063.517768131,55.972
shuffled,14,30,17,73413.59521640744,55.369
shuffled,14,30,18,54578.8109023168,55.56
shuffled,14,30,19,75410.26596181418,55.493
shuffled,14,30,2,60701.42532102024,55.639
shuffled,14,30,20,71911.70500257815,55.807
shuffled,14,30,21,67890.67756426422,55.68
shuffled,14,30,22,59393.016695762744,55.788
shuffled,14,30,23,63743.16899689715,55.597
shuffled,14,30,24,77661.76328471748,55.591
shuffled,14,30,25,64054.059144417086,55.357
shuffled,14,30,26,60082.85901157644,55.693
shuffled,14,30,27,79091.50588561376,55.367
shuffled,14,30,28,57396.53263402262,55.652
shuffled,14,30,29,77150.42963422836,55.462
shuffled,14,30,3,68753.48204557503,55.547
shuffled,14,30,4,68487.61523390439,55.541
shuffled,14,30,5,69187.32996360918,55.451
shuffled,14,30,6,67266.5451707443,55.535
shuffled,14,30,7,74176.67788360058,55.623
shuffled,14,30,8,90877.41501215046,55.733
shuffled,14,30,9,65218.77389241572,55.982
shuffled,15,30,0,5217.154194889279,132.889
shuffled,15,30,1,5501.547874738557,132.538
shuffled,15,30,10,1876.1035574008606,133.347
shuffled,15,30,11,12305.429991490171,132.252
shuffled,15,30,12,3952.7485402063776,132.503
shuffled,15,30,13,5126.286013687473,129.423
shuffled,15,30,14,5113.926955468074,132.749
shuffled,15,30,15,2471.062789700847,134.126
shuffled,15,30,16,4650.389124216277,132.837
shuffled,15,30,17,6449.000799894917,131.82
shuffled,15,30,18,2673.1925390198667,132.365
shuffled,15,30,19,8228.243077801002,132.298
shuffled,15,30,2,5988.348430586149,129.779
shuffled,15,30,20,5411.853543994652,133.539
shuffled,15,30,21,2854.9311173633705,134.003
shuffled,15,30,22,6221.92517601729,132.878
shuffled,15,30,23,5916.892998729488,132.145
shuffled,15,30,24,6161.968406510645,132.89
shuffled,15,30,25,2424.9301533901935,133.611
shuffled,15,30,26,2806.9899494369984,132.924
shuffled,15,30,27,6454.9565598515455,132.732
shuffled,15,30,28,2722.627696138079,132.985
shuffled,15,30,29,3578.746254328309,132.306
shuffled,15,30,3,5427.091470157944,133.276
shuffled,15,30,4,4002.70257393723,133.875
shuffled,15,30,5,5257.036533402055,133.179
shuffled,15,30,6,9008.139381280806,132.522
shuffled,15,30,7,5074.304737324191,132.231
shuffled,15,30,8,3977.1155169677722,132.511
shuffled,15,30,9,6797.632653825009,133.636
shuffled,16,30,0,1824.9530906668956,446.217
shuffled,16,30,1,1475.335835499452,445.075
shuffled,16,30,10,1936.7778860669669,442.815
shuffled,16,30,11,2835.482392011074,447.346
shuffled,16,30,12,1480.6993762852971,444.427
shuffled,16,30,13,1677.8575608710476,444.311
shuffled,16,30,14,1413.933986174064,443.271
shuffled,16,30,15,1163.0551967229217,443.525
shuffled,16,30,16,1291.6562785490269,442.305
shuffled,16,30,17,2126.009629562236,443.073
shuffled,16,30,18,1567.030951463123,446.555
shuffled,16,30,19,2155.2114573312765,444.702
shuffled,16,30,2,2242.4165345758365,447.684
shuffled,16,30,20,1477.563419021687,444.427
shuffled,16,30,21,2438.5486023811786,446.199
shuffled,16,30,22,1480.3287769870808,442.479
shuffled,16,30,23,2642.8013747032055,443.458
shuffled,16,30,24,916.2282954879888,442.494
shuffled,16,30,25,1601.5590246025204,449.017
shuffled,16,30,26,2500.8430500939758,444.033
shuffled,16,30,27,1559.798936598031,447.966
shuffled,16,30,28,1429.363251733569,442.648
shuffled,16,30,29,1649.8280955373025,447.694
shuffled,16,30,3,1697.8512657715187,447.865
shuffled,16,30,4,1200.149092678942,443.354
shuffled,16,30,5,1619.6873494154138,448.061
shuffled,16,30,6,2116.3747454475306,442.058
shuffled,16,30,7,1984.6697272675456,448.955
shuffled,16,30,8,1313.857064694187,447.327
shuffled,16,30,9,3372.1671260287294,448.16
shuffled,17,30,0,157243.61294667746,66.485
shuffled,17,30,1,146033.91275176528,66.816
shuffled,17,30,10,245177.95322857657,67.113
shuffled,17,30,11,146077.663803286,66.489
shuffled,17,30,12,261911.3412106086,66.833
shuffled,17,30,13,128358.95112037649,66.738
shuffled,17,30,14,270720.7966372212,66.83
shuffled,17,30,15,124314.35618754686,66.915
shuffled,17,30,16,152100.66213746875,67.071
shuffled,17,30,17,191158.1612434487,66.775
shuffled,17,30,18,82621.5746329081,66.728
shuffled,17,30,19,151277.048322255,66.543
shuffled,17,30,2,130374.85537738202,66.798
shuffled,17,30,20,139625.8657056953,66.852
shuffled,17,30,21,776670.31185859,66.931
shuffled,17,30,22,172893.94049379873,66.824
shuffled,17,30,23,199416.5549151013,66.683
shuffled,17,30,24,207573.45896466667,66.752
shuffled,17,30,25,443502.83768614015,66.948
shuffled,17,30,26,144318.00345234785,67.216
shuffled,17,30,27,331942.3147110631,66.943
shuffled,17,30,28,209027.44222043012,67.008
shuffled,17,30,29,173791.76907378944,66.428
shuffled,17,30,3,385171.3273422417,67.255
shuffled,17,30,4,88163.02607504625,66.819
shuffled,17,30,5,139184.88647530382,66.287
shuffled,17,30,6,152272.27363285882,67.072
shuffled,17,30,7,110221.05727648915,66.9
shuffled,17,30,8,425063.4246830426,67.134
shuffled,17,30,9,199725.5299398295,66.987
shuffled,18,30,0,30501.92849693447,224.4
shuffled,18,30,1,75347.2616040938,224.445
shuffled,18,30,10,60972.03327014221,225.275
shuffled,18,30,11,35902.78287473958,223.918
shuffled,18,30,12,53200.45388315208,224.175
shuffled,18,30,13,30888.310251592397,223.944
shuffled,18,30,14,46903.201741512574,224.543
shuffled,18,30,15,45607.431211783914,224.556
shuffled,18,30,16,28934.952037898922,225.767
shuffled,18,30,17,22772.715476281137,224.033
shuffled,18,30,18,41457.10894762226,224.867
shuffled,18,30,19,79866.90858206217,224.289
shuffled,18,30,2,17568.120165504883,224.189
shuffled,18,30,20,34204.01478567896,224.727
shuffled,18,30,21,29132.438044496026,224.852
shuffled,18,30,22,36933.71567245267,225.499
shuffled,18,30,23,33326.96193676667,223.986
shuffled,18,30,24,70162.10704693313,224.801
shuffled,18,30,25,32596.687309354085,224.431
shuffled,18,30,26,52260.698143927395,224.295
shuffled,18,30,27,40719.27471877935,224.494
shuffled,18,30,28,47008.8060282586,225.511
shuffled,18,30,29,57440.42673586507,224.235
shuffled,18,30,3,36034.52576087068,224.663
shuffled,18,30,4,108824.13472438382,224.836
shuffled,18,30,5,56031.33743859544,224.486
shuffled,18,30,6,48849.68793588061,224.378
shuffled,18,30,7,27063.45945072111,224.157
shuffled,18,30,8,31024.338056035536,224.353
shuffled,18,30,9,38650.43926290841,224.835
shuffled,19,30,0,1693.0207512223533,448.669
shuffled,19,30,1,2360.597392768228,454.238
shuffled,19,30,10,1815.4895707491628,449.548
shuffled,19,30,11,2398.6284772144763,452.715
shuffled,19,30,12,2327.497733969858,451.875
shuffled,19,30,13,1820.5537402926584,454.651
shuffled,19,30,14,1308.4366496695284,452.619
shuffled,19,30,15,2222.1929214950596,449.46
shuffled,19,30,16,2311.0552298174407,451.588
shuffled,19,30,17,2137.26472051852,452.858
shuffled,19,30,18,982.2241165114951,451.063
shuffled,19,30,19,2271.7120131553183,454.242
shuffled,19,30,2,807.1390677160471,455.062
shuffled,19,30,20,1496.8561244817702,454.075
shuffled,19,30,21,1273.4513190809466,452.867
shuffled,19,30,22,1624.4269694499799,451.275
shuffled,19,30,23,1572.0589203716663,451.884
shuffled,19,30,24,2371.6777583117764,452.618
shuffled,19,30,25,2542.274505565052,455.415
shuffled,19,30,26,2012.789674432187,454.107
shuffled,19,30,27,2230.350130703486,453.324
shuffled,19,30,28,1554.040083616098,451.472
shuffled,19,30,29,1566.314110056769,453.966
shuffled,19,30,3,2189.1232144054648,454.297
shuffled,19,30,4,1311.9093800603837,453.625
shuffled,19,30,5,2151.1570479363336,452.892
shuffled,19,30,6,2459.7725522990777,451.478
shuffled,19,30,7,1515.9382901578247,456.177
shuffled,19,30,8,2019.756513749332,453.045
shuffled,19,30,9,1759.0754747441338,453.591
shuffled,1,30,0,1030.436335792807,25.11
shuffled,1,30,1,1771.7321062486749,25.23
shuffled,1,30,10,4479.30435531433,25.147
shuffled,1,30,11,3466.579474442719,24.932
shuffled,1,30,12,1485.315886939491,25.19
shuffled,1,30,13,3428.372377086603,25.176
shuffled,1,30,14,83.57989560169548,25.129
shuffled,1,30,15,561.6723013564336,24.999
shuffled,1,30,16,6993.055636948218,25.189
shuffled,1,30,17,18.399145473436263,24.821
shuffled,1,30,18,921.6355616533975,25.298
shuffled,1,30,19,40.17438040753626,24.916
shuffled,1,30,2,8441.236303776968,25.124
shuffled,1,30,20,2923.906984480691,25.153
shuffled,1,30,21,3019.1667565780444,25.394
shuffled,1,30,22,395.45977320140054,25.045
shuffled,1,30,23,1359.3529336553113,25.009
shuffled,1,30,24,3244.9084013915412,25.089
shuffled,1,30,25,853.8469007360573,24.887
shuffled,1,30,26,5289.051318045716,24.957
shuffled,1,30,27,647.4867651033112,25.234
shuffled,1,30,28,2444.8208596614027,25.157
shuffled,1,30,29,1492.96600768372,25.063
shuffled,1,30,3,4976.334825402531,25.181
shuffled,1,30,4,156.6429689415362,25.203
shuffled,1,30,5,166.33303684909447,25.109
shuffled,1,30,6,2824.0111982438457,25.166
shuffled,1,30,7,2189.2780575517145,25.201
shuffled,1,30,8,2572.6926668982924,24.985
shuffled,1,30,9,3855.024299901267,25.161
shuffled,20,30,0,100.15332757123406,79.393
shuffled,20,30,1,783.4113076707476,79.22
shuffled,20,30,10,1115.7285856833564,79.302
shuffled,20,30,11,100.11704131163287,79.007
shuffled,20,30,12,100.16003478760422,79.453
shuffled,20,30,13,525.6604270019184,79.2
shuffled,20,30,14,795.4907511170436,79.779
shuffled,20,30,15,100.12413300498883,79.708
shuffled,20,30,16,100.1377362971175,79.758
shuffled,20,30,17,100.11817552749699,79.249
shuffled,20,30,18,100.16112591649608,79.716
shuffled,20,30,19,715.759025105096,79.297
shuffled,20,30,2,709.2978803095571,79.308
shuffled,20,30,20,100.10808345792248,79.551
shuffled,20,30,21,776.9164225076879,79.312
shuffled,20,30,22,764.7949992280937,79.692
shuffled,20,30,23,656.4909166416055,79.67
shuffled,20,30,24,570.7281698946185,79.238
shuffled,20,30,25,773.8123050715576,79.288
shuffled,20,30,26,100.11746410105661,79.286
shuffled,20,30,27,709.69336279461,79.79
shuffled,20,30,28,809.2151153654022,79.355
shuffled,20,30,29,100.16198745474412,79.46
shuffled,20,30,3,100.16962250279448,79.318
shuffled,20,30,4,804.1326484925439,79.212
shuffled,20,30,5,727.1726837982487,78.984
shuffled,20,30,6,948.4615471022707,78.627
shuffled,20,30,7,713.7631408134439,79.097
shuffled,20,30,8,736.7219227747919,79.314
shuffled,20,30,9,724.5513414470079,79.734
shuffled,21,30,0,1894.4413551208168,99.393
shuffled,21,30,1,1804.4286536315603,102.189
shuffled,21,30,10,1913.0811658973207,102.155
shuffled,21,30,11,2320.6949344374934,101.944
shuffled,21,30,12,1730.594695861409,100.504
shuffled,21,30,13,2195.717647261179,102.263
shuffled,21,30,14,940.0621085680814,101.552
shuffled,21,30,15,897.714942567658,101.621
shuffled,21,30,16,1550.5658525065537,102.338
shuffled,21,30,17,998.4235828859019,100.848
shuffled,21,30,18,974.2597476998872,101.333
shuffled,21,30,19,2443.8170220139364,101.896
shuffled,21,30,2,1246.8498144940118,102.469
shuffled,21,30,20,1855.3463435604067,102.081
shuffled,21,30,21,2075.1491766570543,102.358
shuffled,21,30,22,1834.6164966598271,101.567
shuffled,21,30,23,1573.7146502061323,100.811
shuffled,21,30,24,2261.062366301552,98.582
shuffled,21,30,25,1607.4363025538178,101.875
shuffled,21,30,26,1460.5262524832033,101.713
shuffled,21,30,27,2127.4378434796963,101.266
shuffled,21,30,28,1628.535477525048,101.534
shuffled,21,30,29,1650.8294963347198,101.901
shuffled,21,30,3,684.7905263438784,100.49
shuffled,21,30,4,1361.9097971082447,103.257
shuffled,21,30,5,1862.9384415850263,101.626
shuffled,21,30,6,2351.843554242965,100.336
shuffled,21,30,7,1210.5767615774325,101.586
shuffled,21,30,8,2098.4048739439495,101.252
shuffled,21,30,9,944.9910287623757,102.092
shuffled,22,30,0,985.7261840364213,119.745
shuffled,22,30,1,200.60664368928974,116.499
shuffled,22,30,10,1219.5397782948953,119.939
shuffled,22,30,11,200.61547230938322,116.524
shuffled,22,30,12,200.652729487721,117.015
shuffled,22,30,13,200.7486152697693,116.697
shuffled,22,30,14,200.52103368830058,116.965
shuffled,22,30,15,200.61473746451384,116.779
shuffled,22,30,16,200.65824916421934,117.369
shuffled,22,30,17,200.685723369098,116.627
shuffled,22,30,18,200.6845102151883,116.261
shuffled,22,30,19,100.36782629941172,119.417
shuffled,22,30,2,200.6235816644571,116.901
shuffled,22,30,20,200.71657618026484,116.439
shuffled,22,30,21,979.4609045796396,119.951
shuffled,22,30,22,875.0931279571769,119.599
shuffled,22,30,23,200.51969964525324,116.58
shuffled,22,30,24,200.73589439957686,117.084
shuffled,22,30,25,200.64384599909317,117.079
shuffled,22,30,26,726.0376425840814,120.236
shuffled,22,30,27,781.1286992887653,120.168
shuffled,22,30,28,200.69479552867506,117.415
shuffled,22,30,29,200.6857709970118,116.544
shuffled,22,30,3,827.841027616957,119.667
shuffled,22,30,4,709.2552567904572,119.921
shuffled,22,30,5,200.6078419327696,116.357
shuffled,22,30,6,897.6044523416595,119.171
shuffled,22,30,7,100.36274586474337,119.683
shuffled,22,30,8,200.61511705686235,116.879
shuffled,22,30,9,200.72334861270792,117.243
shuffled,23,30,0,200.32426041295957,94.798
shuffled,23,30,1,200.45081160389418,94.788
shuffled,23,30,10,200.406540066881,95.477
shuffled,23,30,11,200.37264166980094,94.857
shuffled,23,30,12,626.6200079126975,95.243
shuffled,23,30,13,200.73998597354966,94.898
shuffled,23,30,14,894.145167080012,95.548
shuffled,23,30,15,749.1179781999149,95.014
shuffled,23,30,16,200.31464243994787,95.632
shuffled,23,30,17,200.47207638311602,95.385
shuffled,23,30,18,200.40880765634165,94.963
shuffled,23,30,19,200.39323403573462,95.076
shuffled,23,30,2,200.30956313430124,94.919
shuffled,23,30,20,200.34700703677845,95.134
shuffled,23,30,21,200.4752459732149,95.547
shuffled,23,30,22,200.4298876364037,95.397
shuffled,23,30,23,200.42412325077066,94.954
shuffled,23,30,24,200.3476220811781,95.334
shuffled,23,30,25,200.472144824721,94.837
shuffled,23,30,26,706.4804715566543,95.41
shuffled,23,30,27,200.3785071406228,95.173
shuffled,23,30,28,200.48181192358197,95.599
shuffled,23,30,29,200.34749315743147,95.065
shuffled,23,30,3,200.3462805904619,95.33
shuffled,23,30,4,200.45961208312747,95.345
shuffled,23,30,5,200.28851394632102,95.222
shuffled,23,30,6,200.36032970286533,95.352
shuffled,23,30,7,200.45360204857616,95.295
shuffled,23,30,8,200.34831957290544,95.483
shuffled,23,30,9,200.3902930588256,95.371
shuffled,24,30,0,450.60142711299477,109.751
shuffled,24,30,1,440.10056360505223,109.26
shuffled,24,30,10,426.0948602201065,110.341
shuffled,24,30,11,443.6768057078848,109.589
shuffled,24,30,12,438.3715398737513,109.933
shuffled,24,30,13,435.2361975353624,109.328
shuffled,24,30,14,508.67253140324647,109.963
shuffled,24,30,15,434.6781233700017,109.701
shuffled,24,30,16,445.9881185320146,110.202
shuffled,24,30,17,445.0271407884643,109.862
shuffled,24,30,18,429.72993712874586,109.673
shuffled,24,30,19,432.581661198913,109.862
shuffled,24,30,2,443.3003685809849,109.948
shuffled,24,30,20,532.0317428773874,110.051
shuffled,24,30,21,436.72960502855403,110.006
shuffled,24,30,22,426.20583112013173,110.303
shuffled,24,30,23,451.03627882909586,109.511
shuffled,24,30,24,428.59135997696694,109.795
shuffled,24,30,25,443.79783592130207,109.511
shuffled,24,30,26,433.36155009627237,110.156
shuffled,24,30,27,435.1045254988089,109.669
shuffled,24,30,28,447.0859589248912,110.299
shuffled,24,30,29,495.52738006915206,109.636
shuffled,24,30,3,444.4532587143053,110.144
shuffled,24,30,4,432.3012803600245,110.051
shuffled,24,30,5,518.0398138989367,109.721
shuffled,24,30,6,433.0979202295707,110.037
shuffled,24,30,7,506.7536383788688,109.987
shuffled,24,30,8,516.9978776620637,110.277
shuffled,24,30,9,487.09844124578603,110.084
shuffled,25,30,0,901.1155282648033,401.541
shuffled,25,30,1,850.1111828321286,400.345
shuffled,25,30,10,828.9189301773472,401.867
shuffled,25,30,11,831.4749581299511,400.162
shuffled,25,30,12,777.559893639574,401.367
shuffled,25,30,13,746.2884777011741,400.819
shuffled,25,30,14,805.9249576213142,401.65
shuffled,25,30,15,813.857137676388,403.696
shuffled,25,30,16,828.0775177067931,401.712
shuffled,25,30,17,811.3731038885794,399.988
shuffled,25,30,18,737.7218193102553,401.208
shuffled,25,30,19,800.2799922776958,400.573
shuffled,25,30,2,789.0444213425744,401.256
shuffled,25,30,20,0.00169351351178193,396.154
shuffled,25,30,21,792.8148944756795,403.895
shuffled,25,30,22,775.3615674151488,398.971
shuffled,25,30,23,842.7629310803613,399.63
shuffled,25,30,24,824.9444859405535,400.609
shuffled,25,30,25,702.0892867252369,397.79
shuffled,25,30,26,771.1788246816272,401.014
shuffled,25,30,27,830.1742493730412,402.8
shuffled,25,30,28,788.7209198314008,398.882
shuffled,25,30,29,783.5996451913525,400.211
shuffled,25,30,3,845.0818812432535,402.44
shuffled,25,30,4,1153.148770422703,401.448
shuffled,25,30,5,792.7917982833665,399.34
shuffled,25,30,6,926.1743254640696,398.575
shuffled,25,30,7,773.6788471432092,400.139
shuffled,25,30,8,691.7112728561342,398.579
shuffled,25,30,9,798.8716928344047,402.782
shuffled,26,30,0,1289.4756920045047,412.493
shuffled,26,30,1,1992.465806121988,411.395
shuffled,26,30,10,1571.8617259836647,413.057
shuffled,26,30,11,1028.603641045338,410.619
shuffled,26,30,12,1358.1694301091484,412.384
shuffled,26,30,13,1260.4497003778233,410.671
shuffled,26,30,14,1387.878496536222,412.118
shuffled,26,30,15,961.6906289026888,413.738
shuffled,26,30,16,1355.2175223782665,412.555
shuffled,26,30,17,927.5041252087703,410.064
shuffled,26,30,18,1936.5086516865085,412.497
shuffled,26,30,19,1940.9100175629264,411.244
shuffled,26,30,2,1308.6528518184941,412.32
shuffled,26,30,20,1778.7591993334481,412.324
shuffled,26,30,21,1467.0152029256506,414.029
shuffled,26,30,22,927.3569976785975,412.57
shuffled,26,30,23,1842.6270259543762,410.619
shuffled,26,30,24,2476.608631448171,412.396
shuffled,26,30,25,729.3232120720695,411.735
shuffled,26,30,26,1416.3516869910382,412.792
shuffled,26,30,27,762.8449575910718,413.53
shuffled,26,30,28,1981.4369432403619,413.088
shuffled,26,30,29,1423.5308195028401,411.175
shuffled,26,30,3,878.007148088559,413.561
shuffled,26,30,4,979.8128343311337,412.579
shuffled,26,30,5,1575.05161608476,410.752
shuffled,26,30,6,1108.735631171753,412.204
shuffled,26,30,7,1815.7877306007413,411.78
shuffled,26,30,8,2035.837169765955,412.786
shuffled,26,30,9,1562.5315167523586,413.847
shuffled,27,30,0,70.84910793659901,390.047
shuffled,27,30,1,107.68790465978145,389.899
shuffled,27,30,10,110.32505423056773,391.578
shuffled,27,30,11,86.5053745046298,389.307
shuffled,27,30,12,288.63774111125076,389.802
shuffled,27,30,13,81.58133001491933,389.0
shuffled,27,30,14,121.16583942247371,390.38
shuffled,27,30,15,114.06429677119058,391.283
shuffled,27,30,16,103.44701835695423,393.015
shuffled,27,30,17,93.72629557443906,388.238
shuffled,27,30,18,83.48590848839967,389.803
shuffled,27,30,19,95.33795644470229,389.228
shuffled,27,30,2,85.74272796569267,391.092
shuffled,27,30,20,134.61442870044584,390.684
shuffled,27,30,21,81.86850786755804,391.375
shuffled,27,30,22,62.53534444307661,391.321
shuffled,27,30,23,65.19543746387808,388.385
shuffled,27,30,24,135.65240146419592,390.695
shuffled,27,30,25,267.3073360179169,388.771
shuffled,27,30,26,232.09627700867077,390.195
shuffled,27,30,27,441.2742400577081,391.15
shuffled,27,30,28,449.8153376925861,390.862
shuffled,27,30,29,51.69937824337012,388.584
shuffled,27,30,3,236.3605414681124,391.595
shuffled,27,30,4,75.40315536275648,391.428
shuffled,27,30,5,111.49161222625662,388.518
shuffled,27,30,6,234.71996213073498,390.565
shuffled,27,30,7,97.70339281131282,389.563
shuffled,27,30,8,102.37937659831141,390.501
shuffled,27,30,9,450.79344613333524,392.129
shuffled,28,30,0,53022.50597999544,625.25
shuffled,28,30,1,66781.25780765867,627.376
shuffled,28,30,10,50599.06783621158,626.24
shuffled,28,30,11,71834.56061504065,626.2
shuffled,28,30,12,51669.22918389844,625.361
shuffled,28,30,13,61715.93926443468,626.772
shuffled,28,30,14,48420.03925683645,627.136
shuffled,28,30,15,69866.77614789395,626.872
shuffled,28,30,16,51880.53840375316,626.01
shuffled,28,30,17,54087.78921616036,626.533
shuffled,28,30,18,26056.204007427426,625.509
shuffled,28,30,19,40321.099466696556,628.319
shuffled,28,30,2,19620.78216817366,627.096
shuffled,28,30,20,58034.57884286994,626.106
shuffled,28,30,21,52057.014621855255,627.343
shuffled,28,30,22,54171.25097473038,625.382
shuffled,28,30,23,44543.13669091073,625.431
shuffled,28,30,24,45177.91302430073,626.083
shuffled,28,30,25,61133.1640373555,628.266
shuffled,28,30,26,55161.46734447937,626.334
shuffled,28,30,27,56879.20375738876,628.484
shuffled,28,30,28,55768.80260823132,626.399
shuffled,28,30,29,63267.48450376993,626.677
shuffled,28,30,3,49900.588157124,622.455
shuffled,28,30,4,40728.00905377169,625.687
shuffled,28,30,5,45097.563025643234,626.742
shuffled,28,30,6,38490.26061010404,624.659
shuffled,28,30,7,49961.72464618633,628.119
shuffled,28,30,8,46581.15186301075,626.247
shuffled,28,30,9,56874.268291316286,626.394
shuffled,29,30,0,1161988.1151472318,335.442
shuffled,29,30,1,1446383.3075828182,335.153
shuffled,29,30,10,2170408.7432405665,336.381
shuffled,29,30,11,621146.4572482813,335.108
shuffled,29,30,12,972020.5774612784,335.33
shuffled,29,30,13,444268.1654248077,334.592
shuffled,29,30,14,1190823.745389576,335.136
shuffled,29,30,15,175554.70332172356,336.122
shuffled,29,30,16,757353.0278404488,336.624
shuffled,29,30,17,1058325.4097827612,334.287
shuffled,29,30,18,1280446.1925103222,335.879
shuffled,29,30,19,2093729.1002585643,334.965
shuffled,29,30,2,572563.5384131387,335.594
shuffled,29,30,20,904448.0751779455,335.671
shuffled,29,30,21,385643.7760158448,335.929
shuffled,29,30,22,869809.9430175268,336.778
shuffled,29,30,23,667117.9416032205,334.222
shuffled,29,30,24,714553.1275493309,335.686
shuffled,29,30,25,981431.7352972834,335.031
shuffled,29,30,26,927055.1575509721,335.566
shuffled,29,30,27,644084.8918294213,344.353
shuffled,29,30,28,1145693.54161853,338.366
shuffled,29,30,29,446269.83009329136,334.613
shuffled,29,30,3,2166167.043594823,336.148
shuffled,29,30,4,495914.17920314916,336.856
shuffled,29,30,5,1023213.0966204344,333.93
shuffled,29,30,6,1167329.3717444537,335.533
shuffled,29,30,7,810340.192441106,334.848
shuffled,29,30,8,813923.0779553957,335.425
shuffled,29,30,9,1144786.2504619919,335.778
shuffled,3,30,0,83.03931662017277,32.023
shuffled,3,30,1,119.3079595147376,31.907
shuffled,3,30,10,14.668586523559156,31.937
shuffled,3,30,11,88.78873054717008,31.754
shuffled,3,30,12,81.93371277828192,31.963
shuffled,3,30,13,81.59853401792941,31.802
shuffled,3,30,14,15.064736304455096,32.017
shuffled,3,30,15,13.442754673819309,31.835
shuffled,3,30,16,14.231309682307256,31.874
shuffled,3,30,17,80.3177327548558,31.86
shuffled,3,30,18,0.8319656252531331,31.703
shuffled,3,30,19,97.2088285942275,31.745
shuffled,3,30,2,66.79803085562969,32.033
shuffled,3,30,20,79.94709531639438,31.748
shuffled,3,30,21,82.5386841698832,31.728
shuffled,3,30,22,77.64660989669068,31.839
shuffled,3,30,23,32.21667326459959,31.878
shuffled,3,30,24,81.27348562709153,31.723
shuffled,3,30,25,18.80776090564018,31.619
shuffled,3,30,26,14.195044523203933,31.884
shuffled,3,30,27,35.80815194257315,31.844
shuffled,3,30,28,74.80630598138538,31.774
shuffled,3,30,29,80.39006595113472,31.657
shuffled,3,30,3,33.18557898083236,31.941
shuffled,3,30,4,14.40875034486146,32.084
shuffled,3,30,5,133.65373559998784,31.765
shuffled,3,30,6,127.41004242241928,31.899
shuffled,3,30,7,126.59737993191084,31.837
shuffled,3,30,8,83.67988002855947,32.124
shuffled,3,30,9,81.04670631285535,31.787
shuffled,4,30,0,377.09117285339426,28.636
shuffled,4,30,1,616.8643424787444,28.791
shuffled,4,30,10,428.82373183340485,28.683
shuffled,4,30,11,701.4305391133057,28.512
shuffled,4,30,12,409.9228202578837,28.613
shuffled,4,30,13,529.3105505956997,28.54
shuffled,4,30,14,662.6274447571282,28.705
shuffled,4,30,15,553.1937029648336,28.674
shuffled,4,30,16,604.9240659229631,28.519
shuffled,4,30,17,707.4052917812137,28.672
shuffled,4,30,18,303.4673729693425,28.646
shuffled,4,30,19,442.75606748615655,28.705
shuffled,4,30,2,558.1686947827233,28.699
shuffled,4,30,20,388.03403905529535,28.678
shuffled,4,30,21,565.1232401397675,28.409
shuffled,4,30,22,518.3726148729437,28.826
shuffled,4,30,23,703.4190918336653,28.634
shuffled,4,30,24,542.2438409074775,28.531
shuffled,4,30,25,694.4483452954803,28.5
shuffled,4,30,26,489.5132854587141,28.706
shuffled,4,30,27,673.570450035073,28.049
shuffled,4,30,28,772.0621331029197,28.517
shuffled,4,30,29,547.2203425043671,28.517
shuffled,4,30,3,607.9136493525496,28.579
shuffled,4,30,4,643.7306227056747,28.71
shuffled,4,30,5,548.2192239613804,28.498
shuffled,4,30,6,466.63512123693215,28.669
shuffled,4,30,7,922.3088350643436,28.554
shuffled,4,30,8,906.3841627573443,28.627
shuffled,4,30,9,578.0689207173825,28.692
shuffled,5,30,0,1.8534020568949927e-05,70.851
shuffled,5,30,1,0.00027325730172833573,70.687
shuffled,5,30,10,4.0128404577899346e-05,70.292
shuffled,5,30,11,0.0017478371478887311,70.538
shuffled,5,30,12,0.0004024565879490183,70.396
shuffled,5,30,13,8.122872139892934e-05,70.529
shuffled,5,30,14,0.0003839145129518329,70.555
shuffled,5,30,15,3.1892624861029617e-06,70.83
shuffled,5,30,16,0.00013058075114713574,70.345
shuffled,5,30,17,0.00021211071037896545,70.195
shuffled,5,30,18,0.000662316949558317,70.627
shuffled,5,30,19,0.0001600056504571512,70.755
shuffled,5,30,2,0.0001720405768423916,71.039
shuffled,5,30,20,0.0001826365707415789,70.985
shuffled,5,30,21,0.00038825779841999974,70.889
shuffled,5,30,22,2.086865123374082e-05,70.636
shuffled,5,30,23,0.0008007777710190567,70.43
shuffled,5,30,24,0.00013031216934678014,70.738
shuffled,5,30,25,0.001039019364611704,70.929
shuffled,5,30,26,0.0017563792887926866,70.985
shuffled,5,30,27,9.113917474223854e-05,71.477
shuffled,5,30,28,0.0007770297075921917,70.84
shuffled,5,30,29,0.0007783656579363196,70.466
shuffled,5,30,3,0.00022755041652544605,70.629
shuffled,5,30,4,0.0009936194825854727,70.679
shuffled,5,30,5,4.094335560012041e-05,71.358
shuffled,5,30,6,0.0008982043903529302,70.527
shuffled,5,30,7,0.00039181868260129704,70.396
shuffled,5,30,8,0.004375048052111197,70.77
shuffled,5,30,9,0.0005698768545130406,70.638
shuffled,6,30,0,321.8935939264527,39.462
shuffled,6,30,1,527.839810994361,39.512
shuffled,6,30,10,447.5579438431646,39.551
shuffled,6,30,11,233.40052972312776,39.263
shuffled,6,30,12,526.4702410320938,39.809
shuffled,6,30,13,244.81596360802416,39.814
shuffled,6,30,14,388.8057872055947,39.628
shuffled,6,30,15,435.70953059613703,39.927
shuffled,6,30,16,382.9708258381015,39.905
shuffled,6,30,17,415.9717542691585,39.32
shuffled,6,30,18,403.13829892709293,39.852
shuffled,6,30,19,649.6011740771423,39.774
shuffled,6,30,2,519.3190747946451,39.551
shuffled,6,30,20,348.7599091571567,39.922
shuffled,6,30,21,377.6590619568567,39.644
shuffled,6,30,22,407.723775415752,39.797
shuffled,6,30,23,333.11630689889387,39.651
shuffled,6,30,24,365.75848683622576,39.601
shuffled,6,30,25,773.7136604756606,39.528
shuffled,6,30,26,382.53725378923195,39.745
shuffled,6,30,27,423.96805608434295,39.672
shuffled,6,30,28,446.059927403825,39.932
shuffled,6,30,29,534.4601679633588,39.625
shuffled,6,30,3,508.3535798333994,39.543
shuffled,6,30,4,512.0062585762762,39.539
shuffled,6,30,5,295.33919331763514,38.792
shuffled,6,30,6,409.5518124549769,39.223
shuffled,6,30,7,318.8712492324148,39.544
shuffled,6,30,8,465.4943330967262,39.372
shuffled,6,30,9,144.46317788116653,39.878
shuffled,7,30,0,328.50000011087195,63.61
shuffled,7,30,1,288.00000013240196,63.85
shuffled,7,30,10,356.00000028244335,63.681
shuffled,7,30,11,306.00000009535586,63.445
shuffled,7,30,12,352.00000003483956,63.897
shuffled,7,30,13,358.0000000076534,64.101
shuffled,7,30,14,290.00000088127376,63.743
shuffled,7,30,15,370.50000056206136,63.781
shuffled,7,30,16,565.5000000596415,64.156
shuffled,7,30,17,460.0000000133723,63.4
shuffled,7,30,18,466.00000000001205,63.784
shuffled,7,30,19,338.0000004732574,63.66
shuffled,7,30,2,520.5000001078333,63.695
shuffled,7,30,20,432.5000000206312,63.707
shuffled,7,30,21,464.50000002631305,63.376
shuffled,7,30,22,366.50000010737745,63.611
shuffled,7,30,23,336.00000000831255,63.57
shuffled,7,30,24,372.00000007031394,63.711
shuffled,7,30,25,525.0000000063505,63.68
shuffled,7,30,26,304.0000000645699,63.694
shuffled,7,30,27,490.5000000004484,63.306
shuffled,7,30,28,410.50000002688057,63.675
shuffled,7,30,29,304.0000000864818,63.573
shuffled,7,30,3,308.00000002833804,63.553
shuffled,7,30,4,480.5000000750679,63.632
shuffled,7,30,5,390.00000009788755,63.575
shuffled,7,30,6,382.00000042867623,63.358
shuffled,7,30,7,324.0000000010764,63.697
shuffled,7,30,8,449.00000017993034,63.782
shuffled,7,30,9,268.000000812739,63.774
shuffled,8,30,0,12.247851461300002,39.172
shuffled,8,30,1,6.87322409758508,38.944
shuffled,8,30,10,7.054746095069618,39.298
shuffled,8,30,11,7.68819949901399,39.091
shuffled,8,30,12,17.15935019410017,39.414
shuffled,8,30,13,13.000015139787024,39.282
shuffled,8,30,14,11.139752143135638,39.328
shuffled,8,30,15,12.97697692622819,39.299
shuffled,8,30,16,12.967135778731404,39.346
shuffled,8,30,17,10.424436541237469,39.068
shuffled,8,30,18,7.708407954157565,39.28
shuffled,8,30,19,7.237996044612146,39.046
shuffled,8,30,2,10.164223203557412,39.122
shuffled,8,30,20,14.743681519571737,39.204
shuffled,8,30,21,8.693424109025614,39.229
shuffled,8,30,22,11.120795337955428,39.223
shuffled,8,30,23,8.045834980278073,39.27
shuffled,8,30,24,9.051077874713542,39.245
shuffled,8,30,25,12.330075901457462,39.128
shuffled,8,30,26,10.90729867084201,39.244
shuffled,8,30,27,6.2398425537439834,39.098
shuffled,8,30,28,8.872081389506889,39.229
shuffled,8,30,29,6.777066543330534,39.262
shuffled,8,30,3,6.78370829093376,39.387
shuffled,8,30,4,10.54919122215756,39.012
shuffled,8,30,5,9.236982260852983,39.246
shuffled,8,30,6,7.956703868977115,39.252
shuffled,8,30,7,9.236810957648572,39.234
shuffled,8,30,8,11.326155329325616,39.258
shuffled,8,30,9,8.829475359355229,39.42
shuffled,9,30,0,3378.522857046255,56.301
shuffled,9,30,1,4869.870496339515,55.303
shuffled,9,30,10,4514.721162399729,56.036
shuffled,9,30,11,4047.040022181358,56.185
shuffled,9,30,12,4095.5221062567125,56.609
shuffled,9,30,13,3201.363033043195,56.551
shuffled,9,30,14,3588.0189337464526,56.558
shuffled,9,30,15,3709.6224957335216,53.228
shuffled,9,30,16,3371.5339998709387,53.272
shuffled,9,30,17,3409.656083633212,52.865
shuffled,9,30,18,3806.0768103122955,56.296
shuffled,9,30,19,4597.9672261010255,54.672
shuffled,9,30,2,4672.615659811934,52.945
shuffled,9,30,20,4353.653787622296,56.417
shuffled,9,30,21,3251.074998021528,56.578
shuffled,9,30,22,4474.206026334679,54.663
shuffled,9,30,23,3928.321436158467,55.439
shuffled,9,30,24,4617.331877803221,56.195
shuffled,9,30,25,3041.66712532147,55.749
shuffled,9,30,26,2795.0805616957314,56.238
shuffled,9,30,27,2598.829756067389,55.591
shuffled,9,30,28,4334.302383380475,56.522
shuffled,9,30,29,4317.369573304744,55.998
shuffled,9,30,3,3764.665625561651,55.555
shuffled,9,30,4,3453.7587190780014,54.668
shuffled,9,30,5,4353.23324928251,53.031
shuffled,9,30,6,3172.0059101310944,52.803
shuffled,9,30,7,4434.4935860348105,56.367
shuffled,9,30,8,4935.972433813243,53.096
shuffled,9,30,9,4253.634769004686,55.755
shuffled_inf,10,30,0,44415.604466817385,29.768
shuffled_inf,10,30,1,63640.765487819706,30.171
shuffled_inf,10,30,10,48079.58421908796,31.564
shuffled_inf,10,30,11,51510.42274564077,31.806
shuffled_inf,10,30,12,38671.58165145907,30.038
shuffled_inf,10,30,13,60452.00319460765,30.339
shuffled_inf,10,30,14,45768.30379917038,30.388
shuffled_inf,10,30,15,55748.285783424246,29.944
shuffled_inf,10,30,16,56998.20154563931,30.145
shuffled_inf,10,30,17,47014.94770869395,30.355
shuffled_inf,10,30,18,34601.396751454566,30.023
shuffled_inf,10,30,19,25659.22488429991,29.855
shuffled_inf,10,30,2,36157.47193230344,29.976
shuffled_inf,10,30,20,57104.82120262213,29.894
shuffled_inf,10,30,21,67611.57254914806,30.005
shuffled_inf,10,30,22,40827.48488512817,30.21
shuffled_inf,10,30,23,43402.03409908716,30.163
shuffled_inf,10,30,24,50254.8667656589,30.736
shuffled_inf,10,30,25,57682.37509401601,30.656
shuffled_inf,10,30,26,56491.4457482697,30.742
shuffled_inf,10,30,27,51187.51723204675,30.75
shuffled_inf,10,30,28,49079.40525461557,30.94
shuffled_inf,10,30,29,63293.416967865356,31.149
shuffled_inf,10,30,3,58479.66847545879,30.29
shuffled_inf,10,30,4,66650.72121782225,30.623
shuffled_inf,10,30,5,35669.81311368587,31.117
shuffled_inf,10,30,6,40260.17996641397,31.584
shuffled_inf,10,30,7,65890.81098703158,31.661
shuffled_inf,10,30,8,50114.455106559384,31.681
shuffled_inf,10,30,9,58023.999928984646,31.569
shuffled_inf,11,30,0,4157297.8900220785,49.74
shuffled_inf,11,30,1,3042929.2181089525,50.224
shuffled_inf,11,30,10,2430640.482373593,46.507
shuffled_inf,11,30,11,6928618.773426578,45.891
shuffled_inf,11,30,12,3232120.420610775,42.456
shuffled_inf,11,30,13,3787401.2744485196,42.424
shuffled_inf,11,30,14,7293130.727320647,44.72
shuffled_inf,11,30,15,3319234.830031722,43.363
shuffled_inf,11,30,16,4387405.497182625,46.285
shuffled_inf,11,30,17,9846510.207297258,47.182
shuffled_inf,11,30,18,935990.0394341052,48.395
shuffled_inf,11,30,19,19337938.02495236,49.865
shuffled_inf,11,30,2,1818253.7671455664,48.942
shuffled_inf,11,30,20,1973773.6346736578,50.313
shuffled_inf,11,30,21,2663485.5534496764,48.746
shuffled_inf,11,30,22,3014467.737883814,44.929
shuffled_inf,11,30,23,8423996.786489557,46.201
shuffled_inf,11,30,24,3474644.0264297617,80.747
shuffled_inf,11,30,25,6937997.392231279,80.321
shuffled_inf,11,30,26,2385269.8774300977,80.789
shuffled_inf,11,30,27,3869728.032574276,81.492
shuffled_inf,11,30,28,10201614.540310524,79.194
shuffled_inf,11,30,29,3267061.180727645,77.021
shuffled_inf,11,30,3,5934784.824481665,49.126
shuffled_inf,11,30,4,9892269.68209754,50.758
shuffled_inf,11,30,5,2960843.112856515,49.032
shuffled_inf,11,30,6,7807370.7016715715,45.729
shuffled_inf,11,30,7,5324748.963092635,45.614
shuffled_inf,11,30,8,13476428.195969887,45.447
shuffled_inf,11,30,9,11279283.47982348,43.394
shuffled_inf,12,30,0,102413.70502331517,30.604
shuffled_inf,12,30,1,104661.43901892386,31.417
shuffled_inf,12,30,10,139157.9509082078,37.145
shuffled_inf,12,30,11,105797.25485802659,37.462
shuffled_inf,12,30,12,66723.50274780646,33.36
shuffled_inf,12,30,13,97703.6848883192,33.282
shuffled_inf,12,30,14,93746.95234317891,33.454
shuffled_inf,12,30,15,97591.17169966127,33.231
shuffled_inf,12,30,16,88418.67079750577,36.153
shuffled_inf,12,30,17,77498.1963131858,44.519
shuffled_inf,12,30,18,106687.46876689042,43.608
shuffled_inf,12,30,19,113746.32877506436,43.277
shuffled_inf,12,30,2,123528.18072928354,30.626
shuffled_inf,12,30,20,91740.13561750154,43.13
shuffled_inf,12,30,21,117090.91768739182,43.906
shuffled_inf,12,30,22,100392.10136190648,41.865
shuffled_inf,12,30,23,217472.27098803862,47.59
shuffled_inf,12,30,24,118255.42234746733,50.113
shuffled_inf,12,30,25,117113.41427079892,50.976
shuffled_inf,12,30,26,92647.95877557244,50.344
shuffled_inf,12,30,27,97972.4652387285,50.204
shuffled_inf,12,30,28,76482.13813855675,60.004
shuffled_inf,12,30,29,146801.6128975692,64.663
shuffled_inf,12,30,3,114501.19303532757,30.27
shuffled_inf,12,30,4,91346.63020311203,32.143
shuffled_inf,12,30,5,98548.1212871145,33.645
shuffled_inf,12,30,6,99271.52994305559,36.983
shuffled_inf,12,30,7,110503.29709022173,36.985
shuffled_inf,12,30,8,97767.78520541405,37.13
shuffled_inf,12,30,9,71388.6324444419,37.323
shuffled_inf,13,30,0,99879.41934915859,91.776
shuffled_inf,13,30,1,142483.8040945291,90.452
shuffled_inf,13,30,10,131767.0509126085,38.24
shuffled_inf,13,30,11,147113.42613135627,38.263
shuffled_inf,13,30,12,107805.501490624,37.583
shuffled_inf,13,30,13,122818.17507442494,37.519
shuffled_inf,13,30,14,81213.53082841182,37.527
shuffled_inf,13,30,15,153539.019426943,37.245
shuffled_inf,13,30,16,84755.66929634416,37.887
shuffled_inf,13,30,17,119077.14220181156,38.449
shuffled_inf,13,30,18,136974.63324259283,38.334
shuffled_inf,13,30,19,96518.92839795738,38.753
shuffled_inf,13,30,2,93751.99309731291,91.216
shuffled_inf,13,30,20,77804.61630957254,38.538
shuffled_inf,13,30,21,96166.27083295831,37.911
shuffled_inf,13,30,22,92624.83257628558,38.405
shuffled_inf,13,30,23,91427.88956320554,38.158
shuffled_inf,13,30,24,65362.73076698715,75.739
shuffled_inf,13,30,25,116664.23996831883,86.202
shuffled_inf,13,30,26,149847.04229549595,77.246
shuffled_inf,13,30,27,159444.68619519504,68.71
shuffled_inf,13,30,28,121928.80563285132,107.768
shuffled_inf,13,30,29,72655.73990469314,129.669
shuffled_inf,13,30,3,122156.20575095755,91.415
shuffled_inf,13,30,4,122459.07533833844,82.062
shuffled_inf,13,30,5,130816.92346101938,63.914
shuffled_inf,13,30,6,99714.27777316983,38.245
shuffled_inf,13,30,7,93167.30056263573,38.704
shuffled_inf,13,30,8,147933.35248264985,38.355
shuffled_inf,13,30,9,124531.5144709178,38.557
shuffled_inf,14,30,0,69167.98000697627,108.964
shuffled_inf,14,30,1,68195.15290995654,101.545
shuffled_inf,14,30,10,75011.8104142636,65.585
shuffled_inf,14,30,11,69097.7530401773,64.876
shuffled_inf,14,30,12,58329.427400096916,49.989
shuffled_inf,14,30,13,54501.895695958825,53.948
shuffled_inf,14,30,14,66795.21887481675,52.837
shuffled_inf,14,30,15,84522.1300607078,52.965
shuffled_inf,14,30,16,65465.57368030463,68.905
shuffled_inf,14,30,17,74226.04900381711,72.956
shuffled_inf,14,30,18,62235.172808675365,87.89
shuffled_inf,14,30,19,68534.7824598948,94.548
shuffled_inf,14,30,2,57036.34182251977,109.965
shuffled_inf,14,30,20,68039.5679050656,93.082
shuffled_inf,14,30,21,51782.25402884076,90.533
shuffled_inf,14,30,22,53809.87513042266,77.944
shuffled_inf,14,30,23,57786.376095289765,79.407
shuffled_inf,14,30,24,77543.54449612625,49.184
shuffled_inf,14,30,25,67578.81244588137,45.122
shuffled_inf,14,30,26,60471.541048497485,52.897
shuffled_inf,14,30,27,65684.16437708025,49.432
shuffled_inf,14,30,28,51911.11826905045,61.989
shuffled_inf,14,30,29,52940.99059860284,73.113
shuffled_inf,14,30,3,66837.84249269916,115.381
shuffled_inf,14,30,4,65758.01437621069,70.907
shuffled_inf,14,30,5,63687.783741421496,68.477
shuffled_inf,14,30,6,71671.82836603001,77.908
shuffled_inf,14,30,7,82057.4442477601,72.628
shuffled_inf,14,30,8,84209.32886116259,74.766
shuffled_inf,14,30,9,57066.779549392624,78.1
shuffled_inf,15,30,0,4617.522012781394,164.124
shuffled_inf,15,30,1,4625.023567104378,164.37
shuffled_inf,15,30,10,2008.6639090100753,135.565
shuffled_inf,15,30,11,11724.402235151185,136.699
shuffled_inf,15,30,12,3741.326922157411,135.319
shuffled_inf,15,30,13,7580.935766590119,135.402
shuffled_inf,15,30,14,3617.7509714841435,134.777
shuffled_inf,15,30,15,2343.034503531907,136.262
shuffled_inf,15,30,16,2196.0635935592827,132.14
shuffled_inf,15,30,17,7771.344445038794,136.383
shuffled_inf,15,30,18,3505.342526124181,90.453
shuffled_inf,15,30,19,9670.449952125575,92.709
shuffled_inf,15,30,2,4041.6741533864842,162.416
shuffled_inf,15,30,20,2342.399052349525,89.917
shuffled_inf,15,30,21,3844.587023886773,89.712
shuffled_inf,15,30,22,2989.3398866252637,77.131
shuffled_inf,15,30,23,8967.523648013914,70.507
shuffled_inf,15,30,24,3049.4622727484557,50.176
shuffled_inf,15,30,25,1983.0476905378855,50.666
shuffled_inf,15,30,26,3401.0988352308223,51.289
shuffled_inf,15,30,27,6102.959522859645,51.045
shuffled_inf,15,30,28,5361.476665574557,58.664
shuffled_inf,15,30,29,5944.321355189368,68.641
shuffled_inf,15,30,3,4318.123540137713,163.172
shuffled_inf,15,30,4,3071.902798523767,152.574
shuffled_inf,15,30,5,3460.8674629197076,152.701
shuffled_inf,15,30,6,5460.378709262091,134.891
shuffled_inf,15,30,7,7260.833595061555,134.405
shuffled_inf,15,30,8,5235.656224072964,134.25
shuffled_inf,15,30,9,6421.142970531229,135.648
shuffled_inf,16,30,0,2789.1558579968323,418.817
shuffled_inf,16,30,1,1409.5341166741468,414.729
shuffled_inf,16,30,10,1797.5457810768366,440.338
shuffled_inf,16,30,11,1965.0356807369453,446.819
shuffled_inf,16,30,12,1442.564810530032,410.649
shuffled_inf,16,30,13,2116.578742638791,413.344
shuffled_inf,16,30,14,1508.5970205229778,412.54
shuffled_inf,16,30,15,1681.684544719776,411.697
shuffled_inf,16,30,16,1485.0694910718012,399.822
shuffled_inf,16,30,17,2046.7075161177954,381.616
shuffled_inf,16,30,18,2049.832218649167,164.227
shuffled_inf,16,30,19,1625.6166374371096,162.314
shuffled_inf,16,30,2,1517.0401983014099,417.765
shuffled_inf,16,30,20,1775.5605661711484,162.912
shuffled_inf,16,30,21,1827.3096424215287,161.758
shuffled_inf,16,30,22,1490.4391406927134,163.983
shuffled_inf,16,30,23,2801.00998692156,166.303
shuffled_inf,16,30,24,1533.1481248197533,179.824
shuffled_inf,16,30,25,1631.2756960639863,180.201
shuffled_inf,16,30,26,1825.9980226044677,178.923
shuffled_inf,16,30,27,1068.7690486927763,179.756
shuffled_inf,16,30,28,1625.3581739741708,182.851
shuffled_inf,16,30,29,2860.396777270753,185.296
shuffled_inf,16,30,3,1553.623984148424,415.152
shuffled_inf,16,30,4,1288.0803487699914,422.247
shuffled_inf,16,30,5,2037.5051307561885,429.11
shuffled_inf,16,30,6,2866.7647555217845,442.313
shuffled_inf,16,30,7,1535.393283458096,442.664
shuffled_inf,16,30,8,2383.620157367558,439.252
shuffled_inf,16,30,9,2796.672513835154,441.52
shuffled_inf,17,30,0,164097.9745535925,29.698
shuffled_inf,17,30,1,331008.16827482585,30.064
shuffled_inf,17,30,10,205805.24383907623,30.252
shuffled_inf,17,30,11,140102.80236431773,30.295
shuffled_inf,17,30,12,119404.2631662284,30.199
shuffled_inf,17,30,13,345273.5910641633,30.225
shuffled_inf,17,30,14,176467.03676911799,30.1
shuffled_inf,17,30,15,240688.81914950194,30.184
shuffled_inf,17,30,16,258939.81346242735,30.493
shuffled_inf,17,30,17,200452.5476988573,30.492
shuffled_inf,17,30,18,94357.51991208806,30.081
shuffled_inf,17,30,19,145369.56320722177,30.293
shuffled_inf,17,30,2,106700.21499945091,30.034
shuffled_inf,17,30,20,163151.55382692092,29.851
shuffled_inf,17,30,21,601815.1194844757,30.152
shuffled_inf,17,30,22,131630.41375778956,30.152
shuffled_inf,17,30,23,200412.8296755243,30.533
shuffled_inf,17,30,24,104004.95854828121,30.292
shuffled_inf,17,30,25,389031.3184803703,30.482
shuffled_inf,17,30,26,140575.95536377156,30.501
shuffled_inf,17,30,27,127427.86744886276,30.321
shuffled_inf,17,30,28,111661.50128483688,30.79
shuffled_inf,17,30,29,138023.00727135653,36.645
shuffled_inf,17,30,3,345480.3101529997,29.522
shuffled_inf,17,30,4,89519.43985422894,30.014
shuffled_inf,17,30,5,136337.6720724759,30.411
shuffled_inf,17,30,6,120653.62936874627,30.219
shuffled_inf,17,30,7,98319.2409250523,30.124
shuffled_inf,17,30,8,280204.9066208979,30.468
shuffled_inf,17,30,9,157760.18044379517,30.103
shuffled_inf,18,30,0,35109.85216843017,201.067
shuffled_inf,18,30,1,47907.98745629801,195.701
shuffled_inf,18,30,10,84730.67976547136,227.285
shuffled_inf,18,30,11,35697.829731058635,229.695
shuffled_inf,18,30,12,45386.624872838256,228.414
shuffled_inf,18,30,13,21771.925866175843,227.09
shuffled_inf,18,30,14,45933.374780680206,227.179
shuffled_inf,18,30,15,58149.084097255196,228.364
shuffled_inf,18,30,16,20546.772140902136,227.895
shuffled_inf,18,30,17,24160.420660140975,217.561
shuffled_inf,18,30,18,81792.19364002415,99.412
shuffled_inf,18,30,19,65617.92680082201,106.362
shuffled_inf,18,30,2,45154.03639626355,197.512
shuffled_inf,18,30,20,37439.43906013521,104.83
shuffled_inf,18,30,21,30456.107586335187,107.477
shuffled_inf,18,30,22,27414.431834988405,85.148
shuffled_inf,18,30,23,32397.29107358212,69.291
shuffled_inf,18,30,24,49839.73952932317,137.059
shuffled_inf,18,30,25,71265.22963244678,126.873
shuffled_inf,18,30,26,24689.935171580782,129.281
shuffled_inf,18,30,27,53921.70047861728,127.181
shuffled_inf,18,30,28,44807.43115003973,149.013
shuffled_inf,18,30,29,43999.69199578221,181.05
shuffled_inf,18,30,3,55599.876428490745,193.666
shuffled_inf,18,30,4,98916.59828939215,213.453
shuffled_inf,18,30,5,69585.17291830329,230.882
shuffled_inf,18,30,6,59558.22427187433,228.109
shuffled_inf,18,30,7,39255.04158287723,227.299
shuffled_inf,18,30,8,25454.975781980997,227.238
shuffled_inf,18,30,9,48850.72027441163,228.411
shuffled_inf,19,30,0,2582.305397447667,457.315
shuffled_inf,19,30,1,2143.055417611124,456.856
shuffled_inf,19,30,10,2472.7027409890434,454.254
shuffled_inf,19,30,11,2678.0705873828847,461.299
shuffled_inf,19,30,12,2444.7962922604056,456.635
shuffled_inf,19,30,13,1919.0558563499926,458.135
shuffled_inf,19,30,14,2179.277954587332,455.722
shuffled_inf,19,30,15,1937.8276272683665,452.418
shuffled_inf,19,30,16,1993.6804838489852,458.98
shuffled_inf,19,30,17,1821.9735654999763,459.273
shuffled_inf,19,30,18,1331.836472538117,454.134
shuffled_inf,19,30,19,2435.780484661127,454.831
shuffled_inf,19,30,2,1658.3257330512197,456.906
shuffled_inf,19,30,20,2105.5506520884655,453.677
shuffled_inf,19,30,21,1201.342168273094,454.341
shuffled_inf,19,30,22,1688.1622587055367,456.566
shuffled_inf,19,30,23,2216.982206606607,455.572
shuffled_inf,19,30,24,1560.154524981339,453.899
shuffled_inf,19,30,25,1987.454378121071,454.622
shuffled_inf,19,30,26,2211.9054541531605,452.734
shuffled_inf,19,30,27,1035.629006332937,452.596
shuffled_inf,19,30,28,3007.01381028558,456.071
shuffled_inf,19,30,29,1393.162895241624,459.001
shuffled_inf,19,30,3,2054.5086793562223,455.742
shuffled_inf,19,30,4,1650.4664319693811,461.423
shuffled_inf,19,30,5,2820.7493083804275,462.375
shuffled_inf,19,30,6,1807.5033266985465,454.088
shuffled_inf,19,30,7,1601.8695702449068,455.423
shuffled_inf,19,30,8,2272.9166694543837,452.761
shuffled_inf,19,30,9,1560.2345659711655,453.247
shuffled_inf,1,30,0,780.3639238671219,20.344
shuffled_inf,1,30,1,249.00193401760265,20.251
shuffled_inf,1,30,10,6378.911715069622,13.916
shuffled_inf,1,30,11,5158.814721422454,14.166
shuffled_inf,1,30,12,1750.7516924334227,17.576
shuffled_inf,1,30,13,2024.5023063022636,17.432
shuffled_inf,1,30,14,1171.4928625802465,17.653
shuffled_inf,1,30,15,557.6444040237907,17.572
shuffled_inf,1,30,16,9600.200227815985,17.556
shuffled_inf,1,30,17,316.8473422356102,17.639
shuffled_inf,1,30,18,992.1936013504724,21.533
shuffled_inf,1,30,19,226.86393211452878,22.041
shuffled_inf,1,30,2,10820.812175017216,20.162
shuffled_inf,1,30,20,747.8829898864495,22.141
shuffled_inf,1,30,21,4425.297793005798,22.256
shuffled_inf,1,30,22,1487.1789051026244,22.492
shuffled_inf,1,30,23,275.9682299117519,22.169
shuffled_inf,1,30,24,3356.6145224106285,21.167
shuffled_inf,1,30,25,2765.921277926646,20.954
shuffled_inf,1,30,26,3684.959637542606,21.108
shuffled_inf,1,30,27,1082.4127419434112,20.967
shuffled_inf,1,30,28,2988.3363962793223,21.401
shuffled_inf,1,30,29,3946.2724052425165,21.236
shuffled_inf,1,30,3,6273.829540888706,20.124
shuffled_inf,1,30,4,774.9510396512635,20.147
shuffled_inf,1,30,5,3786.3412619592646,20.517
shuffled_inf,1,30,6,3010.1815534892976,14.212
shuffled_inf,1,30,7,2645.601370766308,14.115
shuffled_inf,1,30,8,1672.9874251779684,14.117
shuffled_inf,1,30,9,2071.5279401914013,14.245
shuffled_inf,20,30,0,100.36927920421476,80.06
shuffled_inf,20,30,1,608.9342691750376,79.773
shuffled_inf,20,30,10,1303.6040309749592,79.943
shuffled_inf,20,30,11,100.32425867161055,80.559
shuffled_inf,20,30,12,100.34823757941831,80.028
shuffled_inf,20,30,13,851.54431689689,79.887
shuffled_inf,20,30,14,771.2536530940497,80.023
shuffled_inf,20,30,15,100.40934708324494,80.139
shuffled_inf,20,30,16,846.6304997276975,79.8
shuffled_inf,20,30,17,100.3334445519331,80.214
shuffled_inf,20,30,18,100.41049347618491,79.911
shuffled_inf,20,30,19,1227.2181105905606,79.554
shuffled_inf,20,30,2,976.0840668068158,79.971
shuffled_inf,20,30,20,100.1712808247953,79.822
shuffled_inf,20,30,21,856.8125737224759,79.751
shuffled_inf,20,30,22,100.30992909746737,79.281
shuffled_inf,20,30,23,576.5595034891071,80.414
shuffled_inf,20,30,24,100.38548453203248,80.198
shuffled_inf,20,30,25,842.3033006197611,79.817
shuffled_inf,20,30,26,100.34743583558293,80.059
shuffled_inf,20,30,27,100.31729002246902,79.977
shuffled_inf,20,30,28,822.6398598534661,79.811
shuffled_inf,20,30,29,100.26500581126447,80.307
shuffled_inf,20,30,3,100.19859069495124,80.053
shuffled_inf,20,30,4,888.7007902429873,79.868
shuffled_inf,20,30,5,743.3860003061031,80.697
shuffled_inf,20,30,6,778.4837959667011,80.145
shuffled_inf,20,30,7,862.0471472676531,79.991
shuffled_inf,20,30,8,728.4921570779825,80.049
shuffled_inf,20,30,9,646.1258112077603,80.179
shuffled_inf,21,30,0,2628.9459007434034,101.526
shuffled_inf,21,30,1,2406.6610148386853,101.083
shuffled_inf,21,30,10,1530.1061092161526,102.338
shuffled_inf,21,30,11,2821.456536236561,103.84
shuffled_inf,21,30,12,2060.9259888562465,100.017
shuffled_inf,21,30,13,1571.2636812002156,102.086
shuffled_inf,21,30,14,2233.248848653946,102.289
shuffled_inf,21,30,15,1390.1148014695455,102.036
shuffled_inf,21,30,16,549.3647630717383,102.36
shuffled_inf,21,30,17,2065.9210298833905,103.522
shuffled_inf,21,30,18,1420.016757988291,102.302
shuffled_inf,21,30,19,1866.358271315652,102.907
shuffled_inf,21,30,2,1270.3268486349798,101.831
shuffled_inf,21,30,20,2458.4079631682616,101.306
shuffled_inf,21,30,21,1530.5720369930923,103.094
shuffled_inf,21,30,22,1999.7601797840998,101.899
shuffled_inf,21,30,23,1176.0720798609855,104.21
shuffled_inf,21,30,24,1733.1594276574533,101.939
shuffled_inf,21,30,25,1588.7401800606058,103.027
shuffled_inf,21,30,26,2178.474263961377,99.955
shuffled_inf,21,30,27,2113.387245999099,101.988
shuffled_inf,21,30,28,2016.6295507667583,103.238
shuffled_inf,21,30,29,2989.588878112124,102.852
shuffled_inf,21,30,3,2262.4936373809305,99.607
shuffled_inf,21,30,4,1763.248300960221,101.594
shuffled_inf,21,30,5,1135.4146920698531,103.089
shuffled_inf,21,30,6,2607.4590702386886,102.96
shuffled_inf,21,30,7,776.8087159935176,102.442
shuffled_inf,21,30,8,1212.5041125083026,102.824
shuffled_inf,21,30,9,2566.3029234946807,101.553
shuffled_inf,22,30,0,900.5987667331128,120.694
shuffled_inf,22,30,1,201.0879578484496,117.112
shuffled_inf,22,30,10,1043.6084819506245,120.375
shuffled_inf,22,30,11,201.67962617252624,118.436
shuffled_inf,22,30,12,201.36474831846954,117.523
shuffled_inf,22,30,13,201.7570488829292,117.234
shuffled_inf,22,30,14,201.79107454156838,117.364
shuffled_inf,22,30,15,201.44890733759712,117.413
shuffled_inf,22,30,16,893.2438357480855,120.103
shuffled_inf,22,30,17,733.0391927987966,121.037
shuffled_inf,22,30,18,202.18231722892642,117.651
shuffled_inf,22,30,19,201.45848550047867,117.026
shuffled_inf,22,30,2,201.13608774252043,117.579
shuffled_inf,22,30,20,201.1684312294292,117.354
shuffled_inf,22,30,21,765.6730793936654,120.363
shuffled_inf,22,30,22,201.31170415794668,117.535
shuffled_inf,22,30,23,201.34439551334617,118.613
shuffled_inf,22,30,24,201.88018657448993,117.911
shuffled_inf,22,30,25,201.6559317081069,117.549
shuffled_inf,22,30,26,762.3681402890552,120.833
shuffled_inf,22,30,27,857.5228501533311,120.471
shuffled_inf,22,30,28,201.19123894177073,117.316
shuffled_inf,22,30,29,201.64581120350977,118.89
shuffled_inf,22,30,3,914.0854081899438,120.696
shuffled_inf,22,30,4,101.15177937796852,120.333
shuffled_inf,22,30,5,201.73707732902403,118.236
shuffled_inf,22,30,6,912.3646174989681,120.636
shuffled_inf,22,30,7,201.5877716467403,117.059
shuffled_inf,22,30,8,201.81485466348204,117.337
shuffled_inf,22,30,9,201.51863892976462,117.478
shuffled_inf,23,30,0,200.9778821957907,96.04
shuffled_inf,23,30,1,200.65535575264767,95.583
shuffled_inf,23,30,10,200.859003448983,95.584
shuffled_inf,23,30,11,201.00921411716627,96.363
shuffled_inf,23,30,12,667.1879798528607,96.067
shuffled_inf,23,30,13,201.0900065827218,95.468
shuffled_inf,23,30,14,922.0363634358191,95.733
shuffled_inf,23,30,15,201.26100823751904,95.743
shuffled_inf,23,30,16,200.8012377613818,95.681
shuffled_inf,23,30,17,200.7457158268935,96.451
shuffled_inf,23,30,18,200.82598211333288,96.096
shuffled_inf,23,30,19,200.78042175515884,95.874
shuffled_inf,23,30,2,200.8865859289349,95.634
shuffled_inf,23,30,20,200.7830680659804,95.839
shuffled_inf,23,30,21,200.73957897822993,95.893
shuffled_inf,23,30,22,200.82874710955002,95.612
shuffled_inf,23,30,23,200.72646210013045,96.238
shuffled_inf,23,30,24,200.75292115837328,95.816
shuffled_inf,23,30,25,200.85486257794764,95.423
shuffled_inf,23,30,26,544.1912821038795,95.839
shuffled_inf,23,30,27,200.93928039834873,95.841
shuffled_inf,23,30,28,200.7874327489826,95.155
shuffled_inf,23,30,29,723.4960847710813,96.579
shuffled_inf,23,30,3,201.0811493404226,95.687
shuffled_inf,23,30,4,201.191019947546,95.935
shuffled_inf,23,30,5,200.76132458909797,96.428
shuffled_inf,23,30,6,200.6496946916841,95.948
shuffled_inf,23,30,7,200.7715522845465,95.435
shuffled_inf,23,30,8,200.75514060643945,95.871
shuffled_inf,23,30,9,201.089024221425,96.018
shuffled_inf,24,30,0,450.8065026293748,110.916
shuffled_inf,24,30,1,474.7843023974656,110.24
shuffled_inf,24,30,10,461.32223077930666,109.697
shuffled_inf,24,30,11,433.05824848474595,111.339
shuffled_inf,24,30,12,436.9807942967177,111.291
shuffled_inf,24,30,13,447.98716492130325,110.194
shuffled_inf,24,30,14,441.3596960129553,110.419
shuffled_inf,24,30,15,434.8372122660967,110.634
shuffled_inf,24,30,16,458.19277196525854,110.936
shuffled_inf,24,30,17,533.9389002702565,111.734
shuffled_inf,24,30,18,430.146039927271,111.204
shuffled_inf,24,30,19,437.0780579314369,111.101
shuffled_inf,24,30,2,436.69775184235095,110.176
shuffled_inf,24,30,20,514.6454279245759,110.914
shuffled_inf,24,30,21,434.2834264452795,111.419
shuffled_inf,24,30,22,428.78084208909786,110.653
shuffled_inf,24,30,23,436.58238616522885,110.905
shuffled_inf,24,30,24,465.00057426281364,110.862
shuffled_inf,24,30,25,438.0514938947058,110.343
shuffled_inf,24,30,26,479.3975682916125,110.088
shuffled_inf,24,30,27,427.09275771688635,110.729
shuffled_inf,24,30,28,488.2644771019377,109.917
shuffled_inf,24,30,29,440.7081508854708,111.135
shuffled_inf,24,30,3,431.2224721811426,110.532
shuffled_inf,24,30,4,425.6653037556698,110.173
shuffled_inf,24,30,5,494.39845456961393,110.685
shuffled_inf,24,30,6,437.240722387025,109.925
shuffled_inf,24,30,7,502.4650218899851,110.051
shuffled_inf,24,30,8,440.7295248877999,110.018
shuffled_inf,24,30,9,539.6684071991826,110.495
shuffled_inf,25,30,0,879.5808577513781,403.313
shuffled_inf,25,30,1,851.0515118179082,401.813
shuffled_inf,25,30,10,798.7860301749411,400.487
shuffled_inf,25,30,11,835.4328138530382,403.758
shuffled_inf,25,30,12,828.2782014529839,402.176
shuffled_inf,25,30,13,712.4160250443238,401.101
shuffled_inf,25,30,14,0.0034589081601552607,395.513
shuffled_inf,25,30,15,851.3381973248215,400.76
shuffled_inf,25,30,16,729.591026551464,400.651
shuffled_inf,25,30,17,754.1615144057378,405.401
shuffled_inf,25,30,18,731.3694632990623,399.705
shuffled_inf,25,30,19,689.3976078758315,401.707
shuffled_inf,25,30,2,763.1241729813864,401.517
shuffled_inf,25,30,20,675.2579730583839,398.56
shuffled_inf,25,30,21,869.7385197612039,398.559
shuffled_inf,25,30,22,734.0356234547535,401.953
shuffled_inf,25,30,23,799.9508608905944,405.211
shuffled_inf,25,30,24,742.2153859285181,403.611
shuffled_inf,25,30,25,795.108483983367,401.759
shuffled_inf,25,30,26,867.3318434671701,403.474
shuffled_inf,25,30,27,778.2111344922005,402.04
shuffled_inf,25,30,28,806.3311511310585,402.298
shuffled_inf,25,30,29,756.3474692520294,405.718
shuffled_inf,25,30,3,776.573137377588,402.734
shuffled_inf,25,30,4,798.0350451129075,401.151
shuffled_inf,25,30,5,813.8824464264517,404.885
shuffled_inf,25,30,6,891.0683672040786,399.599
shuffled_inf,25,30,7,787.7424258151832,398.951
shuffled_inf,25,30,8,0.003525343492583488,396.067
shuffled_inf,25,30,9,783.4214704264909,401.023
shuffled_inf,26,30,0,1186.9084478044015,413.59
shuffled_inf,26,30,1,1901.8956005593154,412.891
shuffled_inf,26,30,10,1383.2150217159897,411.237
shuffled_inf,26,30,11,1343.0058410651027,416.097
shuffled_inf,26,30,12,1449.2423702170709,266.859
shuffled_inf,26,30,13,1545.0051797339856,273.933
shuffled_inf,26,30,14,1408.344768026509,282.427
shuffled_inf,26,30,15,1371.221287235745,274.024
shuffled_inf,26,30,16,1208.6891318031785,263.557
shuffled_inf,26,30,17,1341.9804055895775,193.696
shuffled_inf,26,30,18,1192.6482889184426,140.617
shuffled_inf,26,30,19,1685.3328967705274,151.822
shuffled_inf,26,30,2,1268.3077168838572,412.426
shuffled_inf,26,30,20,1389.3539109614812,151.207
shuffled_inf,26,30,21,824.4944943132227,151.703
shuffled_inf,26,30,22,1185.9895429043695,129.655
shuffled_inf,26,30,23,1099.6513023243078,143.613
shuffled_inf,26,30,24,2509.256638470776,335.546
shuffled_inf,26,30,25,604.8082700898558,316.965
shuffled_inf,26,30,26,1128.2825241969126,305.985
shuffled_inf,26,30,27,658.1418039293985,314.351
shuffled_inf,26,30,28,876.633768498843,348.675
shuffled_inf,26,30,29,1294.0920658339928,418.054
shuffled_inf,26,30,3,953.5774571089896,412.401
shuffled_inf,26,30,4,928.2446792012074,412.222
shuffled_inf,26,30,5,1910.7496047480618,416.437
shuffled_inf,26,30,6,966.216813914938,413.424
shuffled_inf,26,30,7,1085.4793570486,411.752
shuffled_inf,26,30,8,1056.9828322045023,411.506
shuffled_inf,26,30,9,1449.1913438658603,411.794
shuffled_inf,27,30,0,67.99790277723105,390.261
shuffled_inf,27,30,1,47.195535346153065,389.231
shuffled_inf,27,30,10,87.12141720754698,377.376
shuffled_inf,27,30,11,211.6853130720774,380.462
shuffled_inf,27,30,12,114.05246495101892,388.849
shuffled_inf,27,30,13,82.16304612884596,381.717
shuffled_inf,27,30,14,436.1763366531468,380.814
shuffled_inf,27,30,15,95.02506967220006,381.731
shuffled_inf,27,30,16,75.0280141729254,387.66
shuffled_inf,27,30,17,79.2969430775338,384.776
shuffled_inf,27,30,18,453.99545191171273,208.981
shuffled_inf,27,30,19,67.81791651608319,230.596
shuffled_inf,27,30,2,99.81248091694033,389.137
shuffled_inf,27,30,20,108.03341616322723,242.378
shuffled_inf,27,30,21,73.55654754770012,231.615
shuffled_inf,27,30,22,96.18274917375402,198.371
shuffled_inf,27,30,23,66.75920444393432,120.963
shuffled_inf,27,30,24,69.38245918377515,127.239
shuffled_inf,27,30,25,72.84937928612862,126.173
shuffled_inf,27,30,26,92.18225738005822,126.1
shuffled_inf,27,30,27,439.52866506768896,126.409
shuffled_inf,27,30,28,448.19407027359466,127.445
shuffled_inf,27,30,29,82.82266582687998,133.916
shuffled_inf,27,30,3,162.70587964329707,390.169
shuffled_inf,27,30,4,312.4989159671486,388.366
shuffled_inf,27,30,5,108.12949715952709,392.802
shuffled_inf,27,30,6,409.0178042150819,379.287
shuffled_inf,27,30,7,340.5965157330297,382.424
shuffled_inf,27,30,8,74.45278155751248,382.937
shuffled_inf,27,30,9,452.7542173371353,383.356
shuffled_inf,28,30,0,55236.856254074206,253.14
shuffled_inf,28,30,1,51331.649941009295,250.791
shuffled_inf,28,30,10,35284.22644373391,259.395
shuffled_inf,28,30,11,66340.42230655256,260.266
shuffled_inf,28,30,12,66591.51988350714,267.507
shuffled_inf,28,30,13,41842.756276161876,264.97
shuffled_inf,28,30,14,49472.88582749641,261.225
shuffled_inf,28,30,15,61034.47436223675,264.051
shuffled_inf,28,30,16,54657.299482671515,268.348
shuffled_inf,28,30,17,44374.23077716485,278.445
shuffled_inf,28,30,18,53276.56688187558,286.61
shuffled_inf,28,30,19,33930.86503266854,288.144
shuffled_inf,28,30,2,22922.020512665713,249.906
shuffled_inf,28,30,20,43417.3741929961,274.843
shuffled_inf,28,30,21,75895.52333433933,289.686
shuffled_inf,28,30,22,56761.034685769104,289.166
shuffled_inf,28,30,23,45154.81272970604,289.744
shuffled_inf,28,30,24,35119.41289761299,284.945
shuffled_inf,28,30,25,53122.2573567871,284.469
shuffled_inf,28,30,26,43149.0719029839,273.439
shuffled_inf,28,30,27,54521.76359063339,284.426
shuffled_inf,28,30,28,39407.953340935484,285.984
shuffled_inf,28,30,29,54217.08276471881,290.431
shuffled_inf,28,30,3,41119.50238884354,250.237
shuffled_inf,28,30,4,45105.346105890654,255.325
shuffled_inf,28,30,5,48667.17791688339,260.449
shuffled_inf,28,30,6,43028.16993264837,257.337
shuffled_inf,28,30,7,36654.84242443788,256.915
shuffled_inf,28,30,8,44303.84249200604,257.219
shuffled_inf,28,30,9,47351.87887488264,256.77
shuffled_inf,29,30,0,2154278.0297291307,150.377
shuffled_inf,29,30,1,1328454.5931973432,151.339
shuffled_inf,29,30,10,697304.9210020931,151.347
shuffled_inf,29,30,11,209349.74746309538,152.61
shuffled_inf,29,30,12,789564.1355459769,150.584
shuffled_inf,29,30,13,295837.0927937097,151.555
shuffled_inf,29,30,14,1037609.650543196,150.783
shuffled_inf,29,30,15,533745.672091084,150.581
shuffled_inf,29,30,16,684882.2094819348,149.298
shuffled_inf,29,30,17,287155.3800133978,153.309
shuffled_inf,29,30,18,616059.8193687863,155.728
shuffled_inf,29,30,19,6423263.007601209,151.711
shuffled_inf,29,30,2,533131.6427871421,144.609
shuffled_inf,29,30,20,1079882.5511598838,152.234
shuffled_inf,29,30,21,429296.5762235109,153.902
shuffled_inf,29,30,22,697198.2972391238,155.4
shuffled_inf,29,30,23,806120.199477034,157.102
shuffled_inf,29,30,24,751649.8275684458,143.293
shuffled_inf,29,30,25,634862.5074733869,149.085
shuffled_inf,29,30,26,430916.47243356926,157.338
shuffled_inf,29,30,27,796873.0713940187,148.849
shuffled_inf,29,30,28,879614.4229202147,138.822
shuffled_inf,29,30,29,646000.951254074,104.405
shuffled_inf,29,30,3,1112299.7187465762,151.603
shuffled_inf,29,30,4,826500.8612953488,151.924
shuffled_inf,29,30,5,937785.3329275239,152.805
shuffled_inf,29,30,6,936889.5856814857,151.102
shuffled_inf,29,30,7,434602.2753768513,150.604
shuffled_inf,29,30,8,914081.9529901692,150.003
shuffled_inf,29,30,9,397204.0025807567,151.607
shuffled_inf,3,30,0,93.43644423031856,25.428
shuffled_inf,3,30,1,64.0277284433983,25.381
shuffled_inf,3,30,10,14.870598894077773,21.682
shuffled_inf,3,30,11,93.09006383836709,21.75
shuffled_inf,3,30,12,81.6352099921196,20.835
shuffled_inf,3,30,13,116.91635510639225,20.676
shuffled_inf,3,30,14,14.313389073318262,20.798
shuffled_inf,3,30,15,11.74212784837215,20.768
shuffled_inf,3,30,16,14.888162924561357,20.723
shuffled_inf,3,30,17,82.39658012859536,20.949
shuffled_inf,3,30,18,64.98942367684799,21.632
shuffled_inf,3,30,19,82.7871076081874,21.61
shuffled_inf,3,30,2,79.7612446965623,25.158
shuffled_inf,3,30,20,14.642053425347456,21.586
shuffled_inf,3,30,21,2.67359522402802,21.593
shuffled_inf,3,30,22,94.02609735970469,21.662
shuffled_inf,3,30,23,70.22415472931743,21.86
shuffled_inf,3,30,24,82.30791868326207,20.525
shuffled_inf,3,30,25,72.04189293578821,20.589
shuffled_inf,3,30,26,13.642590917339362,20.743
shuffled_inf,3,30,27,35.35082636305731,20.661
shuffled_inf,3,30,28,79.91978765924506,20.836
shuffled_inf,3,30,29,45.742326094672364,20.529
shuffled_inf,3,30,3,73.58139634107272,25.039
shuffled_inf,3,30,4,69.70456032208335,25.155
shuffled_inf,3,30,5,143.04081546821567,25.556
shuffled_inf,3,30,6,74.52029311182321,21.475
shuffled_inf,3,30,7,127.33462940138588,21.469
shuffled_inf,3,30,8,80.55217263682835,21.592
shuffled_inf,3,30,9,74.07007872162166,21.353
shuffled_inf,4,30,0,472.60977149192763,19.325
shuffled_inf,4,30,1,477.62395321691656,18.986
shuffled_inf,4,30,10,585.0424196830455,19.376
shuffled_inf,4,30,11,741.2432056195903,19.329
shuffled_inf,4,30,12,507.4488962821845,19.521
shuffled_inf,4,30,13,727.3300012529928,19.566
shuffled_inf,4,30,14,523.3684944174206,19.365
shuffled_inf,4,30,15,624.8399940471963,19.404
shuffled_inf,4,30,16,672.6065024190118,19.479
shuffled_inf,4,30,17,871.5889562204086,19.772
shuffled_inf,4,30,18,513.4154876294206,19.845
shuffled_inf,4,30,19,635.785044748588,19.891
shuffled_inf,4,30,2,556.2332722804159,19.412
shuffled_inf,4,30,20,417.90711739863696,19.997
shuffled_inf,4,30,21,387.07352797432907,19.992
shuffled_inf,4,30,22,490.53437455581775,20.176
shuffled_inf,4,30,23,513.4339271216323,20.408
shuffled_inf,4,30,24,515.3987091856308,20.231
shuffled_inf,4,30,25,423.86015142490817,20.099
shuffled_inf,4,30,26,399.02701195781833,20.16
shuffled_inf,4,30,27,902.4605564725739,20.335
shuffled_inf,4,30,28,610.891230014436,19.995
shuffled_inf,4,30,29,624.8433645543869,20.086
shuffled_inf,4,30,3,384.0889778296473,19.245
shuffled_inf,4,30,4,401.98430957444293,19.223
shuffled_inf,4,30,5,643.7655866705954,19.14
shuffled_inf,4,30,6,620.8615330126213,19.303
shuffled_inf,4,30,7,428.86326235395086,19.111
shuffled_inf,4,30,8,611.9143053543703,19.18
shuffled_inf,4,30,9,307.4899186137602,19.103
shuffled_inf,5,30,0,0.00015466988975276763,42.116
shuffled_inf,5,30,1,7.861182837132219e-05,42.176
shuffled_inf,5,30,10,0.0006096807412063754,43.126
shuffled_inf,5,30,11,0.0008622025807767386,43.829
shuffled_inf,5,30,12,8.923345853872888e-05,41.996
shuffled_inf,5,30,13,0.0002629377830203339,41.995
shuffled_inf,5,30,14,0.00010239369998998882,41.882
shuffled_inf,5,30,15,2.2551680615379155e-05,41.942
shuffled_inf,5,30,16,0.0008776435486765877,41.959
shuffled_inf,5,30,17,3.9218854567479866e-05,42.485
shuffled_inf,5,30,18,3.947469832610295e-05,42.683
shuffled_inf,5,30,19,0.0006397561643325389,43.031
shuffled_inf,5,30,2,0.0004655995576285932,42.046
shuffled_inf,5,30,20,0.00014036841986353465,42.843
shuffled_inf,5,30,21,6.10649034342714e-05,42.999
shuffled_inf,5,30,22,0.0015161701591068777,43.1
shuffled_inf,5,30,23,0.0005917211346400109,43.56
shuffled_inf,5,30,24,0.00025556020631256615,42.19
shuffled_inf,5,30,25,0.000433895138655771,42.24
shuffled_inf,5,30,26,1.1654362879198743e-06,42.054
shuffled_inf,5,30,27,0.001250162590963555,42.118
shuffled_inf,5,30,28,0.00041364312755831634,42.468
shuffled_inf,5,30,29,0.000256863838501431,42.72
shuffled_inf,5,30,3,4.0534916308843094e-05,42.068
shuffled_inf,5,30,4,0.0016838416005384715,42.364
shuffled_inf,5,30,5,0.00011097266707338349,42.632
shuffled_inf,5,30,6,0.0009162892046106208,43.078
shuffled_inf,5,30,7,0.0006684009227342358,43.32
shuffled_inf,5,30,8,0.00017381855877829366,43.074
shuffled_inf,5,30,9,0.0002602803908189344,43.272
shuffled_inf,6,30,0,383.7959278618382,24.629
shuffled_inf,6,30,1,156.47776527494784,24.334
shuffled_inf,6,30,10,396.8996246315685,24.529
shuffled_inf,6,30,11,383.9566796620311,24.651
shuffled_inf,6,30,12,413.44588522695744,23.945
shuffled_inf,6,30,13,412.72009442111585,24.018
shuffled_inf,6,30,14,343.0819787503542,23.938
shuffled_inf,6,30,15,275.0750536288874,24.056
shuffled_inf,6,30,16,439.1708195208316,24.257
shuffled_inf,6,30,17,588.1207446314097,24.231
shuffled_inf,6,30,18,389.95877512631614,44.802
shuffled_inf,6,30,19,286.39389824916805,44.667
shuffled_inf,6,30,2,492.3502033654388,24.499
shuffled_inf,6,30,20,240.5659177640573,45.54
shuffled_inf,6,30,21,271.50123859729126,45.267
shuffled_inf,6,30,22,423.4102744884309,49.072
shuffled_inf,6,30,23,379.19222450994334,54.925
shuffled_inf,6,30,24,529.4589771711053,72.689
shuffled_inf,6,30,25,463.36696719880365,72.489
shuffled_inf,6,30,26,721.2943390444575,72.16
shuffled_inf,6,30,27,443.7410908974066,72.507
shuffled_inf,6,30,28,334.62996416502233,71.707
shuffled_inf,6,30,29,487.9074093947013,72.454
shuffled_inf,6,30,3,439.7973265791618,24.514
shuffled_inf,6,30,4,317.1319632215012,24.348
shuffled_inf,6,30,5,391.1559756079148,24.42
shuffled_inf,6,30,6,360.8559149749044,24.433
shuffled_inf,6,30,7,418.2190444301352,24.5
shuffled_inf,6,30,8,399.3214031910676,24.486
shuffled_inf,6,30,9,532.2350333375009,24.296
shuffled_inf,7,30,0,376.5000010110757,107.983
shuffled_inf,7,30,1,346.0000000022487,107.98
shuffled_inf,7,30,10,453.0000012908224,107.39
shuffled_inf,7,30,11,410.0000007681872,104.35
shuffled_inf,7,30,12,420.5000001857695,69.038
shuffled_inf,7,30,13,426.50000182339704,68.217
shuffled_inf,7,30,14,332.00000114880913,68.961
shuffled_inf,7,30,15,518.5000000085533,67.983
shuffled_inf,7,30,16,372.0000000108457,69.403
shuffled_inf,7,30,17,450.500000015202,72.99
shuffled_inf,7,30,18,520.5000000596547,64.543
shuffled_inf,7,30,19,464.50000021800906,64.945
shuffled_inf,7,30,2,396.0000024273006,107.466
shuffled_inf,7,30,20,513.0000001110061,65.621
shuffled_inf,7,30,21,505.50000016172953,64.959
shuffled_inf,7,30,22,312.0000006426551,59.799
shuffled_inf,7,30,23,344.50000002720253,56.707
shuffled_inf,7,30,24,408.00000112331645,75.429
shuffled_inf,7,30,25,410.5000001576391,74.289
shuffled_inf,7,30,26,306.50000019811455,75.12
shuffled_inf,7,30,27,394.50000009903647,73.995
shuffled_inf,7,30,28,382.0000001240953,75.65
shuffled_inf,7,30,29,392.000000613413,71.951
shuffled_inf,7,30,3,314.00000005016045,107.996
shuffled_inf,7,30,4,410.00000002044044,108.479
shuffled_inf,7,30,5,394.0000013127435,108.331
shuffled_inf,7,30,6,410.5000002571585,107.337
shuffled_inf,7,30,7,382.50000010034,106.942
shuffled_inf,7,30,8,382.0000004651631,106.486
shuffled_inf,7,30,9,260.000000399858,107.36
shuffled_inf,8,30,0,12.245287254629375,22.162
shuffled_inf,8,30,1,5.324530503339588,23.672
shuffled_inf,8,30,10,12.212043386522964,57.707
shuffled_inf,8,30,11,8.670092637746052,51.877
shuffled_inf,8,30,12,17.88716684573228,21.041
shuffled_inf,8,30,13,5.145474661445405,20.692
shuffled_inf,8,30,14,9.966748147758835,20.915
shuffled_inf,8,30,15,8.238637305680868,21.163
shuffled_inf,8,30,16,9.578721529682525,21.938
shuffled_inf,8,30,17,13.56841808954664,23.162
shuffled_inf,8,30,18,9.943523309308603,26.923
shuffled_inf,8,30,19,10.875427953995313,26.689
shuffled_inf,8,30,2,12.96832259714563,22.486
shuffled_inf,8,30,20,11.959053517012762,26.788
shuffled_inf,8,30,21,10.324531664021606,26.878
shuffled_inf,8,30,22,7.3233261619071754,27.126
shuffled_inf,8,30,23,12.725177791357055,26.741
shuffled_inf,8,30,24,7.2337954409209715,26.264
shuffled_inf,8,30,25,11.326277772498656,26.524
shuffled_inf,8,30,26,10.729474239293381,26.345
shuffled_inf,8,30,27,8.507266134667589,26.231
shuffled_inf,8,30,28,11.418896377294573,26.419
shuffled_inf,8,30,29,6.962755168508352,27.051
shuffled_inf,8,30,3,8.974365174840955,23.293
shuffled_inf,8,30,4,12.87390421041141,22.592
shuffled_inf,8,30,5,13.020920052602605,28.752
shuffled_inf,8,30,6,8.05349337706582,58.341
shuffled_inf,8,30,7,10.875078291656791,58.73
shuffled_inf,8,30,8,11.416477284201733,58.349
shuffled_inf,8,30,9,7.238061201262667,58.626
shuffled_inf,9,30,0,2769.157337862607,77.359
shuffled_inf,9,30,1,4238.446982313759,76.626
shuffled_inf,9,30,10,3720.9412823362363,39.633
shuffled_inf,9,30,11,4660.007755232562,29.933
shuffled_inf,9,30,12,3173.800968634763,38.054
shuffled_inf,9,30,13,4203.271768267799,37.831
shuffled_inf,9,30,14,3847.398673381742,36.806
shuffled_inf,9,30,15,5298.525908780853,37.863
shuffled_inf,9,30,16,5219.526698900201,38.413
shuffled_inf,9,30,17,3584.785009796695,38.633
shuffled_inf,9,30,18,3530.9351263362387,37.385
shuffled_inf,9,30,19,3728.4799555731515,37.668
shuffled_inf,9,30,2,3345.9750027352184,73.566
shuffled_inf,9,30,20,4622.075925840927,38.367
shuffled_inf,9,30,21,2800.5240977175217,38.266
shuffled_inf,9,30,22,4101.400797433929,37.57
shuffled_inf,9,30,23,4382.824137375226,38.592
shuffled_inf,9,30,24,4787.835891244293,37.249
shuffled_inf,9,30,25,3318.8430466567006,37.099
shuffled_inf,9,30,26,4509.89718647952,36.19
shuffled_inf,9,30,27,4535.902956785726,36.52
shuffled_inf,9,30,28,3429.9058495301524,36.865
shuffled_inf,9,30,29,3704.5651712193758,37.647
shuffled_inf,9,30,3,4289.432980120007,76.13
shuffled_inf,9,30,4,4083.245181734397,78.154
shuffled_inf,9,30,5,4196.626493878786,88.934
shuffled_inf,9,30,6,3998.9536146944592,41.418
shuffled_inf,9,30,7,4605.113890822682,42.38
shuffled_inf,9,30,8,3765.0132214310015,43.377
shuffled_inf,9,30,9,4256.687264884389,42.168
social,10,30,0,42143.71917194835,19.255
social,10,30,1,68160.3275398888,19.502
social,10,30,10,52138.58341657043,19.754
social,10,30,11,51683.94318021263,19.512
social,10,30,12,42370.0206911924,38.443
social,10,30,13,54691.4091661399,38.991
social,10,30,14,55420.48752354382,34.388
social,10,30,15,58255.64858546808,38.439
social,10,30,16,71627.00361322094,37.494
social,10,30,17,46294.351165259344,34.855
social,10,30,18,40975.81862690834,49.514
social,10,30,19,56057.188912231366,49.547
social,10,30,2,38239.429691505546,19.337
social,10,30,20,52225.740441589325,49.617
social,10,30,21,59458.31288187893,49.623
social,10,30,22,42775.31978802968,49.639
social,10,30,23,29589.283839656626,49.407
social,10,30,24,45441.57359716067,49.893
social,10,30,25,60479.301321740335,49.678
social,10,30,26,63979.79144293924,50.091
social,10,30,27,43092.037417696425,49.931
social,10,30,28,55986.58424325856,49.986
social,10,30,29,58533.1094373095,49.856
social,10,30,3,61426.50667957308,19.222
social,10,30,4,70420.898511365,19.201
social,10,30,5,45526.646652084164,19.391
social,10,30,6,47633.92376451728,19.59
social,10,30,7,71897.432280296,19.65
social,10,30,8,54004.62622272125,19.696
social,10,30,9,57966.03480486007,19.597
social,11,30,0,3645461.5631337846,36.86
social,11,30,1,2542164.0809347387,36.834
social,11,30,10,2310514.1003514514,26.309
social,11,30,11,3782670.0830406244,25.156
social,11,30,12,6574925.524232459,26.313
social,11,30,13,2836630.785679351,26.125
social,11,30,14,2933986.326766787,27.086
social,11,30,15,1257543.010596321,26.133
social,11,30,16,4739942.880311538,26.157
social,11,30,17,7671650.7341290675,25.933
social,11,30,18,1198986.248164383,26.64
social,11,30,19,13891603.50188025,27.564
social,11,30,2,2065058.1992807905,40.035
social,11,30,20,2318315.394049642,27.859
social,11,30,21,2269953.241488089,26.71
social,11,30,22,2210652.3521963605,26.703
social,11,30,23,3072028.4002388683,26.604
social,11,30,24,1701670.5655564412,26.925
social,11,30,25,6725641.384504218,26.857
social,11,30,26,1922142.6724565255,26.972
social,11,30,27,1294382.393386717,27.092
social,11,30,28,10374518.00268552,26.797
social,11,30,29,3306103.307016216,26.724
social,11,30,3,10099147.87980385,36.122
social,11,30,4,3624703.085732607,36.763
social,11,30,5,3426504.776045499,39.624
social,11,30,6,8082590.7766109705,25.195
social,11,30,7,5821705.079905983,26.055
social,11,30,8,10726461.219198445,26.05
social,11,30,9,13967847.082910005,25.208
social,12,30,0,120516.0494357014,21.526
social,12,30,1,112373.3286087551,21.421
social,12,30,10,181517.69861396847,21.186
social,12,30,11,92680.42352835232,21.451
social,12,30,12,100337.52099071488,21.687
social,12,30,13,92522.53075576878,21.501
social,12,30,14,91489.0427354935,21.577
social,12,30,15,97425.2095455112,21.692
social,12,30,16,107577.99093521133,21.601
social,12,30,17,93230.34180117419,21.505
social,12,30,18,96644.26709766107,23.153
social,12,30,19,145458.3106030608,23.513
social,12,30,2,137072.4096895874,21.496
social,12,30,20,96893.75009032006,23.066
social,12,30,21,108071.69637037392,22.926
social,12,30,22,117237.08558628379,23.308
social,12,30,23,187120.76196131896,22.729
social,12,30,24,93191.13175420504,24.246
social,12,30,25,119644.10892028763,24.126
social,12,30,26,93606.87054924147,23.874
social,12,30,27,85274.51652583142,24.022
social,12,30,28,92471.6264415349,23.972
social,12,30,29,129327.3393777144,23.901
social,12,30,3,87396.56284259076,21.434
social,12,30,4,102767.90033483366,21.414
social,12,30,5,109807.49066606605,21.27
social,12,30,6,110176.94079084079,21.345
social,12,30,7,114614.90496640581,21.364
social,12,30,8,89448.47612550529,21.203
social,12,30,9,102024.41203916591,21.253
social,13,30,0,81114.82930942936,29.551
social,13,30,1,131560.19141383743,29.725
social,13,30,10,120505.2912285529,29.481
social,13,30,11,166728.782192551,29.258
social,13,30,12,113961.2426314909,29.423
social,13,30,13,98304.4808430107,29.295
social,13,30,14,87085.44700983912,29.367
social,13,30,15,130997.83408184431,29.52
social,13,30,16,98700.75013523594,29.321
social,13,30,17,137903.06649240316,29.404
social,13,30,18,128408.85960679763,29.102
social,13,30,19,105921.93886515046,29.139
social,13,30,2,99777.9757899966,29.624
social,13,30,20,126875.1404778124,29.351
social,13,30,21,89878.11365637084,29.269
social,13,30,22,83076.31183405049,29.195
social,13,30,23,66050.78083620475,29.195
social,13,30,24,110665.4880790961,29.693
social,13,30,25,97045.75591331866,29.618
social,13,30,26,166546.1133961065,29.677
social,13,30,27,86404.07186792107,29.613
social,13,30,28,120598.75761809538,29.778
social,13,30,29,87757.29928323752,29.431
social,13,30,3,102275.575679958,29.599
social,13,30,4,148364.43143203948,29.834
social,13,30,5,123277.67584573728,29.558
social,13,30,6,121721.78353190514,29.358
social,13,30,7,87822.83402661496,29.487
social,13,30,8,119893.75422789346,29.615
social,13,30,9,91775.30830642913,29.467
social,14,30,0,68137.9153712285,25.272
social,14,30,1,65575.7145607598,25.257
social,14,30,10,63955.815283171825,25.021
social,14,30,11,81859.56351838226,25.113
social,14,30,12,66459.70278438444,25.075
social,14,30,13,60305.11421431723,25.415
social,14,30,14,69670.76327383498,25.017
social,14,30,15,86826.18868381219,25.077
social,14,30,16,62098.52554151598,25.248
social,14,30,17,70494.56239982939,25.03
social,14,30,18,61789.25615211943,25.505
social,14,30,19,71455.07976957137,25.491
social,14,30,2,54475.31887560951,25.217
social,14,30,20,75851.50334771464,25.53
social,14,30,21,55652.203115118464,25.746
social,14,30,22,64827.67727976473,25.565
social,14,30,23,67061.63599989605,25.506
social,14,30,24,83746.68386427689,25.356
social,14,30,25,61005.68211013776,25.258
social,14,30,26,73493.31523383543,25.628
social,14,30,27,74088.99562670811,25.588
social,14,30,28,57597.62291574141,25.378
social,14,30,29,63706.93898233684,25.325
social,14,30,3,71679.60700421181,25.18
social,14,30,4,69001.97385627293,25.266
social,14,30,5,80873.15079647403,25.403
social,14,30,6,64791.443423798424,25.058
social,14,30,7,85621.78780766724,25.173
social,14,30,8,89515.89544141771,25.116
social,14,30,9,66557.7211524285,25.251
social,15,30,0,5087.376751974223,56.152
social,15,30,1,7732.694040373743,55.737
social,15,30,10,3205.740487636059,47.633
social,15,30,11,9921.014129182828,47.73
social,15,30,12,6583.152113486411,54.519
social,15,30,13,6166.727413128885,53.675
social,15,30,14,2161.7146684933123,53.84
social,15,30,15,2535.0519725398112,54.851
social,15,30,16,2893.0058658524167,52.63
social,15,30,17,8531.08025233772,52.773
social,15,30,18,4155.5022903774125,56.304
social,15,30,19,7977.24830387506,57.135
social,15,30,2,4309.568663105167,55.302
social,15,30,20,2886.7969111889142,57.608
social,15,30,21,4499.528543683223,56.856
social,15,30,22,5669.0987388334925,57.983
social,15,30,23,11802.863110626151,58.017
social,15,30,24,5269.292109103603,56.654
social,15,30,25,2174.5892594577263,58.061
social,15,30,26,3491.4681381243554,57.946
social,15,30,27,6278.836513002371,58.061
social,15,30,28,2812.512504063031,57.815
social,15,30,29,4050.2183891406457,57.359
social,15,30,3,3572.7992077680265,56.294
social,15,30,4,3594.2879679680427,56.05
social,15,30,5,3785.172321707234,56.768
social,15,30,6,4265.482168199564,47.864
social,15,30,7,6545.696040889381,47.997
social,15,30,8,6535.52184100022,47.765
social,15,30,9,5458.874674172223,47.878
social,16,30,0,1826.3792927569107,202.179
social,16,30,1,1034.5756299621926,201.162
social,16,30,10,1845.1216900843351,180.039
social,16,30,11,2141.2378792063137,179.289
social,16,30,12,1794.673992858352,186.865
social,16,30,13,1821.8405685565103,186.51
social,16,30,14,1143.6145234158953,186.402
social,16,30,15,1353.9827729489475,186.667
social,16,30,16,1314.74553730369,185.182
social,16,30,17,1863.4719561250386,186.183
social,16,30,18,1890.382426895174,177.325
social,16,30,19,1432.6512882255574,175.854
social,16,30,2,1773.6210141592724,201.839
social,16,30,20,1621.1098700695275,176.186
social,16,30,21,1645.06165854144,176.501
social,16,30,22,1152.7600170438686,175.972
social,16,30,23,2959.1929929728694,177.027
social,16,30,24,1001.5779567939089,168.94
social,16,30,25,1705.5916979057556,171.559
social,16,30,26,1805.527015925336,168.362
social,16,30,27,1810.748873238903,171.061
social,16,30,28,1879.7705962159662,167.618
social,16,30,29,2033.8366759539667,167.389
social,16,30,3,1678.5888446292006,202.329
social,16,30,4,1391.2480269237794,201.299
social,16,30,5,1912.2740810024752,202.485
social,16,30,6,1578.909921736994,180.038
social,16,30,7,2582.4919579776288,182.184
social,16,30,8,2172.710663701017,181.649
social,16,30,9,2289.2083465097066,182.097
social,17,30,0,141461.44031688973,29.341
social,17,30,1,352609.7600540825,29.389
social,17,30,10,214369.43667707936,29.47
social,17,30,11,155039.06640076076,29.287
social,17,30,12,425856.7224367024,29.417
social,17,30,13,121629.43589560965,29.584
social,17,30,14,201919.2876517979,29.291
social,17,30,15,193507.54762322188,29.593
social,17,30,16,128999.1709607694,29.372
social,17,30,17,203705.57352456666,29.378
social,17,30,18,93934.51966212336,29.541
social,17,30,19,170496.75724701228,29.436
social,17,30,2,146082.01034942243,29.361
social,17,30,20,159670.80098277776,29.706
social,17,30,21,701981.4535846333,29.513
social,17,30,22,180902.15371859501,29.67
social,17,30,23,180140.9155752846,29.558
social,17,30,24,198611.70576732073,29.189
social,17,30,25,368838.1789159996,29.442
social,17,30,26,139973.19437336596,29.27
social,17,30,27,151921.03512591435,29.407
social,17,30,28,252053.6468525909,29.218
social,17,30,29,130863.25141965493,29.143
social,17,30,3,445244.19981954846,29.352
social,17,30,4,82943.07835381814,29.363
social,17,30,5,126971.91915825893,29.252
social,17,30,6,187140.52412824737,29.288
social,17,30,7,127853.68000883944,29.064
social,17,30,8,382361.56373617635,29.312
social,17,30,9,121216.33365012133,29.46
social,18,30,0,27558.08385460755,100.988
social,18,30,1,48205.52477990888,101.493
social,18,30,10,68656.37945037732,97.198
social,18,30,11,38399.11335674019,97.908
social,18,30,12,42454.82180701011,89.103
social,18,30,13,36549.27774605278,90.029
social,18,30,14,51138.98710931026,90.005
social,18,30,15,53902.331823954155,90.02
social,18,30,16,34907.46434381067,88.822
social,18,30,17,35496.9336598193,88.124
social,18,30,18,74055.3160418161,98.191
social,18,30,19,41696.265703932644,98.938
social,18,30,2,22954.285969873403,99.259
social,18,30,20,41913.043122820454,97.342
social,18,30,21,47407.51256733434,99.477
social,18,30,22,32742.737082213236,99.423
social,18,30,23,34434.7931168314,99.472
social,18,30,24,57370.78583672179,101.369
social,18,30,25,62245.82844509266,99.356
social,18,30,26,37481.3532095598,101.187
social,18,30,27,55248.70327569743,100.076
social,18,30,28,35734.92047725267,101.419
social,18,30,29,42245.20831049728,100.809
social,18,30,3,66918.78429268308,100.597
social,18,30,4,96259.92554842765,101.232
social,18,30,5,73621.07378030244,98.933
social,18,30,6,56124.78189073395,95.191
social,18,30,7,29929.166667902093,94.559
social,18,30,8,33286.41860290173,95.914
social,18,30,9,32320.14577052307,94.271
social,19,30,0,2065.824239491436,190.371
social,19,30,1,1565.3870830207538,191.55
social,19,30,10,1240.5882125201324,203.261
social,19,30,11,3333.02763029572,201.699
social,19,30,12,2113.022910071431,193.919
social,19,30,13,2000.9080262135185,190.938
social,19,30,14,2754.888306683404,192.663
social,19,30,15,1738.9149564344139,193.592
social,19,30,16,3111.4119425927493,192.173
social,19,30,17,1978.5494210069264,193.992
social,19,30,18,1624.5325862098139,198.756
social,19,30,19,2667.753977417631,201.19
social,19,30,2,933.7896174702041,193.044
social,19,30,20,2692.0135866371666,199.824
social,19,30,21,2117.733967004459,198.527
social,19,30,22,1482.5053262108959,198.501
social,19,30,23,1842.563643169327,200.505
social,19,30,24,2111.8740463905015,196.644
social,19,30,25,3216.2369236421564,198.546
social,19,30,26,2384.481376745728,195.874
social,19,30,27,2706.904191812895,199.825
social,19,30,28,1779.8521825580647,194.737
social,19,30,29,1354.4357948402567,195.012
social,19,30,3,2023.7700077699283,191.419
social,19,30,4,1435.8708497362863,192.306
social,19,30,5,2544.175489445899,192.703
social,19,30,6,2235.029524972064,203.541
social,19,30,7,1351.5752507517182,203.808
social,19,30,8,2320.248265635707,201.976
social,19,30,9,2515.1557947984575,205.448
social,1,30,0,256.0308195136269,10.707
social,1,30,1,250.1731309477949,10.5
social,1,30,10,4365.877646265974,10.819
social,1,30,11,2790.000714001323,10.847
social,1,30,12,715.6279615320279,10.778
social,1,30,13,3761.7664684329357,10.771
social,1,30,14,478.3152517265578,10.795
social,1,30,15,709.4386680204171,10.823
social,1,30,16,6849.266551020829,10.808
social,1,30,17,65.44963499289551,10.797
social,1,30,18,301.0920797597275,10.982
social,1,30,19,19.237399473034884,11.075
social,1,30,2,5504.298033634815,10.682
social,1,30,20,941.6269464441939,11.019
social,1,30,21,1504.9743617596682,10.941
social,1,30,22,268.5408514500208,10.983
social,1,30,23,875.5089870497901,10.882
social,1,30,24,3394.8176700520276,10.969
social,1,30,25,408.29343865489545,11.09
social,1,30,26,2600.5941222927895,10.931
social,1,30,27,948.0179756896905,10.964
social,1,30,28,3978.471087091577,10.968
social,1,30,29,2381.417471788365,10.954
social,1,30,3,6832.0217716919005,10.72
social,1,30,4,149.15617493194515,10.69
social,1,30,5,1146.7594431009022,10.603
social,1,30,6,2053.5101262034163,10.722
social,1,30,7,3221.6777031863294,10.842
social,1,30,8,3089.503308908764,10.846
social,1,30,9,693.1923201042888,10.88
social,20,30,0,100.15932313308213,37.435
social,20,30,1,605.8392598274472,37.724
social,20,30,10,1379.0731874616313,37.394
social,20,30,11,100.13059941541042,37.404
social,20,30,12,100.1525535347414,36.933
social,20,30,13,503.00756454219436,36.252
social,20,30,14,745.5448768658648,36.879
social,20,30,15,100.13817307644103,35.682
social,20,30,16,966.3680925579174,37.469
social,20,30,17,100.1469256748228,36.994
social,20,30,18,100.1775452109232,31.905
social,20,30,19,696.9631955046211,32.524
social,20,30,2,1129.9151041843843,38.162
social,20,30,20,100.12939483935588,32.774
social,20,30,21,811.6720299681729,32.781
social,20,30,22,1019.9103426468441,32.855
social,20,30,23,1056.1343763150544,33.197
social,20,30,24,100.23000100386389,36.201
social,20,30,25,820.3365274301536,36.004
social,20,30,26,100.1958119074352,35.535
social,20,30,27,100.13791424552164,37.105
social,20,30,28,608.5675920723252,34.478
social,20,30,29,100.13214838638214,34.233
social,20,30,3,100.14466709899716,37.681
social,20,30,4,706.5010558079366,38.177
social,20,30,5,755.7645795446961,38.214
social,20,30,6,895.9007331737184,37.495
social,20,30,7,1085.0218723454318,37.17
social,20,30,8,623.5595586556401,37.161
social,20,30,9,747.0363520428909,37.156
social,21,30,0,2593.2236034746848,49.003
social,21,30,1,2933.4667285983296,49.602
social,21,30,10,1670.0100813224972,50.869
social,21,30,11,1468.1075385469267,50.624
social,21,30,12,1769.266890597527,47.408
social,21,30,13,925.2803651757977,48.793
social,21,30,14,2308.996087196141,48.871
social,21,30,15,641.5965881506718,48.603
social,21,30,16,1971.6575602195408,49.47
social,21,30,17,1038.674629561243,49.367
social,21,30,18,1770.550063421957,48.576
social,21,30,19,1660.0726681968417,46.177
social,21,30,2,1050.4751659174485,48.86
social,21,30,20,1824.2174072497537,48.545
social,21,30,21,1652.4937045565048,46.05
social,21,30,22,891.0124851018236,48.081
social,21,30,23,1341.876285752085,48.3
social,21,30,24,991.7816799051407,42.956
social,21,30,25,1807.594640267832,43.046
social,21,30,26,1565.2736591789603,42.484
social,21,30,27,831.417896688647,42.384
social,21,30,28,2098.832895254064,42.198
social,21,30,29,490.0805373229887,42.764
social,21,30,3,2393.752400678208,49.77
social,21,30,4,1851.7337004046735,50.176
social,21,30,5,2315.606265407265,49.091
social,21,30,6,2422.5641011964635,49.934
social,21,30,7,1890.9703676247545,50.788
social,21,30,8,1753.8787772937667,50.745
social,21,30,9,1589.5857559235928,50.662
social,22,30,0,966.6893661051627,50.989
social,22,30,1,201.09150002286242,50.467
social,22,30,10,1044.014778814992,54.395
social,22,30,11,200.64035141973454,53.389
social,22,30,12,200.89827563069957,56.125
social,22,30,13,201.17511901562466,56.787
social,22,30,14,200.82238285967833,56.692
social,22,30,15,200.77761699369466,56.542
social,22,30,16,936.1319142497023,57.492
social,22,30,17,891.0817949666416,57.729
social,22,30,18,200.70094969126148,55.485
social,22,30,19,200.6861516079216,55.73
social,22,30,2,200.8124914955256,50.84
social,22,30,20,200.59071452825538,55.732
social,22,30,21,889.8356276095728,57.487
social,22,30,22,1115.6301029395831,56.643
social,22,30,23,200.42340462744323,55.393
social,22,30,24,200.6188006766606,55.998
social,22,30,25,200.85436592996166,56.501
social,22,30,26,811.2985099814669,57.073
social,22,30,27,795.866602636117,56.408
social,22,30,28,200.5222154265166,57.349
social,22,30,29,200.6567891790687,57.117
social,22,30,3,1009.3477802066741,52.03
social,22,30,4,200.63979907929615,48.955
social,22,30,5,200.85194812787586,48.937
social,22,30,6,1051.6375438797777,55.51
social,22,30,7,200.5966790237958,55.064
social,22,30,8,200.64105824693843,54.56
social,22,30,9,200.43767881874464,55.08
social,23,30,0,200.35988979004424,38.966
social,23,30,1,200.39233159239984,38.165
social,23,30,10,200.48131231372463,38.601
social,23,30,11,200.41464267098354,38.738
social,23,30,12,748.2231370957006,40.757
social,23,30,13,200.5612470933179,41.514
social,23,30,14,741.2452711035276,41.066
social,23,30,15,649.1776983628433,41.549
social,23,30,16,200.3709888850667,41.083
social,23,30,17,200.69210940425728,40.0
social,23,30,18,200.71889909620222,44.426
social,23,30,19,200.3687098233845,44.444
social,23,30,2,200.37181415972282,38.863
social,23,30,20,200.4496479539598,43.626
social,23,30,21,200.32216011654327,44.599
social,23,30,22,200.38887388597504,43.894
social,23,30,23,200.41773106712526,43.93
social,23,30,24,200.57538135508048,45.266
social,23,30,25,200.33633184636483,44.074
social,23,30,26,200.53694684656693,44.275
social,23,30,27,200.48579739841398,44.091
social,23,30,28,200.46098481287936,43.741
social,23,30,29,200.3609004674413,44.495
social,23,30,3,200.6079422926009,38.449
social,23,30,4,200.46252919987637,39.397
social,23,30,5,200.44714009816016,39.785
social,23,30,6,200.328860568628,38.826
social,23,30,7,200.4166032495964,38.977
social,23,30,8,200.39423421687206,38.755
social,23,30,9,200.42017419963986,38.949
social,24,30,0,447.25564338564345,48.848
social,24,30,1,505.8550069792136,49.76
social,24,30,10,433.78154371729215,49.719
social,24,30,11,442.9879804331945,49.396
social,24,30,12,434.48906711936525,48.325
social,24,30,13,434.5492738811404,46.833
social,24,30,14,468.9633777909967,49.037
social,24,30,15,435.6226654496272,45.531
social,24,30,16,451.09033813045517,48.792
social,24,30,17,517.9088846295058,48.775
social,24,30,18,432.3400030309963,40.588
social,24,30,19,429.7509930472179,41.352
social,24,30,2,430.0610168046769,48.599
social,24,30,20,565.7635202043125,42.101
social,24,30,21,436.8677186176724,41.156
social,24,30,22,429.07029508042115,41.444
social,24,30,23,439.494307165533,42.035
social,24,30,24,444.7612242593732,44.837
social,24,30,25,430.1618804540394,45.835
social,24,30,26,455.31357718642494,44.553
social,24,30,27,424.8441851794082,45.947
social,24,30,28,516.5840455847938,45.474
social,24,30,29,434.9789975164581,44.006
social,24,30,3,433.9768511080847,49.731
social,24,30,4,436.1011608141066,49.135
social,24,30,5,457.5112770633218,48.82
social,24,30,6,441.83282443854705,49.62
social,24,30,7,432.5074765242143,49.947
social,24,30,8,454.4656565887781,48.884
social,24,30,9,453.4346598830075,49.665
social,25,30,0,865.2547012773848,172.375
social,25,30,1,854.7714535812729,172.299
social,25,30,10,823.1136531475713,167.623
social,25,30,11,812.0914211676104,168.719
social,25,30,12,814.9836878829069,159.257
social,25,30,13,709.1167922550908,159.395
social,25,30,14,795.2189689075421,159.26
social,25,30,15,930.922381385436,161.199
social,25,30,16,827.9706147391407,159.385
social,25,30,17,861.2811860757311,155.694
social,25,30,18,768.9775081713638,177.44
social,25,30,19,730.8972501585558,180.154
social,25,30,2,787.0839765844567,172.383
social,25,30,20,0.002004793220294232,176.893
social,25,30,21,795.5642424056782,184.965
social,25,30,22,796.4445603909489,177.173
social,25,30,23,785.8329106143865,178.168
social,25,30,24,896.8975149976031,387.327
social,25,30,25,819.0365273323619,397.049
social,25,30,26,766.3251998960504,387.162
social,25,30,27,791.503138928213,399.2
social,25,30,28,788.5931642061769,388.364
social,25,30,29,711.5612831173398,373.479
social,25,30,3,772.4678313059253,174.288
social,25,30,4,798.0641611752144,172.224
social,25,30,5,758.4965258930279,170.897
social,25,30,6,740.5250577200659,167.275
social,25,30,7,802.3999683695579,166.197
social,25,30,8,664.6030648518226,166.372
social,25,30,9,797.5915133469975,165.418
social,26,30,0,1868.859494724651,351.896
social,26,30,1,1610.326260765316,351.81
social,26,30,10,1179.3140183350688,413.507
social,26,30,11,1009.3296591097269,411.13
social,26,30,12,965.8664326845219,341.036
social,26,30,13,1442.4584520318203,340.097
social,26,30,14,1244.4181991442774,341.787
social,26,30,15,902.2837005158781,342.137
social,26,30,16,1127.1680682080655,341.095
social,26,30,17,1057.8645165095272,340.414
social,26,30,18,1399.0835084597184,412.218
social,26,30,19,1387.8915830418,411.11
social,26,30,2,1375.7233715959965,352.182
social,26,30,20,1316.5679216480203,412.287
social,26,30,21,980.9144327284189,414.325
social,26,30,22,904.047865159243,412.63
social,26,30,23,1390.3854429774042,410.197
social,26,30,24,2554.0766069095525,411.704
social,26,30,25,757.4118634924125,409.823
social,26,30,26,1657.7439178954728,411.884
social,26,30,27,733.5854145014578,412.861
social,26,30,28,1338.9549222895744,411.875
social,26,30,29,1165.1849280743963,410.815
social,26,30,3,1578.8286855024453,353.401
social,26,30,4,829.4854748520593,352.546
social,26,30,5,1903.1056212004714,350.245
social,26,30,6,792.2024888818223,412.635
social,26,30,7,1777.599505482437,411.763
social,26,30,8,1103.6056632780019,413.03
social,26,30,9,1235.5022704398316,414.287
social,27,30,0,84.94883492953159,370.732
social,27,30,1,77.39086346296426,369.398
social,27,30,10,52.356890841417226,388.33
social,27,30,11,90.2562111933571,385.593
social,27,30,12,401.5534749202616,387.419
social,27,30,13,74.20651855613642,386.168
social,27,30,14,62.85970907776391,386.906
social,27,30,15,82.62580886881506,388.662
social,27,30,16,80.71096096746987,388.443
social,27,30,17,56.40691039522653,385.379
social,27,30,18,73.90072621888521,390.581
social,27,30,19,123.61247961108938,389.952
social,27,30,2,79.43761322439332,370.915
social,27,30,20,55.69211807191505,390.731
social,27,30,21,73.55083826848931,391.202
social,27,30,22,130.5426625506543,391.688
social,27,30,23,66.31265392232399,389.129
social,27,30,24,103.33111310572622,389.752
social,27,30,25,261.76464791830404,388.926
social,27,30,26,284.620303705216,389.599
social,27,30,27,436.9735037648493,391.33
social,27,30,28,444.1409379244965,390.486
social,27,30,29,292.1616044951684,388.052
social,27,30,3,128.468061731528,371.786
social,27,30,4,57.96440427942525,371.379
social,27,30,5,114.425239308051,368.843
social,27,30,6,141.34766131743618,387.558
social,27,30,7,333.7905492156683,386.168
social,27,30,8,153.34484195981258,387.567
social,27,30,9,235.66266870904929,388.922
social,28,30,0,41245.34216133428,623.895
social,28,30,1,53845.77057946946,627.59
social,28,30,10,40757.2834556496,625.568
social,28,30,11,71059.8197251786,624.394
social,28,30,12,46663.8144113451,625.393
social,28,30,13,43618.890304536355,626.606
social,28,30,14,68992.17650525755,626.432
social,28,30,15,71112.33538993634,626.705
social,28,30,16,41382.45595378371,625.148
social,28,30,17,44372.27472920072,625.631
social,28,30,18,36919.98735607684,626.585
social,28,30,19,29523.722521009557,627.838
social,28,30,2,24960.819553012752,628.106
social,28,30,20,35379.778540431114,625.7
social,28,30,21,55502.53922819547,627.286
social,28,30,22,41089.57902729139,624.888
social,28,30,23,39787.77771194549,625.156
social,28,30,24,35607.88757133765,626.013
social,28,30,25,56706.69097918871,626.125
social,28,30,26,48728.24909527412,626.368
social,28,30,27,57669.11686718529,627.602
social,28,30,28,79875.00738981548,625.896
social,28,30,29,64509.698898943156,625.813
social,28,30,3,45060.056711394966,623.395
social,28,30,4,52332.5272036065,624.375
social,28,30,5,37209.83008683216,625.978
social,28,30,6,48868.47964506746,624.402
social,28,30,7,37930.74123206241,626.361
social,28,30,8,49800.61456325931,624.348
social,28,30,9,36013.23065195032,625.599
social,29,30,0,957388.0376774383,335.095
social,29,30,1,900106.4946027353,334.86
social,29,30,10,2074618.0071267271,336.73
social,29,30,11,225313.61967837662,334.058
social,29,30,12,804710.0669753491,335.22
social,29,30,13,329434.70752158517,334.371
social,29,30,14,888439.5859788806,334.67
social,29,30,15,386874.8883308902,335.431
social,29,30,16,992342.7917489514,336.043
social,29,30,17,684182.8057531494,334.079
social,29,30,18,827099.1004571189,334.889
social,29,30,19,2197179.0940397433,334.079
social,29,30,2,638917.6676065822,334.98
social,29,30,20,1160993.5326190123,334.51
social,29,30,21,343848.3174004872,335.838
social,29,30,22,869715.4414276296,335.519
social,29,30,23,902452.4747404729,333.867
social,29,30,24,509749.190343835,335.216
social,29,30,25,916626.0096798805,334.766
social,29,30,26,997496.1632630082,334.888
social,29,30,27,718631.0007079471,336.085
social,29,30,28,897464.0623513036,336.17
social,29,30,29,654210.5969921746,333.783
social,29,30,3,657673.4268000633,335.172
social,29,30,4,818625.6281819502,335.959
social,29,30,5,1239309.529374697,334.164
social,29,30,6,1132230.6758739993,335.311
social,29,30,7,722392.4851019965,335.2
social,29,30,8,972990.966363198,334.992
social,29,30,9,462945.1976366946,336.396
social,3,30,0,81.44148426893582,13.309
social,3,30,1,49.174405372159754,13.299
social,3,30,10,15.005345250273763,13.534
social,3,30,11,79.81226079416581,13.614
social,3,30,12,81.71756773209603,13.517
social,3,30,13,80.78786354525818,13.504
social,3,30,14,14.733419484605292,13.491
social,3,30,15,1.990143453724329,13.476
social,3,30,16,13.998749222599429,13.477
social,3,30,17,76.27745161289141,13.477
social,3,30,18,64.52154392164715,13.538
social,3,30,19,80.66401640578187,13.663
social,3,30,2,79.54658958183535,13.295
social,3,30,20,28.30686889453807,13.54
social,3,30,21,15.648771171529631,13.519
social,3,30,22,21.423841713975833,13.428
social,3,30,23,80.2271562908602,13.482
social,3,30,24,83.21007548773451,13.648
social,3,30,25,67.48613100282188,13.594
social,3,30,26,15.392848193560269,13.559
social,3,30,27,35.191575437194444,13.664
social,3,30,28,13.84322068795609,13.633
social,3,30,29,77.64703448341584,13.591
social,3,30,3,33.44596304281947,13.279
social,3,30,4,129.10611020590875,13.251
social,3,30,5,14.109596614476231,13.285
social,3,30,6,127.28766476055165,13.6
social,3,30,7,101.33266308941859,13.565
social,3,30,8,80.7541843163512,13.584
social,3,30,9,74.7236755515977,13.539
social,4,30,0,606.9139637114616,12.629
social,4,30,1,542.24611629146,12.547
social,4,30,10,401.9637957911251,12.793
social,4,30,11,871.5607652046442,12.794
social,4,30,12,519.3622542201493,12.782
social,4,30,13,617.8566846793548,12.81
social,4,30,14,558.1604645279216,12.774
social,4,30,15,394.99701300591255,12.768
social,4,30,16,877.5239054878198,12.818
social,4,30,17,571.1034937437607,12.756
social,4,30,18,455.69492370321984,12.817
social,4,30,19,452.7021689417991,12.778
social,4,30,2,631.793638741236,12.643
social,4,30,20,315.40064241307914,12.759
social,4,30,21,508.41656541896214,12.861
social,4,30,22,590.9816142616867,12.842
social,4,30,23,799.9328490706603,12.887
social,4,30,24,480.56950194597357,12.989
social,4,30,25,526.3404803847118,13.028
social,4,30,26,523.3476101109043,13.004
social,4,30,27,855.6422110272747,13.065
social,4,30,28,440.7689629156671,13.078
social,4,30,29,388.0317487889412,13.042
social,4,30,3,435.78824965832575,12.665
social,4,30,4,373.10757716759724,12.621
social,4,30,5,838.737776298899,12.685
social,4,30,6,584.0361527076747,12.87
social,4,30,7,393.0137306994095,12.875
social,4,30,8,647.7099059980433,12.753
social,4,30,9,632.7910473311113,12.737
social,5,30,0,6.719908765262517e-05,29.142
social,5,30,1,0.00033106534220905814,29.118
social,5,30,10,0.0005860180490344646,29.159
social,5,30,11,0.0008222307253049621,29.061
social,5,30,12,0.0005275036740499672,32.179
social,5,30,13,8.088054232757713e-05,32.019
social,5,30,14,0.0027753761135613786,31.946
social,5,30,15,0.000713508735088908,32.369
social,5,30,16,4.316906830581502e-05,32.104
social,5,30,17,0.0005854135810636762,31.982
social,5,30,18,2.0665610122705402e-05,33.148
social,5,30,19,0.00030612265697982366,33.258
social,5,30,2,0.0009598539586477273,28.952
social,5,30,20,0.002667036695186198,33.232
social,5,30,21,8.278448819964979e-05,33.427
social,5,30,22,5.196068269697207e-05,33.171
social,5,30,23,0.0005691840493113887,32.997
social,5,30,24,0.00035374798392240336,34.292
social,5,30,25,3.357088314714929e-05,34.37
social,5,30,26,5.353236639393799e-05,34.313
social,5,30,27,0.00011488670691051084,34.215
social,5,30,28,0.00017972509050423469,34.385
social,5,30,29,0.0013127197350968345,33.976
social,5,30,3,4.362898761200995e-05,29.377
social,5,30,4,0.002261243566408666,29.324
social,5,30,5,0.0005536911255035193,29.019
social,5,30,6,0.00031264110890560914,29.188
social,5,30,7,0.00018208087362836523,29.293
social,5,30,8,0.0005491434330906486,29.199
social,5,30,9,0.00019764098385621764,29.423
social,6,30,0,419.28215466723464,19.521
social,6,30,1,491.57114805111496,19.731
social,6,30,10,567.3658114816712,19.44
social,6,30,11,427.12097444377105,19.15
social,6,30,12,537.5645798972619,19.171
social,6,30,13,554.3022025370442,19.369
social,6,30,14,216.45754026496104,19.132
social,6,30,15,428.31740189804987,19.101
social,6,30,16,433.7216737793408,19.224
social,6,30,17,525.1632889342934,19.32
social,6,30,18,388.0573746884145,19.202
social,6,30,19,443.9061723283953,19.225
social,6,30,2,378.3510744897287,19.471
social,6,30,20,501.79606555534497,19.083
social,6,30,21,499.8427421370757,18.99
social,6,30,22,441.08781384305894,19.227
social,6,30,23,367.29425555931573,19.135
social,6,30,24,417.0963182836065,19.17
social,6,30,25,487.6888390421268,19.16
social,6,30,26,612.9335075876552,19.195
social,6,30,27,439.41500710740706,19.275
social,6,30,28,560.8599527797544,19.29
social,6,30,29,713.3304564937641,19.16
social,6,30,3,388.11915064714105,19.604
social,6,30,4,390.20520155360816,19.589
social,6,30,5,551.9859502183388,19.566
social,6,30,6,210.6800196289978,19.251
social,6,30,7,403.0945459573261,19.464
social,6,30,8,326.4334863931522,19.438
social,6,30,9,380.3474270107996,19.383
social,7,30,0,388.5000002320935,49.566
social,7,30,1,390.50000007639073,50.752
social,7,30,10,423.0000000000073,63.934
social,7,30,11,399.000000002693,63.709
social,7,30,12,380.00000000328464,63.825
social,7,30,13,326.000000001804,63.795
social,7,30,14,264.00000027930025,63.641
social,7,30,15,406.50000008437746,63.628
social,7,30,16,474.00000002699744,63.772
social,7,30,17,412.000000000141,63.505
social,7,30,18,535.000000088359,63.754
social,7,30,19,450.5000000315554,63.998
social,7,30,2,330.0000000501286,49.005
social,7,30,20,444.50000002433694,63.967
social,7,30,21,432.00000006161486,63.654
social,7,30,22,328.0000004433871,63.928
social,7,30,23,310.0000001454308,63.742
social,7,30,24,376.00000001655326,63.198
social,7,30,25,467.0000001132189,63.306
social,7,30,26,252.00000000837372,63.169
social,7,30,27,400.5000000595023,63.276
social,7,30,28,334.00000077792083,63.297
social,7,30,29,362.00000000215914,63.294
social,7,30,3,452.5000029287819,50.779
social,7,30,4,338.0000006799037,50.139
social,7,30,5,366.0000000387629,48.445
social,7,30,6,434.50000016910644,63.95
social,7,30,7,417.00000004129606,64.127
social,7,30,8,348.0000000091004,63.899
social,7,30,9,270.0000000551911,63.803
social,8,30,0,13.697408464304317,39.659
social,8,30,1,5.778854602162937,39.536
social,8,30,10,7.233794325765416,39.237
social,8,30,11,7.5985939903746385,39.104
social,8,30,12,16.703439550829103,39.184
social,8,30,13,6.965209016508766,39.099
social,8,30,14,9.147587579269384,39.194
social,8,30,15,9.326432523100948,39.283
social,8,30,16,13.305349984424652,39.177
social,8,30,17,14.114880315687628,39.015
social,8,30,18,9.943676735174108,39.035
social,8,30,19,7.509040892550729,38.988
social,8,30,2,13.786558404186962,39.669
social,8,30,20,11.009048200165353,39.074
social,8,30,21,8.692993396755014,39.173
social,8,30,22,9.86597277508099,39.181
social,8,30,23,12.239567542780264,39.14
social,8,30,24,8.872042803871068,38.912
social,8,30,25,11.965725618579768,38.667
social,8,30,26,10.363572072463967,38.961
social,8,30,27,6.0541020897427416,38.945
social,8,30,28,10.32456716838351,38.872
social,8,30,29,6.7770111807691364,38.822
social,8,30,3,8.876275407802268,39.557
social,8,30,4,11.041834911595174,39.543
social,8,30,5,9.023183154590924,39.436
social,8,30,6,6.7794701801532256,39.236
social,8,30,7,10.998778889493224,39.159
social,8,30,8,12.72191112942403,39.162
social,8,30,9,7.5981969128041555,39.239
social,9,30,0,3154.64514772479,53.583
social,9,30,1,4849.552322183809,52.422
social,9,30,10,4040.9036928446767,22.319
social,9,30,11,3766.970243333748,22.175
social,9,30,12,4599.478495864551,41.301
social,9,30,13,2781.2479694967624,41.089
social,9,30,14,3515.750328295373,41.681
social,9,30,15,5729.99272876405,41.053
social,9,30,16,4544.490208693854,41.294
social,9,30,17,4337.295233385725,41.411
social,9,30,18,3789.2489925886002,23.308
social,9,30,19,3887.0987969758917,23.094
social,9,30,2,4371.240597879896,53.021
social,9,30,20,3766.4051876841168,22.542
social,9,30,21,3093.431122637705,23.178
social,9,30,22,5222.4933307542915,22.332
social,9,30,23,3352.939727067638,23.094
social,9,30,24,4045.235025722448,23.163
social,9,30,25,3613.347415101367,23.262
social,9,30,26,3683.614812981279,23.347
social,9,30,27,3809.780937071844,23.441
social,9,30,28,4157.856089000636,23.397
social,9,30,29,2757.005838835883,23.02
social,9,30,3,3314.8785039833965,51.829
social,9,30,4,4261.707024800769,52.74
social,9,30,5,1984.151984699678,55.459
social,9,30,6,2724.4593265474177,22.898
social,9,30,7,3934.592314590018,22.504
social,9,30,8,4058.998567209166,21.74
social,9,30,9,3922.870974934811,22.613
