variant,fid,dim,seed,error,seconds
ads,10,10,0,12868.197141848204,5.705
ads,10,10,1,4816.986346286011,5.672
ads,10,10,10,15786.768764522061,5.773
ads,10,10,11,12716.312122810596,5.898
ads,10,10,12,16413.96780712693,5.506
ads,10,10,13,10592.421558621547,5.602
ads,10,10,14,4221.938140819626,5.751
ads,10,10,15,7340.696481600735,6.056
ads,10,10,16,7676.006502248723,5.727
ads,10,10,17,15967.462034697506,6.07
ads,10,10,18,14263.78932102947,5.746
ads,10,10,19,8421.817834487692,5.594
ads,10,10,2,13570.685240334886,5.677
ads,10,10,20,18657.223371702847,5.626
ads,10,10,21,11904.30926894373,5.978
ads,10,10,22,14728.476505394912,5.81
ads,10,10,23,7215.146421020963,6.044
ads,10,10,24,3718.83473555789,5.635
ads,10,10,25,9169.423133508277,5.654
ads,10,10,26,8507.722265132263,5.774
ads,10,10,27,8770.498800629048,5.794
ads,10,10,28,5500.263696861943,5.707
ads,10,10,29,7416.153120593945,6.0
ads,10,10,3,14547.296990099798,5.634
ads,10,10,4,6464.371929303267,5.889
ads,10,10,5,9247.403712008183,6.01
ads,10,10,6,13371.858947182991,5.803
ads,10,10,7,11616.629203403663,5.654
ads,10,10,8,6519.949020245186,5.707
ads,10,10,9,6093.91632077278,5.784
ads,11,10,0,1887492.3770695864,9.211
ads,11,10,1,154536.19062603547,9.302
ads,11,10,10,9134954.158726772,9.298
ads,11,10,11,7822.5947509577745,9.473
ads,11,10,12,860387.4997990264,9.59
ads,11,10,13,5595026.486191693,9.372
ads,11,10,14,350091.702050588,9.149
ads,11,10,15,7009615.693338202,8.92
ads,11,10,16,1145197.1259649934,8.976
ads,11,10,17,1490181.6848091064,8.772
ads,11,10,18,6037864.919623422,9.421
ads,11,10,19,1547779.1991261083,9.202
ads,11,10,2,1523658.0001701072,9.7
ads,11,10,20,209518.35523272457,9.636
ads,11,10,21,2510053.598100597,9.283
ads,11,10,22,303368.7329640337,8.871
ads,11,10,23,2398206.0449022944,9.444
ads,11,10,24,2772949.203124299,9.411
ads,11,10,25,3462431.3686111234,8.901
ads,11,10,26,7794273.83250497,9.006
ads,11,10,27,499479.4756086659,9.206
ads,11,10,28,1663212.769507052,9.522
ads,11,10,29,79123.35728700591,9.504
ads,11,10,3,164287.2757675963,9.306
ads,11,10,4,50429.203447728294,9.701
ads,11,10,5,10123329.55438128,9.607
ads,11,10,6,40437.86808656641,9.311
ads,11,10,7,2230180.7488740976,8.748
ads,11,10,8,318873.92761526286,9.469
ads,11,10,9,47164.981485789445,9.053
ads,12,10,0,7206.1010562105275,6.668
ads,12,10,1,13799.586178983298,6.844
ads,12,10,10,40318.0352615594,6.478
ads,12,10,11,19859.452133256684,6.541
ads,12,10,12,13974.862669519895,6.764
ads,12,10,13,80781.26848907383,6.454
ads,12,10,14,12219.496818755219,6.707
ads,12,10,15,9114.555101519305,6.684
ads,12,10,16,683409.0769919236,6.686
ads,12,10,17,5284.822228465836,6.922
ads,12,10,18,5950.521768587461,6.875
ads,12,10,19,12654.23143391043,6.491
ads,12,10,2,21444.73372776811,6.71
ads,12,10,20,3114.902954451328,6.405
ads,12,10,21,10769.324870326536,6.485
ads,12,10,22,4204.210761152901,6.409
ads,12,10,23,9045.98228279168,6.455
ads,12,10,24,10209.683003084672,6.55
ads,12,10,25,510049.0433881963,6.75
ads,12,10,26,5492.6868519817945,6.826
ads,12,10,27,6723.248601520345,6.672
ads,12,10,28,8999.234278579075,6.862
ads,12,10,29,3637.24932871046,6.575
ads,12,10,3,6607.144804147364,6.443
ads,12,10,4,4094.7692082670937,6.695
ads,12,10,5,6830.262113976192,6.731
ads,12,10,6,6836.8282908899455,7.169
ads,12,10,7,11955.062907511163,6.512
ads,12,10,8,260826.32501955878,6.536
ads,12,10,9,5839.988089403071,6.492
ads,13,10,0,13342.17740198051,7.222
ads,13,10,1,12013.88722079166,6.768
ads,13,10,10,8621.82787583676,6.847
ads,13,10,11,10591.746534763415,6.704
ads,13,10,12,16795.78899924425,6.947
ads,13,10,13,7286.574827089873,6.891
ads,13,10,14,16436.89136686017,6.842
ads,13,10,15,13794.562420662338,6.75
ads,13,10,16,9812.285676726671,7.034
ads,13,10,17,9863.609510993288,6.723
ads,13,10,18,14789.068294572156,6.602
ads,13,10,19,14008.52771559609,6.707
ads,13,10,2,14873.857373656814,7.11
ads,13,10,20,13447.694096846535,6.724
ads,13,10,21,10311.932176588403,6.738
ads,13,10,22,15327.371830906883,7.023
ads,13,10,23,13555.850163644052,6.89
ads,13,10,24,8383.451201288588,6.702
ads,13,10,25,13949.19397101484,7.039
ads,13,10,26,11877.863860892548,7.014
ads,13,10,27,17651.383817272617,6.963
ads,13,10,28,17176.58568302962,7.2
ads,13,10,29,14296.82696579261,6.949
ads,13,10,3,12761.478951730069,7.149
ads,13,10,4,15850.760845996694,6.824
ads,13,10,5,12169.219459365833,6.942
ads,13,10,6,17744.547130348055,6.885
ads,13,10,7,18683.856081297803,7.072
ads,13,10,8,15205.688265260396,6.679
ads,13,10,9,11850.278510893313,7.416
ads,14,10,0,113076.0170206346,6.823
ads,14,10,1,29931.797923066002,6.786
ads,14,10,10,33181.64429364207,6.572
ads,14,10,11,27285.331421616916,6.939
ads,14,10,12,312451.1185569201,6.538
ads,14,10,13,34323.11243097334,6.611
ads,14,10,14,119254.95023140685,6.664
ads,14,10,15,17285.781269334984,6.473
ads,14,10,16,159691.23140702478,6.614
ads,14,10,17,18955.508355147605,6.769
ads,14,10,18,47428.197316693906,6.561
ads,14,10,19,238454.20803922898,6.68
ads,14,10,2,90313.27303779917,6.49
ads,14,10,20,41893.938030761616,6.526
ads,14,10,21,23898.612666232104,6.827
ads,14,10,22,9991.376758536187,6.623
ads,14,10,23,26882.843693007635,6.411
ads,14,10,24,30066.54310257854,6.677
ads,14,10,25,63917.46362763479,6.64
ads,14,10,26,58849.748137493036,6.91
ads,14,10,27,35505.847581112765,6.691
ads,14,10,28,36231.281889637714,6.618
ads,14,10,29,29532.075802789237,6.878
ads,14,10,3,89132.99530173223,6.621
ads,14,10,4,42928.53970254292,6.825
ads,14,10,5,28728.917753949558,6.653
ads,14,10,6,20552.972282020113,6.731
ads,14,10,7,109602.76892180683,6.529
ads,14,10,8,79368.27233917605,6.535
ads,14,10,9,28924.40865308832,6.905
ads,15,10,0,18982.61869172133,13.686
ads,15,10,1,4837.59903794425,13.801
ads,15,10,10,981.7844409406816,13.223
ads,15,10,11,3015.3328839586857,13.234
ads,15,10,12,1714.6760415255494,13.431
ads,15,10,13,1464.914962861556,13.555
ads,15,10,14,8322.184246009,13.379
ads,15,10,15,18350.57013055381,13.436
ads,15,10,16,9135.531291737443,13.243
ads,15,10,17,1644.011449690267,13.363
ads,15,10,18,1802.8727782863002,13.413
ads,15,10,19,1551.960303541493,13.782
ads,15,10,2,3247.2092848660277,13.449
ads,15,10,20,6114.113614460543,13.58
ads,15,10,21,1051.098367886103,13.531
ads,15,10,22,4388.290928670485,12.824
ads,15,10,23,3168.586558675024,13.222
ads,15,10,24,9221.619552290154,13.152
ads,15,10,25,2530.668356344946,13.559
ads,15,10,26,383.03174704740013,12.856
ads,15,10,27,2315.7519813287554,13.335
ads,15,10,28,2350.8103348269588,13.11
ads,15,10,29,13694.635404678907,13.387
ads,15,10,3,20228.586854912806,12.852
ads,15,10,4,7352.592397727643,13.278
ads,15,10,5,26507.22601837698,13.632
ads,15,10,6,2763.7380132349745,14.048
ads,15,10,7,1418.587266905859,13.494
ads,15,10,8,3054.6306989841796,13.719
ads,15,10,9,2342.695102281896,13.648
ads,16,10,0,491.29965179649844,30.394
ads,16,10,1,99.11593992950316,30.031
ads,16,10,10,189.49885756219828,30.506
ads,16,10,11,959.3379052765913,29.9
ads,16,10,12,1410.9043401261188,29.751
ads,16,10,13,691.9771014211847,29.755
ads,16,10,14,410.94079990370324,29.369
ads,16,10,15,604.2301280565989,30.699
ads,16,10,16,245.09727561260388,29.173
ads,16,10,17,883.4480985926184,30.084
ads,16,10,18,579.5029118701177,29.8
ads,16,10,19,551.6570631755735,29.495
ads,16,10,2,967.4697347015158,29.74
ads,16,10,20,519.7094149757077,30.793
ads,16,10,21,584.9527744260613,30.219
ads,16,10,22,1006.7973787814035,29.927
ads,16,10,23,759.7405646971861,30.333
ads,16,10,24,760.2802740681291,30.567
ads,16,10,25,439.44765745826703,30.168
ads,16,10,26,1068.555258815235,30.205
ads,16,10,27,480.9469454905825,30.205
ads,16,10,28,668.4831687348233,29.89
ads,16,10,29,855.4660489084317,30.13
ads,16,10,3,569.9022396870851,30.0
ads,16,10,4,460.1831811903812,29.91
ads,16,10,5,845.3120138554455,30.17
ads,16,10,6,758.2030827967224,30.007
ads,16,10,7,500.7295068671415,30.12
ads,16,10,8,487.6130371910863,30.421
ads,16,10,9,786.9031157596587,29.966
ads,17,10,0,9090.566619655769,8.761
ads,17,10,1,15764.119705348814,8.27
ads,17,10,10,14328.56148867486,8.058
ads,17,10,11,16115.973365015656,8.051
ads,17,10,12,12301.047029922367,8.256
ads,17,10,13,22967.877420673798,8.476
ads,17,10,14,24091.996840454452,8.672
ads,17,10,15,8281.009281268343,8.898
ads,17,10,16,18185.172334124094,8.046
ads,17,10,17,28801.76773890012,8.215
ads,17,10,18,21930.825681430648,8.15
ads,17,10,19,49986.46102934494,8.33
ads,17,10,2,32305.642496213964,8.439
ads,17,10,20,16246.252267619806,8.475
ads,17,10,21,10689.035643625977,8.605
ads,17,10,22,10428.54628508403,8.419
ads,17,10,23,19307.49897237206,8.454
ads,17,10,24,19939.432080447717,8.599
ads,17,10,25,51315.50576157402,8.566
ads,17,10,26,30768.218407660494,8.135
ads,17,10,27,19973.328136092237,8.689
ads,17,10,28,17219.761267825623,8.657
ads,17,10,29,23849.5931742295,8.329
ads,17,10,3,18862.440530224623,8.767
ads,17,10,4,19035.223279620615,8.282
ads,17,10,5,15436.13938444584,8.281
ads,17,10,6,29242.15118406844,8.587
ads,17,10,7,18602.94066110746,8.302
ads,17,10,8,19963.81611484633,7.92
ads,17,10,9,24574.67582430467,8.423
ads,18,10,0,9211.770735556815,17.463
ads,18,10,1,920.8807505712916,17.201
ads,18,10,10,6954.732686631622,17.412
ads,18,10,11,14082.072727857156,17.548
ads,18,10,12,1520.8098576319017,16.863
ads,18,10,13,7408.784447069656,17.194
ads,18,10,14,6585.843377047959,17.494
ads,18,10,15,5701.919620957157,17.512
ads,18,10,16,3901.1121459521437,17.575
ads,18,10,17,8937.857923066502,17.269
ads,18,10,18,3944.5567452661708,16.989
ads,18,10,19,146.34496918121704,17.732
ads,18,10,2,2464.5507589999524,17.769
ads,18,10,20,9109.16790927904,17.164
ads,18,10,21,2412.2582307559824,17.252
ads,18,10,22,437.492316313278,17.294
ads,18,10,23,1728.5343415516295,17.604
ads,18,10,24,703.9755187514261,16.982
ads,18,10,25,12222.143294182411,16.96
ads,18,10,26,5876.190584836071,16.916
ads,18,10,27,2194.2522481670167,16.59
ads,18,10,28,7242.607077945333,17.002
ads,18,10,29,17536.721354219873,17.259
ads,18,10,3,5946.07448352847,17.467
ads,18,10,4,3370.2259584498825,17.548
ads,18,10,5,4292.513565545127,17.155
ads,18,10,6,2790.858423986122,17.161
ads,18,10,7,1156.7530370781215,17.655
ads,18,10,8,2896.3443668738,17.048
ads,18,10,9,3224.7108977264797,17.395
ads,19,10,0,56.85720082612124,29.967
ads,19,10,1,197.32924710253974,30.238
ads,19,10,10,165.10369991911193,29.831
ads,19,10,11,117.81777826134089,30.339
ads,19,10,12,111.56023404898201,29.748
ads,19,10,13,75.23130452478904,30.2
ads,19,10,14,131.53785342967853,29.802
ads,19,10,15,40.35923076934,30.309
ads,19,10,16,155.597574432717,30.191
ads,19,10,17,78.27533834601218,30.378
ads,19,10,18,145.51605703966266,30.768
ads,19,10,19,968.7756096213939,30.01
ads,19,10,2,350.66362205474115,30.448
ads,19,10,20,64.86475342468225,29.802
ads,19,10,21,133.08917394994614,30.206
ads,19,10,22,143.78930183078137,29.436
ads,19,10,23,46.26322547808172,30.548
ads,19,10,24,85.54033385394541,30.182
ads,19,10,25,250.16355309522896,30.566
ads,19,10,26,88.40717511061575,30.739
ads,19,10,27,26.613341695938516,31.321
ads,19,10,28,193.27532713910205,30.551
ads,19,10,29,93.22974799346844,29.805
ads,19,10,3,133.7445426810707,30.054
ads,19,10,4,283.7828961384703,29.857
ads,19,10,5,214.85892720766788,30.542
ads,19,10,6,537.1841167951211,31.203
ads,19,10,7,121.47275092961695,30.248
ads,19,10,8,186.44159575102412,30.409
ads,19,10,9,84.63337078659015,30.265
ads,1,10,0,1932.710102992368,2.42
ads,1,10,1,432.74650997056017,2.493
ads,1,10,10,417.4140522235334,2.465
ads,1,10,11,383.7920818660479,2.909
ads,1,10,12,1516.7644737355197,2.543
ads,1,10,13,2243.8160229335667,2.487
ads,1,10,14,1931.9555351996325,2.791
ads,1,10,15,40.355436262754864,2.646
ads,1,10,16,11.303070948302363,2.626
ads,1,10,17,2.102814620847411,2.933
ads,1,10,18,1665.015085584727,2.71
ads,1,10,19,35.39654330574251,2.451
ads,1,10,2,369.688940699459,2.393
ads,1,10,20,681.1225419885325,2.557
ads,1,10,21,1246.7692633111858,2.783
ads,1,10,22,38.090829342584016,2.49
ads,1,10,23,401.5039778407051,2.99
ads,1,10,24,1525.171050512568,2.564
ads,1,10,25,13.544903159830781,2.651
ads,1,10,26,781.3801135300688,2.571
ads,1,10,27,134.2135757234448,2.452
ads,1,10,28,7.88233318100788,2.502
ads,1,10,29,7.331073050995528,2.506
ads,1,10,3,767.5721787076043,2.243
ads,1,10,4,412.9748517325636,2.427
ads,1,10,5,169.89164083445053,2.883
ads,1,10,6,107.64472249934778,2.502
ads,1,10,7,201.03553678301046,2.465
ads,1,10,8,450.0254486596623,2.664
ads,1,10,9,48.88799520996088,2.399
ads,20,10,0,100.05604302648499,10.293
ads,20,10,1,100.03546533521512,10.211
ads,20,10,10,100.02048301471223,10.114
ads,20,10,11,100.0636612842195,10.594
ads,20,10,12,100.04606224162535,10.176
ads,20,10,13,280.4162938867489,9.722
ads,20,10,14,100.03896074860404,10.597
ads,20,10,15,100.02221957655138,10.696
ads,20,10,16,100.05105778039069,9.867
ads,20,10,17,100.04762411618458,10.547
ads,20,10,18,100.04673389923573,10.247
ads,20,10,19,295.40750130958713,10.247
ads,20,10,2,100.04237458431362,9.695
ads,20,10,20,100.07436222802289,10.345
ads,20,10,21,100.03870252991237,10.58
ads,20,10,22,100.05182945630531,9.907
ads,20,10,23,100.06624474150658,9.947
ads,20,10,24,100.0332458400162,9.91
ads,20,10,25,100.03176831872634,10.551
ads,20,10,26,100.04651200879835,10.386
ads,20,10,27,250.3318383215451,10.287
ads,20,10,28,100.02059854652816,10.652
ads,20,10,29,330.99574210906985,10.18
ads,20,10,3,100.05119763342736,10.133
ads,20,10,4,314.80179431462057,10.16
ads,20,10,5,100.02800332148763,9.828
ads,20,10,6,100.0267098795257,10.446
ads,20,10,7,264.72232792949444,9.987
ads,20,10,8,241.31017666725847,10.068
ads,20,10,9,100.0357780654067,9.979
ads,21,10,0,104.36317463957812,13.675
ads,21,10,1,126.80043948420916,14.012
ads,21,10,10,124.8342282666872,14.081
ads,21,10,11,112.77329547605677,14.316
ads,21,10,12,114.7527136929375,13.392
ads,21,10,13,117.05408261247067,13.649
ads,21,10,14,184.71361382193436,13.908
ads,21,10,15,141.77790263547968,13.527
ads,21,10,16,144.8178717609817,13.664
ads,21,10,17,126.62390296030435,13.683
ads,21,10,18,148.6900713917471,13.922
ads,21,10,19,146.99094775820367,13.542
ads,21,10,2,149.42984128076478,14.394
ads,21,10,20,108.25861446383806,13.537
ads,21,10,21,105.54056034640507,13.76
ads,21,10,22,117.8380506622816,13.455
ads,21,10,23,115.27949291901996,13.832
ads,21,10,24,141.13024807459988,13.371
ads,21,10,25,112.90916984861406,13.744
ads,21,10,26,118.5993166654921,13.569
ads,21,10,27,186.82968168811385,14.003
ads,21,10,28,166.28732121864186,13.853
ads,21,10,29,170.9292839805321,13.828
ads,21,10,3,127.56370071047104,14.205
ads,21,10,4,107.80755292871481,13.954
ads,21,10,5,115.03037235312104,13.648
ads,21,10,6,109.8406292344439,13.607
ads,21,10,7,156.8615925399099,13.944
ads,21,10,8,149.52407305832958,13.508
ads,21,10,9,137.9650674261461,14.106
ads,22,10,0,100.1019007711725,16.015
ads,22,10,1,100.10982535710491,15.767
ads,22,10,10,455.9525335721637,16.155
ads,22,10,11,100.10559450246001,15.745
ads,22,10,12,200.0535879564609,16.133
ads,22,10,13,100.10725109330724,16.218
ads,22,10,14,100.09456362311948,15.857
ads,22,10,15,100.09550891496337,15.929
ads,22,10,16,100.08588610298239,16.318
ads,22,10,17,200.05239309538774,16.327
ads,22,10,18,100.10798973139708,16.445
ads,22,10,19,200.04936059764486,15.984
ads,22,10,2,100.06015294375902,15.797
ads,22,10,20,100.11117000055265,15.881
ads,22,10,21,200.0587654175306,16.432
ads,22,10,22,100.13394968802595,16.441
ads,22,10,23,100.08455421301414,16.175
ads,22,10,24,200.05662902684116,15.968
ads,22,10,25,100.15467932563206,15.607
ads,22,10,26,100.08161635240594,15.888
ads,22,10,27,200.05318666680796,16.134
ads,22,10,28,100.20449379228103,16.412
ads,22,10,29,100.13089313471255,16.273
ads,22,10,3,100.11084951512112,15.842
ads,22,10,4,200.05267729790376,16.062
ads,22,10,5,200.07596797524548,16.336
ads,22,10,6,100.07787626065692,16.463
ads,22,10,7,100.14949690437925,15.869
ads,22,10,8,100.20315826994783,16.264
ads,22,10,9,100.04948302310731,16.297
ads,23,10,0,200.13293253365327,11.864
ads,23,10,1,100.16361027057837,12.718
ads,23,10,10,100.25208482819107,11.933
ads,23,10,11,347.83123009935343,12.177
ads,23,10,12,200.12611782180784,11.961
ads,23,10,13,200.1088189881898,11.67
ads,23,10,14,200.1022597613519,12.801
ads,23,10,15,200.10284841916518,12.849
ads,23,10,16,100.11634553043041,12.663
ads,23,10,17,100.14607600225554,12.113
ads,23,10,18,100.1017651415782,12.076
ads,23,10,19,100.07110480395522,12.773
ads,23,10,2,350.8177058274732,12.146
ads,23,10,20,200.10294263940386,12.133
ads,23,10,21,100.13273647761844,12.349
ads,23,10,22,100.11049283033344,12.346
ads,23,10,23,100.04009535463592,11.603
ads,23,10,24,200.1180282426476,12.368
ads,23,10,25,100.05890011025213,12.503
ads,23,10,26,200.09598848538917,12.159
ads,23,10,27,200.0863177361548,12.298
ads,23,10,28,100.07157963798,12.328
ads,23,10,29,100.08492184886154,12.39
ads,23,10,3,100.13072654038388,12.625
ads,23,10,4,200.14539435425422,12.056
ads,23,10,5,200.1257365385477,12.268
ads,23,10,6,100.13304202810741,12.578
ads,23,10,7,200.12685086666397,11.727
ads,23,10,8,200.10369410550675,12.294
ads,23,10,9,100.07671863031464,11.99
ads,24,10,0,616.7702249124495,13.795
ads,24,10,1,618.053102778143,14.182
ads,24,10,10,614.4691969851388,14.112
ads,24,10,11,514.0615542936412,13.978
ads,24,10,12,522.8111471055672,13.618
ads,24,10,13,612.3032596961953,14.061
ads,24,10,14,611.8044696793004,14.05
ads,24,10,15,516.4021070437389,13.731
ads,24,10,16,511.13720549006393,14.207
ads,24,10,17,512.8792554874167,13.89
ads,24,10,18,611.6952037988967,14.018
ads,24,10,19,623.9403783951689,13.775
ads,24,10,2,608.4526348755389,14.451
ads,24,10,20,518.201092114622,13.3
ads,24,10,21,602.6633527786962,13.959
ads,24,10,22,517.9956036224703,14.203
ads,24,10,23,519.440802249394,14.377
ads,24,10,24,601.8653465275997,14.034
ads,24,10,25,512.1858070076983,13.963
ads,24,10,26,617.8218433640141,13.165
ads,24,10,27,520.3699626252542,13.713
ads,24,10,28,612.9713585605359,13.899
ads,24,10,29,518.8165540337582,13.62
ads,24,10,3,514.6995541049146,14.455
ads,24,10,4,515.3004704945643,14.003
ads,24,10,5,523.5906856772208,15.048
ads,24,10,6,513.7407758013069,13.815
ads,24,10,7,515.1651229068439,13.754
ads,24,10,8,614.7279982370374,14.225
ads,24,10,9,616.7320639453546,14.013
ads,25,10,0,499.86366117700663,31.109
ads,25,10,1,0.0028786164789380564,31.044
ads,25,10,10,0.0014262883855735708,31.727
ads,25,10,11,578.7319289984489,31.804
ads,25,10,12,603.2419809862668,30.614
ads,25,10,13,0.003083465376676031,30.789
ads,25,10,14,531.3835384864487,30.749
ads,25,10,15,513.2723724912039,31.501
ads,25,10,16,0.006199854769420199,31.422
ads,25,10,17,0.004979763752089639,31.315
ads,25,10,18,491.0629137538217,30.96
ads,25,10,19,513.750050551208,31.527
ads,25,10,2,528.7123579887757,31.74
ads,25,10,20,0.005111881011998776,31.102
ads,25,10,21,0.005028721572671202,31.4
ads,25,10,22,535.049420524092,30.715
ads,25,10,23,610.5211638170313,31.559
ads,25,10,24,481.78884482007015,31.401
ads,25,10,25,0.004256468692801718,31.311
ads,25,10,26,519.151167268255,31.452
ads,25,10,27,0.0037337664139158733,31.199
ads,25,10,28,507.65090948403486,31.013
ads,25,10,29,798.9129104010849,30.468
ads,25,10,3,531.3835772591246,31.859
ads,25,10,4,601.3920575851407,31.244
ads,25,10,5,510.4625530503431,31.316
ads,25,10,6,509.84333554876866,31.525
ads,25,10,7,506.5701625099405,32.656
ads,25,10,8,0.003855586377540021,30.975
ads,25,10,9,0.005263351917164982,31.957
ads,26,10,0,576.1100872646539,32.621
ads,26,10,1,788.0705395906243,33.16
ads,26,10,10,532.8085539008325,32.354
ads,26,10,11,616.3199307656532,33.126
ads,26,10,12,649.8015424321129,32.812
ads,26,10,13,559.6919196058334,32.841
ads,26,10,14,421.88589516367665,32.445
ads,26,10,15,700.0127873403085,32.831
ads,26,10,16,405.32276793452775,32.813
ads,26,10,17,558.9758150441203,32.165
ads,26,10,18,540.8877217496693,34.053
ads,26,10,19,674.6539765777138,32.52
ads,26,10,2,411.57843826412955,32.989
ads,26,10,20,442.3760027071571,33.018
ads,26,10,21,485.37328250620567,33.954
ads,26,10,22,464.19278007689354,33.038
ads,26,10,23,419.8351346881077,32.527
ads,26,10,24,401.5011243948693,34.202
ads,26,10,25,441.9030397920419,34.46
ads,26,10,26,460.299154752654,34.67
ads,26,10,27,464.22974639896256,34.621
ads,26,10,28,457.34830076214257,34.006
ads,26,10,29,534.2511463320434,32.92
ads,26,10,3,510.17680237874674,33.557
ads,26,10,4,528.6497739281076,32.818
ads,26,10,5,755.2238294665976,32.014
ads,26,10,6,655.7319237483125,32.443
ads,26,10,7,498.82665802610063,32.818
ads,26,10,8,582.8240124566009,32.767
ads,26,10,9,543.7073171870461,33.073
ads,27,10,0,23.891853026629178,29.462
ads,27,10,1,13.71953133464558,30.549
ads,27,10,10,19.716593904454385,28.826
ads,27,10,11,24.182538149761967,29.776
ads,27,10,12,208.1870128252708,29.705
ads,27,10,13,13.70635678311055,29.005
ads,27,10,14,19.698961239742857,29.448
ads,27,10,15,31.18808564419487,30.411
ads,27,10,16,45.75742263296388,29.232
ads,27,10,17,55.13090831108002,29.462
ads,27,10,18,19.71161629851258,28.943
ads,27,10,19,512.8018784863839,29.781
ads,27,10,2,0.0774451761490127,30.527
ads,27,10,20,23.19476001121302,28.65
ads,27,10,21,38.557038967283916,29.406
ads,27,10,22,24.418417797221082,29.812
ads,27,10,23,19.745264221600337,30.429
ads,27,10,24,19.39854772919125,28.432
ads,27,10,25,24.30407928235718,28.525
ads,27,10,26,19.379411574309415,28.445
ads,27,10,27,488.2001543252445,29.563
ads,27,10,28,484.54462567592645,29.401
ads,27,10,29,36.46246531895622,29.427
ads,27,10,3,33.875288946074306,30.173
ads,27,10,4,28.059577837526376,29.606
ads,27,10,5,38.772685593961796,30.168
ads,27,10,6,45.36436798145496,29.488
ads,27,10,7,31.005450552826915,29.124
ads,27,10,8,24.298280626488577,29.452
ads,27,10,9,24.315044861432852,29.906
ads,28,10,0,102326.74454448659,51.081
ads,28,10,1,9273.845295184292,50.643
ads,28,10,10,22268.997677470412,51.152
ads,28,10,11,1721.3871329477588,50.293
ads,28,10,12,73969.25860421747,50.159
ads,28,10,13,17289.81142646297,49.758
ads,28,10,14,4300.493968353927,49.547
ads,28,10,15,2912.9271536418637,50.83
ads,28,10,16,19949.65115125863,50.345
ads,28,10,17,35292.851623331735,50.148
ads,28,10,18,15752.01264486101,50.017
ads,28,10,19,8044.493395559326,51.437
ads,28,10,2,4008.2545963862212,50.158
ads,28,10,20,1566.791365236716,50.974
ads,28,10,21,1662.3580998273492,50.74
ads,28,10,22,46179.92318669682,50.745
ads,28,10,23,7077.533746763664,49.391
ads,28,10,24,5693.223703206408,50.83
ads,28,10,25,72679.89154551797,50.663
ads,28,10,26,15357.711756983608,51.325
ads,28,10,27,1646.3010451040009,50.715
ads,28,10,28,3211.393112126704,50.025
ads,28,10,29,33969.80259333253,51.302
ads,28,10,3,18825.45264247036,51.1
ads,28,10,4,22128.530304678407,49.583
ads,28,10,5,1505.8678375509862,50.133
ads,28,10,6,20786.71747254076,50.39
ads,28,10,7,21375.040421578975,50.589
ads,28,10,8,16588.60405039505,50.624
ads,28,10,9,28598.602738654983,51.09
ads,29,10,0,161892.98686300416,35.185
ads,29,10,1,105540.96530739122,32.696
ads,29,10,10,298991.4145470529,35.198
ads,29,10,11,92469.29206399704,32.436
ads,29,10,12,37351.01428650368,33.47
ads,29,10,13,57264.05169464459,32.663
ads,29,10,14,150322.94235608017,32.837
ads,29,10,15,194768.97097817878,34.774
ads,29,10,16,46286.26909153395,33.529
ads,29,10,17,40264082.4294155,36.047
ads,29,10,18,22111.015626876906,29.594
ads,29,10,19,28515.511147518835,34.55
ads,29,10,2,53363.87332658349,32.469
ads,29,10,20,95728.62039829663,33.382
ads,29,10,21,242441.85821265136,30.49
ads,29,10,22,160725.8267137457,33.486
ads,29,10,23,14813842.998526974,33.354
ads,29,10,24,24591.65614725781,21.142
ads,29,10,25,128867.8540240355,27.605
ads,29,10,26,124647.22443195277,25.4
ads,29,10,27,92900.71584414328,21.828
ads,29,10,28,18793.421659235682,29.916
ads,29,10,29,74209.06149380517,34.436
ads,29,10,3,130066.58313148233,35.419
ads,29,10,4,69830.86921479939,32.466
ads,29,10,5,11138.867669553043,32.073
ads,29,10,6,11665.09794520352,33.009
ads,29,10,7,3832.9932762069975,35.43
ads,29,10,8,217333.79802440575,35.766
ads,29,10,9,17504.944780115242,33.65
ads,3,10,0,67.7397729234491,3.386
ads,3,10,1,3.9962665718646804,3.372
ads,3,10,10,4.10486502106977,3.489
ads,3,10,11,9.486739010342717,3.368
ads,3,10,12,26.090648481116602,3.612
ads,3,10,13,66.93297423984268,3.469
ads,3,10,14,0.08701894278755162,3.55
ads,3,10,15,66.45676347372813,3.364
ads,3,10,16,4.008641608437415,3.433
ads,3,10,17,3.98758907282388,3.457
ads,3,10,18,66.87148001833316,3.37
ads,3,10,19,6.126374748462126,3.429
ads,3,10,2,0.04062025877698261,3.602
ads,3,10,20,4.007583278780942,3.445
ads,3,10,21,67.13603106263315,3.392
ads,3,10,22,66.45370326671957,3.557
ads,3,10,23,0.0004523028783296468,3.349
ads,3,10,24,4.04875815740877,4.014
ads,3,10,25,4.035657794463816,3.424
ads,3,10,26,0.024218533938210385,3.57
ads,3,10,27,3.9933234230026073,3.568
ads,3,10,28,10.201290234139037,3.618
ads,3,10,29,4.412428006161122,3.388
ads,3,10,3,65.30735827243404,3.629
ads,3,10,4,6.366622520713122,3.573
ads,3,10,5,66.48638680671115,3.398
ads,3,10,6,4.033016966634193,3.519
ads,3,10,7,14.668490446155658,3.44
ads,3,10,8,4.182002313470093,3.398
ads,3,10,9,67.639149921961,3.423
ads,4,10,0,90.54158172647084,3.189
ads,4,10,1,35.82014968961295,3.065
ads,4,10,10,57.70787275433264,3.078
ads,4,10,11,46.763426165614305,2.98
ads,4,10,12,48.76466833188999,3.336
ads,4,10,13,44.77509163863476,3.34
ads,4,10,14,58.70690324487953,2.981
ads,4,10,15,66.66272749040661,2.958
ads,4,10,16,39.799044196266095,3.25
ads,4,10,17,122.38559415054567,3.112
ads,4,10,18,56.71382556055522,3.212
ads,4,10,19,43.779263762479616,3.179
ads,4,10,2,88.55444181304586,3.091
ads,4,10,20,72.63327523825916,3.211
ads,4,10,21,59.700126185255215,3.163
ads,4,10,22,62.68766263820055,2.95
ads,4,10,23,97.50713201175142,3.236
ads,4,10,24,34.864773058794526,2.916
ads,4,10,25,33.82952108852663,3.259
ads,4,10,26,52.73604846731166,3.442
ads,4,10,27,57.71302355108378,2.99
ads,4,10,28,90.54614985062165,3.003
ads,4,10,29,55.71798525354609,3.138
ads,4,10,3,34.94547437700419,3.028
ads,4,10,4,12.938457707089697,3.032
ads,4,10,5,100.49138282982358,3.088
ads,4,10,6,71.63705195545197,3.109
ads,4,10,7,68.65347133200106,3.24
ads,4,10,8,56.71338700732343,3.091
ads,4,10,9,46.76444523575816,3.043
ads,5,10,0,4.0554857605457073e-07,4.858
ads,5,10,1,0.0009785941384734542,4.765
ads,5,10,10,1.796757317151787e-06,4.928
ads,5,10,11,9.722124616473593e-06,4.85
ads,5,10,12,5.371043130253383e-07,4.788
ads,5,10,13,0.0002359959073032769,5.028
ads,5,10,14,2.92650611299905e-07,4.82
ads,5,10,15,2.154904905182775e-06,4.686
ads,5,10,16,1.0449278363466874e-05,4.79
ads,5,10,17,0.0006114861498076607,4.886
ads,5,10,18,9.017941806632734e-07,5.042
ads,5,10,19,2.0797148181372904e-06,4.863
ads,5,10,2,1.3815736110700527e-08,5.058
ads,5,10,20,4.488395575208415e-07,4.784
ads,5,10,21,1.2813060038752155e-05,4.827
ads,5,10,22,1.0295917149960587e-06,5.186
ads,5,10,23,0.00024170154290459323,4.689
ads,5,10,24,2.563877717420837e-05,4.822
ads,5,10,25,7.309120064746821e-07,4.792
ads,5,10,26,0.0006843343682021441,5.037
ads,5,10,27,6.80720745549479e-07,4.766
ads,5,10,28,2.1181165266170865e-08,4.791
ads,5,10,29,9.049048230735934e-06,4.842
ads,5,10,3,4.6391505748033524e-08,5.384
ads,5,10,4,2.5468631292824284e-07,4.669
ads,5,10,5,1.19986792697091e-05,4.785
ads,5,10,6,1.2328837101449608e-05,4.924
ads,5,10,7,4.3029746166212135e-07,4.833
ads,5,10,8,6.276378394431958e-05,4.833
ads,5,10,9,7.096765386904735e-06,4.716
ads,6,10,0,77.94597674893123,4.916
ads,6,10,1,50.434295015287034,4.459
ads,6,10,10,34.17748560735913,4.578
ads,6,10,11,85.48126448172479,4.521
ads,6,10,12,44.836297564338906,4.487
ads,6,10,13,35.51137201445863,4.9
ads,6,10,14,54.76458901301544,5.198
ads,6,10,15,42.81369799903973,4.399
ads,6,10,16,66.70305430999588,4.722
ads,6,10,17,67.26696792789073,4.572
ads,6,10,18,34.8663203931427,4.304
ads,6,10,19,88.5156127273633,4.995
ads,6,10,2,46.026951183738106,4.706
ads,6,10,20,104.8147128421449,4.731
ads,6,10,21,46.89993113634114,4.89
ads,6,10,22,50.93133093284371,4.942
ads,6,10,23,61.38371555612707,4.703
ads,6,10,24,47.313374142833254,4.864
ads,6,10,25,51.943087204544554,4.609
ads,6,10,26,18.025462815867627,4.508
ads,6,10,27,28.942614100783544,4.652
ads,6,10,28,75.69937610882494,5.051
ads,6,10,29,54.907589560228416,5.376
ads,6,10,3,48.835211399936156,4.724
ads,6,10,4,25.122086566238863,4.74
ads,6,10,5,46.04372984005488,4.67
ads,6,10,6,30.90134948231696,4.393
ads,6,10,7,60.31690664321559,4.881
ads,6,10,8,55.969287411219284,4.722
ads,6,10,9,64.02374936239903,4.52
ads,7,10,0,74.0,8.577
ads,7,10,1,98.0,8.575
ads,7,10,10,80.00000000140506,8.234
ads,7,10,11,68.00000000000057,8.405
ads,7,10,12,74.00000000000011,8.467
ads,7,10,13,52.0,8.48
ads,7,10,14,62.000000000000114,8.52
ads,7,10,15,50.000000000000114,8.726
ads,7,10,16,40.000000004683784,8.336
ads,7,10,17,68.00000000000011,8.768
ads,7,10,18,70.00000001842545,8.042
ads,7,10,19,40.00000000021714,8.806
ads,7,10,2,70.00000000014734,8.011
ads,7,10,20,40.00000000079183,7.898
ads,7,10,21,66.00000000072748,8.377
ads,7,10,22,54.00000007562721,8.15
ads,7,10,23,56.000000002478714,8.724
ads,7,10,24,74.00000000000023,8.277
ads,7,10,25,36.00000002816523,8.036
ads,7,10,26,56.000000001400394,8.5
ads,7,10,27,82.00000000023283,8.335
ads,7,10,28,34.000000000000114,8.349
ads,7,10,29,54.00000006260734,8.345
ads,7,10,3,46.000000034285904,8.116
ads,7,10,4,52.00000000163436,8.529
ads,7,10,5,46.00000000040541,8.115
ads,7,10,6,50.00000000001137,8.041
ads,7,10,7,46.000000000080945,8.037
ads,7,10,8,72.00000000006492,8.324
ads,7,10,9,90.00000000000023,8.015
ads,8,10,0,0.812865429364706,5.06
ads,8,10,1,1.8833639481312048,4.448
ads,8,10,10,1.5185663898466828,4.514
ads,8,10,11,3.0674279131795856,4.588
ads,8,10,12,0.7253434550331121,4.512
ads,8,10,13,1.793861359186394,4.784
ads,8,10,14,1.2499921927635569,4.742
ads,8,10,15,0.1790566340555415,4.841
ads,8,10,16,1.8833633771258746,4.682
ads,8,10,17,1.6380434645810737,4.637
ads,8,10,18,0.45465842565010917,4.912
ads,8,10,19,0.2685849140081018,4.848
ads,8,10,2,1.4290381622852237,4.607
ads,8,10,20,2.4272286704335784,4.794
ads,8,10,21,0.5438567957882015,4.743
ads,8,10,22,2.337983008346555,4.651
ads,8,10,23,2.2484188206879026,4.783
ads,8,10,24,1.4290388000056282,4.745
ads,8,10,25,0.2685848111436826,4.337
ads,8,10,26,1.429260153680616,5.326
ads,8,10,27,0.812438197229767,5.021
ads,8,10,28,1.0026369778654498,4.755
ads,8,10,29,1.7938479176267492,4.932
ads,8,10,3,1.4290383392869899,4.421
ads,8,10,4,1.883362844754629,4.756
ads,8,10,5,2.427512537546818,4.699
ads,8,10,6,0.633380763762375,4.972
ads,8,10,7,1.7945105763124047,4.861
ads,8,10,8,0.5438549835788535,4.627
ads,8,10,9,1.7938540852939013,4.585
ads,9,10,0,797.3347133333486,7.766
ads,9,10,1,1267.8930868902744,7.678
ads,9,10,10,1055.5193000880886,8.313
ads,9,10,11,678.8632202228455,7.259
ads,9,10,12,935.542677654777,7.342
ads,9,10,13,1412.987636723558,7.726
ads,9,10,14,1133.9584226847655,7.676
ads,9,10,15,1229.9535208408943,7.635
ads,9,10,16,1057.333540816985,7.434
ads,9,10,17,636.2268144037303,7.739
ads,9,10,18,794.9920323264146,7.261
ads,9,10,19,712.9579612971061,7.695
ads,9,10,2,839.057877288778,7.613
ads,9,10,20,1565.4928861554722,7.696
ads,9,10,21,636.1645027990648,7.746
ads,9,10,22,1584.1294057847385,7.398
ads,9,10,23,1157.2941414887496,7.558
ads,9,10,24,705.5115691529882,7.457
ads,9,10,25,711.3942785093818,7.576
ads,9,10,26,1094.345266942023,7.532
ads,9,10,27,734.9281033478064,7.114
ads,9,10,28,961.8130826977522,7.69
ads,9,10,29,553.4199201307583,8.127
ads,9,10,3,1327.538567464224,7.869
ads,9,10,4,1252.154335917704,7.402
ads,9,10,5,1152.719382576673,7.39
ads,9,10,6,1452.5542689262693,7.405
ads,9,10,7,915.7729841935834,7.902
ads,9,10,8,647.4181877282726,7.464
ads,9,10,9,1269.6555360542898,7.352
fixed_K16,10,10,0,16347.118480720219,11.985
fixed_K16,10,10,1,5541.315980895151,11.956
fixed_K16,10,10,10,7408.832006814602,11.992
fixed_K16,10,10,11,22220.787783756314,11.921
fixed_K16,10,10,12,16884.924240294033,11.996
fixed_K16,10,10,13,15583.68179249547,11.951
fixed_K16,10,10,14,4340.060269667333,11.966
fixed_K16,10,10,15,11008.171894213012,11.894
fixed_K16,10,10,16,11974.29650263431,11.953
fixed_K16,10,10,17,15712.460641683581,11.912
fixed_K16,10,10,18,13962.105275691863,11.911
fixed_K16,10,10,19,9245.339937604102,11.934
fixed_K16,10,10,2,8183.5819389679,12.006
fixed_K16,10,10,20,18525.127477620812,11.953
fixed_K16,10,10,21,13047.02792852346,11.98
fixed_K16,10,10,22,8137.218593516125,11.949
fixed_K16,10,10,23,15467.275028162592,11.892
fixed_K16,10,10,24,8683.465785579607,11.956
fixed_K16,10,10,25,9102.500134721213,11.998
fixed_K16,10,10,26,5149.367276515626,11.993
fixed_K16,10,10,27,6590.726642760734,11.945
fixed_K16,10,10,28,7259.465797104478,11.953
fixed_K16,10,10,29,7283.115331088589,11.955
fixed_K16,10,10,3,17426.49330821925,11.878
fixed_K16,10,10,4,19686.13131035107,11.923
fixed_K16,10,10,5,9998.235604187304,11.876
fixed_K16,10,10,6,12426.892370779744,11.942
fixed_K16,10,10,7,8721.214899385846,11.984
fixed_K16,10,10,8,8253.548759477899,11.967
fixed_K16,10,10,9,10887.979408333078,11.936
fixed_K16,11,10,0,1188758.9035624582,18.814
fixed_K16,11,10,1,396165.37154330197,18.802
fixed_K16,11,10,10,10375305.262965605,18.793
fixed_K16,11,10,11,43503.131205437254,18.745
fixed_K16,11,10,12,8358.026630082895,17.443
fixed_K16,11,10,13,6176461.64107649,18.762
fixed_K16,11,10,14,10660.121299541186,19.021
fixed_K16,11,10,15,5032687.774600551,17.408
fixed_K16,11,10,16,884775.4026629854,17.471
fixed_K16,11,10,17,2246745.923934705,17.44
fixed_K16,11,10,18,6351036.994655833,18.449
fixed_K16,11,10,19,336645.1041652652,18.807
fixed_K16,11,10,2,120732.72769959857,18.791
fixed_K16,11,10,20,157515.88607934312,18.832
fixed_K16,11,10,21,2480765.2914724895,17.346
fixed_K16,11,10,22,255286.02756600326,17.437
fixed_K16,11,10,23,2595050.659109026,18.665
fixed_K16,11,10,24,4774828.205642479,17.111
fixed_K16,11,10,25,4564615.225571983,17.505
fixed_K16,11,10,26,7852152.450697645,17.516
fixed_K16,11,10,27,161173.8582202253,17.399
fixed_K16,11,10,28,2107435.5564737553,18.859
fixed_K16,11,10,29,153973.54699004698,18.686
fixed_K16,11,10,3,496050.9544872865,18.706
fixed_K16,11,10,4,17201.22043948109,18.879
fixed_K16,11,10,5,9407755.807215296,18.728
fixed_K16,11,10,6,13720.514808740094,18.935
fixed_K16,11,10,7,2886119.7175232666,17.47
fixed_K16,11,10,8,75514.73745158696,18.749
fixed_K16,11,10,9,28712.639446859466,17.439
fixed_K16,12,10,0,3787.4397161755796,13.988
fixed_K16,12,10,1,15141.050795479285,14.07
fixed_K16,12,10,10,26560.734973294464,13.844
fixed_K16,12,10,11,18434.980763850413,14.037
fixed_K16,12,10,12,7978.644645458975,13.703
fixed_K16,12,10,13,115825.37789862743,13.692
fixed_K16,12,10,14,31975.2468830117,13.665
fixed_K16,12,10,15,3264.1936850841794,14.014
fixed_K16,12,10,16,453794.5639671964,13.702
fixed_K16,12,10,17,3828.794595929974,14.123
fixed_K16,12,10,18,7013.921155552731,13.839
fixed_K16,12,10,19,13078.047280152963,13.779
fixed_K16,12,10,2,7872.520598497114,13.83
fixed_K16,12,10,20,14392.181623588574,13.805
fixed_K16,12,10,21,11184.523284188,13.99
fixed_K16,12,10,22,6151.467366025397,13.615
fixed_K16,12,10,23,7341.662880597596,13.974
fixed_K16,12,10,24,11046.007017534732,13.989
fixed_K16,12,10,25,1785.20570598526,13.928
fixed_K16,12,10,26,4483.771497672529,13.783
fixed_K16,12,10,27,9918.326102867515,13.792
fixed_K16,12,10,28,12464.460611005583,13.836
fixed_K16,12,10,29,2738.6093628708213,13.816
fixed_K16,12,10,3,5741.57319636741,14.003
fixed_K16,12,10,4,6887.520858750608,14.018
fixed_K16,12,10,5,7225.934315844443,14.072
fixed_K16,12,10,6,8965.523998405806,13.592
fixed_K16,12,10,7,8470.727249431347,13.905
fixed_K16,12,10,8,50882.357089484365,13.692
fixed_K16,12,10,9,6617.966263135117,13.961
fixed_K16,13,10,0,18486.30840617446,14.081
fixed_K16,13,10,1,12936.422944575035,14.128
fixed_K16,13,10,10,7951.217451367367,14.1
fixed_K16,13,10,11,16682.564944704143,14.085
fixed_K16,13,10,12,11502.044840321134,14.172
fixed_K16,13,10,13,9398.946182325395,14.109
fixed_K16,13,10,14,11569.871139460916,14.394
fixed_K16,13,10,15,14920.516895204531,14.257
fixed_K16,13,10,16,10953.422771779995,14.174
fixed_K16,13,10,17,12336.798788559487,14.201
fixed_K16,13,10,18,13346.991084800813,14.222
fixed_K16,13,10,19,12593.233372886427,14.424
fixed_K16,13,10,2,15159.191820042492,14.157
fixed_K16,13,10,20,12667.66005047512,14.147
fixed_K16,13,10,21,6481.059964385338,14.087
fixed_K16,13,10,22,15389.171171699709,14.382
fixed_K16,13,10,23,12265.001058904178,14.054
fixed_K16,13,10,24,10345.925617532856,14.314
fixed_K16,13,10,25,13007.905953889112,14.069
fixed_K16,13,10,26,12270.076108815872,14.17
fixed_K16,13,10,27,16349.596452391175,14.107
fixed_K16,13,10,28,20524.10636688746,14.247
fixed_K16,13,10,29,16085.17289120996,14.092
fixed_K16,13,10,3,13373.19828818024,14.067
fixed_K16,13,10,4,13384.737407022483,14.239
fixed_K16,13,10,5,10575.600685282854,14.023
fixed_K16,13,10,6,13514.039934031141,14.16
fixed_K16,13,10,7,16525.636038380435,14.187
fixed_K16,13,10,8,13733.26389606718,14.121
fixed_K16,13,10,9,12879.089980417399,14.068
fixed_K16,14,10,0,39323.540053016084,13.975
fixed_K16,14,10,1,33676.15330978119,14.022
fixed_K16,14,10,10,31574.692672506615,13.998
fixed_K16,14,10,11,25194.408577833117,14.104
fixed_K16,14,10,12,307782.6072355121,14.022
fixed_K16,14,10,13,32215.427771272152,14.081
fixed_K16,14,10,14,45095.969319350384,14.257
fixed_K16,14,10,15,17021.891128152805,14.016
fixed_K16,14,10,16,306607.945314809,14.001
fixed_K16,14,10,17,20414.773490715164,13.986
fixed_K16,14,10,18,16431.114351759516,13.946
fixed_K16,14,10,19,10733.215725456355,14.206
fixed_K16,14,10,2,193833.00170011976,14.014
fixed_K16,14,10,20,40644.439638026946,14.025
fixed_K16,14,10,21,29177.697487164107,14.02
fixed_K16,14,10,22,14690.05627140776,14.161
fixed_K16,14,10,23,123953.12106833106,14.047
fixed_K16,14,10,24,36133.98511180981,13.978
fixed_K16,14,10,25,205475.4591385331,13.992
fixed_K16,14,10,26,39739.85006616735,14.103
fixed_K16,14,10,27,35591.109953440435,14.012
fixed_K16,14,10,28,36991.01987853344,14.055
fixed_K16,14,10,29,25470.29054550104,13.995
fixed_K16,14,10,3,108315.19708222669,14.202
fixed_K16,14,10,4,63472.28429885174,14.003
fixed_K16,14,10,5,31512.80068623044,14.143
fixed_K16,14,10,6,23269.24797027429,14.054
fixed_K16,14,10,7,97224.23285763433,14.03
fixed_K16,14,10,8,30192.12120885901,14.066
fixed_K16,14,10,9,13641.94073620872,14.133
fixed_K16,15,10,0,16879.186022785005,28.081
fixed_K16,15,10,1,2614.2851024069887,28.265
fixed_K16,15,10,10,2719.450969521972,28.236
fixed_K16,15,10,11,3295.8733599322477,26.944
fixed_K16,15,10,12,1409.852493671268,28.113
fixed_K16,15,10,13,3346.968755149079,28.079
fixed_K16,15,10,14,6894.834554157702,28.06
fixed_K16,15,10,15,19408.805413301598,27.721
fixed_K16,15,10,16,8599.49292923884,28.204
fixed_K16,15,10,17,939.5186053246043,26.891
fixed_K16,15,10,18,3351.0724307933033,28.1
fixed_K16,15,10,19,1572.973822942,28.195
fixed_K16,15,10,2,402.69102213587666,26.936
fixed_K16,15,10,20,1512.8417023292004,28.461
fixed_K16,15,10,21,1092.2893651848171,28.163
fixed_K16,15,10,22,6285.302073454121,28.003
fixed_K16,15,10,23,11879.989678584632,28.167
fixed_K16,15,10,24,11354.474947397484,26.888
fixed_K16,15,10,25,1465.5308007506,28.186
fixed_K16,15,10,26,110.3219235736085,26.898
fixed_K16,15,10,27,2688.043056471447,27.929
fixed_K16,15,10,28,9961.70105580265,27.127
fixed_K16,15,10,29,12503.145427434107,26.645
fixed_K16,15,10,3,17868.055265602536,27.118
fixed_K16,15,10,4,3237.963089530942,26.956
fixed_K16,15,10,5,28462.238903232792,28.457
fixed_K16,15,10,6,6018.894989586466,27.769
fixed_K16,15,10,7,1260.4098719617486,28.129
fixed_K16,15,10,8,2388.4686724037124,28.29
fixed_K16,15,10,9,1535.7130026727923,28.304
fixed_K16,16,10,0,536.5601987132773,64.873
fixed_K16,16,10,1,626.6457866504825,64.081
fixed_K16,16,10,10,364.52281947739016,65.116
fixed_K16,16,10,11,830.798906009597,64.281
fixed_K16,16,10,12,1476.7344676610928,65.098
fixed_K16,16,10,13,501.00298599370944,64.886
fixed_K16,16,10,14,194.58807945842568,65.122
fixed_K16,16,10,15,331.43981774574786,65.027
fixed_K16,16,10,16,858.9833894547392,65.113
fixed_K16,16,10,17,664.0558899339903,64.869
fixed_K16,16,10,18,653.2188261970541,64.793
fixed_K16,16,10,19,707.4684208535914,65.21
fixed_K16,16,10,2,647.5775981278684,64.399
fixed_K16,16,10,20,767.7422458644778,65.3
fixed_K16,16,10,21,946.5410064179596,66.268
fixed_K16,16,10,22,687.5621014970638,65.031
fixed_K16,16,10,23,796.6965491784672,66.158
fixed_K16,16,10,24,1213.6120580589486,66.23
fixed_K16,16,10,25,794.4502351211277,65.037
fixed_K16,16,10,26,763.8947655287575,65.069
fixed_K16,16,10,27,349.0206031393377,65.228
fixed_K16,16,10,28,1035.8805847166977,65.419
fixed_K16,16,10,29,551.2783929583447,65.099
fixed_K16,16,10,3,749.5416992974001,64.205
fixed_K16,16,10,4,356.95283303611427,64.091
fixed_K16,16,10,5,862.9992069286818,65.551
fixed_K16,16,10,6,844.399118195895,64.867
fixed_K16,16,10,7,354.51544486998,64.987
fixed_K16,16,10,8,846.8133689958868,65.2
fixed_K16,16,10,9,870.9273504632547,64.485
fixed_K16,17,10,0,9708.943627515448,18.101
fixed_K16,17,10,1,14142.215558103167,17.945
fixed_K16,17,10,10,13819.680924911636,17.879
fixed_K16,17,10,11,13733.149340252021,17.877
fixed_K16,17,10,12,12466.674812578494,18.027
fixed_K16,17,10,13,41036.70267198865,17.979
fixed_K16,17,10,14,22271.853411162458,19.181
fixed_K16,17,10,15,9388.719102826926,17.953
fixed_K16,17,10,16,17603.045375423513,17.966
fixed_K16,17,10,17,28843.79138905963,17.865
fixed_K16,17,10,18,22605.66013775885,17.414
fixed_K16,17,10,19,8338.454805203832,19.088
fixed_K16,17,10,2,25427.550270389627,18.02
fixed_K16,17,10,20,12807.519032253624,17.68
fixed_K16,17,10,21,10243.508597263579,18.039
fixed_K16,17,10,22,8021.436970266921,19.187
fixed_K16,17,10,23,17845.35041939127,17.941
fixed_K16,17,10,24,21996.386249575356,6.002
fixed_K16,17,10,25,51009.38284923481,17.631
fixed_K16,17,10,26,10254.263667092133,18.041
fixed_K16,17,10,27,10012.766472845602,18.157
fixed_K16,17,10,28,15958.046142833024,17.827
fixed_K16,17,10,29,10598.06668417606,18.001
fixed_K16,17,10,3,21149.34581443813,17.838
fixed_K16,17,10,4,19545.270659464262,17.899
fixed_K16,17,10,5,15214.634385191734,17.759
fixed_K16,17,10,6,33206.08456000569,17.832
fixed_K16,17,10,7,16679.658753924374,18.005
fixed_K16,17,10,8,21785.540227120993,18.088
fixed_K16,17,10,9,23492.045078846797,17.959
fixed_K16,18,10,0,5065.240380848666,10.794
fixed_K16,18,10,1,7149.968188584593,37.386
fixed_K16,18,10,10,6060.256662081927,18.864
fixed_K16,18,10,11,1605.1519234927264,37.384
fixed_K16,18,10,12,1303.781949302901,30.369
fixed_K16,18,10,13,5394.140233878164,15.05
fixed_K16,18,10,14,3666.1578689164817,15.692
fixed_K16,18,10,15,4499.494042639425,11.996
fixed_K16,18,10,16,2672.2862949838836,14.247
fixed_K16,18,10,17,12784.708066829313,13.385
fixed_K16,18,10,18,12637.665170552591,37.429
fixed_K16,18,10,19,2448.347656427539,18.911
fixed_K16,18,10,2,3934.1998555372384,32.307
fixed_K16,18,10,20,855.6768133812357,23.677
fixed_K16,18,10,21,2219.9171301542847,15.252
fixed_K16,18,10,22,463.7967873736279,13.435
fixed_K16,18,10,23,3057.0091449500233,14.877
fixed_K16,18,10,24,3705.9909270044864,29.219
fixed_K16,18,10,25,19384.783411156794,37.375
fixed_K16,18,10,26,5833.295260742457,37.728
fixed_K16,18,10,27,2714.8135458053075,18.511
fixed_K16,18,10,28,7481.824275150433,36.164
fixed_K16,18,10,29,14036.543942247616,16.549
fixed_K16,18,10,3,6476.4958462106915,38.706
fixed_K16,18,10,4,7041.3157013769305,37.699
fixed_K16,18,10,5,2137.178383747446,38.607
fixed_K16,18,10,6,3545.178008740203,16.06
fixed_K16,18,10,7,888.627212648451,12.432
fixed_K16,18,10,8,2069.4994241151617,10.716
fixed_K16,18,10,9,2449.183389684823,37.361
fixed_K16,19,10,0,61.23667285888723,23.728
fixed_K16,19,10,1,96.72051062821902,50.267
fixed_K16,19,10,10,125.72524429671466,23.776
fixed_K16,19,10,11,88.87152914615808,36.901
fixed_K16,19,10,12,119.96800912856497,23.009
fixed_K16,19,10,13,102.78654883123272,22.037
fixed_K16,19,10,14,48.02823617932427,21.889
fixed_K16,19,10,15,62.45752473860398,21.929
fixed_K16,19,10,16,102.38502491615782,21.873
fixed_K16,19,10,17,46.09186246973127,21.635
fixed_K16,19,10,18,164.93357357968034,24.063
fixed_K16,19,10,19,71.4177700219152,23.185
fixed_K16,19,10,2,315.5473641914996,45.195
fixed_K16,19,10,20,87.55019597034266,23.283
fixed_K16,19,10,21,211.87695750009425,22.665
fixed_K16,19,10,22,110.59070807006287,23.189
fixed_K16,19,10,23,78.23388909962523,22.259
fixed_K16,19,10,24,93.6366116441211,36.218
fixed_K16,19,10,25,93.46470316179762,24.217
fixed_K16,19,10,26,63.91635945870394,24.642
fixed_K16,19,10,27,58.27636349368868,23.746
fixed_K16,19,10,28,199.43585211928576,24.109
fixed_K16,19,10,29,28.142302025310983,23.603
fixed_K16,19,10,3,115.07923150078886,64.507
fixed_K16,19,10,4,501.96840093919946,57.742
fixed_K16,19,10,5,159.01721764207286,63.969
fixed_K16,19,10,6,103.58832082726462,21.708
fixed_K16,19,10,7,133.52418762503635,23.843
fixed_K16,19,10,8,91.36323481548015,23.3
fixed_K16,19,10,9,52.71957254331119,34.129
fixed_K16,1,10,0,710.718747157288,4.352
fixed_K16,1,10,1,28.41535718543014,4.331
fixed_K16,1,10,10,72.41570641176455,4.412
fixed_K16,1,10,11,38.90446735398251,4.308
fixed_K16,1,10,12,1763.794087411423,4.45
fixed_K16,1,10,13,2901.1011095170793,4.366
fixed_K16,1,10,14,473.8067571311951,4.335
fixed_K16,1,10,15,51.55225487314465,4.26
fixed_K16,1,10,16,87.05845514166523,4.414
fixed_K16,1,10,17,43.912392149039675,4.362
fixed_K16,1,10,18,1130.9664369131956,4.455
fixed_K16,1,10,19,1539.1226151483318,4.388
fixed_K16,1,10,2,243.59683596409934,4.454
fixed_K16,1,10,20,42.23015195744068,4.432
fixed_K16,1,10,21,1450.0774731476713,4.399
fixed_K16,1,10,22,422.3275046798648,4.432
fixed_K16,1,10,23,533.5120815735544,4.372
fixed_K16,1,10,24,1348.9150282380083,4.385
fixed_K16,1,10,25,135.2262623746497,4.344
fixed_K16,1,10,26,1053.1683254787476,4.43
fixed_K16,1,10,27,631.0120499819219,4.34
fixed_K16,1,10,28,751.8108785242558,4.425
fixed_K16,1,10,29,44.53848480339232,4.363
fixed_K16,1,10,3,15.894610244188442,4.36
fixed_K16,1,10,4,1485.8516639907205,4.414
fixed_K16,1,10,5,158.07496135790223,4.418
fixed_K16,1,10,6,451.126234100896,4.292
fixed_K16,1,10,7,60.64669779247657,4.395
fixed_K16,1,10,8,38.35915266962422,4.425
fixed_K16,1,10,9,115.01234205672034,4.38
fixed_K16,20,10,0,100.1501807981549,14.554
fixed_K16,20,10,1,100.09438982035545,8.969
fixed_K16,20,10,10,100.08725485617742,8.74
fixed_K16,20,10,11,100.04814671327631,7.345
fixed_K16,20,10,12,100.13204839640593,16.392
fixed_K16,20,10,13,272.55442700302456,17.916
fixed_K16,20,10,14,100.17943801861384,14.673
fixed_K16,20,10,15,100.10845658212384,8.853
fixed_K16,20,10,16,100.12190947888075,18.788
fixed_K16,20,10,17,100.13401853364121,8.753
fixed_K16,20,10,18,100.07966893148932,7.778
fixed_K16,20,10,19,248.36445682396425,13.531
fixed_K16,20,10,2,100.06931630469171,8.694
fixed_K16,20,10,20,100.0889405313601,11.178
fixed_K16,20,10,21,100.08354429646215,14.728
fixed_K16,20,10,22,100.10040191075359,14.201
fixed_K16,20,10,23,100.08733850769431,10.222
fixed_K16,20,10,24,100.10673248534476,7.76
fixed_K16,20,10,25,100.128588578159,14.6
fixed_K16,20,10,26,100.09362895509867,16.47
fixed_K16,20,10,27,228.3329232433607,14.693
fixed_K16,20,10,28,100.13119718453527,8.341
fixed_K16,20,10,29,254.3710650814205,18.044
fixed_K16,20,10,3,100.11986254307294,8.147
fixed_K16,20,10,4,307.75567241641374,8.156
fixed_K16,20,10,5,100.09950018389554,8.466
fixed_K16,20,10,6,100.0780858371927,8.32
fixed_K16,20,10,7,320.035079569805,10.473
fixed_K16,20,10,8,100.08661329990036,15.657
fixed_K16,20,10,9,100.13414124006749,7.894
fixed_K16,21,10,0,103.0478635600025,10.942
fixed_K16,21,10,1,115.97489568864648,12.453
fixed_K16,21,10,10,135.876945488385,10.904
fixed_K16,21,10,11,112.14629740513192,19.075
fixed_K16,21,10,12,112.6525555083258,29.356
fixed_K16,21,10,13,111.45568134167343,11.118
fixed_K16,21,10,14,109.95139669873379,10.915
fixed_K16,21,10,15,125.45108362299288,10.77
fixed_K16,21,10,16,103.98584448297879,10.915
fixed_K16,21,10,17,126.37523421452215,10.817
fixed_K16,21,10,18,125.38514959489976,29.033
fixed_K16,21,10,19,143.2945190275168,16.137
fixed_K16,21,10,2,116.90219534211928,10.844
fixed_K16,21,10,20,112.83183644699693,20.52
fixed_K16,21,10,21,111.73499891698248,11.012
fixed_K16,21,10,22,163.19863377597358,11.029
fixed_K16,21,10,23,125.48653202526339,10.744
fixed_K16,21,10,24,144.08283783022762,28.845
fixed_K16,21,10,25,172.91844484402554,29.555
fixed_K16,21,10,26,106.29784439506784,29.382
fixed_K16,21,10,27,108.17923820952046,11.209
fixed_K16,21,10,28,194.50712698334928,26.609
fixed_K16,21,10,29,205.03077517612792,11.084
fixed_K16,21,10,3,111.96734766498548,16.693
fixed_K16,21,10,4,106.23388949781929,19.122
fixed_K16,21,10,5,173.2573386097747,16.527
fixed_K16,21,10,6,112.73890501900314,12.185
fixed_K16,21,10,7,146.87062049877068,10.873
fixed_K16,21,10,8,112.55241372189403,11.079
fixed_K16,21,10,9,140.10511175451984,17.723
fixed_K16,22,10,0,100.21861147526988,26.541
fixed_K16,22,10,1,100.17690066475689,34.235
fixed_K16,22,10,10,439.3237026075062,34.938
fixed_K16,22,10,11,100.19791313750329,34.329
fixed_K16,22,10,12,200.17329324240245,12.768
fixed_K16,22,10,13,100.19362594222821,16.199
fixed_K16,22,10,14,100.33265994570593,12.448
fixed_K16,22,10,15,100.16968659182476,33.997
fixed_K16,22,10,16,100.25310504045183,23.193
fixed_K16,22,10,17,200.0922167868257,33.981
fixed_K16,22,10,18,100.21400372550579,17.568
fixed_K16,22,10,19,200.09839368446956,12.3
fixed_K16,22,10,2,100.22874669998555,34.178
fixed_K16,22,10,20,100.22433986471151,12.161
fixed_K16,22,10,21,200.14310654930432,18.229
fixed_K16,22,10,22,100.13374936630589,12.492
fixed_K16,22,10,23,100.14737243165973,22.715
fixed_K16,22,10,24,200.11816277547905,16.237
fixed_K16,22,10,25,100.29336474852289,16.128
fixed_K16,22,10,26,100.14778417060188,16.903
fixed_K16,22,10,27,200.13014519476428,12.314
fixed_K16,22,10,28,100.11942525854556,13.822
fixed_K16,22,10,29,100.14497324698232,12.337
fixed_K16,22,10,3,100.25821491116358,34.381
fixed_K16,22,10,4,200.08869187008895,34.335
fixed_K16,22,10,5,100.1517948848923,29.771
fixed_K16,22,10,6,200.07360187541735,12.303
fixed_K16,22,10,7,100.21338172611149,34.049
fixed_K16,22,10,8,100.22519861236879,33.404
fixed_K16,22,10,9,100.3609981338027,34.195
fixed_K16,23,10,0,200.36390839849082,12.661
fixed_K16,23,10,1,100.29429654003661,11.669
fixed_K16,23,10,10,100.18053564902948,11.677
fixed_K16,23,10,11,367.71867490467866,13.521
fixed_K16,23,10,12,200.4012541734619,12.118
fixed_K16,23,10,13,200.59151630071574,12.572
fixed_K16,23,10,14,200.5550969055862,12.84
fixed_K16,23,10,15,200.36483714982796,11.866
fixed_K16,23,10,16,100.25440370702063,12.511
fixed_K16,23,10,17,100.39626255552866,11.511
fixed_K16,23,10,18,100.22460086116598,10.764
fixed_K16,23,10,19,100.37682402379187,12.463
fixed_K16,23,10,2,349.8368232042926,11.682
fixed_K16,23,10,20,200.20820585790443,12.101
fixed_K16,23,10,21,100.22495274170569,12.615
fixed_K16,23,10,22,100.32891398493985,12.475
fixed_K16,23,10,23,100.26610500312472,12.313
fixed_K16,23,10,24,200.18406093064414,19.471
fixed_K16,23,10,25,100.16973476578733,12.022
fixed_K16,23,10,26,200.32656681977187,11.692
fixed_K16,23,10,27,200.2742244975393,12.529
fixed_K16,23,10,28,100.32221864925577,12.107
fixed_K16,23,10,29,100.27069571458742,12.64
fixed_K16,23,10,3,100.3964889097374,10.552
fixed_K16,23,10,4,200.23664849026318,12.6
fixed_K16,23,10,5,200.39087781792705,9.029
fixed_K16,23,10,6,100.34805754884792,12.276
fixed_K16,23,10,7,200.32830687765363,12.273
fixed_K16,23,10,8,200.36593726866886,12.377
fixed_K16,23,10,9,100.35927052330135,13.084
fixed_K16,24,10,0,615.6371792899381,31.743
fixed_K16,24,10,1,613.8398449820675,12.575
fixed_K16,24,10,10,517.0974597785207,17.97
fixed_K16,24,10,11,514.8094077906262,13.523
fixed_K16,24,10,12,607.6480522404186,12.605
fixed_K16,24,10,13,609.1365723975205,31.908
fixed_K16,24,10,14,609.3459990431111,32.116
fixed_K16,24,10,15,513.6577214624035,22.3
fixed_K16,24,10,16,513.1467880426071,31.875
fixed_K16,24,10,17,513.3561607253728,15.458
fixed_K16,24,10,18,608.8559673919272,13.788
fixed_K16,24,10,19,514.9690913349637,25.565
fixed_K16,24,10,2,610.1192211536313,13.261
fixed_K16,24,10,20,515.8996226378367,21.074
fixed_K16,24,10,21,516.0486669959719,31.742
fixed_K16,24,10,22,513.8580021921157,31.719
fixed_K16,24,10,23,518.420061533152,32.06
fixed_K16,24,10,24,594.6138653982725,27.861
fixed_K16,24,10,25,512.3078668007588,13.126
fixed_K16,24,10,26,488.8671110288492,12.422
fixed_K16,24,10,27,521.5890693039564,29.879
fixed_K16,24,10,28,616.2041088845253,14.711
fixed_K16,24,10,29,512.003855224672,31.444
fixed_K16,24,10,3,517.0336014483028,14.592
fixed_K16,24,10,4,519.1691836170107,13.068
fixed_K16,24,10,5,514.5202670196268,14.051
fixed_K16,24,10,6,516.6161347415291,30.71
fixed_K16,24,10,7,613.4258219286198,26.035
fixed_K16,24,10,8,613.394085169889,30.126
fixed_K16,24,10,9,612.4558200202719,12.711
fixed_K16,25,10,0,501.6587252089298,39.38
fixed_K16,25,10,1,0.008786183793745295,47.324
fixed_K16,25,10,10,605.651435396021,39.106
fixed_K16,25,10,11,572.2437774016539,50.112
fixed_K16,25,10,12,581.3054324253153,35.441
fixed_K16,25,10,13,0.008245191172591149,35.7
fixed_K16,25,10,14,536.6613094771501,35.781
fixed_K16,25,10,15,605.5619025438023,36.855
fixed_K16,25,10,16,0.00693428100021265,35.613
fixed_K16,25,10,17,679.8081300713216,35.141
fixed_K16,25,10,18,492.6080123929146,31.972
fixed_K16,25,10,19,514.0352251553163,34.869
fixed_K16,25,10,2,541.6340059133645,50.017
fixed_K16,25,10,20,0.00799759123037802,33.746
fixed_K16,25,10,21,0.01093169056230181,36.232
fixed_K16,25,10,22,608.2256420908184,35.008
fixed_K16,25,10,23,524.877191619054,34.324
fixed_K16,25,10,24,643.7982387325824,32.047
fixed_K16,25,10,25,0.006518715017136856,31.018
fixed_K16,25,10,26,517.3617106571801,32.192
fixed_K16,25,10,27,519.8735039988178,32.9
fixed_K16,25,10,28,646.0007761324377,31.761
fixed_K16,25,10,29,672.3249419382778,32.47
fixed_K16,25,10,3,531.3835660851478,32.485
fixed_K16,25,10,4,726.555235999097,46.312
fixed_K16,25,10,5,514.5780598318233,32.499
fixed_K16,25,10,6,511.83812220414575,36.059
fixed_K16,25,10,7,513.023685640489,37.771
fixed_K16,25,10,8,0.005407182632552576,37.551
fixed_K16,25,10,9,577.6430474789167,49.984
fixed_K16,26,10,0,524.3333656956197,32.985
fixed_K16,26,10,1,679.028046445364,32.605
fixed_K16,26,10,10,479.7196314804696,34.012
fixed_K16,26,10,11,661.8384587463424,31.974
fixed_K16,26,10,12,660.417817934971,33.627
fixed_K16,26,10,13,551.3012798178693,33.964
fixed_K16,26,10,14,471.1615579072359,34.731
fixed_K16,26,10,15,645.8610028351445,32.95
fixed_K16,26,10,16,416.36511165106003,33.426
fixed_K16,26,10,17,528.4637232892424,32.669
fixed_K16,26,10,18,502.6385057992429,33.418
fixed_K16,26,10,19,630.5586982755922,32.475
fixed_K16,26,10,2,421.16752271535915,33.422
fixed_K16,26,10,20,409.9893808156089,32.807
fixed_K16,26,10,21,459.4927747920342,33.762
fixed_K16,26,10,22,406.7086134850397,33.172
fixed_K16,26,10,23,421.0174088596832,33.047
fixed_K16,26,10,24,399.8555378825981,32.68
fixed_K16,26,10,25,465.56052214874444,33.624
fixed_K16,26,10,26,431.978882316349,33.917
fixed_K16,26,10,27,489.4922947953928,33.79
fixed_K16,26,10,28,471.17169314199873,34.452
fixed_K16,26,10,29,534.2454550432562,31.442
fixed_K16,26,10,3,479.2600240364368,33.534
fixed_K16,26,10,4,494.8582363434257,33.917
fixed_K16,26,10,5,662.5195487948017,31.563
fixed_K16,26,10,6,655.999866932943,33.193
fixed_K16,26,10,7,496.7277476913241,32.999
fixed_K16,26,10,8,592.3726180943759,32.84
fixed_K16,26,10,9,512.4635367375572,33.844
fixed_K16,27,10,0,0.09970833794886858,29.397
fixed_K16,27,10,1,27.685031495682324,28.497
fixed_K16,27,10,10,31.230325738638385,29.562
fixed_K16,27,10,11,0.11691436382579923,27.938
fixed_K16,27,10,12,27.55918524185472,29.328
fixed_K16,27,10,13,19.46157664990642,28.837
fixed_K16,27,10,14,36.53051194290174,28.981
fixed_K16,27,10,15,46.84565560429746,29.985
fixed_K16,27,10,16,38.692258973203934,29.666
fixed_K16,27,10,17,27.39723825389683,27.905
fixed_K16,27,10,18,0.09489163472562723,28.46
fixed_K16,27,10,19,500.30610539426516,29.067
fixed_K16,27,10,2,40.65416660186156,29.048
fixed_K16,27,10,20,27.79294151859085,29.587
fixed_K16,27,10,21,27.901155980415297,29.822
fixed_K16,27,10,22,49.75736414909534,29.272
fixed_K16,27,10,23,24.185072160457366,29.235
fixed_K16,27,10,24,23.879335746446486,29.223
fixed_K16,27,10,25,13.733522099986658,28.128
fixed_K16,27,10,26,19.72271420621155,28.56
fixed_K16,27,10,27,483.7766091989888,28.918
fixed_K16,27,10,28,455.1910891436187,28.842
fixed_K16,27,10,29,19.746890224442268,28.641
fixed_K16,27,10,3,33.85348207539482,29.763
fixed_K16,27,10,4,24.314029306613975,29.545
fixed_K16,27,10,5,27.845891417792245,29.459
fixed_K16,27,10,6,40.717763324560565,29.382
fixed_K16,27,10,7,13.732709306209017,29.621
fixed_K16,27,10,8,19.677531441393967,29.293
fixed_K16,27,10,9,43.14240160207464,29.678
fixed_K16,28,10,0,29315.05803431478,50.039
fixed_K16,28,10,1,10100.33253729222,50.101
fixed_K16,28,10,10,22396.956163252136,51.263
fixed_K16,28,10,11,1611.2904352740024,50.497
fixed_K16,28,10,12,72467.13177716636,51.12
fixed_K16,28,10,13,15359.471311661626,50.182
fixed_K16,28,10,14,3833.5485253075767,50.186
fixed_K16,28,10,15,2454.5090359466376,50.112
fixed_K16,28,10,16,32051.181292469286,49.963
fixed_K16,28,10,17,37138.93738926555,50.116
fixed_K16,28,10,18,15144.342229053458,50.47
fixed_K16,28,10,19,93565.65096272223,50.321
fixed_K16,28,10,2,3406.916275175119,51.311
fixed_K16,28,10,20,1384.3504461152697,50.306
fixed_K16,28,10,21,1587.4277398890063,50.985
fixed_K16,28,10,22,26842.28718519551,50.048
fixed_K16,28,10,23,3725.3342641887784,49.433
fixed_K16,28,10,24,10569.6256086724,51.211
fixed_K16,28,10,25,107594.10927209558,51.771
fixed_K16,28,10,26,7736.740790688611,51.805
fixed_K16,28,10,27,1439.8032974108246,51.735
fixed_K16,28,10,28,3692.862854396536,51.001
fixed_K16,28,10,29,33870.149275741365,51.237
fixed_K16,28,10,3,9520.635845939336,50.833
fixed_K16,28,10,4,5363.609379579741,51.057
fixed_K16,28,10,5,1690.9376023773402,50.278
fixed_K16,28,10,6,16892.76779560224,49.628
fixed_K16,28,10,7,21754.104295881036,50.69
fixed_K16,28,10,8,6616.955837586556,50.641
fixed_K16,28,10,9,27598.779960528344,51.453
fixed_K16,29,10,0,81174.81447042165,34.214
fixed_K16,29,10,1,53061.22057598075,33.251
fixed_K16,29,10,10,54495.6675435051,33.792
fixed_K16,29,10,11,24429.568029322087,33.554
fixed_K16,29,10,12,65657.67384341963,31.303
fixed_K16,29,10,13,77305.35331213512,32.483
fixed_K16,29,10,14,139255.94191204995,32.002
fixed_K16,29,10,15,255675.0597251727,32.656
fixed_K16,29,10,16,112617.09368253271,32.615
fixed_K16,29,10,17,32269556.4754027,34.851
fixed_K16,29,10,18,30776.058314125446,32.039
fixed_K16,29,10,19,27856.048450926206,32.669
fixed_K16,29,10,2,65498.53776900523,35.01
fixed_K16,29,10,20,4227920.011259598,31.808
fixed_K16,29,10,21,258768.45364577867,31.909
fixed_K16,29,10,22,96314.0468620523,31.825
fixed_K16,29,10,23,225495.66025163495,32.464
fixed_K16,29,10,24,28596.14138484014,32.85
fixed_K16,29,10,25,129911.67963472073,32.062
fixed_K16,29,10,26,126644.96574862173,32.353
fixed_K16,29,10,27,138300.97340678665,32.351
fixed_K16,29,10,28,15843.211478601588,32.042
fixed_K16,29,10,29,87742.06099912812,31.353
fixed_K16,29,10,3,164721.89044236913,32.735
fixed_K16,29,10,4,56505.88021761818,33.252
fixed_K16,29,10,5,7007.251190772113,33.376
fixed_K16,29,10,6,11759.05576796325,32.309
fixed_K16,29,10,7,2702.0360587923933,33.832
fixed_K16,29,10,8,182289.46872674883,32.525
fixed_K16,29,10,9,18376.244221098616,35.084
fixed_K16,3,10,0,67.50641278856381,6.407
fixed_K16,3,10,1,4.010042914961787,6.464
fixed_K16,3,10,10,3.988799868209412,6.494
fixed_K16,3,10,11,8.826265550122514,6.528
fixed_K16,3,10,12,0.021070398117728928,6.444
fixed_K16,3,10,13,66.81967860997082,6.458
fixed_K16,3,10,14,65.39966683881562,6.414
fixed_K16,3,10,15,66.49991383333406,6.468
fixed_K16,3,10,16,4.031583376367905,6.498
fixed_K16,3,10,17,4.004928856289496,6.464
fixed_K16,3,10,18,65.75056544401389,6.383
fixed_K16,3,10,19,6.222163624166001,6.454
fixed_K16,3,10,2,4.159225737476504,6.458
fixed_K16,3,10,20,3.9986206363752217,6.47
fixed_K16,3,10,21,67.14767832568305,6.423
fixed_K16,3,10,22,66.6760146161904,6.453
fixed_K16,3,10,23,0.005562889748944144,6.585
fixed_K16,3,10,24,4.009666352454644,6.451
fixed_K16,3,10,25,4.008421227005044,6.562
fixed_K16,3,10,26,0.003841280566803107,6.506
fixed_K16,3,10,27,66.69803151896735,6.47
fixed_K16,3,10,28,9.050006736263981,6.482
fixed_K16,3,10,29,4.484141274725687,6.448
fixed_K16,3,10,3,66.11823497882813,6.546
fixed_K16,3,10,4,4.021360552089277,6.532
fixed_K16,3,10,5,65.59711182893312,6.388
fixed_K16,3,10,6,8.732411504887693,6.395
fixed_K16,3,10,7,66.00510004394152,6.48
fixed_K16,3,10,8,4.270424847527011,6.493
fixed_K16,3,10,9,67.42702077676722,6.426
fixed_K16,4,10,0,84.57920684015505,5.451
fixed_K16,4,10,1,122.3904554487284,5.53
fixed_K16,4,10,10,54.75233927030246,5.351
fixed_K16,4,10,11,69.65681263435408,5.512
fixed_K16,4,10,12,70.65166715651736,5.587
fixed_K16,4,10,13,130.38347350014305,5.573
fixed_K16,4,10,14,38.81765090337427,5.526
fixed_K16,4,10,15,52.74399893090498,5.587
fixed_K16,4,10,16,88.55633322096253,5.477
fixed_K16,4,10,17,49.760548504648,5.582
fixed_K16,4,10,18,112.44181973919285,5.521
fixed_K16,4,10,19,76.61984850021855,5.619
fixed_K16,4,10,2,75.64362715762377,5.528
fixed_K16,4,10,20,87.57807223286915,5.448
fixed_K16,4,10,21,57.72058715067914,5.552
fixed_K16,4,10,22,89.55579523775555,5.568
fixed_K16,4,10,23,145.26947906987095,5.652
fixed_K16,4,10,24,59.703092055528714,5.49
fixed_K16,4,10,25,100.50026341227743,5.512
fixed_K16,4,10,26,25.88495415170729,5.466
fixed_K16,4,10,27,56.721664057563714,5.472
fixed_K16,4,10,28,97.51345196387769,5.534
fixed_K16,4,10,29,17.919054376296913,5.503
fixed_K16,4,10,3,86.56831477647779,5.531
fixed_K16,4,10,4,46.789725778688705,5.541
fixed_K16,4,10,5,60.71267174067589,5.544
fixed_K16,4,10,6,32.85047314235089,5.547
fixed_K16,4,10,7,91.5437539434435,5.459
fixed_K16,4,10,8,63.69219961048134,5.631
fixed_K16,4,10,9,118.41375539637454,5.664
fixed_K16,5,10,0,7.856127240302158e-06,8.786
fixed_K16,5,10,1,1.4659743214906484e-06,8.771
fixed_K16,5,10,10,4.973924205842195e-08,8.748
fixed_K16,5,10,11,3.567210251276265e-05,8.726
fixed_K16,5,10,12,0.0007157517923133128,8.81
fixed_K16,5,10,13,2.129923473148665e-07,8.78
fixed_K16,5,10,14,0.0006664788359671547,8.755
fixed_K16,5,10,15,1.1498633512019296e-07,8.869
fixed_K16,5,10,16,9.68563113019627e-05,8.817
fixed_K16,5,10,17,3.375077994860476e-09,8.783
fixed_K16,5,10,18,1.1331943596815108e-06,8.825
fixed_K16,5,10,19,5.016494696974405e-06,8.831
fixed_K16,5,10,2,6.189515033838688e-08,8.78
fixed_K16,5,10,20,1.0351875516789733e-06,8.786
fixed_K16,5,10,21,1.3081875067655346e-06,8.837
fixed_K16,5,10,22,3.875043319112592e-06,8.756
fixed_K16,5,10,23,2.652195661312362e-05,8.791
fixed_K16,5,10,24,0.0003365776413488675,8.782
fixed_K16,5,10,25,1.2053998659666831e-05,8.769
fixed_K16,5,10,26,2.1096847717672063e-06,8.83
fixed_K16,5,10,27,9.688051250122953e-09,8.782
fixed_K16,5,10,28,6.520280300037484e-05,8.786
fixed_K16,5,10,29,3.78178754090186e-07,8.704
fixed_K16,5,10,3,0.00055853582631471,8.819
fixed_K16,5,10,4,3.6789339219467365e-07,8.79
fixed_K16,5,10,5,5.8939860991813475e-08,8.791
fixed_K16,5,10,6,1.314912196903606e-07,8.822
fixed_K16,5,10,7,0.00016764174455374814,8.795
fixed_K16,5,10,8,0.0002791935129948797,8.733
fixed_K16,5,10,9,3.474340815046162e-07,8.828
fixed_K16,6,10,0,38.25142599422293,9.209
fixed_K16,6,10,1,81.45834185563683,9.097
fixed_K16,6,10,10,72.91997335105327,9.207
fixed_K16,6,10,11,52.134082621875905,9.114
fixed_K16,6,10,12,62.85386247212705,9.205
fixed_K16,6,10,13,68.5669705365417,9.137
fixed_K16,6,10,14,39.047276317301794,9.167
fixed_K16,6,10,15,76.24902372574047,9.065
fixed_K16,6,10,16,40.980428170683695,9.126
fixed_K16,6,10,17,88.96829301633443,9.268
fixed_K16,6,10,18,65.92172111646187,9.265
fixed_K16,6,10,19,54.9082834876607,9.133
fixed_K16,6,10,2,47.14228552453767,9.228
fixed_K16,6,10,20,51.34139798860576,9.144
fixed_K16,6,10,21,35.97731306044602,9.134
fixed_K16,6,10,22,21.172610437403705,9.119
fixed_K16,6,10,23,78.4259208656556,9.089
fixed_K16,6,10,24,52.14898741211459,9.203
fixed_K16,6,10,25,75.75472747267497,9.154
fixed_K16,6,10,26,76.84511466032666,9.208
fixed_K16,6,10,27,57.261172118137665,9.123
fixed_K16,6,10,28,73.80754547708204,9.203
fixed_K16,6,10,29,49.14023566654305,9.214
fixed_K16,6,10,3,48.75577460119496,9.057
fixed_K16,6,10,4,51.162695805782846,9.211
fixed_K16,6,10,5,56.60588786710173,9.092
fixed_K16,6,10,6,88.17709488880018,9.163
fixed_K16,6,10,7,40.953011940072656,9.147
fixed_K16,6,10,8,79.40374696651384,9.175
fixed_K16,6,10,9,65.75333072978287,9.034
fixed_K16,7,10,0,64.00000000000045,17.178
fixed_K16,7,10,1,66.00000001499654,17.176
fixed_K16,7,10,10,58.000000000000455,17.172
fixed_K16,7,10,11,54.000000000000796,17.237
fixed_K16,7,10,12,78.0000000000008,17.241
fixed_K16,7,10,13,60.00000000214834,17.241
fixed_K16,7,10,14,70.0,17.099
fixed_K16,7,10,15,52.000000000000114,17.125
fixed_K16,7,10,16,46.00000000648129,17.202
fixed_K16,7,10,17,60.0,17.184
fixed_K16,7,10,18,84.0,17.227
fixed_K16,7,10,19,38.00000007215408,17.078
fixed_K16,7,10,2,56.00000000650789,17.208
fixed_K16,7,10,20,58.000000000000455,17.232
fixed_K16,7,10,21,78.00000000000011,17.292
fixed_K16,7,10,22,58.0,17.126
fixed_K16,7,10,23,74.00000002545448,17.071
fixed_K16,7,10,24,54.0,17.148
fixed_K16,7,10,25,64.0,17.123
fixed_K16,7,10,26,70.00000000000034,17.243
fixed_K16,7,10,27,52.0,17.227
fixed_K16,7,10,28,78.00000000000034,17.228
fixed_K16,7,10,29,52.00000000000114,17.256
fixed_K16,7,10,3,46.00000001159583,17.212
fixed_K16,7,10,4,66.00000000224622,17.233
fixed_K16,7,10,5,66.00000000121952,17.191
fixed_K16,7,10,6,56.0,17.233
fixed_K16,7,10,7,52.0,17.256
fixed_K16,7,10,8,66.00000000360183,17.28
fixed_K16,7,10,9,60.00000034805885,17.202
fixed_K16,8,10,0,1.7938401835664308,8.787
fixed_K16,8,10,1,1.7938777426603565,8.887
fixed_K16,8,10,10,1.5035407530734801,8.965
fixed_K16,8,10,11,2.085860111861507,8.837
fixed_K16,8,10,12,0.8132087342504519,8.761
fixed_K16,8,10,13,2.248304787338384,8.873
fixed_K16,8,10,14,1.518566350432593,8.858
fixed_K16,8,10,15,2.5210434145465115,8.951
fixed_K16,8,10,16,0.45432416998107783,8.874
fixed_K16,8,10,17,1.382240895955988,8.85
fixed_K16,8,10,18,0.6346011795757249,8.877
fixed_K16,8,10,19,1.8854445475350303,8.868
fixed_K16,8,10,2,0.35811307827555083,9.038
fixed_K16,8,10,20,2.337796396786871,8.93
fixed_K16,8,10,21,0.5438546543431357,8.874
fixed_K16,8,10,22,2.4273596770127597,8.88
fixed_K16,8,10,23,1.7938517407626478,8.844
fixed_K16,8,10,24,0.5443678455416148,8.851
fixed_K16,8,10,25,0.2685847973181126,8.888
fixed_K16,8,10,26,1.8840487119600766,8.853
fixed_K16,8,10,27,1.3399224789961863,8.861
fixed_K16,8,10,28,1.0886485534871326,8.892
fixed_K16,8,10,29,1.7938370708134244,8.881
fixed_K16,8,10,3,1.4290518510106267,8.857
fixed_K16,8,10,4,1.4290384343320284,8.895
fixed_K16,8,10,5,2.3379098224917243,8.852
fixed_K16,8,10,6,0.8124372346521795,8.829
fixed_K16,8,10,7,1.794137827342297,8.858
fixed_K16,8,10,8,0.7229087921895143,9.0
fixed_K16,8,10,9,1.8833625234179863,9.012
fixed_K16,9,10,0,1151.21740007867,13.424
fixed_K16,9,10,1,1112.1794420870697,14.652
fixed_K16,9,10,10,1056.5853468530581,14.285
fixed_K16,9,10,11,968.7176810036776,14.485
fixed_K16,9,10,12,775.1523065017723,13.423
fixed_K16,9,10,13,1226.7262112616618,13.467
fixed_K16,9,10,14,1383.9272951111661,13.385
fixed_K16,9,10,15,796.5823387853129,13.512
fixed_K16,9,10,16,1031.1272500241357,13.446
fixed_K16,9,10,17,1534.441247239366,14.738
fixed_K16,9,10,18,798.1495319817677,13.54
fixed_K16,9,10,19,1313.5677778204863,13.441
fixed_K16,9,10,2,1686.7887543210659,13.484
fixed_K16,9,10,20,1174.370030539741,13.554
fixed_K16,9,10,21,890.6281113970781,14.491
fixed_K16,9,10,22,933.2634089681706,13.476
fixed_K16,9,10,23,1188.94465932405,13.416
fixed_K16,9,10,24,719.7705014753365,14.539
fixed_K16,9,10,25,1305.693021572542,13.553
fixed_K16,9,10,26,1231.8409824916416,13.456
fixed_K16,9,10,27,1008.7717724116105,13.394
fixed_K16,9,10,28,1135.0153891554064,13.461
fixed_K16,9,10,29,553.420589321554,14.488
fixed_K16,9,10,3,733.8637864971602,13.386
fixed_K16,9,10,4,517.7264302761928,13.467
fixed_K16,9,10,5,1291.2781524651264,13.494
fixed_K16,9,10,6,1091.028607241834,13.429
fixed_K16,9,10,7,1071.1963255271035,13.406
fixed_K16,9,10,8,755.220437010285,13.509
fixed_K16,9,10,9,421.50151308385193,13.488
random_K,10,10,0,8935.565902887152,5.8
random_K,10,10,1,3991.420785065371,5.667
random_K,10,10,10,11755.46376386653,5.682
random_K,10,10,11,12876.138500038864,5.927
random_K,10,10,12,23508.968347851445,5.682
random_K,10,10,13,10349.859111614292,5.879
random_K,10,10,14,4347.393514994574,5.655
random_K,10,10,15,5237.667392618559,5.851
random_K,10,10,16,8602.314464357412,6.066
random_K,10,10,17,15578.245058144043,6.099
random_K,10,10,18,12942.7678400973,5.869
random_K,10,10,19,10575.021226293087,5.741
random_K,10,10,2,16585.018297739618,5.9
random_K,10,10,20,12001.946296555501,5.773
random_K,10,10,21,19355.674436249483,5.858
random_K,10,10,22,7268.981331648682,5.871
random_K,10,10,23,8824.636411938976,5.661
random_K,10,10,24,3894.0362247721696,5.829
random_K,10,10,25,9760.42465289629,5.628
random_K,10,10,26,13254.315035141215,5.754
random_K,10,10,27,11244.281520221713,5.711
random_K,10,10,28,5196.737687294817,5.719
random_K,10,10,29,7241.848449657029,5.817
random_K,10,10,3,18390.130095936798,5.991
random_K,10,10,4,6857.118793263949,5.772
random_K,10,10,5,8405.882405486214,5.87
random_K,10,10,6,12872.51015539309,5.906
random_K,10,10,7,18044.357459128372,5.796
random_K,10,10,8,5400.317973770751,5.684
random_K,10,10,9,5818.453786461439,5.822
random_K,11,10,0,1577771.3537940164,9.517
random_K,11,10,1,39525.19721826894,9.357
random_K,11,10,10,10686729.787305487,9.451
random_K,11,10,11,460928.57083791133,9.63
random_K,11,10,12,363744.43436133856,9.449
random_K,11,10,13,3915092.2041241215,9.284
random_K,11,10,14,154091.22838229666,9.597
random_K,11,10,15,5869787.432881413,9.262
random_K,11,10,16,1496520.9369214724,8.798
random_K,11,10,17,1535909.0451161119,9.141
random_K,11,10,18,6721411.410564336,9.283
random_K,11,10,19,1429947.5544553788,9.865
random_K,11,10,2,1248050.408474133,9.302
random_K,11,10,20,256842.9309765799,9.378
random_K,11,10,21,4106748.4494742504,9.056
random_K,11,10,22,370019.33465878526,9.35
random_K,11,10,23,3274380.9349818607,9.292
random_K,11,10,24,2832140.0871692826,9.022
random_K,11,10,25,5307980.482701379,9.126
random_K,11,10,26,8160965.969129844,8.758
random_K,11,10,27,434801.9936068139,9.206
random_K,11,10,28,1310784.6176164444,9.376
random_K,11,10,29,241983.12325512356,9.221
random_K,11,10,3,104441.9307286307,9.367
random_K,11,10,4,56530.354711042455,9.359
random_K,11,10,5,10521621.764914257,9.327
random_K,11,10,6,20976.32396850583,9.482
random_K,11,10,7,2485975.169548883,8.791
random_K,11,10,8,321079.4210532935,9.188
random_K,11,10,9,34377.491597997316,9.17
random_K,12,10,0,6567.489761632485,6.902
random_K,12,10,1,14566.626420367018,6.583
random_K,12,10,10,22525.90321698858,6.369
random_K,12,10,11,18472.578447810796,6.642
random_K,12,10,12,13364.731417056933,6.781
random_K,12,10,13,69610.53974886873,6.442
random_K,12,10,14,46560.50291388646,6.658
random_K,12,10,15,8341.75670870501,6.582
random_K,12,10,16,709540.066019824,6.853
random_K,12,10,17,5609.03954100274,6.827
random_K,12,10,18,6567.4996998401,6.967
random_K,12,10,19,13291.282570471089,6.63
random_K,12,10,2,21556.919036342028,6.827
random_K,12,10,20,9095.886499355596,6.647
random_K,12,10,21,11082.67809007161,6.699
random_K,12,10,22,4457.744517317355,6.629
random_K,12,10,23,6020.053055960799,6.519
random_K,12,10,24,10840.818424262638,6.518
random_K,12,10,25,772052.9506621324,6.295
random_K,12,10,26,5103.713290475431,6.586
random_K,12,10,27,5498.704219577294,6.766
random_K,12,10,28,8739.319640004514,6.864
random_K,12,10,29,3578.3828141202603,6.467
random_K,12,10,3,5170.029285683597,6.638
random_K,12,10,4,8382.516999629464,6.657
random_K,12,10,5,7200.886279818591,6.786
random_K,12,10,6,6930.665341348523,6.639
random_K,12,10,7,11363.466037466325,6.612
random_K,12,10,8,250218.0142633949,6.363
random_K,12,10,9,8026.727095937724,6.638
random_K,13,10,0,13577.01761673824,6.692
random_K,13,10,1,12016.126392385024,7.055
random_K,13,10,10,9802.810564740044,6.917
random_K,13,10,11,11728.82451117664,6.827
random_K,13,10,12,15915.446215274955,6.363
random_K,13,10,13,9008.256570950998,6.968
random_K,13,10,14,14758.975965670412,6.961
random_K,13,10,15,14365.795068183877,6.98
random_K,13,10,16,9594.989165553601,6.972
random_K,13,10,17,9901.181612120494,7.135
random_K,13,10,18,13363.834195444295,7.393
random_K,13,10,19,12199.423070677669,6.932
random_K,13,10,2,17394.258196960276,7.005
random_K,13,10,20,14171.115167275879,7.198
random_K,13,10,21,13826.507717646648,7.015
random_K,13,10,22,14460.96414414702,7.049
random_K,13,10,23,13305.732101012323,6.948
random_K,13,10,24,7662.876465873564,6.837
random_K,13,10,25,13233.466635365912,6.856
random_K,13,10,26,11846.997874725957,6.81
random_K,13,10,27,20920.751836997886,7.025
random_K,13,10,28,18136.781439537957,6.966
random_K,13,10,29,15491.079415175282,6.837
random_K,13,10,3,14453.855339547832,7.135
random_K,13,10,4,16225.962076569609,6.894
random_K,13,10,5,12329.07345542987,6.784
random_K,13,10,6,16002.676341367922,6.622
random_K,13,10,7,19612.504273028768,6.995
random_K,13,10,8,14721.072260080073,6.811
random_K,13,10,9,11077.800279345662,6.833
random_K,14,10,0,177878.48611050396,6.708
random_K,14,10,1,33511.78567272929,6.573
random_K,14,10,10,34044.09060548493,7.039
random_K,14,10,11,27065.40299435269,6.858
random_K,14,10,12,224024.9166688931,6.861
random_K,14,10,13,34574.62350500438,7.229
random_K,14,10,14,187035.13843607422,6.976
random_K,14,10,15,41573.26980534216,7.091
random_K,14,10,16,165938.47080182473,7.415
random_K,14,10,17,21520.029080863074,6.772
random_K,14,10,18,49980.25266017928,6.815
random_K,14,10,19,219501.64919128455,6.636
random_K,14,10,2,97599.54204673409,7.254
random_K,14,10,20,175580.16652400218,6.885
random_K,14,10,21,25755.674049970698,6.586
random_K,14,10,22,12369.705247732367,6.677
random_K,14,10,23,77490.6870957448,6.978
random_K,14,10,24,51783.21728269166,6.765
random_K,14,10,25,141999.5706502924,7.034
random_K,14,10,26,44207.34045756681,6.771
random_K,14,10,27,36812.775923912035,6.704
random_K,14,10,28,35384.29562044059,6.904
random_K,14,10,29,30252.002733090005,6.545
random_K,14,10,3,236755.8010826408,6.499
random_K,14,10,4,47069.853238027674,6.643
random_K,14,10,5,44464.60358574015,7.021
random_K,14,10,6,21781.71501976707,6.553
random_K,14,10,7,93818.77229219695,6.739
random_K,14,10,8,136328.80284162017,6.655
random_K,14,10,9,18085.612510418112,6.843
random_K,15,10,0,16936.984865254894,13.773
random_K,15,10,1,6173.175830747448,13.728
random_K,15,10,10,1001.68556083052,13.672
random_K,15,10,11,129.99683832787082,13.448
random_K,15,10,12,1499.9606773535693,13.506
random_K,15,10,13,977.4767019262017,13.931
random_K,15,10,14,12652.028660178821,13.411
random_K,15,10,15,12397.808451489993,13.204
random_K,15,10,16,8203.655243952215,13.414
random_K,15,10,17,4641.618790631299,13.249
random_K,15,10,18,3478.526898691239,13.998
random_K,15,10,19,1576.799678564158,13.674
random_K,15,10,2,2570.58217112956,13.944
random_K,15,10,20,4942.36174856619,13.529
random_K,15,10,21,1063.1326176031907,13.556
random_K,15,10,22,4115.089844253961,13.049
random_K,15,10,23,2771.02861730951,13.937
random_K,15,10,24,11265.145641264391,14.512
random_K,15,10,25,2540.5366020286515,13.44
random_K,15,10,26,334.52365798912865,13.625
random_K,15,10,27,3426.588075844472,13.314
random_K,15,10,28,1180.6644900964902,12.784
random_K,15,10,29,11701.78318552629,13.352
random_K,15,10,3,21218.815754347328,13.472
random_K,15,10,4,7956.158358192151,13.506
random_K,15,10,5,27722.811488773605,14.115
random_K,15,10,6,2957.486172844121,13.357
random_K,15,10,7,1244.4766143033225,13.937
random_K,15,10,8,3396.1932112684144,13.462
random_K,15,10,9,2173.9810342542096,13.95
random_K,16,10,0,550.8069357639438,30.878
random_K,16,10,1,100.69090301829397,33.028
random_K,16,10,10,196.00512011468186,31.15
random_K,16,10,11,895.7293442924674,31.984
random_K,16,10,12,1527.3335893518488,30.671
random_K,16,10,13,699.6742954340643,30.254
random_K,16,10,14,329.43254829168654,29.414
random_K,16,10,15,398.7952660478627,30.763
random_K,16,10,16,55.418375767477755,30.16
random_K,16,10,17,805.6453915081179,30.742
random_K,16,10,18,529.5115494268457,29.591
random_K,16,10,19,624.58587508548,30.32
random_K,16,10,2,832.6640540290014,31.812
random_K,16,10,20,447.42114839840224,30.289
random_K,16,10,21,734.2552878973024,30.212
random_K,16,10,22,873.276989375282,29.073
random_K,16,10,23,623.4545267682524,30.492
random_K,16,10,24,897.1001447549324,30.351
random_K,16,10,25,704.0824511029796,29.521
random_K,16,10,26,1133.2883406279789,30.818
random_K,16,10,27,430.4315114766523,29.946
random_K,16,10,28,622.1547950333979,30.618
random_K,16,10,29,785.0737159272044,29.964
random_K,16,10,3,629.74927155967,31.877
random_K,16,10,4,482.8403873683101,31.914
random_K,16,10,5,869.7201265887816,30.098
random_K,16,10,6,780.2685401614458,30.493
random_K,16,10,7,281.9894347165239,31.102
random_K,16,10,8,438.00460196771314,30.718
random_K,16,10,9,970.7062573936928,31.694
random_K,17,10,0,9254.56737319608,8.248
random_K,17,10,1,15443.152157082175,8.602
random_K,17,10,10,15436.474309804646,8.595
random_K,17,10,11,23096.94337797727,8.511
random_K,17,10,12,12080.034733825687,8.258
random_K,17,10,13,22347.787140109114,8.085
random_K,17,10,14,24582.052158011684,8.589
random_K,17,10,15,8187.419293586423,8.283
random_K,17,10,16,17341.6966830196,8.245
random_K,17,10,17,28666.325175040613,8.456
random_K,17,10,18,22354.937713963413,8.486
random_K,17,10,19,52700.70690063865,8.619
random_K,17,10,2,33496.488967586,8.509
random_K,17,10,20,16305.30635337226,8.369
random_K,17,10,21,10959.935842221192,8.636
random_K,17,10,22,10469.406639803983,8.304
random_K,17,10,23,18218.6455468419,7.957
random_K,17,10,24,20423.34415135721,8.36
random_K,17,10,25,53135.205190769484,8.265
random_K,17,10,26,34118.66202184737,8.091
random_K,17,10,27,20005.030372235462,8.335
random_K,17,10,28,16876.524754307677,8.14
random_K,17,10,29,24030.69920757038,8.193
random_K,17,10,3,20778.931504212524,8.488
random_K,17,10,4,19301.545601094058,8.504
random_K,17,10,5,18686.30301613587,8.426
random_K,17,10,6,24352.521826775042,8.151
random_K,17,10,7,19238.78886804586,8.463
random_K,17,10,8,20229.069596733236,8.546
random_K,17,10,9,23689.274519001887,8.563
random_K,18,10,0,9208.443077842534,17.141
random_K,18,10,1,1143.7826341163181,16.766
random_K,18,10,10,7389.426142547811,16.754
random_K,18,10,11,10726.742179689692,16.641
random_K,18,10,12,1920.5199362924714,16.575
random_K,18,10,13,8689.213525778861,17.384
random_K,18,10,14,5975.514984801016,17.672
random_K,18,10,15,5887.868340323711,16.831
random_K,18,10,16,3428.674086008714,17.033
random_K,18,10,17,9533.65560019756,16.819
random_K,18,10,18,2656.2046038872622,17.296
random_K,18,10,19,302.60504397650766,17.685
random_K,18,10,2,3814.2679004409447,16.866
random_K,18,10,20,2470.9161507142535,17.037
random_K,18,10,21,4636.074771718118,17.53
random_K,18,10,22,853.7777562362917,17.869
random_K,18,10,23,3453.849896150783,16.69
random_K,18,10,24,930.806363870759,16.242
random_K,18,10,25,11437.07333289188,17.098
random_K,18,10,26,6331.767626598665,15.823
random_K,18,10,27,3721.7287159752213,16.845
random_K,18,10,28,9766.687396712832,16.769
random_K,18,10,29,12132.837715981013,17.064
random_K,18,10,3,4886.11730184689,17.177
random_K,18,10,4,7026.510415348375,16.957
random_K,18,10,5,5199.115971273803,17.21
random_K,18,10,6,2707.5585763915424,17.575
random_K,18,10,7,661.5779429559066,16.963
random_K,18,10,8,2474.6065497906757,16.876
random_K,18,10,9,2737.5079929816566,17.25
random_K,19,10,0,71.28638933153661,29.651
random_K,19,10,1,152.60080055310937,29.688
random_K,19,10,10,213.270951631951,29.51
random_K,19,10,11,141.16231817074504,29.929
random_K,19,10,12,95.02298937739147,30.208
random_K,19,10,13,85.33762655710666,29.665
random_K,19,10,14,110.64202155248336,29.503
random_K,19,10,15,40.00563836246647,29.504
random_K,19,10,16,141.0769503596223,29.315
random_K,19,10,17,50.89440406053063,29.948
random_K,19,10,18,210.5313853579787,30.1
random_K,19,10,19,467.28620264550864,31.236
random_K,19,10,2,390.36283768615476,29.312
random_K,19,10,20,70.98543476155828,29.51
random_K,19,10,21,258.76810971276655,30.322
random_K,19,10,22,133.42614681671603,30.175
random_K,19,10,23,56.80087746701406,29.509
random_K,19,10,24,190.1674456194428,29.259
random_K,19,10,25,108.35810366470332,29.937
random_K,19,10,26,49.18429214504249,29.299
random_K,19,10,27,27.991263378896747,29.743
random_K,19,10,28,212.40683727798432,29.916
random_K,19,10,29,87.68378286247025,29.158
random_K,19,10,3,121.52703976392581,30.775
random_K,19,10,4,292.33139825077023,28.753
random_K,19,10,5,249.14598370015347,31.137
random_K,19,10,6,401.9502200933657,29.633
random_K,19,10,7,156.6362775704656,29.343
random_K,19,10,8,87.69572698979755,29.559
random_K,19,10,9,54.860492186718375,30.033
random_K,1,10,0,1573.2444958237775,2.577
random_K,1,10,1,80.28362974617323,2.759
random_K,1,10,10,721.0627260113032,2.611
random_K,1,10,11,247.62605054443338,2.609
random_K,1,10,12,1930.2239407177656,2.569
random_K,1,10,13,2984.29927315868,2.774
random_K,1,10,14,21.146330688014288,2.795
random_K,1,10,15,48.72341764431181,3.052
random_K,1,10,16,804.7126985878168,2.815
random_K,1,10,17,323.8650354027426,2.542
random_K,1,10,18,1422.4260916566611,2.79
random_K,1,10,19,483.72795677526824,2.622
random_K,1,10,2,273.9538199767921,2.551
random_K,1,10,20,304.328456752903,2.681
random_K,1,10,21,61.73540288224888,2.736
random_K,1,10,22,713.4511554355979,2.601
random_K,1,10,23,652.0867096203774,2.704
random_K,1,10,24,1032.3119210215712,2.661
random_K,1,10,25,296.5965762469822,2.636
random_K,1,10,26,939.6071205930259,2.67
random_K,1,10,27,93.47456268907769,2.97
random_K,1,10,28,26.791166615518136,2.485
random_K,1,10,29,603.3464984336014,2.46
random_K,1,10,3,1043.713389489637,2.59
random_K,1,10,4,1756.3253971021074,2.568
random_K,1,10,5,63.0570885614253,2.794
random_K,1,10,6,54.70653510126192,2.613
random_K,1,10,7,65.68467221294338,2.671
random_K,1,10,8,439.23538840690367,2.898
random_K,1,10,9,242.06420558690343,2.565
random_K,20,10,0,100.03961233297196,9.777
random_K,20,10,1,100.09961793787352,9.697
random_K,20,10,10,100.0384985075707,9.592
random_K,20,10,11,100.05753158242669,9.602
random_K,20,10,12,100.05038878427558,9.408
random_K,20,10,13,332.6242602452421,10.222
random_K,20,10,14,100.0854559166155,9.98
random_K,20,10,15,100.04030699954137,10.328
random_K,20,10,16,100.11422899977424,10.124
random_K,20,10,17,100.08528261982337,9.801
random_K,20,10,18,100.05599636703892,10.267
random_K,20,10,19,272.2345051203779,10.117
random_K,20,10,2,100.07144609849684,9.611
random_K,20,10,20,100.0566641565274,9.55
random_K,20,10,21,100.05580913616177,9.777
random_K,20,10,22,100.04415040990943,10.383
random_K,20,10,23,100.05853620431344,10.431
random_K,20,10,24,100.05749939962334,9.336
random_K,20,10,25,100.04568062271619,10.538
random_K,20,10,26,100.04245430290575,10.313
random_K,20,10,27,223.21508099477796,10.424
random_K,20,10,28,100.07620037672223,9.781
random_K,20,10,29,287.58341423847696,10.227
random_K,20,10,3,100.04157436062587,10.156
random_K,20,10,4,265.6915669458426,10.212
random_K,20,10,5,100.05161218307285,9.907
random_K,20,10,6,100.05475602787965,10.152
random_K,20,10,7,400.4707034028261,9.996
random_K,20,10,8,286.21766450998985,10.306
random_K,20,10,9,100.07184649093915,9.863
random_K,21,10,0,105.70293332505344,14.271
random_K,21,10,1,105.57812787288594,13.51
random_K,21,10,10,181.34175052704086,13.412
random_K,21,10,11,115.6171525801501,13.934
random_K,21,10,12,124.62679231851735,13.505
random_K,21,10,13,111.45666227123411,14.244
random_K,21,10,14,160.03009386225267,13.714
random_K,21,10,15,174.3619500787181,14.457
random_K,21,10,16,109.32880741290683,13.844
random_K,21,10,17,104.80337990556882,13.911
random_K,21,10,18,108.61125665156942,13.483
random_K,21,10,19,105.8340072282017,13.723
random_K,21,10,2,110.81562493961246,13.702
random_K,21,10,20,120.56097078164066,13.342
random_K,21,10,21,106.8279275335035,13.611
random_K,21,10,22,121.69780530028129,12.957
random_K,21,10,23,122.02130492349261,13.684
random_K,21,10,24,191.93683330570002,13.431
random_K,21,10,25,102.95517151756349,13.839
random_K,21,10,26,108.44322006573839,13.324
random_K,21,10,27,128.03852038267496,13.385
random_K,21,10,28,150.79266840238733,13.641
random_K,21,10,29,157.54448056395768,14.795
random_K,21,10,3,116.12130258395064,13.547
random_K,21,10,4,112.56084705783906,13.944
random_K,21,10,5,111.2296468783693,13.489
random_K,21,10,6,105.31411368845829,13.218
random_K,21,10,7,118.9205546885405,13.432
random_K,21,10,8,109.89406381729032,14.368
random_K,21,10,9,137.69989466293327,13.806
random_K,22,10,0,100.11779211780868,16.168
random_K,22,10,1,100.10808145418514,15.35
random_K,22,10,10,434.89383882212314,15.847
random_K,22,10,11,100.13689738518315,15.426
random_K,22,10,12,200.05645781094427,15.398
random_K,22,10,13,100.14718418491657,15.979
random_K,22,10,14,100.123313056808,15.702
random_K,22,10,15,100.14902363992678,15.914
random_K,22,10,16,100.15278967608947,15.71
random_K,22,10,17,200.0478957342375,15.262
random_K,22,10,18,100.07092662219657,15.516
random_K,22,10,19,200.07047733492118,15.879
random_K,22,10,2,100.08423308630199,15.676
random_K,22,10,20,100.10820959447983,15.776
random_K,22,10,21,200.0684624002788,15.575
random_K,22,10,22,100.10488668654534,16.454
random_K,22,10,23,100.21856379328756,15.475
random_K,22,10,24,200.1044409088572,16.208
random_K,22,10,25,100.22920583000905,15.699
random_K,22,10,26,100.09544288425877,15.532
random_K,22,10,27,200.12232290463044,15.756
random_K,22,10,28,100.11905095818383,15.702
random_K,22,10,29,100.12677515067571,15.869
random_K,22,10,3,100.16446029257759,15.637
random_K,22,10,4,200.05374426517028,16.434
random_K,22,10,5,200.04622508518742,15.481
random_K,22,10,6,100.12105242493317,16.074
random_K,22,10,7,100.11552655914602,15.396
random_K,22,10,8,100.13340956290676,15.45
random_K,22,10,9,100.16762414199093,15.868
random_K,23,10,0,200.1812391675221,11.863
random_K,23,10,1,100.11083966812521,12.437
random_K,23,10,10,100.15358169431101,12.377
random_K,23,10,11,365.70187388613476,11.731
random_K,23,10,12,200.25470885689083,12.404
random_K,23,10,13,200.22613484843123,12.495
random_K,23,10,14,200.11955692451238,12.741
random_K,23,10,15,200.26129291739653,12.846
random_K,23,10,16,100.22670270619255,12.209
random_K,23,10,17,100.25109259701185,11.836
random_K,23,10,18,100.18822450688185,12.26
random_K,23,10,19,100.18785658689922,12.307
random_K,23,10,2,414.33555147679954,12.87
random_K,23,10,20,200.21241467414893,12.728
random_K,23,10,21,100.13969542388804,13.096
random_K,23,10,22,100.15360607038656,12.661
random_K,23,10,23,100.20376325844882,12.107
random_K,23,10,24,200.13720225721363,12.219
random_K,23,10,25,100.2075781837234,12.207
random_K,23,10,26,200.2123447408726,12.4
random_K,23,10,27,200.24940336738382,12.677
random_K,23,10,28,100.11773883690239,12.508
random_K,23,10,29,100.16439526193426,12.215
random_K,23,10,3,100.15791951854317,12.343
random_K,23,10,4,200.12731809243132,11.532
random_K,23,10,5,200.1634247743209,11.549
random_K,23,10,6,100.0928794244478,12.945
random_K,23,10,7,200.12138543441506,11.706
random_K,23,10,8,200.1838661892657,12.371
random_K,23,10,9,100.22600921217554,12.509
random_K,24,10,0,613.1460122671824,14.594
random_K,24,10,1,613.6766175390562,14.142
random_K,24,10,10,616.2780885529164,14.188
random_K,24,10,11,515.6568883101872,15.063
random_K,24,10,12,526.4039885905204,14.485
random_K,24,10,13,612.8429909155802,14.472
random_K,24,10,14,614.7268899936134,14.006
random_K,24,10,15,518.1264653174067,14.619
random_K,24,10,16,512.9585888408587,14.392
random_K,24,10,17,513.8543753365125,14.01
random_K,24,10,18,487.32118249865835,14.323
random_K,24,10,19,624.7821330299585,14.282
random_K,24,10,2,612.4770088062041,14.214
random_K,24,10,20,511.53181535556814,14.597
random_K,24,10,21,615.9086229079594,14.674
random_K,24,10,22,608.1968123234651,13.995
random_K,24,10,23,613.5088518381604,14.61
random_K,24,10,24,519.2696454538791,14.721
random_K,24,10,25,514.1586764582012,14.458
random_K,24,10,26,492.81286058293927,13.992
random_K,24,10,27,522.1500178769857,14.655
random_K,24,10,28,530.3040327983972,14.188
random_K,24,10,29,609.4687730273781,14.539
random_K,24,10,3,511.3644876307749,14.628
random_K,24,10,4,516.4665014229167,14.413
random_K,24,10,5,520.3486031954199,14.717
random_K,24,10,6,514.2898004411254,14.195
random_K,24,10,7,600.7265292856573,13.907
random_K,24,10,8,613.4675092241168,14.765
random_K,24,10,9,614.8251258250293,14.517
random_K,25,10,0,505.06931455871745,32.568
random_K,25,10,1,0.0035634660389405326,31.902
random_K,25,10,10,0.004384093903354369,31.664
random_K,25,10,11,573.7088519602548,33.431
random_K,25,10,12,603.2420441014697,31.698
random_K,25,10,13,0.004193163120362442,31.147
random_K,25,10,14,616.6387750571648,31.645
random_K,25,10,15,597.8635583916939,32.806
random_K,25,10,16,0.004220099435769953,30.992
random_K,25,10,17,0.006263509199015971,32.173
random_K,25,10,18,466.7754653300053,31.937
random_K,25,10,19,515.2664340531255,32.405
random_K,25,10,2,0.0036297619826655136,32.451
random_K,25,10,20,0.005041705650910444,31.345
random_K,25,10,21,472.40629913949397,32.61
random_K,25,10,22,548.6224510107359,32.249
random_K,25,10,23,596.4548245284241,32.226
random_K,25,10,24,510.49494343716106,32.189
random_K,25,10,25,0.005511472915713966,31.623
random_K,25,10,26,508.7178279250338,31.927
random_K,25,10,27,0.0037013209903307143,31.993
random_K,25,10,28,516.1287219437136,32.281
random_K,25,10,29,835.7269331383823,31.948
random_K,25,10,3,621.5137619785837,32.513
random_K,25,10,4,587.6206812020655,31.997
random_K,25,10,5,525.6649219224532,32.255
random_K,25,10,6,547.8773568640254,32.386
random_K,25,10,7,526.320593375438,32.61
random_K,25,10,8,0.004301826113533025,31.146
random_K,25,10,9,0.0038890599189471686,31.935
random_K,26,10,0,532.4184080281439,33.734
random_K,26,10,1,642.8375112183212,32.703
random_K,26,10,10,523.2117040615994,32.753
random_K,26,10,11,700.954183244653,33.43
random_K,26,10,12,625.1308228521038,34.628
random_K,26,10,13,559.6925133442032,32.201
random_K,26,10,14,466.3353104230828,34.239
random_K,26,10,15,700.0042715167783,33.849
random_K,26,10,16,433.11492135415665,33.368
random_K,26,10,17,547.354988741422,33.124
random_K,26,10,18,540.561507045506,33.69
random_K,26,10,19,674.6536809252821,33.247
random_K,26,10,2,427.59894973159726,33.525
random_K,26,10,20,443.5761619846453,34.305
random_K,26,10,21,466.81859752748414,33.195
random_K,26,10,22,420.0371877205648,33.974
random_K,26,10,23,440.18394767682184,33.363
random_K,26,10,24,406.5479285554511,33.482
random_K,26,10,25,464.90958703697834,33.27
random_K,26,10,26,429.44738632785493,33.421
random_K,26,10,27,549.4433027451332,33.614
random_K,26,10,28,499.7030106022389,33.041
random_K,26,10,29,520.3762251738744,34.26
random_K,26,10,3,514.9228009037256,34.089
random_K,26,10,4,528.654694622323,34.049
random_K,26,10,5,665.5979523992432,33.201
random_K,26,10,6,655.6002926051988,32.906
random_K,26,10,7,505.2836567400054,33.26
random_K,26,10,8,510.20297863041014,33.934
random_K,26,10,9,548.5202064023233,33.082
random_K,27,10,0,13.781653554250624,29.87
random_K,27,10,1,40.60823336762542,29.927
random_K,27,10,10,27.61386759798279,29.918
random_K,27,10,11,19.70285084934858,30.452
random_K,27,10,12,477.80343695306647,29.259
random_K,27,10,13,13.289225007597452,29.689
random_K,27,10,14,13.731656058846056,29.188
random_K,27,10,15,38.79275902627069,29.736
random_K,27,10,16,19.69747446875772,29.337
random_K,27,10,17,23.203604092058868,29.418
random_K,27,10,18,0.10585585589842594,30.004
random_K,27,10,19,504.33919584813975,29.442
random_K,27,10,2,27.81923570452591,30.585
random_K,27,10,20,13.857333851898147,28.977
random_K,27,10,21,19.733312249064966,30.039
random_K,27,10,22,36.10897745960483,29.49
random_K,27,10,23,23.63086745133569,29.284
random_K,27,10,24,36.78871410543434,29.397
random_K,27,10,25,23.886404076667986,30.045
random_K,27,10,26,27.56979404396452,29.869
random_K,27,10,27,508.58223588340525,29.03
random_K,27,10,28,483.9127159310824,28.797
random_K,27,10,29,13.733297427075286,28.573
random_K,27,10,3,13.719302304507892,30.313
random_K,27,10,4,24.41685015173698,30.365
random_K,27,10,5,30.98309129801646,29.428
random_K,27,10,6,0.08388365995187996,29.33
random_K,27,10,7,46.33566384275764,29.233
random_K,27,10,8,33.38785824389788,29.669
random_K,27,10,9,19.672911612987264,30.461
random_K,28,10,0,42753.210624019994,49.881
random_K,28,10,1,17271.97825525344,50.555
random_K,28,10,10,22094.860225332483,51.198
random_K,28,10,11,5867.861523672513,50.784
random_K,28,10,12,19133.735804277938,50.522
random_K,28,10,13,18048.268631336272,51.342
random_K,28,10,14,4779.97371819756,50.481
random_K,28,10,15,4713.991607696884,50.888
random_K,28,10,16,18070.028846290905,51.301
random_K,28,10,17,26894.19423825836,51.45
random_K,28,10,18,15818.741364115853,51.519
random_K,28,10,19,27598.979462367133,50.373
random_K,28,10,2,1984.7141345662567,49.955
random_K,28,10,20,1596.496984958485,51.026
random_K,28,10,21,1795.7669654463625,50.298
random_K,28,10,22,12869.938981568139,50.939
random_K,28,10,23,8751.134484496939,50.439
random_K,28,10,24,15520.941943623919,51.654
random_K,28,10,25,75234.21238665533,51.203
random_K,28,10,26,15915.056357918282,51.161
random_K,28,10,27,1594.2277191414196,51.662
random_K,28,10,28,4445.275992499728,51.099
random_K,28,10,29,28602.23979785084,51.528
random_K,28,10,3,20469.93737249481,51.368
random_K,28,10,4,16250.21570867037,49.662
random_K,28,10,5,3188.67566945587,51.221
random_K,28,10,6,10677.980176719162,50.547
random_K,28,10,7,26053.1489470831,51.431
random_K,28,10,8,19460.734806010616,51.608
random_K,28,10,9,29759.530447640966,51.152
random_K,29,10,0,116346.61156983046,32.711
random_K,29,10,1,6558.434081463558,32.891
random_K,29,10,10,217211.68040669677,32.957
random_K,29,10,11,58755.319045350254,32.509
random_K,29,10,12,28630.374804329425,34.034
random_K,29,10,13,44246.38834856137,32.754
random_K,29,10,14,176634.39482407572,32.736
random_K,29,10,15,282853.2236669136,32.447
random_K,29,10,16,80731.18938143348,32.604
random_K,29,10,17,34123288.00721156,32.203
random_K,29,10,18,25911.26260771654,35.21
random_K,29,10,19,29895.658438145736,34.706
random_K,29,10,2,72730.8708106659,32.844
random_K,29,10,20,122355.6973552393,36.461
random_K,29,10,21,171807.95367599276,36.685
random_K,29,10,22,173657.00373549233,34.342
random_K,29,10,23,31331.16792171276,31.467
random_K,29,10,24,22078.96102707505,33.817
random_K,29,10,25,128243.47197810453,34.301
random_K,29,10,26,199676.86116769398,33.898
random_K,29,10,27,109858.4505940622,33.577
random_K,29,10,28,20695.995490339523,34.361
random_K,29,10,29,113379.1173426644,34.991
random_K,29,10,3,72465.75962205417,32.944
random_K,29,10,4,92862.2236011054,32.64
random_K,29,10,5,11585.984921820938,32.526
random_K,29,10,6,13723.220681721265,32.158
random_K,29,10,7,3534.3623057963223,32.645
random_K,29,10,8,208053.44197980038,32.068
random_K,29,10,9,17345.768401869853,32.145
random_K,3,10,0,67.69027018500088,3.622
random_K,3,10,1,0.015747051662401645,3.644
random_K,3,10,10,4.092316463107693,3.19
random_K,3,10,11,23.00994189192238,3.474
random_K,3,10,12,9.229625818669604,3.51
random_K,3,10,13,66.42359607762944,3.502
random_K,3,10,14,0.09095425112894873,3.566
random_K,3,10,15,65.97219539531278,3.599
random_K,3,10,16,4.010475844859798,3.416
random_K,3,10,17,3.9879004683718335,3.332
random_K,3,10,18,66.88957129168358,3.501
random_K,3,10,19,5.978176153780794,3.572
random_K,3,10,2,0.08762310165809595,3.396
random_K,3,10,20,4.016941958949019,3.504
random_K,3,10,21,67.00500717317703,3.381
random_K,3,10,22,66.66903709723027,3.346
random_K,3,10,23,0.042233226958558134,3.576
random_K,3,10,24,4.038337478584481,3.358
random_K,3,10,25,4.002238015790738,3.624
random_K,3,10,26,3.9913568651076616,3.516
random_K,3,10,27,3.996574044701731,3.573
random_K,3,10,28,26.006447130931235,3.581
random_K,3,10,29,3.9784636634444155,3.443
random_K,3,10,3,64.62534589476905,3.554
random_K,3,10,4,6.113124086113771,3.397
random_K,3,10,5,66.66602252602013,3.507
random_K,3,10,6,4.338109693854619,3.357
random_K,3,10,7,63.902924398007826,3.677
random_K,3,10,8,4.271801021875035,3.5
random_K,3,10,9,67.56415625497107,3.542
random_K,4,10,0,101.48711162033032,3.385
random_K,4,10,1,62.6824410311246,3.167
random_K,4,10,10,46.766685864131205,3.176
random_K,4,10,11,64.68216421843749,3.267
random_K,4,10,12,104.47572465051798,3.302
random_K,4,10,13,85.5693281459545,2.954
random_K,4,10,14,68.65932623441506,3.35
random_K,4,10,15,65.67707025875018,3.299
random_K,4,10,16,88.55436193980591,3.072
random_K,4,10,17,92.53441763695406,3.104
random_K,4,10,18,93.52919037019973,3.099
random_K,4,10,19,47.76247923608503,3.108
random_K,4,10,2,114.42252576268913,3.179
random_K,4,10,20,82.5819741332827,3.337
random_K,4,10,21,51.73980495071851,3.225
random_K,4,10,22,37.813775949560636,3.147
random_K,4,10,23,62.686056537211925,3.14
random_K,4,10,24,107.45920417431205,3.09
random_K,4,10,25,102.48192625418085,3.169
random_K,4,10,26,102.48166378015088,3.177
random_K,4,10,27,112.4313889035111,3.155
random_K,4,10,28,102.51705254361872,3.227
random_K,4,10,29,134.323124755153,3.301
random_K,4,10,3,52.733552709342234,3.289
random_K,4,10,4,43.77880135914194,3.341
random_K,4,10,5,78.60543093956693,3.258
random_K,4,10,6,45.78230734419924,2.938
random_K,4,10,7,107.45597493023786,3.097
random_K,4,10,8,79.60271201091035,3.128
random_K,4,10,9,88.55881779551942,3.293
random_K,5,10,0,3.88984915389301e-07,4.71
random_K,5,10,1,0.0009565573516283621,4.936
random_K,5,10,10,1.7810932604334084e-06,4.598
random_K,5,10,11,1.1016067901437054e-05,4.567
random_K,5,10,12,3.6027915939484956e-07,4.687
random_K,5,10,13,0.00024041073879743635,4.965
random_K,5,10,14,3.5810677445624606e-07,4.749
random_K,5,10,15,1.9867716218868736e-06,4.786
random_K,5,10,16,7.870914203067514e-06,4.658
random_K,5,10,17,0.0006544332368889627,4.983
random_K,5,10,18,1.2792152688234637e-06,4.848
random_K,5,10,19,1.336972502485878e-06,4.541
random_K,5,10,2,6.452864909078926e-10,4.847
random_K,5,10,20,1.9367547565707355e-07,4.803
random_K,5,10,21,1.4466531979451247e-05,4.713
random_K,5,10,22,1.9586985899877618e-07,4.568
random_K,5,10,23,0.0002713265283205146,4.644
random_K,5,10,24,4.025386607509063e-05,4.719
random_K,5,10,25,8.787688443590014e-07,4.592
random_K,5,10,26,0.0012981731952663722,4.613
random_K,5,10,27,7.425829267049266e-07,4.671
random_K,5,10,28,3.523814484651666e-08,4.671
random_K,5,10,29,7.3868300773938245e-06,4.69
random_K,5,10,3,7.707103577558883e-08,4.796
random_K,5,10,4,2.0199138361931546e-08,5.004
random_K,5,10,5,1.1453438105490932e-05,4.941
random_K,5,10,6,8.316029493471433e-06,4.914
random_K,5,10,7,8.029949185583973e-07,4.776
random_K,5,10,8,5.233148033312318e-05,4.89
random_K,5,10,9,7.382305739156436e-06,5.021
random_K,6,10,0,59.62062934842015,4.717
random_K,6,10,1,56.61935798417653,4.675
random_K,6,10,10,89.3399234817008,4.64
random_K,6,10,11,69.34443496037704,4.759
random_K,6,10,12,70.8627725255219,4.705
random_K,6,10,13,45.94693710766046,4.508
random_K,6,10,14,56.87125015205095,4.829
random_K,6,10,15,80.64068938865387,4.761
random_K,6,10,16,31.97965115663669,4.732
random_K,6,10,17,100.45198985715865,4.937
random_K,6,10,18,34.59777267453683,4.56
random_K,6,10,19,49.884469627875205,4.842
random_K,6,10,2,90.29696283116186,4.646
random_K,6,10,20,50.01242249164227,4.851
random_K,6,10,21,73.20838939881139,4.539
random_K,6,10,22,53.977222443930714,4.54
random_K,6,10,23,63.11839287123962,4.729
random_K,6,10,24,33.208050227398985,4.787
random_K,6,10,25,72.8940804988988,4.646
random_K,6,10,26,57.25552223844761,4.769
random_K,6,10,27,41.18566226297753,4.656
random_K,6,10,28,65.65964924025866,4.539
random_K,6,10,29,64.08209974699514,4.732
random_K,6,10,3,63.93326281294378,4.666
random_K,6,10,4,102.9562945262494,4.672
random_K,6,10,5,45.0273346136953,4.776
random_K,6,10,6,46.21438714585577,4.678
random_K,6,10,7,38.716627661054645,4.642
random_K,6,10,8,70.32767572632713,4.679
random_K,6,10,9,45.95026114115069,4.68
random_K,7,10,0,74.0,8.34
random_K,7,10,1,98.0,8.186
random_K,7,10,10,80.0000000011222,8.255
random_K,7,10,11,60.0,8.131
random_K,7,10,12,74.00000000000023,8.711
random_K,7,10,13,66.00000000000011,8.215
random_K,7,10,14,76.0,8.225
random_K,7,10,15,56.000000000000114,8.702
random_K,7,10,16,40.00000000032378,8.42
random_K,7,10,17,68.0000000000008,8.536
random_K,7,10,18,80.00000000083799,8.438
random_K,7,10,19,50.00000000122361,8.147
random_K,7,10,2,62.00000000718103,8.426
random_K,7,10,20,40.00000000281807,8.034
random_K,7,10,21,66.000000000363,8.046
random_K,7,10,22,54.0000000852998,8.159
random_K,7,10,23,56.000000003395485,8.466
random_K,7,10,24,74.0,8.213
random_K,7,10,25,50.000000006176265,8.015
random_K,7,10,26,56.00000000114676,8.595
random_K,7,10,27,82.00000000564012,8.285
random_K,7,10,28,34.00000000000068,8.264
random_K,7,10,29,54.000000075959974,8.252
random_K,7,10,3,46.00000023545556,8.344
random_K,7,10,4,54.0,8.16
random_K,7,10,5,46.00000000054774,8.472
random_K,7,10,6,50.00000000031355,8.063
random_K,7,10,7,46.000000001170406,8.101
random_K,7,10,8,72.00000000092814,8.58
random_K,7,10,9,90.0,8.42
random_K,8,10,0,0.8126366850384557,4.507
random_K,8,10,1,1.8833622405877577,4.465
random_K,8,10,10,1.5185675681393604,4.588
random_K,8,10,11,3.1568133874908426,4.535
random_K,8,10,12,0.7245258469457667,4.604
random_K,8,10,13,1.7043162201742916,4.785
random_K,8,10,14,1.3395109544599109,4.539
random_K,8,10,15,0.2685849147127328,5.134
random_K,8,10,16,1.793848721923041,4.881
random_K,8,10,17,1.0892352299905497,4.774
random_K,8,10,18,0.45505536907126043,4.745
random_K,8,10,19,0.268586002614029,4.579
random_K,8,10,2,1.429039829422436,4.647
random_K,8,10,20,2.337708592707372,4.583
random_K,8,10,21,0.5438657159305649,4.591
random_K,8,10,22,2.4283804661480417,4.619
random_K,8,10,23,2.2489034487873596,4.621
random_K,8,10,24,1.4290383659193822,4.564
random_K,8,10,25,0.26858485939214916,4.766
random_K,8,10,26,1.4291463880316542,4.615
random_K,8,10,27,0.6333813522503533,4.674
random_K,8,10,28,1.0901970027969128,4.562
random_K,8,10,29,1.793849936266156,4.435
random_K,8,10,3,1.4290498439244175,4.695
random_K,8,10,4,2.4272327071781774,4.718
random_K,8,10,5,2.3411562693071346,4.674
random_K,8,10,6,0.633383744031562,4.536
random_K,8,10,7,1.8843635135829118,4.777
random_K,8,10,8,0.6333933877785967,4.699
random_K,8,10,9,1.8833678779118372,4.623
random_K,9,10,0,1230.1493966211706,7.442
random_K,9,10,1,1267.893242460446,7.442
random_K,9,10,10,1054.908046340558,7.327
random_K,9,10,11,678.8633198323841,7.318
random_K,9,10,12,935.5426630574639,7.143
random_K,9,10,13,1412.9878080163207,7.558
random_K,9,10,14,780.075641544438,7.207
random_K,9,10,15,1210.9694369256013,7.509
random_K,9,10,16,1117.0231786122463,7.786
random_K,9,10,17,636.2267858580499,7.566
random_K,9,10,18,794.9921955894188,7.677
random_K,9,10,19,712.9580438708017,7.28
random_K,9,10,2,839.0580694919922,7.308
random_K,9,10,20,1565.4930318922711,7.777
random_K,9,10,21,636.1643339707025,7.34
random_K,9,10,22,1584.1294441413556,7.506
random_K,9,10,23,1058.5635137560953,7.496
random_K,9,10,24,705.502485761267,7.806
random_K,9,10,25,711.5191313519526,7.307
random_K,9,10,26,1094.345506306221,7.495
random_K,9,10,27,734.9281891789556,7.34
random_K,9,10,28,961.8130902699272,7.092
random_K,9,10,29,553.4203286923303,7.652
random_K,9,10,3,1169.0563516380416,7.602
random_K,9,10,4,1252.154610825231,7.305
random_K,9,10,5,1152.719366423874,7.284
random_K,9,10,6,1452.5545430467337,7.32
random_K,9,10,7,915.7733744887523,7.321
random_K,9,10,8,1227.019319021988,7.655
random_K,9,10,9,1269.655986816685,7.409
shuffled,10,10,0,7264.395108492645,16.029
shuffled,10,10,1,7052.221973595142,15.86
shuffled,10,10,10,8400.64555924385,15.919
shuffled,10,10,11,15586.709944940856,15.883
shuffled,10,10,12,11851.211504003968,15.859
shuffled,10,10,13,11517.647080399243,15.899
shuffled,10,10,14,3180.762337757871,15.872
shuffled,10,10,15,7681.177607480875,15.911
shuffled,10,10,16,17020.357344986016,15.943
shuffled,10,10,17,7717.82071450388,15.876
shuffled,10,10,18,13079.260706444169,15.975
shuffled,10,10,19,7773.849503645337,15.931
shuffled,10,10,2,12417.447709461658,15.864
shuffled,10,10,20,13500.324555938218,15.922
shuffled,10,10,21,11376.441131998161,15.885
shuffled,10,10,22,18551.800441900014,15.835
shuffled,10,10,23,11223.709446172135,15.899
shuffled,10,10,24,8914.740296921482,15.92
shuffled,10,10,25,7129.917488837169,15.851
shuffled,10,10,26,11214.54105211432,15.847
shuffled,10,10,27,13044.452635589203,15.899
shuffled,10,10,28,17002.39251777719,15.839
shuffled,10,10,29,8812.579308636658,15.828
shuffled,10,10,3,13436.9126278026,15.859
shuffled,10,10,4,20888.047619294488,15.97
shuffled,10,10,5,11003.85871612803,15.864
shuffled,10,10,6,20247.969078710095,15.911
shuffled,10,10,7,10560.3188815682,15.834
shuffled,10,10,8,16026.599356043123,15.876
shuffled,10,10,9,6364.296833500667,15.868
shuffled,11,10,0,20316.746675995757,22.846
shuffled,11,10,1,358000.32356227905,22.511
shuffled,11,10,10,11290505.128731,22.744
shuffled,11,10,11,596553.4305662421,22.517
shuffled,11,10,12,1905657.886232109,23.033
shuffled,11,10,13,5642554.348501986,22.585
shuffled,11,10,14,560732.5806502732,22.532
shuffled,11,10,15,9250058.182522373,22.445
shuffled,11,10,16,610150.1124399216,21.404
shuffled,11,10,17,403997.3842923663,22.589
shuffled,11,10,18,3782797.5231519495,22.96
shuffled,11,10,19,1036436.5323303043,22.68
shuffled,11,10,2,564783.3647191719,22.429
shuffled,11,10,20,138412.53617893846,22.666
shuffled,11,10,21,2740064.210263349,21.312
shuffled,11,10,22,397457.9081296114,22.808
shuffled,11,10,23,2846365.6873043384,22.588
shuffled,11,10,24,6044464.457340103,21.599
shuffled,11,10,25,9405714.42825063,21.377
shuffled,11,10,26,6633324.668957432,21.338
shuffled,11,10,27,70274.93995153249,22.708
shuffled,11,10,28,2192155.4099779036,22.802
shuffled,11,10,29,709706.5918761214,22.703
shuffled,11,10,3,6777.508982680187,22.573
shuffled,11,10,4,1741442.5730080227,22.646
shuffled,11,10,5,3573464.5102517414,22.551
shuffled,11,10,6,191740.37713088666,23.016
shuffled,11,10,7,6792554.169286696,22.58
shuffled,11,10,8,29451.933426424584,22.553
shuffled,11,10,9,1070908.4094362862,21.268
shuffled,12,10,0,4779.672180389634,17.954
shuffled,12,10,1,11878.72446436057,17.868
shuffled,12,10,10,41178.00589911462,17.878
shuffled,12,10,11,17528.24054103271,17.816
shuffled,12,10,12,7685.909295002573,18.041
shuffled,12,10,13,126620.84216928235,17.808
shuffled,12,10,14,34640.20818684151,17.87
shuffled,12,10,15,6848.573802969357,17.7
shuffled,12,10,16,139225.9532622816,17.905
shuffled,12,10,17,3738.5961718379076,17.722
shuffled,12,10,18,6516.333226968227,17.961
shuffled,12,10,19,13926.11575024837,17.905
shuffled,12,10,2,21210.65980059901,17.992
shuffled,12,10,20,5621.129890712397,17.94
shuffled,12,10,21,8844.244783186288,17.856
shuffled,12,10,22,4093.9847463993538,17.937
shuffled,12,10,23,9185.516085794967,17.766
shuffled,12,10,24,12447.458422631931,18.042
shuffled,12,10,25,19877.997548533713,17.849
shuffled,12,10,26,6358.034260982811,17.845
shuffled,12,10,27,11143.189278462927,17.918
shuffled,12,10,28,12131.88691638648,17.994
shuffled,12,10,29,3523.780684078223,17.81
shuffled,12,10,3,9465.537187093996,17.918
shuffled,12,10,4,8705.748294454206,17.892
shuffled,12,10,5,8286.992741420436,17.851
shuffled,12,10,6,5516.5130258607605,18.002
shuffled,12,10,7,11930.19489892478,17.877
shuffled,12,10,8,6087.988449102735,17.94
shuffled,12,10,9,6706.529100697541,17.882
shuffled,13,10,0,12404.063785703987,18.475
shuffled,13,10,1,13873.891515423782,18.356
shuffled,13,10,10,9317.17639995458,18.313
shuffled,13,10,11,11110.40780477477,18.322
shuffled,13,10,12,18522.970857669134,18.565
shuffled,13,10,13,10514.986355339457,18.36
shuffled,13,10,14,11083.634741579772,18.206
shuffled,13,10,15,12292.787408876695,18.345
shuffled,13,10,16,9165.49020144386,18.35
shuffled,13,10,17,15347.885415891804,18.232
shuffled,13,10,18,12091.90972633965,18.495
shuffled,13,10,19,13599.007207704533,18.321
shuffled,13,10,2,15972.811890623394,18.28
shuffled,13,10,20,18969.92663048641,18.24
shuffled,13,10,21,11365.4443134143,18.256
shuffled,13,10,22,18234.90163461421,18.353
shuffled,13,10,23,9229.240268120164,18.182
shuffled,13,10,24,11925.302866394559,18.621
shuffled,13,10,25,13876.76459361927,18.322
shuffled,13,10,26,13960.331133627416,18.276
shuffled,13,10,27,11853.090866878369,18.31
shuffled,13,10,28,17310.21631415863,18.344
shuffled,13,10,29,16543.409809379722,18.149
shuffled,13,10,3,13513.814282121944,18.298
shuffled,13,10,4,10197.265316545241,18.422
shuffled,13,10,5,14067.667106425084,18.246
shuffled,13,10,6,11587.733278076064,18.474
shuffled,13,10,7,19205.887451689494,18.45
shuffled,13,10,8,10676.09479037159,18.343
shuffled,13,10,9,10457.107614546256,18.384
shuffled,14,10,0,8701.344599098979,18.32
shuffled,14,10,1,56446.454662528005,18.146
shuffled,14,10,10,31745.620431165604,18.355
shuffled,14,10,11,27977.856384906365,18.188
shuffled,14,10,12,230490.4566109688,18.306
shuffled,14,10,13,16628.813339374796,18.292
shuffled,14,10,14,154077.17959054591,18.313
shuffled,14,10,15,10848.658342835985,18.26
shuffled,14,10,16,103766.65123940872,18.334
shuffled,14,10,17,22871.75634571027,18.14
shuffled,14,10,18,15138.032826539089,18.306
shuffled,14,10,19,14078.602342276863,18.208
shuffled,14,10,2,68720.88770310252,18.169
shuffled,14,10,20,21990.954602987946,18.21
shuffled,14,10,21,14527.930004359569,18.275
shuffled,14,10,22,16918.184784072902,18.252
shuffled,14,10,23,42830.39166548126,18.216
shuffled,14,10,24,40470.09706743074,18.282
shuffled,14,10,25,95656.63910737564,18.198
shuffled,14,10,26,13047.121019610982,18.177
shuffled,14,10,27,10485.900870965495,18.199
shuffled,14,10,28,26412.90806159029,18.192
shuffled,14,10,29,27106.429213478677,18.096
shuffled,14,10,3,33884.577780171545,18.157
shuffled,14,10,4,21109.148019988508,18.303
shuffled,14,10,5,58754.828598996595,18.127
shuffled,14,10,6,19657.437779825566,18.352
shuffled,14,10,7,73350.3406081995,18.274
shuffled,14,10,8,135490.60458878515,18.213
shuffled,14,10,9,22609.869363995138,18.208
shuffled,15,10,0,17676.626689128774,32.823
shuffled,15,10,1,7465.7423729869115,32.497
shuffled,15,10,10,2126.5889143279887,32.595
shuffled,15,10,11,1262.4079713684282,32.407
shuffled,15,10,12,1262.649377949845,32.97
shuffled,15,10,13,2261.0194451242173,32.478
shuffled,15,10,14,1125.9358820678958,32.484
shuffled,15,10,15,10721.942291699335,31.165
shuffled,15,10,16,9880.066797785048,32.629
shuffled,15,10,17,956.6938865837647,31.168
shuffled,15,10,18,3150.6390350913334,32.561
shuffled,15,10,19,1154.679124548732,32.282
shuffled,15,10,2,1158.579474536973,32.537
shuffled,15,10,20,4576.619895158384,32.413
shuffled,15,10,21,562.289627808148,32.406
shuffled,15,10,22,2129.3515660640674,31.286
shuffled,15,10,23,8738.734370095746,32.298
shuffled,15,10,24,3462.1617458633355,32.941
shuffled,15,10,25,2872.37666208646,32.446
shuffled,15,10,26,2057.03818035949,32.687
shuffled,15,10,27,2771.9838260131983,32.484
shuffled,15,10,28,826.2068863021987,31.236
shuffled,15,10,29,2351.0429025744256,31.168
shuffled,15,10,3,19965.65345528021,31.201
shuffled,15,10,4,1954.0341151188559,31.487
shuffled,15,10,5,2692.823768978453,32.457
shuffled,15,10,6,2758.7650922270286,32.744
shuffled,15,10,7,2889.338770457547,32.421
shuffled,15,10,8,1524.843561437849,32.467
shuffled,15,10,9,17671.50834355679,32.494
shuffled,16,10,0,576.2001867669264,69.086
shuffled,16,10,1,204.99822268854405,70.036
shuffled,16,10,10,382.9873641644249,68.867
shuffled,16,10,11,929.7865952251905,68.362
shuffled,16,10,12,760.9304550782754,69.111
shuffled,16,10,13,767.2395718025145,68.033
shuffled,16,10,14,689.5925680960659,67.965
shuffled,16,10,15,711.9019095598132,68.361
shuffled,16,10,16,171.4702816272263,68.472
shuffled,16,10,17,939.121505115646,68.247
shuffled,16,10,18,558.1003237524897,69.208
shuffled,16,10,19,757.1624178436441,68.115
shuffled,16,10,2,612.0919620641498,69.827
shuffled,16,10,20,812.4318675959689,68.185
shuffled,16,10,21,482.8988294346559,68.111
shuffled,16,10,22,914.1600830789112,70.48
shuffled,16,10,23,502.0153473267642,69.724
shuffled,16,10,24,816.033053466469,69.443
shuffled,16,10,25,508.48640440288546,69.772
shuffled,16,10,26,792.5811659257442,68.226
shuffled,16,10,27,499.9905248172954,68.513
shuffled,16,10,28,939.8390505078628,69.05
shuffled,16,10,29,556.7528081816572,68.431
shuffled,16,10,3,816.6183135809588,68.729
shuffled,16,10,4,628.2604488104289,68.94
shuffled,16,10,5,775.2279195975552,68.537
shuffled,16,10,6,693.5772652874812,68.927
shuffled,16,10,7,846.8549058500103,68.135
shuffled,16,10,8,575.6077835421083,69.757
shuffled,16,10,9,845.8618998197426,68.484
shuffled,17,10,0,10290.596375547582,22.042
shuffled,17,10,1,10332.866697622907,21.872
shuffled,17,10,10,14352.317473149986,21.934
shuffled,17,10,11,15138.279302286588,21.745
shuffled,17,10,12,11898.914137016785,21.97
shuffled,17,10,13,18305.880212198208,21.903
shuffled,17,10,14,21572.579417506575,21.821
shuffled,17,10,15,30722.266434488378,21.884
shuffled,17,10,16,14727.985109081223,21.783
shuffled,17,10,17,28503.56507033173,21.601
shuffled,17,10,18,22513.917650742664,22.122
shuffled,17,10,19,43781.217227995316,21.81
shuffled,17,10,2,25849.17760252622,21.778
shuffled,17,10,20,21767.832652364592,21.763
shuffled,17,10,21,7688.05667151546,21.898
shuffled,17,10,22,10217.254669236176,22.042
shuffled,17,10,23,17285.47135308527,21.71
shuffled,17,10,24,15373.44761772405,22.132
shuffled,17,10,25,47030.253626262915,21.841
shuffled,17,10,26,23734.037433316655,22.007
shuffled,17,10,27,21305.066977665556,21.87
shuffled,17,10,28,15153.093399075173,21.792
shuffled,17,10,29,7507.104863962295,21.791
shuffled,17,10,3,5133.827362666614,21.835
shuffled,17,10,4,14428.856252733423,21.888
shuffled,17,10,5,17221.633863464947,21.691
shuffled,17,10,6,15373.774323372585,21.916
shuffled,17,10,7,15762.608554540187,21.89
shuffled,17,10,8,20369.225689120743,21.802
shuffled,17,10,9,19229.16352922048,21.705
shuffled,18,10,0,11025.646555112482,42.245
shuffled,18,10,1,4269.3365472869555,41.825
shuffled,18,10,10,5974.19789254115,42.092
shuffled,18,10,11,1374.8427311303212,41.894
shuffled,18,10,12,11968.349772512032,42.26
shuffled,18,10,13,6597.709704737346,41.844
shuffled,18,10,14,3636.3011173923023,41.738
shuffled,18,10,15,1034.581041375981,41.903
shuffled,18,10,16,6860.104730240939,42.07
shuffled,18,10,17,13052.674439165765,41.804
shuffled,18,10,18,2471.6446349460803,41.883
shuffled,18,10,19,880.1090037985205,41.771
shuffled,18,10,2,4812.572700334522,41.788
shuffled,18,10,20,1429.8683456718368,41.882
shuffled,18,10,21,6107.9480944665775,41.831
shuffled,18,10,22,3017.476187086837,42.027
shuffled,18,10,23,2261.0724022387376,41.711
shuffled,18,10,24,5468.612821981026,42.13
shuffled,18,10,25,1310.59855440284,41.811
shuffled,18,10,26,3946.14322028507,41.676
shuffled,18,10,27,762.5943737320345,41.853
shuffled,18,10,28,7218.180836752526,41.835
shuffled,18,10,29,7851.8805465958685,41.71
shuffled,18,10,3,7381.999672529229,41.836
shuffled,18,10,4,2067.8262668581788,42.175
shuffled,18,10,5,1744.748136536878,41.733
shuffled,18,10,6,1845.0177990458174,42.284
shuffled,18,10,7,694.2060855208829,41.892
shuffled,18,10,8,1557.0641075330473,41.875
shuffled,18,10,9,20274.06083694879,41.861
shuffled,19,10,0,108.35934525869038,69.089
shuffled,19,10,1,121.07839059297771,68.067
shuffled,19,10,10,128.0350440384882,68.648
shuffled,19,10,11,94.55762071550748,68.375
shuffled,19,10,12,148.72496557675413,68.831
shuffled,19,10,13,77.47834891009529,68.118
shuffled,19,10,14,137.42325124200238,68.104
shuffled,19,10,15,246.53394243241974,68.191
shuffled,19,10,16,107.00058383095802,68.429
shuffled,19,10,17,52.646744030876334,68.191
shuffled,19,10,18,151.89174236217423,69.166
shuffled,19,10,19,156.2673612087783,67.895
shuffled,19,10,2,158.65230259082864,67.902
shuffled,19,10,20,42.67355187096109,67.984
shuffled,19,10,21,118.64387648045317,68.205
shuffled,19,10,22,70.82182857775297,68.484
shuffled,19,10,23,40.49221736942263,68.015
shuffled,19,10,24,28.162350127925038,69.274
shuffled,19,10,25,75.30485992410308,68.215
shuffled,19,10,26,83.12993234647683,68.362
shuffled,19,10,27,43.736234501082436,68.114
shuffled,19,10,28,128.18680164787884,68.737
shuffled,19,10,29,104.40897670587287,68.192
shuffled,19,10,3,82.46934295119877,68.227
shuffled,19,10,4,489.1513475692027,70.079
shuffled,19,10,5,97.79441799009169,68.047
shuffled,19,10,6,75.93442285399419,68.84
shuffled,19,10,7,57.50172984042797,68.373
shuffled,19,10,8,95.36210438962803,68.333
shuffled,19,10,9,99.8628040177257,68.49
shuffled,1,10,0,1407.8407508741943,8.197
shuffled,1,10,1,130.26574584643134,8.203
shuffled,1,10,10,1815.4833637038366,8.18
shuffled,1,10,11,863.9385349871651,8.166
shuffled,1,10,12,801.8684060791824,8.089
shuffled,1,10,13,2325.7745506382757,8.164
shuffled,1,10,14,448.1814118788792,8.219
shuffled,1,10,15,177.19339500917226,8.203
shuffled,1,10,16,1.3915528751516462,8.151
shuffled,1,10,17,124.18804659219563,8.142
shuffled,1,10,18,379.3077939123212,8.207
shuffled,1,10,19,11.51662574891779,8.181
shuffled,1,10,2,967.8633245314095,8.185
shuffled,1,10,20,75.08576635634131,8.186
shuffled,1,10,21,1870.833193318855,8.181
shuffled,1,10,22,8.599132765527614,8.14
shuffled,1,10,23,119.05757618341244,8.09
shuffled,1,10,24,2783.5403962113423,8.185
shuffled,1,10,25,373.27612957572626,8.238
shuffled,1,10,26,1923.2598192588016,8.196
shuffled,1,10,27,51.17384189197662,8.175
shuffled,1,10,28,440.86926966782266,8.169
shuffled,1,10,29,1168.681021158643,8.127
shuffled,1,10,3,398.88468681841425,8.252
shuffled,1,10,4,798.2402118594143,8.245
shuffled,1,10,5,2127.4423212723013,8.232
shuffled,1,10,6,1089.2103752352136,8.183
shuffled,1,10,7,10.505252378037028,8.153
shuffled,1,10,8,1567.1617802540475,8.155
shuffled,1,10,9,882.7894990871749,8.132
shuffled,20,10,0,100.01053061980838,25.938
shuffled,20,10,1,273.3678723370035,25.791
shuffled,20,10,10,269.597299028148,25.727
shuffled,20,10,11,100.01371421335716,25.68
shuffled,20,10,12,100.0114835291779,9.034
shuffled,20,10,13,296.76626146008493,25.738
shuffled,20,10,14,100.01430295736054,25.684
shuffled,20,10,15,100.01251603745823,25.738
shuffled,20,10,16,100.01119975564552,25.767
shuffled,20,10,17,100.01760098428122,25.69
shuffled,20,10,18,100.02531076326704,8.436
shuffled,20,10,19,303.76931045733545,25.714
shuffled,20,10,2,100.01266100403473,25.704
shuffled,20,10,20,100.0176568157317,25.648
shuffled,20,10,21,100.01577447723503,25.742
shuffled,20,10,22,229.25776303410976,20.546
shuffled,20,10,23,223.37715400149136,25.643
shuffled,20,10,24,100.01011342628726,8.589
shuffled,20,10,25,100.01797192260301,21.256
shuffled,20,10,26,100.01570238124395,19.995
shuffled,20,10,27,279.32321267746056,25.824
shuffled,20,10,28,100.01581187983538,8.951
shuffled,20,10,29,273.8308099397291,25.64
shuffled,20,10,3,100.02043546179175,25.816
shuffled,20,10,4,278.7838773407352,25.84
shuffled,20,10,5,100.0150536960723,25.635
shuffled,20,10,6,100.01633158112963,21.18
shuffled,20,10,7,100.00981858287332,25.658
shuffled,20,10,8,100.01110061371128,25.695
shuffled,20,10,9,100.01193358691762,25.727
shuffled,21,10,0,111.51970157264032,33.182
shuffled,21,10,1,106.78059109021478,11.313
shuffled,21,10,10,116.46964913185502,11.185
shuffled,21,10,11,112.32894749996831,11.034
shuffled,21,10,12,104.91437559762971,33.783
shuffled,21,10,13,104.08673073323553,33.228
shuffled,21,10,14,103.8197538577474,33.197
shuffled,21,10,15,156.6568955850098,10.974
shuffled,21,10,16,106.26282237317082,33.282
shuffled,21,10,17,104.6587152901584,11.141
shuffled,21,10,18,142.08575753624882,15.634
shuffled,21,10,19,106.81114563966912,34.52
shuffled,21,10,2,107.58743487072115,11.374
shuffled,21,10,20,107.45200307982259,34.506
shuffled,21,10,21,104.50759329065659,33.23
shuffled,21,10,22,126.70244397167198,34.318
shuffled,21,10,23,106.8036998234029,33.17
shuffled,21,10,24,109.12047671726577,10.943
shuffled,21,10,25,107.96377099189385,33.757
shuffled,21,10,26,104.92209040549824,33.801
shuffled,21,10,27,104.8033545422577,34.353
shuffled,21,10,28,106.2935555054546,33.768
shuffled,21,10,29,104.01096881931244,34.292
shuffled,21,10,3,108.94254177791254,15.802
shuffled,21,10,4,108.65415333238798,10.865
shuffled,21,10,5,122.2924768146163,16.839
shuffled,21,10,6,107.61581140355293,34.349
shuffled,21,10,7,104.12848954909714,10.909
shuffled,21,10,8,139.4751273781385,10.85
shuffled,21,10,9,122.11762424341623,10.994
shuffled,22,10,0,100.046990044008,12.827
shuffled,22,10,1,100.02067999872679,17.042
shuffled,22,10,10,372.44528724715155,12.62
shuffled,22,10,11,100.01922741295402,15.464
shuffled,22,10,12,200.01728047256347,13.198
shuffled,22,10,13,100.02435384607998,13.538
shuffled,22,10,14,200.00850385019976,13.563
shuffled,22,10,15,100.03683733130765,12.451
shuffled,22,10,16,100.04000449404612,13.204
shuffled,22,10,17,200.03249368089746,12.411
shuffled,22,10,18,200.01378378601203,37.19
shuffled,22,10,19,100.05177198416095,13.044
shuffled,22,10,2,100.0454061341452,17.019
shuffled,22,10,20,100.02602442280477,12.996
shuffled,22,10,21,200.0188859903633,13.748
shuffled,22,10,22,100.05700515891795,12.938
shuffled,22,10,23,100.03430127383263,13.63
shuffled,22,10,24,200.01522562933724,38.484
shuffled,22,10,25,100.02218837408964,18.199
shuffled,22,10,26,200.0253390985922,17.744
shuffled,22,10,27,100.03744050450359,13.202
shuffled,22,10,28,100.03273464915674,16.846
shuffled,22,10,29,100.03853456183833,13.148
shuffled,22,10,3,100.042794754655,37.242
shuffled,22,10,4,200.02281450572082,17.047
shuffled,22,10,5,100.03404821062259,37.335
shuffled,22,10,6,200.02224211963994,13.618
shuffled,22,10,7,100.03465920203917,12.39
shuffled,22,10,8,100.03856779590933,12.356
shuffled,22,10,9,100.03474243541041,15.363
shuffled,23,10,0,200.03043771633702,30.582
shuffled,23,10,1,100.0391256512271,31.252
shuffled,23,10,10,100.04306082345147,31.44
shuffled,23,10,11,374.6145488170482,31.126
shuffled,23,10,12,200.05291067241023,30.803
shuffled,23,10,13,200.03419017808073,30.61
shuffled,23,10,14,200.04719800262728,30.542
shuffled,23,10,15,200.0364709036612,31.371
shuffled,23,10,16,100.05355659640645,30.708
shuffled,23,10,17,100.04791825923667,31.401
shuffled,23,10,18,100.03887235095681,30.935
shuffled,23,10,19,100.03705184985847,18.612
shuffled,23,10,2,352.80096161339,31.39
shuffled,23,10,20,200.03417227167802,18.841
shuffled,23,10,21,100.04400289128716,30.598
shuffled,23,10,22,200.05812527250964,19.811
shuffled,23,10,23,100.02513330265629,30.64
shuffled,23,10,24,200.0442630777602,31.068
shuffled,23,10,25,200.04294944747653,29.52
shuffled,23,10,26,200.0664516023735,28.879
shuffled,23,10,27,100.03208310050377,20.219
shuffled,23,10,28,100.04455029034807,28.29
shuffled,23,10,29,200.07982306037138,20.745
shuffled,23,10,3,200.06656741338475,13.926
shuffled,23,10,4,200.03469795104502,31.182
shuffled,23,10,5,200.03677217902896,13.255
shuffled,23,10,6,100.04007701276169,17.223
shuffled,23,10,7,200.03613552668367,31.572
shuffled,23,10,8,200.05057332455408,31.507
shuffled,23,10,9,200.04177526739886,31.355
shuffled,24,10,0,618.8697114923893,37.04
shuffled,24,10,1,612.5752470437019,35.859
shuffled,24,10,10,529.261497863693,35.852
shuffled,24,10,11,515.0919337389291,35.807
shuffled,24,10,12,612.8082314755193,35.817
shuffled,24,10,13,614.3600142774048,36.991
shuffled,24,10,14,610.6359087017099,37.058
shuffled,24,10,15,513.1641374946421,35.916
shuffled,24,10,16,512.1953359785521,36.966
shuffled,24,10,17,517.2711931648655,35.917
shuffled,24,10,18,517.0433263730874,35.81
shuffled,24,10,19,620.1128311703005,35.999
shuffled,24,10,2,611.2035448185643,35.921
shuffled,24,10,20,514.9273749512536,35.917
shuffled,24,10,21,518.4730777613695,36.959
shuffled,24,10,22,516.6388635309504,35.862
shuffled,24,10,23,514.4122585314908,36.985
shuffled,24,10,24,615.0088793637447,35.821
shuffled,24,10,25,510.15700998652983,35.768
shuffled,24,10,26,517.8404120878477,35.827
shuffled,24,10,27,519.4891685160146,35.916
shuffled,24,10,28,517.9092212776777,35.773
shuffled,24,10,29,516.00782737708,35.884
shuffled,24,10,3,513.5568335147354,32.83
shuffled,24,10,4,518.116484750537,35.899
shuffled,24,10,5,517.8185031677667,32.004
shuffled,24,10,6,611.5749172470919,35.924
shuffled,24,10,7,513.4819614208645,35.88
shuffled,24,10,8,617.9645074232435,35.861
shuffled,24,10,9,515.8179909767359,35.856
shuffled,25,10,0,544.6781111428568,74.432
shuffled,25,10,1,473.4996519137803,75.699
shuffled,25,10,10,0.0014095299761720526,73.715
shuffled,25,10,11,572.0071441010141,75.626
shuffled,25,10,12,0.0011247724969507544,73.878
shuffled,25,10,13,526.5227149649572,73.532
shuffled,25,10,14,616.6387620993337,73.593
shuffled,25,10,15,0.0016142041722559952,72.984
shuffled,25,10,16,0.000707701450210152,72.51
shuffled,25,10,17,478.837229546461,74.824
shuffled,25,10,18,489.9690814856249,76.078
shuffled,25,10,19,484.038403569054,75.979
shuffled,25,10,2,621.5121171666692,74.533
shuffled,25,10,20,0.00111919332675825,74.18
shuffled,25,10,21,514.7272218006383,75.753
shuffled,25,10,22,608.2256112721179,74.963
shuffled,25,10,23,571.6379073395237,74.607
shuffled,25,10,24,647.3810427221415,74.532
shuffled,25,10,25,0.0015713033435531543,74.155
shuffled,25,10,26,519.1511644557154,76.295
shuffled,25,10,27,519.8735068321039,75.002
shuffled,25,10,28,677.2173946184539,74.944
shuffled,25,10,29,573.1170315486088,74.967
shuffled,25,10,3,621.512030475682,74.636
shuffled,25,10,4,668.663660496989,74.615
shuffled,25,10,5,513.4693077036845,74.5
shuffled,25,10,6,186.43433517736594,73.847
shuffled,25,10,7,524.8397203636146,75.812
shuffled,25,10,8,0.0011741688117581361,73.929
shuffled,25,10,9,0.002216319221588492,73.693
shuffled,26,10,0,550.984610788687,78.504
shuffled,26,10,1,587.7818458012161,78.545
shuffled,26,10,10,486.2466986459608,80.306
shuffled,26,10,11,616.315019255846,79.639
shuffled,26,10,12,585.3443403184351,79.356
shuffled,26,10,13,559.8153944224987,78.806
shuffled,26,10,14,470.8975235582079,79.58
shuffled,26,10,15,591.1571359930449,79.644
shuffled,26,10,16,416.30482010634387,79.985
shuffled,26,10,17,558.3475208259765,80.424
shuffled,26,10,18,525.3768188787599,79.759
shuffled,26,10,19,734.38219013153,78.631
shuffled,26,10,2,415.3573945032963,79.54
shuffled,26,10,20,409.95690481566,79.938
shuffled,26,10,21,443.37182592994395,79.718
shuffled,26,10,22,456.9934202962859,79.825
shuffled,26,10,23,422.74141546683904,79.414
shuffled,26,10,24,403.4461200323167,79.477
shuffled,26,10,25,428.88495598016607,79.643
shuffled,26,10,26,438.6885947950964,79.678
shuffled,26,10,27,475.0794509453699,79.61
shuffled,26,10,28,443.78167205295813,79.426
shuffled,26,10,29,524.790798449364,79.416
shuffled,26,10,3,479.2603525590439,79.326
shuffled,26,10,4,419.9828753687898,79.281
shuffled,26,10,5,624.0573052865416,78.043
shuffled,26,10,6,655.1567736188922,79.541
shuffled,26,10,7,424.00626037120173,80.6
shuffled,26,10,8,511.5768079431764,80.949
shuffled,26,10,9,538.9412365043954,79.107
shuffled,27,10,0,31.308336861425687,72.201
shuffled,27,10,1,19.715951912613946,72.412
shuffled,27,10,10,24.171931137132106,72.232
shuffled,27,10,11,0.01908416109154132,72.6
shuffled,27,10,12,23.90838450794854,72.454
shuffled,27,10,13,24.12865307090624,72.307
shuffled,27,10,14,0.01512223371082655,72.455
shuffled,27,10,15,23.9228568388412,72.022
shuffled,27,10,16,19.031400449288412,72.374
shuffled,27,10,17,24.165676898601305,71.93
shuffled,27,10,18,19.69881506905631,73.614
shuffled,27,10,19,499.37092317749784,72.572
shuffled,27,10,2,0.42506270914236666,72.562
shuffled,27,10,20,0.03502373792571234,72.678
shuffled,27,10,21,13.733575718209977,72.381
shuffled,27,10,22,30.992649601460016,72.591
shuffled,27,10,23,30.985703423666564,72.399
shuffled,27,10,24,24.150523480383526,71.363
shuffled,27,10,25,42.90157352856613,73.675
shuffled,27,10,26,30.47141562651632,73.789
shuffled,27,10,27,490.16371128891797,72.916
shuffled,27,10,28,488.9988677311753,73.667
shuffled,27,10,29,27.974903538372473,72.781
shuffled,27,10,3,30.718040997815933,72.405
shuffled,27,10,4,483.3623972261739,72.36
shuffled,27,10,5,0.02049258889292105,72.378
shuffled,27,10,6,20.009490220488715,72.184
shuffled,27,10,7,0.011658393837478798,72.205
shuffled,27,10,8,13.726687004912947,72.367
shuffled,27,10,9,24.11195394791139,72.676
shuffled,28,10,0,25532.16027843629,115.677
shuffled,28,10,1,8539.438512744027,115.174
shuffled,28,10,10,22703.019058885675,116.079
shuffled,28,10,11,5651.601941718864,117.119
shuffled,28,10,12,22503.0829706288,115.537
shuffled,28,10,13,17947.03874866199,117.117
shuffled,28,10,14,3051.7103726761998,115.758
shuffled,28,10,15,2963.4507474325446,115.737
shuffled,28,10,16,10253.230633890498,116.345
shuffled,28,10,17,6921.860630520412,115.563
shuffled,28,10,18,15581.059703738014,115.773
shuffled,28,10,19,7705.798155104765,115.778
shuffled,28,10,2,3568.871322472667,115.574
shuffled,28,10,20,1408.574458252464,115.913
shuffled,28,10,21,1565.3001888133476,115.584
shuffled,28,10,22,14315.322416000454,115.713
shuffled,28,10,23,3518.8105108864083,115.349
shuffled,28,10,24,8914.173275364758,118.043
shuffled,28,10,25,54278.1642734397,116.45
shuffled,28,10,26,20625.409876009733,117.245
shuffled,28,10,27,1404.9876953512712,115.805
shuffled,28,10,28,3357.7826062140393,115.605
shuffled,28,10,29,33935.46982207598,116.499
shuffled,28,10,3,6897.825542842542,116.342
shuffled,28,10,4,5729.281418556151,115.167
shuffled,28,10,5,2004.5242370333626,116.315
shuffled,28,10,6,13807.464360607453,115.802
shuffled,28,10,7,17617.036141997403,117.441
shuffled,28,10,8,23200.09664847982,116.18
shuffled,28,10,9,24118.00181825975,117.287
shuffled,29,10,0,46833.258260816336,78.303
shuffled,29,10,1,28688.609316432532,79.11
shuffled,29,10,10,45028.26569906168,78.527
shuffled,29,10,11,179536.43527337722,78.236
shuffled,29,10,12,29408.31843653772,78.134
shuffled,29,10,13,96233.77207970977,78.922
shuffled,29,10,14,95828.78485353629,79.186
shuffled,29,10,15,350172.7105304955,79.023
shuffled,29,10,16,92628.54510895023,78.982
shuffled,29,10,17,173708.055435483,78.861
shuffled,29,10,18,40812.70936242679,77.635
shuffled,29,10,19,29525.938657456834,78.004
shuffled,29,10,2,57882.59336859577,79.299
shuffled,29,10,20,732297.2434399195,78.384
shuffled,29,10,21,205326.03502583667,78.318
shuffled,29,10,22,102473.80245024269,78.126
shuffled,29,10,23,244865.12389391448,78.107
shuffled,29,10,24,32980.97863635871,78.532
shuffled,29,10,25,94324.31745475264,77.57
shuffled,29,10,26,103736.48269463182,77.804
shuffled,29,10,27,48754.84261476962,77.618
shuffled,29,10,28,19477.582612350256,77.599
shuffled,29,10,29,57209.54110447827,77.389
shuffled,29,10,3,57775.23283042879,79.199
shuffled,29,10,4,69252.26892894301,79.146
shuffled,29,10,5,16136.560938893836,79.059
shuffled,29,10,6,11035.225835509464,78.926
shuffled,29,10,7,1328.7899747987112,78.338
shuffled,29,10,8,138077.2526861262,78.547
shuffled,29,10,9,81546.95828806706,78.481
shuffled,3,10,0,67.09825652421091,10.415
shuffled,3,10,1,3.99080243496644,10.314
shuffled,3,10,10,3.9996313599924633,10.326
shuffled,3,10,11,4.202633740060207,10.266
shuffled,3,10,12,2.3247703712204952,10.377
shuffled,3,10,13,67.1892319501477,10.32
shuffled,3,10,14,0.10158160980404318,10.27
shuffled,3,10,15,15.077697039305008,10.328
shuffled,3,10,16,65.81802779197852,10.352
shuffled,3,10,17,4.112399180324871,10.321
shuffled,3,10,18,3.9889297023073595,10.327
shuffled,3,10,19,6.0043477039421305,10.311
shuffled,3,10,2,0.06566453557331897,10.287
shuffled,3,10,20,66.43176151553791,10.294
shuffled,3,10,21,66.8010539115744,10.323
shuffled,3,10,22,66.88019773441874,10.359
shuffled,3,10,23,0.020530290940541818,10.302
shuffled,3,10,24,66.96943543469268,10.258
shuffled,3,10,25,3.9987793109726226,10.29
shuffled,3,10,26,4.0346621380725765,10.35
shuffled,3,10,27,3.990636227103664,10.293
shuffled,3,10,28,22.10313102244737,10.4
shuffled,3,10,29,4.355121555403684,10.278
shuffled,3,10,3,66.07451877981873,10.341
shuffled,3,10,4,5.882632974975479,10.294
shuffled,3,10,5,4.0302291056596005,10.325
shuffled,3,10,6,8.866388255642391,10.389
shuffled,3,10,7,4.064508612375732,10.31
shuffled,3,10,8,4.0363543444348124,10.312
shuffled,3,10,9,67.80453319664593,10.328
shuffled,4,10,0,60.692326590063715,9.252
shuffled,4,10,1,60.692524919405855,9.332
shuffled,4,10,10,47.757980010673805,9.257
shuffled,4,10,11,35.81866211651959,9.331
shuffled,4,10,12,61.687517178965095,9.271
shuffled,4,10,13,60.69245362703259,9.263
shuffled,4,10,14,72.63175164381516,9.307
shuffled,4,10,15,81.58635173326678,9.307
shuffled,4,10,16,116.40867258563458,9.316
shuffled,4,10,17,63.6772606569732,9.256
shuffled,4,10,18,55.71761456826454,9.182
shuffled,4,10,19,44.77303650979053,9.265
shuffled,4,10,2,98.5002548115205,9.323
shuffled,4,10,20,58.70264959311902,9.228
shuffled,4,10,21,37.80845798377675,9.299
shuffled,4,10,22,88.55166688764018,9.239
shuffled,4,10,23,91.535740177175,9.271
shuffled,4,10,24,24.87442234991886,9.268
shuffled,4,10,25,80.59127697365449,9.252
shuffled,4,10,26,102.4804479175512,9.207
shuffled,4,10,27,41.788202016577316,9.301
shuffled,4,10,28,109.44330736860036,9.277
shuffled,4,10,29,34.82370245192192,9.281
shuffled,4,10,3,116.40917981925782,9.261
shuffled,4,10,4,67.65659552364627,9.23
shuffled,4,10,5,72.63181949503235,9.229
shuffled,4,10,6,107.45385334628537,9.214
shuffled,4,10,7,152.22727710172217,9.331
shuffled,4,10,8,74.62308614147412,9.295
shuffled,4,10,9,95.51541393433536,9.337
shuffled,5,10,0,3.9700637444184395e-08,12.817
shuffled,5,10,1,6.963315001939918e-06,12.603
shuffled,5,10,10,2.2036863356333924e-07,12.684
shuffled,5,10,11,1.4756585642317077e-07,12.56
shuffled,5,10,12,1.4970254198942712e-05,12.89
shuffled,5,10,13,3.6043627460458083e-07,12.587
shuffled,5,10,14,1.3867018537894182e-06,12.59
shuffled,5,10,15,4.70597962021202e-06,12.584
shuffled,5,10,16,1.0272822805745818e-06,12.739
shuffled,5,10,17,0.000526253535269916,12.529
shuffled,5,10,18,4.207585561744054e-06,12.841
shuffled,5,10,19,2.2110818747478334e-05,12.706
shuffled,5,10,2,6.821812803536886e-08,12.47
shuffled,5,10,20,0.0003459552636400076,12.641
shuffled,5,10,21,9.35237858925575e-05,12.586
shuffled,5,10,22,1.6773675497461227e-06,12.716
shuffled,5,10,23,4.3005672864637745e-05,12.619
shuffled,5,10,24,0.00036402523124934305,12.844
shuffled,5,10,25,7.947608224867508e-05,12.711
shuffled,5,10,26,5.372237410483649e-08,12.613
shuffled,5,10,27,2.292966883032932e-08,12.611
shuffled,5,10,28,6.783999992876488e-07,12.832
shuffled,5,10,29,0.00018938435954396482,12.582
shuffled,5,10,3,3.157724279390095e-06,12.571
shuffled,5,10,4,2.3449592845281586e-07,12.693
shuffled,5,10,5,3.615005101664792e-05,12.62
shuffled,5,10,6,2.0264769773348235e-07,12.839
shuffled,5,10,7,8.003642051335191e-07,12.663
shuffled,5,10,8,8.411404905928066e-09,12.547
shuffled,5,10,9,7.557605385954957e-08,12.577
shuffled,6,10,0,65.35835072043164,13.04
shuffled,6,10,1,72.99285168787833,12.884
shuffled,6,10,10,56.55228581285394,12.885
shuffled,6,10,11,38.53212604639634,12.822
shuffled,6,10,12,37.384024184103964,13.009
shuffled,6,10,13,51.47787943976232,12.899
shuffled,6,10,14,65.27709036577801,12.926
shuffled,6,10,15,55.163003167937745,12.971
shuffled,6,10,16,59.75137482599257,12.914
shuffled,6,10,17,85.10352906466721,12.857
shuffled,6,10,18,42.501066229817866,12.936
shuffled,6,10,19,39.81247522563149,12.824
shuffled,6,10,2,34.83025219005219,12.851
shuffled,6,10,20,61.4724055160807,12.921
shuffled,6,10,21,73.63134983353325,12.894
shuffled,6,10,22,81.59788775116317,12.861
shuffled,6,10,23,48.64474540385186,12.901
shuffled,6,10,24,54.733735078218274,13.028
shuffled,6,10,25,45.372560775531724,12.905
shuffled,6,10,26,39.80640994227326,12.862
shuffled,6,10,27,36.73656097573087,12.926
shuffled,6,10,28,65.16151833653453,12.914
shuffled,6,10,29,52.74675959484159,12.889
shuffled,6,10,3,52.7382993615995,12.928
shuffled,6,10,4,52.0895124116214,12.914
shuffled,6,10,5,35.830456813627166,12.828
shuffled,6,10,6,84.41826702002925,13.015
shuffled,6,10,7,43.26468042345482,12.956
shuffled,6,10,8,77.89810349040977,12.943
shuffled,6,10,9,88.50339586960945,12.91
shuffled,7,10,0,80.0,21.042
shuffled,7,10,1,68.0,20.648
shuffled,7,10,10,64.00000000049852,20.758
shuffled,7,10,11,42.000000000000114,20.562
shuffled,7,10,12,56.00000000004877,21.211
shuffled,7,10,13,36.0,20.678
shuffled,7,10,14,56.0,20.706
shuffled,7,10,15,68.0,20.358
shuffled,7,10,16,34.000000000061846,20.678
shuffled,7,10,17,64.00000000000011,20.668
shuffled,7,10,18,72.0,20.724
shuffled,7,10,19,26.0000000150186,20.697
shuffled,7,10,2,64.00000000000023,20.645
shuffled,7,10,20,44.00000000242824,20.649
shuffled,7,10,21,68.0,20.76
shuffled,7,10,22,42.0,21.32
shuffled,7,10,23,62.00000000986972,20.703
shuffled,7,10,24,66.00000000008868,21.028
shuffled,7,10,25,58.0,20.912
shuffled,7,10,26,90.00000000093223,21.138
shuffled,7,10,27,52.0,20.739
shuffled,7,10,28,86.0,20.518
shuffled,7,10,29,50.00000000003138,20.719
shuffled,7,10,3,64.0,20.631
shuffled,7,10,4,42.000000024431756,20.774
shuffled,7,10,5,68.00000000460659,20.703
shuffled,7,10,6,42.000000000000114,21.069
shuffled,7,10,7,34.00000000013529,20.75
shuffled,7,10,8,50.00000000017508,20.725
shuffled,7,10,9,66.00000000005969,20.723
shuffled,8,10,0,0.08953907349166457,12.838
shuffled,8,10,1,0.7229089217573801,12.922
shuffled,8,10,10,0.358113441288765,12.696
shuffled,8,10,11,3.4322061592089312,12.679
shuffled,8,10,12,1.016379180605668,12.897
shuffled,8,10,13,1.8833621244878032,12.729
shuffled,8,10,14,1.4290405550965488,12.71
shuffled,8,10,15,0.7229090345168743,12.689
shuffled,8,10,16,0.2685847544006492,12.778
shuffled,8,10,17,0.543870752347857,12.649
shuffled,8,10,18,1.7043113024320746,12.906
shuffled,8,10,19,0.45433723694065975,12.705
shuffled,8,10,2,0.543908124611562,12.684
shuffled,8,10,20,2.4272227452585184,12.718
shuffled,8,10,21,0.5438526326310011,12.712
shuffled,8,10,22,0.6335981629689513,12.688
shuffled,8,10,23,0.9019663754395424,12.664
shuffled,8,10,24,1.339510369233949,12.86
shuffled,8,10,25,0.268584797940548,12.732
shuffled,8,10,26,1.518600929978902,12.758
shuffled,8,10,27,1.8833868093856836,12.73
shuffled,8,10,28,1.087734253096869,12.741
shuffled,8,10,29,1.972902470769327,12.681
shuffled,8,10,3,1.3395340150359516,13.247
shuffled,8,10,4,1.7938486465010328,12.735
shuffled,8,10,5,1.7043464612427215,13.207
shuffled,8,10,6,0.17905654298670015,12.848
shuffled,8,10,7,1.7938367924992917,12.681
shuffled,8,10,8,0.08952856148425781,12.643
shuffled,8,10,9,2.3382534172294527,12.675
shuffled,9,10,0,873.7904836721377,17.376
shuffled,9,10,1,1149.4546738530062,17.133
shuffled,9,10,10,1237.2394438146775,17.146
shuffled,9,10,11,995.7499007236529,17.135
shuffled,9,10,12,457.9461581440919,18.55
shuffled,9,10,13,1151.342024714579,17.226
shuffled,9,10,14,993.2745965830277,17.113
shuffled,9,10,15,579.5673287808108,17.257
shuffled,9,10,16,1485.9905956886005,17.235
shuffled,9,10,17,993.0435703943726,17.259
shuffled,9,10,18,1317.9919979723318,17.478
shuffled,9,10,19,1506.565022783705,17.19
shuffled,9,10,2,812.706081149704,18.223
shuffled,9,10,20,720.8994057567397,17.592
shuffled,9,10,21,775.0891444679155,17.285
shuffled,9,10,22,1459.0578818420968,17.244
shuffled,9,10,23,480.61616830275625,17.187
shuffled,9,10,24,343.34758972550117,17.503
shuffled,9,10,25,554.7843423532722,17.155
shuffled,9,10,26,1160.6866628588127,17.372
shuffled,9,10,27,794.9839584173519,17.106
shuffled,9,10,28,958.6478017290901,17.276
shuffled,9,10,29,792.2398454905751,17.637
shuffled,9,10,3,346.63763009209697,17.171
shuffled,9,10,4,1073.6711752857404,17.206
shuffled,9,10,5,832.736483980017,17.149
shuffled,9,10,6,1087.6132519278717,17.346
shuffled,9,10,7,1194.253832417105,18.311
shuffled,9,10,8,1110.9605167616219,17.206
shuffled,9,10,9,1091.8073491712148,17.287
social,10,10,0,5970.496942899464,15.915
social,10,10,1,7529.67156981767,15.732
social,10,10,10,7321.859020003099,15.755
social,10,10,11,22020.270891212076,15.709
social,10,10,12,12817.889062060463,15.924
social,10,10,13,9722.263946408279,15.739
social,10,10,14,3764.7697949465064,15.725
social,10,10,15,7090.0425162202155,15.788
social,10,10,16,10925.856274550903,15.802
social,10,10,17,9991.420123128466,15.692
social,10,10,18,12448.899311719277,15.887
social,10,10,19,10532.403897692971,15.783
social,10,10,2,14679.526606390078,15.788
social,10,10,20,13671.405668452995,15.742
social,10,10,21,12309.86946841868,15.742
social,10,10,22,12333.997959300854,15.814
social,10,10,23,8753.201686363403,15.714
social,10,10,24,7798.7699590514,15.823
social,10,10,25,9073.74237092192,15.706
social,10,10,26,6878.673916109429,15.801
social,10,10,27,6462.002333027018,15.721
social,10,10,28,26005.05072741668,15.783
social,10,10,29,12144.057407338798,15.647
social,10,10,3,10360.03308054996,15.743
social,10,10,4,17425.00484753916,15.83
social,10,10,5,12062.470513320359,15.682
social,10,10,6,14019.886691664291,15.876
social,10,10,7,7890.1577128656645,15.769
social,10,10,8,5927.438183731561,15.755
social,10,10,9,7656.308098255775,15.788
social,11,10,0,2160873.216191242,21.336
social,11,10,1,1046958.3499838304,22.456
social,11,10,10,9336659.05166079,22.578
social,11,10,11,285266.84310399636,22.43
social,11,10,12,738446.0270079025,22.796
social,11,10,13,1210263.881634162,22.51
social,11,10,14,263204.11144205555,22.385
social,11,10,15,8169851.509944154,21.157
social,11,10,16,815486.6316082837,22.557
social,11,10,17,561214.3393520571,22.504
social,11,10,18,7547870.343889112,22.847
social,11,10,19,41490.09769180989,21.278
social,11,10,2,426392.61042692093,22.366
social,11,10,20,13573.34461580663,22.578
social,11,10,21,4381852.880280271,21.236
social,11,10,22,16155.265423674035,21.263
social,11,10,23,5117984.918864319,22.518
social,11,10,24,1431866.4811620477,22.855
social,11,10,25,7310054.402131776,21.22
social,11,10,26,7304227.044743819,21.252
social,11,10,27,325787.44898452674,21.27
social,11,10,28,2361962.9134913296,22.697
social,11,10,29,360312.23206502554,22.569
social,11,10,3,49187.93961572259,22.386
social,11,10,4,551093.1457838041,22.47
social,11,10,5,4870294.392643924,22.363
social,11,10,6,651683.2071351721,22.774
social,11,10,7,6728870.77770661,22.434
social,11,10,8,368275.77663359034,22.38
social,11,10,9,391559.8952777194,21.196
social,12,10,0,4273.400934078004,17.843
social,12,10,1,10774.661536377102,17.777
social,12,10,10,4798.119095160788,17.77
social,12,10,11,16768.51345677174,17.718
social,12,10,12,7306.9870724106295,17.829
social,12,10,13,155902.1280452275,17.708
social,12,10,14,10884.40849480019,17.715
social,12,10,15,5500.225014328801,17.85
social,12,10,16,137287.38425390195,17.768
social,12,10,17,2779.059087834681,17.719
social,12,10,18,6945.937440558521,17.915
social,12,10,19,12982.728747182233,17.677
social,12,10,2,18326.729061420578,17.756
social,12,10,20,3745.642403180681,17.739
social,12,10,21,8350.697230996211,17.722
social,12,10,22,7782.293256851379,17.77
social,12,10,23,7853.08576825847,17.686
social,12,10,24,12092.810339193733,17.872
social,12,10,25,28641.456448902823,17.696
social,12,10,26,5935.985426409124,17.74
social,12,10,27,8413.862041933327,17.73
social,12,10,28,10569.558514394406,17.756
social,12,10,29,2543.7150625641134,17.64
social,12,10,3,6941.376260129058,17.792
social,12,10,4,11183.69064704837,17.764
social,12,10,5,6353.988702948282,17.672
social,12,10,6,4706.772009697658,17.887
social,12,10,7,8816.88227268856,17.77
social,12,10,8,4923.732994610611,17.723
social,12,10,9,6612.793868488023,17.77
social,13,10,0,12003.776439775747,18.409
social,13,10,1,10213.066581204908,18.229
social,13,10,10,9571.348620885,18.235
social,13,10,11,16358.731157357863,18.158
social,13,10,12,12059.668047823994,18.256
social,13,10,13,9172.889961137033,18.162
social,13,10,14,13664.71664722899,18.147
social,13,10,15,15352.709942351583,18.142
social,13,10,16,10078.369413092169,18.14
social,13,10,17,14841.571501977218,18.019
social,13,10,18,10984.070665121311,18.309
social,13,10,19,16200.338676604246,18.188
social,13,10,2,15667.80117957704,18.166
social,13,10,20,11154.807102016284,18.162
social,13,10,21,11989.278533678167,18.089
social,13,10,22,19829.11170341936,18.234
social,13,10,23,10200.999522558,18.057
social,13,10,24,13367.721113215117,18.363
social,13,10,25,18170.24684367048,18.152
social,13,10,26,12955.167862975766,18.079
social,13,10,27,12625.633785506343,18.139
social,13,10,28,10814.855141225908,18.203
social,13,10,29,17268.984996010633,18.141
social,13,10,3,12304.813089174906,18.206
social,13,10,4,14949.244519435928,18.284
social,13,10,5,12730.99234009383,18.146
social,13,10,6,15080.804659821773,18.337
social,13,10,7,17460.487912018205,18.214
social,13,10,8,13110.550849492769,18.181
social,13,10,9,11623.639980916416,18.192
social,14,10,0,10818.190657449624,18.254
social,14,10,1,47604.99489397956,18.109
social,14,10,10,36361.61481293045,18.197
social,14,10,11,106337.73125642014,18.041
social,14,10,12,174109.8498721873,18.262
social,14,10,13,18377.607270512297,18.129
social,14,10,14,146953.37435504067,18.133
social,14,10,15,165724.2975218135,18.183
social,14,10,16,25265.08891072296,18.225
social,14,10,17,211405.46040222075,17.997
social,14,10,18,40862.19901159413,18.201
social,14,10,19,17274.44517561457,18.108
social,14,10,2,77554.26747030702,18.112
social,14,10,20,19371.47219861623,18.1
social,14,10,21,11313.785670394162,18.105
social,14,10,22,41703.32536885407,18.153
social,14,10,23,14966.598891435955,18.026
social,14,10,24,17667.81854717383,18.229
social,14,10,25,109321.76939709304,18.067
social,14,10,26,12644.9574826485,18.067
social,14,10,27,12491.965979421822,18.067
social,14,10,28,32756.59323709688,18.119
social,14,10,29,19894.726550787655,18.013
social,14,10,3,44889.35517029464,18.14
social,14,10,4,18711.109394601015,18.17
social,14,10,5,56357.629058643965,17.997
social,14,10,6,50783.21608126896,18.263
social,14,10,7,56995.44487414346,18.115
social,14,10,8,67739.2214633674,18.086
social,14,10,9,19378.410362836406,18.107
social,15,10,0,17113.755894903046,32.714
social,15,10,1,2308.4974553300926,32.354
social,15,10,10,2817.3639228758348,32.492
social,15,10,11,9454.827261331564,32.337
social,15,10,12,1477.3192452403346,32.634
social,15,10,13,1591.2629934472407,32.265
social,15,10,14,7076.905959251109,32.332
social,15,10,15,16049.294784880734,31.066
social,15,10,16,2055.903058361452,32.511
social,15,10,17,1482.0784610959663,32.212
social,15,10,18,4505.240456894599,32.572
social,15,10,19,1226.7569701023554,32.162
social,15,10,2,457.88997254792184,31.058
social,15,10,20,1118.7649933749472,32.208
social,15,10,21,943.6718598130019,32.101
social,15,10,22,1348.4635500735235,31.028
social,15,10,23,6119.285341245593,32.03
social,15,10,24,2149.1003705177313,32.753
social,15,10,25,1860.8044375140448,32.294
social,15,10,26,351.1400834818876,31.022
social,15,10,27,1928.4838408188784,32.31
social,15,10,28,1479.452169651193,31.137
social,15,10,29,2069.7360051454243,30.877
social,15,10,3,15210.416627580445,31.022
social,15,10,4,1484.0414953410104,31.256
social,15,10,5,24431.82135150247,32.237
social,15,10,6,2773.369998157459,32.743
social,15,10,7,7896.144450399881,32.342
social,15,10,8,5955.9119324449375,32.353
social,15,10,9,20618.95781667819,32.389
social,16,10,0,435.9917997049304,69.061
social,16,10,1,741.0989093524868,68.238
social,16,10,10,485.36421440149843,68.616
social,16,10,11,687.7947215859881,69.697
social,16,10,12,765.8115547675652,68.84
social,16,10,13,818.8169049939911,67.94
social,16,10,14,477.7613696056983,67.964
social,16,10,15,312.73844648935983,68.086
social,16,10,16,162.6859321185491,68.459
social,16,10,17,606.3344749594862,68.074
social,16,10,18,761.4231135155787,69.117
social,16,10,19,519.692952718141,67.957
social,16,10,2,719.3631137800976,68.286
social,16,10,20,693.5564718650967,68.263
social,16,10,21,734.6386099171668,68.057
social,16,10,22,835.5252950963777,68.673
social,16,10,23,696.6503053824135,68.14
social,16,10,24,863.6953861235493,69.07
social,16,10,25,371.7696629464708,68.205
social,16,10,26,432.45118928377406,68.075
social,16,10,27,639.6235438304166,68.277
social,16,10,28,775.0241774141441,70.179
social,16,10,29,573.2443749908175,68.299
social,16,10,3,534.2120322621322,68.301
social,16,10,4,341.5566390104659,68.646
social,16,10,5,754.8000350212105,68.331
social,16,10,6,796.7760105263155,69.033
social,16,10,7,417.0765830406392,68.065
social,16,10,8,762.9510413776197,69.645
social,16,10,9,799.3832062152374,68.084
social,17,10,0,10190.454676811349,21.958
social,17,10,1,15158.980888533944,21.628
social,17,10,10,13141.62518975621,21.898
social,17,10,11,12788.46428693766,21.695
social,17,10,12,10675.95623914209,21.884
social,17,10,13,18952.69950959438,21.757
social,17,10,14,11343.405274858882,21.816
social,17,10,15,8854.81815143874,21.846
social,17,10,16,14177.340143759142,21.866
social,17,10,17,17603.5618891486,21.82
social,17,10,18,25990.282422442302,21.698
social,17,10,19,38439.111130256526,21.614
social,17,10,2,22240.087027654736,21.75
social,17,10,20,9832.85695939361,21.726
social,17,10,21,9973.354642769305,21.807
social,17,10,22,6089.412114278659,21.774
social,17,10,23,21163.559106640794,21.64
social,17,10,24,12598.192984660993,21.752
social,17,10,25,50718.16913931743,21.518
social,17,10,26,13539.720127797285,21.751
social,17,10,27,21015.531221274196,21.79
social,17,10,28,16959.22998751401,21.741
social,17,10,29,8875.20275473625,21.593
social,17,10,3,15557.610534730054,21.767
social,17,10,4,51512.931837976925,21.86
social,17,10,5,16887.664995308853,21.649
social,17,10,6,16020.917130078255,22.031
social,17,10,7,14653.99289375473,21.767
social,17,10,8,20504.802667452823,21.747
social,17,10,9,17542.040022780235,21.776
social,18,10,0,7423.694272091212,42.18
social,18,10,1,3086.9257669272647,41.734
social,18,10,10,8160.72250255068,42.045
social,18,10,11,8470.22447368831,41.798
social,18,10,12,15741.611579888322,42.229
social,18,10,13,7819.8258781832665,41.828
social,18,10,14,5237.038319355732,41.743
social,18,10,15,869.0643822400657,41.793
social,18,10,16,6390.555431138257,42.076
social,18,10,17,3307.228124867528,41.673
social,18,10,18,3421.6980128330106,42.101
social,18,10,19,815.0964133591915,41.786
social,18,10,2,8767.497864063682,41.727
social,18,10,20,1019.6065578638581,41.682
social,18,10,21,1735.8172467460672,41.699
social,18,10,22,1982.0477757544854,42.006
social,18,10,23,593.9572253191745,41.741
social,18,10,24,2045.7126610017413,42.344
social,18,10,25,898.8874506643215,42.215
social,18,10,26,8089.426507634447,42.09
social,18,10,27,1447.160886783966,41.852
social,18,10,28,5681.137838417559,42.216
social,18,10,29,10763.010344818544,41.953
social,18,10,3,6176.6834586824725,41.632
social,18,10,4,2966.937244148681,41.864
social,18,10,5,348.73720499803494,41.628
social,18,10,6,2733.26485146463,42.293
social,18,10,7,1320.4673300638487,41.927
social,18,10,8,1180.5014795845882,41.912
social,18,10,9,17606.579473831644,41.911
social,19,10,0,74.3977371662661,68.963
social,19,10,1,77.2799701701797,68.032
social,19,10,10,106.05973312439028,68.719
social,19,10,11,84.84585843598643,68.331
social,19,10,12,114.31483333396272,68.873
social,19,10,13,111.16050021642195,68.126
social,19,10,14,77.75510354419407,68.006
social,19,10,15,55.08548043885685,68.184
social,19,10,16,59.844209695713744,68.372
social,19,10,17,40.068811334213706,68.065
social,19,10,18,228.04695921317125,68.647
social,19,10,19,32.68497632061508,67.86
social,19,10,2,117.34929760781984,67.839
social,19,10,20,410.06595703710445,68.011
social,19,10,21,256.8689517950502,68.053
social,19,10,22,122.03453669761689,68.256
social,19,10,23,69.36955885725388,68.019
social,19,10,24,43.56282283107612,69.53
social,19,10,25,132.96136315402237,68.463
social,19,10,26,237.177085407473,70.349
social,19,10,27,58.08309416754946,68.613
social,19,10,28,134.2092117646214,68.951
social,19,10,29,76.03758668915748,68.733
social,19,10,3,94.32856725621059,68.35
social,19,10,4,314.95685480699785,69.974
social,19,10,5,133.0234949776036,67.944
social,19,10,6,108.10803520964646,69.142
social,19,10,7,100.19848406493975,68.307
social,19,10,8,88.33056096602763,68.337
social,19,10,9,75.61822209046841,68.35
social,1,10,0,178.07320180425882,8.135
social,1,10,1,343.062996466796,8.14
social,1,10,10,980.3055981652685,8.144
social,1,10,11,18.884253887172576,8.104
social,1,10,12,1366.2714078199676,8.128
social,1,10,13,3217.292579076095,8.104
social,1,10,14,222.34832962587825,8.115
social,1,10,15,496.41568971852917,8.097
social,1,10,16,19.66165883041647,8.126
social,1,10,17,73.07760871418279,8.029
social,1,10,18,733.6476996731101,8.124
social,1,10,19,11.403479476901694,8.061
social,1,10,2,746.3166628842821,8.189
social,1,10,20,56.76469714692581,8.003
social,1,10,21,523.2659706102236,8.092
social,1,10,22,2.722365185314942,8.181
social,1,10,23,1336.932392878715,8.061
social,1,10,24,3283.516389132047,8.123
social,1,10,25,0.5008939071392433,8.071
social,1,10,26,1604.397404614112,8.126
social,1,10,27,31.330645144491314,8.032
social,1,10,28,793.6503006120616,8.079
social,1,10,29,402.5562372154433,8.079
social,1,10,3,205.06700550829032,8.098
social,1,10,4,2772.625241217743,8.198
social,1,10,5,367.7203863777958,8.177
social,1,10,6,1566.6566049797443,8.112
social,1,10,7,522.7723616516112,8.129
social,1,10,8,1731.8069564315122,8.059
social,1,10,9,349.8390654998851,8.1
social,20,10,0,100.01655908179873,25.924
social,20,10,1,276.54432786175494,25.663
social,20,10,10,100.0171587049972,25.688
social,20,10,11,100.0134014871378,25.587
social,20,10,12,100.02421169385116,25.911
social,20,10,13,313.61954639835494,25.561
social,20,10,14,100.01797817502666,25.637
social,20,10,15,100.00964536008587,25.557
social,20,10,16,100.0121649313055,25.701
social,20,10,17,100.02144821062575,25.565
social,20,10,18,100.01217674158579,25.883
social,20,10,19,255.3155908191693,25.696
social,20,10,2,100.01881559706908,25.643
social,20,10,20,100.01461964554846,25.681
social,20,10,21,100.01788165939433,25.596
social,20,10,22,270.47013374062044,25.838
social,20,10,23,277.2690074600996,25.614
social,20,10,24,100.00875235514468,25.743
social,20,10,25,100.01886110540227,25.572
social,20,10,26,100.01418889931938,25.634
social,20,10,27,230.1996329377139,25.658
social,20,10,28,100.01490210207885,25.766
social,20,10,29,262.68553146935983,25.57
social,20,10,3,100.01825392377032,25.61
social,20,10,4,295.9686830436276,25.683
social,20,10,5,100.01854088081245,25.552
social,20,10,6,100.02020958079811,25.873
social,20,10,7,100.00974028679457,25.605
social,20,10,8,100.00955335040044,25.652
social,20,10,9,100.01486728711461,25.639
social,21,10,0,114.35162488245987,32.9
social,21,10,1,107.37443107780382,32.462
social,21,10,10,116.45639368953243,32.766
social,21,10,11,110.2303981978198,32.406
social,21,10,12,107.04968585569395,33.18
social,21,10,13,105.84650316742409,32.595
social,21,10,14,117.42206823528204,32.573
social,21,10,15,110.32308302207412,32.609
social,21,10,16,105.50855992169363,32.788
social,21,10,17,142.56320418861924,32.425
social,21,10,18,105.69108041225627,32.988
social,21,10,19,115.35811815232,32.756
social,21,10,2,115.28922367843279,32.486
social,21,10,20,110.53498805902063,32.646
social,21,10,21,112.78853372657977,32.689
social,21,10,22,188.38340718843938,32.861
social,21,10,23,104.30737780166783,32.665
social,21,10,24,113.92679322390677,32.992
social,21,10,25,108.90271037619686,32.573
social,21,10,26,101.3903723957792,32.616
social,21,10,27,103.50549859178363,32.631
social,21,10,28,211.19871941021256,33.062
social,21,10,29,106.4776861382843,32.523
social,21,10,3,110.20917689883936,32.47
social,21,10,4,154.2790117747404,32.72
social,21,10,5,106.30941449990996,32.452
social,21,10,6,105.19483879200106,33.06
social,21,10,7,111.42935775500882,32.439
social,21,10,8,137.78315034148318,32.464
social,21,10,9,119.74146428595577,32.451
social,22,10,0,100.03753107698049,38.172
social,22,10,1,100.04026546726982,37.617
social,22,10,10,100.02689980939522,37.687
social,22,10,11,100.0350445318104,37.696
social,22,10,12,200.01600832402255,38.107
social,22,10,13,100.02425712837567,37.472
social,22,10,14,100.02662490865487,37.492
social,22,10,15,100.03224519793366,37.477
social,22,10,16,100.03814092908624,37.59
social,22,10,17,100.06017956625828,37.47
social,22,10,18,200.0277010413265,38.219
social,22,10,19,100.05554042615677,37.738
social,22,10,2,100.03240570122034,37.617
social,22,10,20,100.02946035343712,37.775
social,22,10,21,200.0191464655959,37.66
social,22,10,22,100.03646160383278,37.963
social,22,10,23,100.04786341643603,37.616
social,22,10,24,200.0131764044927,38.345
social,22,10,25,200.01456222033858,37.73
social,22,10,26,100.05752351329056,37.856
social,22,10,27,200.01655383407387,37.763
social,22,10,28,100.04127191915586,37.955
social,22,10,29,100.04143131549608,37.782
social,22,10,3,100.05980245877163,37.664
social,22,10,4,200.0237396207358,37.767
social,22,10,5,100.0402449924486,37.609
social,22,10,6,100.02431166054248,37.996
social,22,10,7,100.02487616308736,37.642
social,22,10,8,100.0241703660854,37.669
social,22,10,9,100.032476175802,37.736
social,23,10,0,200.04098585765996,30.906
social,23,10,1,100.03332340384986,30.612
social,23,10,10,100.026333409156,30.747
social,23,10,11,367.6847570871041,30.495
social,23,10,12,100.03782988554985,30.937
social,23,10,13,200.0821322771326,30.561
social,23,10,14,200.0365116005437,30.715
social,23,10,15,200.0386379503966,30.656
social,23,10,16,100.0408831140453,30.675
social,23,10,17,100.03191534963207,30.521
social,23,10,18,100.04056339545878,30.779
social,23,10,19,100.05224842227108,30.611
social,23,10,2,342.8655034109738,30.797
social,23,10,20,200.0345668822597,30.724
social,23,10,21,100.02507499853482,30.669
social,23,10,22,200.05910731130052,30.781
social,23,10,23,100.03006381245496,30.562
social,23,10,24,200.03575018194988,30.844
social,23,10,25,100.02942534531121,30.462
social,23,10,26,200.03823746703438,30.587
social,23,10,27,200.09530125563515,30.475
social,23,10,28,100.05390814633802,30.544
social,23,10,29,200.07065504330149,30.417
social,23,10,3,200.05647009883933,30.732
social,23,10,4,200.05402307093482,30.711
social,23,10,5,200.06841428392863,30.632
social,23,10,6,100.01622335002503,30.897
social,23,10,7,200.0534545461801,30.63
social,23,10,8,200.10647511133448,30.726
social,23,10,9,100.03774929725296,30.657
social,24,10,0,616.0484617355633,35.811
social,24,10,1,618.5887087905871,35.318
social,24,10,10,515.1414548606372,35.571
social,24,10,11,515.9066037495172,35.403
social,24,10,12,520.7188453652225,35.764
social,24,10,13,612.4789912852352,35.625
social,24,10,14,609.0216783680453,35.655
social,24,10,15,514.0776727425009,35.583
social,24,10,16,514.487591867105,35.68
social,24,10,17,514.9508606307795,35.459
social,24,10,18,613.5078645972235,35.826
social,24,10,19,613.3270937461675,35.46
social,24,10,2,603.336976513252,35.399
social,24,10,20,516.631253832777,35.481
social,24,10,21,513.7639139505004,35.433
social,24,10,22,517.576720463469,35.509
social,24,10,23,596.455299300028,35.273
social,24,10,24,616.3246379696602,35.901
social,24,10,25,511.66567990537396,35.315
social,24,10,26,497.4604484310339,35.387
social,24,10,27,516.1912484333147,35.391
social,24,10,28,523.5188614929839,35.646
social,24,10,29,513.4314066632201,35.342
social,24,10,3,512.2950885944647,35.323
social,24,10,4,519.7679453007322,35.524
social,24,10,5,518.5408227488924,35.229
social,24,10,6,613.7572087047174,35.887
social,24,10,7,514.4878474405623,35.468
social,24,10,8,614.8614981142491,35.54
social,24,10,9,614.1673092421897,35.453
social,25,10,0,601.5003713541582,74.562
social,25,10,1,487.9202528800997,74.717
social,25,10,10,0.0013399441991168715,73.302
social,25,10,11,586.1231269821437,74.787
social,25,10,12,600.1369496156603,74.83
social,25,10,13,558.5438725030235,73.992
social,25,10,14,601.6686288229685,73.866
social,25,10,15,626.8979947223402,73.808
social,25,10,16,0.001331521537849767,73.297
social,25,10,17,15.497159653674771,74.558
social,25,10,18,469.99394024167214,75.651
social,25,10,19,501.92761233606916,74.677
social,25,10,2,451.32532393979545,73.764
social,25,10,20,0.001634310390727478,72.858
social,25,10,21,519.1626435389603,74.837
social,25,10,22,614.9888415153182,73.906
social,25,10,23,640.6529873567156,73.577
social,25,10,24,0.0010015462326009583,73.851
social,25,10,25,0.0018783265472848143,72.859
social,25,10,26,513.4084629461559,74.99
social,25,10,27,0.0017920320706252824,72.81
social,25,10,28,646.000753514274,74.136
social,25,10,29,549.8831457993047,73.545
social,25,10,3,536.661295532379,73.566
social,25,10,4,533.6162582403085,74.152
social,25,10,5,516.2924575183006,73.549
social,25,10,6,519.0073613824215,75.602
social,25,10,7,502.2317028241059,74.582
social,25,10,8,655.4418023497687,73.931
social,25,10,9,0.0015473660405405099,72.799
social,26,10,0,524.3046441080432,78.239
social,26,10,1,751.5092851983563,77.486
social,26,10,10,525.6253057798021,78.372
social,26,10,11,601.7753319634594,78.067
social,26,10,12,644.5486016104232,78.988
social,26,10,13,559.8154403092985,77.12
social,26,10,14,412.28683276216543,77.944
social,26,10,15,645.826373483158,76.936
social,26,10,16,407.3781749543177,78.415
social,26,10,17,578.5452991679858,77.791
social,26,10,18,417.07597616380053,79.334
social,26,10,19,619.5467163877279,77.525
social,26,10,2,423.5287342124943,78.615
social,26,10,20,447.20447029477145,78.636
social,26,10,21,436.70186318223205,78.401
social,26,10,22,434.3397556898585,78.759
social,26,10,23,423.95634837845046,77.891
social,26,10,24,407.949920173151,78.768
social,26,10,25,462.2065051563577,78.404
social,26,10,26,427.0859729637359,78.366
social,26,10,27,536.7761883828689,78.465
social,26,10,28,459.6220773652485,78.487
social,26,10,29,538.0602164301949,77.893
social,26,10,3,506.8446356185418,78.556
social,26,10,4,421.20529727698295,79.006
social,26,10,5,603.2097544219732,77.237
social,26,10,6,576.0329072130144,77.863
social,26,10,7,448.5266752794514,78.132
social,26,10,8,573.793936111495,78.371
social,26,10,9,593.8169901224373,77.877
social,27,10,0,30.520948949200374,72.05
social,27,10,1,23.883288822430586,71.04
social,27,10,10,34.033332816017264,72.03
social,27,10,11,30.260759574796793,71.472
social,27,10,12,30.886016493009265,71.945
social,27,10,13,19.40026569128804,71.275
social,27,10,14,27.844128338700102,71.372
social,27,10,15,13.718067734856959,71.357
social,27,10,16,36.550602564830115,71.713
social,27,10,17,34.56850085552196,71.004
social,27,10,18,27.627275889679368,71.901
social,27,10,19,497.1861601454152,71.136
social,27,10,2,33.85352116099557,71.004
social,27,10,20,24.208567359218705,71.071
social,27,10,21,27.626448840685953,71.024
social,27,10,22,34.09993151883691,71.411
social,27,10,23,0.011949767686473933,70.906
social,27,10,24,19.715974088573603,72.317
social,27,10,25,24.142361397383866,71.484
social,27,10,26,0.016093041044769052,71.487
social,27,10,27,481.80288971605796,71.375
social,27,10,28,481.5355055570899,71.904
social,27,10,29,30.079859904642944,71.215
social,27,10,3,23.893874476923884,70.984
social,27,10,4,494.94349472688236,71.383
social,27,10,5,0.02169557441402503,70.763
social,27,10,6,30.883410723537054,72.277
social,27,10,7,19.705267128724245,71.846
social,27,10,8,0.010349019476507237,71.688
social,27,10,9,19.756165196282836,71.519
social,28,10,0,19332.84001687844,115.657
social,28,10,1,3343.944309908169,114.461
social,28,10,10,24608.585506722746,115.069
social,28,10,11,4615.399650181525,115.359
social,28,10,12,52261.601562686265,115.495
social,28,10,13,15470.338768146918,115.836
social,28,10,14,2614.5067007781,114.339
social,28,10,15,4995.579966668566,114.358
social,28,10,16,11817.373156165135,115.81
social,28,10,17,22705.924635399053,114.186
social,28,10,18,17899.302845395803,117.12
social,28,10,19,2949.622686189513,113.749
social,28,10,2,10944.316799473318,114.38
social,28,10,20,1500.490044008272,114.164
social,28,10,21,1648.1385763437574,113.997
social,28,10,22,23914.529846220226,114.971
social,28,10,23,4557.965217818421,113.797
social,28,10,24,67348.06943684495,118.236
social,28,10,25,73477.00924036656,115.155
social,28,10,26,6340.883653316887,114.884
social,28,10,27,1348.6538015380056,114.34
social,28,10,28,3154.9564527504835,115.062
social,28,10,29,10071.299359352852,114.35
social,28,10,3,4799.389456818921,114.493
social,28,10,4,2939.3397388389767,115.181
social,28,10,5,1665.343016731801,114.37
social,28,10,6,10659.660298803607,115.876
social,28,10,7,19924.273078694503,114.747
social,28,10,8,18903.550389203796,114.171
social,28,10,9,26587.62371354546,115.222
social,29,10,0,111534.19323756652,78.763
social,29,10,1,62308.90166408947,77.569
social,29,10,10,148607.21857794153,78.481
social,29,10,11,164953.3924313585,77.749
social,29,10,12,75715.23986830251,78.492
social,29,10,13,73981.47113285119,77.818
social,29,10,14,119058.84597576443,77.771
social,29,10,15,450169.1294278701,77.841
social,29,10,16,98648.9950577756,78.246
social,29,10,17,46264.66364839952,77.573
social,29,10,18,30284.001772802236,78.64
social,29,10,19,26837.76477659237,77.575
social,29,10,2,55270.49841484977,77.542
social,29,10,20,87253.72961211651,77.6
social,29,10,21,33092.38293327395,77.665
social,29,10,22,178694.98941984278,78.145
social,29,10,23,245673.6105972186,77.293
social,29,10,24,28295.986578868215,79.17
social,29,10,25,108875.14942164539,78.02
social,29,10,26,39431.98654263344,77.981
social,29,10,27,44462.27065373556,77.959
social,29,10,28,17740.01389954145,78.634
social,29,10,29,65105.32598575101,77.675
social,29,10,3,99021.57658305741,77.645
social,29,10,4,16658.05543128069,78.139
social,29,10,5,13883.311807304766,77.326
social,29,10,6,10122.470644933908,78.762
social,29,10,7,1135.7210367322868,78.107
social,29,10,8,184079.41844883014,78.139
social,29,10,9,20205.968069630682,78.196
social,3,10,0,67.36082466257801,10.273
social,3,10,1,4.022219867218155,10.198
social,3,10,10,3.9877203187247687,10.2
social,3,10,11,4.121676475638708,10.185
social,3,10,12,5.005961099151648,10.295
social,3,10,13,67.75174551897271,10.185
social,3,10,14,4.00997547632312,10.21
social,3,10,15,66.82319359706253,10.171
social,3,10,16,66.78315759816843,10.247
social,3,10,17,3.9874638351981844,10.199
social,3,10,18,67.45651860367354,10.249
social,3,10,19,6.099106676478641,10.199
social,3,10,2,0.23317469613112962,10.199
social,3,10,20,66.1699349412263,10.202
social,3,10,21,66.25968875536176,10.238
social,3,10,22,67.74870306181992,10.216
social,3,10,23,0.0013278549216693136,10.224
social,3,10,24,3.9953242194052905,10.264
social,3,10,25,0.014056967371061546,10.195
social,3,10,26,0.00037792235843880917,10.207
social,3,10,27,4.001033320430622,10.204
social,3,10,28,27.426908099316506,10.192
social,3,10,29,3.838239710457742,10.175
social,3,10,3,66.47762504271759,10.228
social,3,10,4,6.479046867747854,10.237
social,3,10,5,3.995297588541689,10.206
social,3,10,6,6.907655638528524,10.27
social,3,10,7,3.9887406802444616,10.204
social,3,10,8,0.06752370589680368,10.212
social,3,10,9,67.68087592250464,10.23
social,4,10,0,61.68733847932771,9.28
social,4,10,1,105.46523715653507,9.06
social,4,10,10,79.59636369271067,9.248
social,4,10,11,63.67760652166737,9.173
social,4,10,12,87.55649759740396,9.238
social,4,10,13,72.63186643643752,9.148
social,4,10,14,62.68205894268783,9.122
social,4,10,15,58.702373448519836,9.164
social,4,10,16,96.51114677073178,9.163
social,4,10,17,46.76314258871736,9.109
social,4,10,18,22.88461176421214,9.194
social,4,10,19,94.52067370558444,9.217
social,4,10,2,87.55598879639422,9.194
social,4,10,20,98.50030291632646,9.166
social,4,10,21,70.64157222516144,9.15
social,4,10,22,86.56101528389473,9.163
social,4,10,23,39.798333457159,9.069
social,4,10,24,59.697094404239124,9.205
social,4,10,25,34.823973565195615,9.152
social,4,10,26,49.747848249506205,9.163
social,4,10,27,105.46527071327966,9.155
social,4,10,28,73.62732410172663,9.218
social,4,10,29,55.717781939028214,9.113
social,4,10,3,78.60139778372593,9.176
social,4,10,4,81.58651763261207,9.172
social,4,10,5,92.53082819724426,9.109
social,4,10,6,33.82869415006837,9.26
social,4,10,7,99.49529585221546,9.193
social,4,10,8,80.59143742684796,9.165
social,4,10,9,25.869151813332735,9.208
social,5,10,0,1.102737803648779e-05,12.601
social,5,10,1,0.00012713490065152655,12.539
social,5,10,10,1.6692013105057413e-08,12.565
social,5,10,11,2.4663175395289727e-06,12.459
social,5,10,12,8.57110846368414e-05,12.683
social,5,10,13,1.9855571053994936e-07,12.569
social,5,10,14,1.730313118741833e-05,12.483
social,5,10,15,2.0320044313848484e-08,12.499
social,5,10,16,0.00019227786748388098,12.565
social,5,10,17,0.0010201060199506173,12.489
social,5,10,18,1.498394226473465e-07,12.258
social,5,10,19,6.266102445806609e-07,12.227
social,5,10,2,1.921023340401007e-09,12.439
social,5,10,20,1.7440925148548558e-07,12.117
social,5,10,21,9.446125659451354e-08,12.083
social,5,10,22,8.76053908882568e-05,12.18
social,5,10,23,1.0661324267857708e-08,12.025
social,5,10,24,1.7022619147155638e-05,12.635
social,5,10,25,7.268648118952115e-07,12.565
social,5,10,26,1.1766587704187259e-11,12.614
social,5,10,27,8.417331440568887e-05,12.516
social,5,10,28,6.7895608140133845e-06,12.574
social,5,10,29,2.810963906085817e-09,12.522
social,5,10,3,3.202680983349637e-05,12.433
social,5,10,4,1.4923614344297675e-08,12.531
social,5,10,5,1.7652473616180941e-07,12.461
social,5,10,6,2.619607926135359e-07,12.583
social,5,10,7,0.00010534207257251182,12.523
social,5,10,8,5.5337704850444425e-05,12.46
social,5,10,9,4.7449816520384047e-07,12.472
social,6,10,0,40.803952268428134,13.917
social,6,10,1,55.22602495328931,13.833
social,6,10,10,24.879823245977036,12.804
social,6,10,11,75.9248948920914,12.651
social,6,10,12,64.16971479128495,13.092
social,6,10,13,41.97518384046123,12.957
social,6,10,14,42.79651977779747,12.867
social,6,10,15,56.594902319544644,12.904
social,6,10,16,20.92049102231863,13.03
social,6,10,17,71.19079049614015,12.876
social,6,10,18,63.9360372560285,13.05
social,6,10,19,45.78134189502964,13.017
social,6,10,2,108.46527837130839,13.84
social,6,10,20,51.6838900277146,13.042
social,6,10,21,81.12672697550511,13.072
social,6,10,22,40.80088896949883,13.034
social,6,10,23,65.38177240386517,12.991
social,6,10,24,19.910621517567165,12.873
social,6,10,25,48.033135496439854,12.788
social,6,10,26,60.24041072437171,12.757
social,6,10,27,62.451151067643764,12.821
social,6,10,28,82.64650019584928,12.774
social,6,10,29,39.82662472501215,12.732
social,6,10,3,37.81910695810586,13.897
social,6,10,4,60.076968135087895,13.862
social,6,10,5,72.44183898082917,13.818
social,6,10,6,69.62386025380613,12.804
social,6,10,7,87.6819651515317,12.615
social,6,10,8,47.76560558443384,12.771
social,6,10,9,76.4650261934222,12.808
social,7,10,0,74.0,21.315
social,7,10,1,74.00000000001546,20.887
social,7,10,10,56.00000000021009,21.114
social,7,10,11,48.000000000000114,20.926
social,7,10,12,60.0,21.305
social,7,10,13,38.0000000086535,20.925
social,7,10,14,54.0,20.996
social,7,10,15,54.00000000896853,21.08
social,7,10,16,56.00000000052762,21.096
social,7,10,17,80.00000002015122,21.024
social,7,10,18,76.0000000003455,21.058
social,7,10,19,38.0000000092208,20.787
social,7,10,2,102.0,21.006
social,7,10,20,36.0,20.827
social,7,10,21,52.0,20.845
social,7,10,22,64.00000001705303,20.85
social,7,10,23,56.000000000424734,20.854
social,7,10,24,74.0,20.691
social,7,10,25,50.00000000077932,20.399
social,7,10,26,44.0,20.456
social,7,10,27,50.00000000011255,20.596
social,7,10,28,52.0,20.545
social,7,10,29,40.00000000003672,20.501
social,7,10,3,66.00000000026921,21.062
social,7,10,4,82.0,21.121
social,7,10,5,84.0,20.639
social,7,10,6,66.00000000009061,21.256
social,7,10,7,68.0,21.01
social,7,10,8,36.000000000664386,21.032
social,7,10,9,56.00000000052273,20.986
social,8,10,0,0.6333811648454457,12.684
social,8,10,1,0.6333814742692994,12.544
social,8,10,10,1.9728908135843994,12.569
social,8,10,11,0.5438752424238373,12.547
social,8,10,12,1.0921706285614619,12.736
social,8,10,13,1.1772332007162731,12.545
social,8,10,14,1.3395110915787427,12.575
social,8,10,15,1.1772327945933512,12.65
social,8,10,16,0.5470842285038771,12.62
social,8,10,17,0.26858862557571683,12.565
social,8,10,18,1.4290390693048494,12.727
social,8,10,19,0.45433210106182287,12.599
social,8,10,2,0.6333818899672679,12.491
social,8,10,20,2.3376996203960516,12.604
social,8,10,21,0.5438533996756405,12.619
social,8,10,22,0.5438694685377641,12.633
social,8,10,23,3.5216278377990875,12.581
social,8,10,24,1.4290380138930914,12.854
social,8,10,25,0.7229096226049023,12.702
social,8,10,26,1.429065916577315,12.714
social,8,10,27,2.248213958039514,12.733
social,8,10,28,1.0877173754655587,12.696
social,8,10,29,2.1519486162927706,12.731
social,8,10,3,1.4290451665485762,12.602
social,8,10,4,2.1587131990452235,12.613
social,8,10,5,1.2499992523544279,12.576
social,8,10,6,0.8124394613417962,12.703
social,8,10,7,2.2482675597045727,12.595
social,8,10,8,0.17905688380233187,12.532
social,8,10,9,1.793838025565151,12.615
social,9,10,0,971.8045746462881,17.247
social,9,10,1,580.9014426527051,18.119
social,9,10,10,1054.4160428054415,17.916
social,9,10,11,714.1916458270393,17.141
social,9,10,12,817.2475832413425,17.327
social,9,10,13,871.6711097324369,17.022
social,9,10,14,968.5145158232481,17.03
social,9,10,15,973.6294622190212,17.101
social,9,10,16,1227.7356836867616,17.082
social,9,10,17,1403.6086740468427,17.134
social,9,10,18,874.0839752319739,17.218
social,9,10,19,912.4201961585127,17.045
social,9,10,2,946.6021436437863,18.189
social,9,10,20,1227.5690545520915,17.458
social,9,10,21,1209.4040993034705,17.049
social,9,10,22,1764.0714766835172,17.06
social,9,10,23,1114.3754609629045,17.059
social,9,10,24,854.0562008809948,17.311
social,9,10,25,1235.5394830787259,16.993
social,9,10,26,795.9941364568585,17.053
social,9,10,27,1227.7356848357435,17.081
social,9,10,28,1097.7412883541974,17.094
social,9,10,29,810.5537270211234,17.014
social,9,10,3,1326.1175288765085,17.11
social,9,10,4,1212.8895827127753,17.086
social,9,10,5,1033.9695728316437,17.1
social,9,10,6,1473.2973300721164,17.872
social,9,10,7,1194.2538274233393,18.141
social,9,10,8,831.2713224002023,17.063
social,9,10,9,1334.8897700313187,17.623
uniform_K4,10,10,0,8747.62118841867,12.018
uniform_K4,10,10,1,6261.866247192118,12.019
uniform_K4,10,10,10,6757.535609528721,11.944
uniform_K4,10,10,11,12714.69239601109,11.876
uniform_K4,10,10,12,12757.789312518138,11.977
uniform_K4,10,10,13,11764.579300871676,11.973
uniform_K4,10,10,14,2730.1919750983534,11.969
uniform_K4,10,10,15,6314.361574649198,12.039
uniform_K4,10,10,16,8938.540928531726,11.977
uniform_K4,10,10,17,11346.41260957036,12.014
uniform_K4,10,10,18,9505.494937035579,11.965
uniform_K4,10,10,19,7978.426112617257,12.002
uniform_K4,10,10,2,10706.852875821894,11.986
uniform_K4,10,10,20,11024.863626205406,12.044
uniform_K4,10,10,21,12570.746701163273,11.971
uniform_K4,10,10,22,16414.18640553273,11.994
uniform_K4,10,10,23,14276.866818822466,11.943
uniform_K4,10,10,24,8629.749422626655,11.957
uniform_K4,10,10,25,7882.503564564435,12.014
uniform_K4,10,10,26,5988.784520324445,12.048
uniform_K4,10,10,27,6949.942134368265,11.978
uniform_K4,10,10,28,6818.294420767939,12.046
uniform_K4,10,10,29,7784.901594775676,11.969
uniform_K4,10,10,3,12996.223485302622,11.951
uniform_K4,10,10,4,21877.712172579653,12.006
uniform_K4,10,10,5,9544.413698735856,11.943
uniform_K4,10,10,6,11178.51264659224,11.993
uniform_K4,10,10,7,5003.865525728062,11.941
uniform_K4,10,10,8,10914.771581238976,12.003
uniform_K4,10,10,9,9040.021851816029,11.947
uniform_K4,11,10,0,1051488.673667611,17.423
uniform_K4,11,10,1,1033868.1651316003,18.929
uniform_K4,11,10,10,9716074.239270333,18.884
uniform_K4,11,10,11,631953.7069443675,18.873
uniform_K4,11,10,12,2242152.3511923933,18.952
uniform_K4,11,10,13,4835378.213391122,18.829
uniform_K4,11,10,14,346661.85661777155,18.844
uniform_K4,11,10,15,7056893.145359895,17.492
uniform_K4,11,10,16,969386.4741381004,17.468
uniform_K4,11,10,17,398864.259763476,18.864
uniform_K4,11,10,18,4161601.9980013464,18.928
uniform_K4,11,10,19,1173994.1330865317,17.555
uniform_K4,11,10,2,1259185.4601553401,18.867
uniform_K4,11,10,20,96811.94700504806,18.801
uniform_K4,11,10,21,4450623.701925915,17.504
uniform_K4,11,10,22,174723.74907770328,17.493
uniform_K4,11,10,23,3251347.17573321,18.808
uniform_K4,11,10,24,3333460.169416363,18.292
uniform_K4,11,10,25,5433650.160728557,17.485
uniform_K4,11,10,26,7366650.023014263,17.576
uniform_K4,11,10,27,32952.929667936245,18.685
uniform_K4,11,10,28,1560672.9167204187,18.816
uniform_K4,11,10,29,828082.9439474221,18.78
uniform_K4,11,10,3,618286.5679673124,18.79
uniform_K4,11,10,4,37515.99810776299,18.916
uniform_K4,11,10,5,3836721.541898753,18.848
uniform_K4,11,10,6,166245.028638671,18.847
uniform_K4,11,10,7,6952716.327707486,18.851
uniform_K4,11,10,8,29522.211412491695,18.867
uniform_K4,11,10,9,849720.1828018387,17.484
uniform_K4,12,10,0,4334.622021538717,13.821
uniform_K4,12,10,1,11668.571859281643,14.028
uniform_K4,12,10,10,38550.70939717441,13.975
uniform_K4,12,10,11,17129.51668465559,13.891
uniform_K4,12,10,12,9100.1743522838,13.936
uniform_K4,12,10,13,135916.57547269465,13.998
uniform_K4,12,10,14,12178.191839305518,14.111
uniform_K4,12,10,15,9443.75889841525,14.017
uniform_K4,12,10,16,331856.51027525397,14.008
uniform_K4,12,10,17,4169.059159575816,13.973
uniform_K4,12,10,18,6920.25459321857,13.973
uniform_K4,12,10,19,14310.745348792218,14.124
uniform_K4,12,10,2,17848.35840321402,14.043
uniform_K4,12,10,20,11428.569846588445,13.977
uniform_K4,12,10,21,8157.94124678472,14.051
uniform_K4,12,10,22,3431.2872635348212,14.024
uniform_K4,12,10,23,9146.516095525385,13.997
uniform_K4,12,10,24,12204.494475748405,14.015
uniform_K4,12,10,25,378640.34977082594,13.901
uniform_K4,12,10,26,11061.030005452587,13.9
uniform_K4,12,10,27,11426.838308290473,14.041
uniform_K4,12,10,28,10428.864695080138,13.962
uniform_K4,12,10,29,2321.163026532811,14.012
uniform_K4,12,10,3,9638.464238103188,13.95
uniform_K4,12,10,4,7602.408982119481,13.992
uniform_K4,12,10,5,4746.714845699911,13.902
uniform_K4,12,10,6,5710.461852676679,13.896
uniform_K4,12,10,7,10806.89667562998,14.037
uniform_K4,12,10,8,97442.05658779132,14.048
uniform_K4,12,10,9,5337.527545607197,13.905
uniform_K4,13,10,0,10760.410871393819,14.418
uniform_K4,13,10,1,10683.114893518323,14.334
uniform_K4,13,10,10,9651.965631854426,14.465
uniform_K4,13,10,11,13276.560620227214,14.344
uniform_K4,13,10,12,18906.101620978363,14.855
uniform_K4,13,10,13,8486.683525859866,14.397
uniform_K4,13,10,14,7605.7826277647,14.421
uniform_K4,13,10,15,10875.106128812757,14.352
uniform_K4,13,10,16,12924.814782082967,14.49
uniform_K4,13,10,17,12061.589937231734,14.337
uniform_K4,13,10,18,15369.20527293758,14.481
uniform_K4,13,10,19,11495.699113056064,14.456
uniform_K4,13,10,2,15396.013867603157,14.352
uniform_K4,13,10,20,9238.017538670696,14.46
uniform_K4,13,10,21,12627.617024400322,14.372
uniform_K4,13,10,22,18360.758772286004,14.478
uniform_K4,13,10,23,10376.741433078061,14.323
uniform_K4,13,10,24,11525.894393248134,14.695
uniform_K4,13,10,25,11400.751151000684,14.425
uniform_K4,13,10,26,11281.687485371964,14.46
uniform_K4,13,10,27,12823.011408439947,14.455
uniform_K4,13,10,28,12932.680430669532,14.474
uniform_K4,13,10,29,10636.490660911122,14.397
uniform_K4,13,10,3,11659.078437246422,14.542
uniform_K4,13,10,4,10975.221351348935,14.341
uniform_K4,13,10,5,11761.427553975367,14.466
uniform_K4,13,10,6,11626.825532353614,14.386
uniform_K4,13,10,7,18595.232623993346,14.403
uniform_K4,13,10,8,13578.117166391583,14.462
uniform_K4,13,10,9,10088.224415225708,14.432
uniform_K4,14,10,0,12156.554502142826,14.563
uniform_K4,14,10,1,29919.520716566316,14.313
uniform_K4,14,10,10,36106.71013401258,14.481
uniform_K4,14,10,11,19966.019762603217,14.345
uniform_K4,14,10,12,176032.20174114648,14.507
uniform_K4,14,10,13,18232.56804016123,14.4
uniform_K4,14,10,14,86761.60366777988,14.366
uniform_K4,14,10,15,107927.11204380958,14.297
uniform_K4,14,10,16,73458.32216458174,14.527
uniform_K4,14,10,17,44621.39193715877,14.309
uniform_K4,14,10,18,20235.198091219332,14.354
uniform_K4,14,10,19,125350.73517746697,14.452
uniform_K4,14,10,2,63113.36200719664,14.386
uniform_K4,14,10,20,20519.687489268734,14.603
uniform_K4,14,10,21,18569.48796340668,14.433
uniform_K4,14,10,22,12331.888713766726,14.291
uniform_K4,14,10,23,11009.00313256893,14.499
uniform_K4,14,10,24,18875.433783396464,14.412
uniform_K4,14,10,25,46888.06669824237,14.612
uniform_K4,14,10,26,12887.828248505437,14.57
uniform_K4,14,10,27,13419.770355575985,14.582
uniform_K4,14,10,28,32126.793855580545,14.626
uniform_K4,14,10,29,30485.445830344335,14.541
uniform_K4,14,10,3,23697.590194023087,14.301
uniform_K4,14,10,4,6118.417737384654,14.271
uniform_K4,14,10,5,62251.86635529119,14.265
uniform_K4,14,10,6,38148.56038785761,14.612
uniform_K4,14,10,7,19210.02744956863,14.569
uniform_K4,14,10,8,39525.66908593295,14.632
uniform_K4,14,10,9,10144.56235741961,14.331
uniform_K4,15,10,0,13582.7243782702,29.914
uniform_K4,15,10,1,1858.7521829573557,29.489
uniform_K4,15,10,10,1102.135507402295,29.219
uniform_K4,15,10,11,2595.53076500062,29.449
uniform_K4,15,10,12,1290.0787067864603,28.893
uniform_K4,15,10,13,1555.209761270282,30.133
uniform_K4,15,10,14,8825.451920573356,29.966
uniform_K4,15,10,15,15548.50456553707,27.829
uniform_K4,15,10,16,2152.3035497156134,30.204
uniform_K4,15,10,17,1214.3023189556407,29.041
uniform_K4,15,10,18,5592.526645618467,29.001
uniform_K4,15,10,19,1334.3069489333775,28.02
uniform_K4,15,10,2,3537.795654529459,29.295
uniform_K4,15,10,20,895.8074378148322,28.109
uniform_K4,15,10,21,551.9716593253706,29.782
uniform_K4,15,10,22,1421.5087240644707,28.312
uniform_K4,15,10,23,11269.052289491114,30.181
uniform_K4,15,10,24,2346.5936714692784,28.932
uniform_K4,15,10,25,1988.9446329966363,28.829
uniform_K4,15,10,26,13285.643310487552,28.998
uniform_K4,15,10,27,7907.284699514839,28.814
uniform_K4,15,10,28,8881.298839159004,27.323
uniform_K4,15,10,29,7897.5911931161045,26.954
uniform_K4,15,10,3,17944.71660228053,27.856
uniform_K4,15,10,4,1918.7468402783907,28.084
uniform_K4,15,10,5,23141.272466309754,29.273
uniform_K4,15,10,6,2362.0735106011334,28.11
uniform_K4,15,10,7,5827.0740041720455,29.002
uniform_K4,15,10,8,1662.0957209457788,29.238
uniform_K4,15,10,9,2908.1500986590554,29.542
uniform_K4,16,10,0,766.8195545322642,65.762
uniform_K4,16,10,1,678.1188702533741,66.01
uniform_K4,16,10,10,268.34103392242514,65.892
uniform_K4,16,10,11,706.7441287248412,65.665
uniform_K4,16,10,12,1535.68196145176,65.743
uniform_K4,16,10,13,564.5963210317582,65.656
uniform_K4,16,10,14,533.4103124599269,65.639
uniform_K4,16,10,15,537.4667037622739,67.547
uniform_K4,16,10,16,62.64416704135101,65.619
uniform_K4,16,10,17,489.73505422263133,65.754
uniform_K4,16,10,18,854.6968509272219,65.345
uniform_K4,16,10,19,611.8709512683417,65.887
uniform_K4,16,10,2,788.9581230664926,66.088
uniform_K4,16,10,20,747.7190054199427,66.059
uniform_K4,16,10,21,616.1036221528334,65.383
uniform_K4,16,10,22,1171.5190830840374,65.873
uniform_K4,16,10,23,707.6600908884634,65.251
uniform_K4,16,10,24,793.8666854877911,65.656
uniform_K4,16,10,25,466.972132360826,66.981
uniform_K4,16,10,26,656.8662500595929,65.569
uniform_K4,16,10,27,553.7665389554127,66.03
uniform_K4,16,10,28,892.4904549630082,66.971
uniform_K4,16,10,29,286.2558070059122,65.923
uniform_K4,16,10,3,582.3603917741925,65.691
uniform_K4,16,10,4,400.5420973670871,65.992
uniform_K4,16,10,5,785.8263397218188,65.514
uniform_K4,16,10,6,628.0098485324584,65.6
uniform_K4,16,10,7,1010.3044252092382,65.772
uniform_K4,16,10,8,1021.3919485419492,67.34
uniform_K4,16,10,9,870.8531500407307,65.933
uniform_K4,17,10,0,9973.284122381643,18.086
uniform_K4,17,10,1,8636.46090066059,18.041
uniform_K4,17,10,10,15458.797726661789,18.016
uniform_K4,17,10,11,13749.943482144634,17.957
uniform_K4,17,10,12,11284.340108074617,17.862
uniform_K4,17,10,13,19293.5177908804,17.8
uniform_K4,17,10,14,21075.44672629238,17.976
uniform_K4,17,10,15,27615.914198940794,18.013
uniform_K4,17,10,16,14020.354102336962,17.714
uniform_K4,17,10,17,12266.910787240546,17.974
uniform_K4,17,10,18,28629.37384179226,18.077
uniform_K4,17,10,19,44543.721706748314,18.083
uniform_K4,17,10,2,24307.373579857787,18.076
uniform_K4,17,10,20,23722.79038170583,18.11
uniform_K4,17,10,21,8221.07319238917,18.042
uniform_K4,17,10,22,6372.744711286292,18.079
uniform_K4,17,10,23,19426.377985722615,17.965
uniform_K4,17,10,24,19024.79704981752,18.07
uniform_K4,17,10,25,51150.70432683759,17.962
uniform_K4,17,10,26,16393.566761471062,17.936
uniform_K4,17,10,27,20534.34359544713,17.752
uniform_K4,17,10,28,14177.908659132734,18.026
uniform_K4,17,10,29,9535.06006885702,17.706
uniform_K4,17,10,3,18763.026813138134,17.761
uniform_K4,17,10,4,11453.024675742781,18.13
uniform_K4,17,10,5,14637.849571246901,17.629
uniform_K4,17,10,6,14175.555593018462,17.916
uniform_K4,17,10,7,16904.218679574285,17.959
uniform_K4,17,10,8,21992.258466735715,17.772
uniform_K4,17,10,9,18281.661977896085,17.938
uniform_K4,18,10,0,4525.7930557727805,38.091
uniform_K4,18,10,1,3597.558048267917,38.027
uniform_K4,18,10,10,7774.991264482131,38.284
uniform_K4,18,10,11,3109.415823435639,37.942
uniform_K4,18,10,12,14642.476729455491,38.026
uniform_K4,18,10,13,7091.415660238381,38.912
uniform_K4,18,10,14,5279.4201258621915,38.984
uniform_K4,18,10,15,1294.561788403652,38.464
uniform_K4,18,10,16,8253.544545023133,37.983
uniform_K4,18,10,17,8991.672145041917,38.31
uniform_K4,18,10,18,2789.69045619176,13.334
uniform_K4,18,10,19,1538.0041292920387,38.105
uniform_K4,18,10,2,865.4587410067616,38.131
uniform_K4,18,10,20,859.8746400825739,38.126
uniform_K4,18,10,21,2915.3326113194835,38.916
uniform_K4,18,10,22,598.4920562779785,39.077
uniform_K4,18,10,23,2979.947284450025,38.802
uniform_K4,18,10,24,2002.5439715138323,11.128
uniform_K4,18,10,25,688.5689006956754,26.66
uniform_K4,18,10,26,3271.108006582922,23.681
uniform_K4,18,10,27,809.9068748615841,38.058
uniform_K4,18,10,28,8728.573068994454,34.116
uniform_K4,18,10,29,10657.52635200051,38.013
uniform_K4,18,10,3,4878.753941722935,38.41
uniform_K4,18,10,4,4111.578669782755,37.999
uniform_K4,18,10,5,5307.672124495687,38.255
uniform_K4,18,10,6,1555.1898969418053,39.044
uniform_K4,18,10,7,959.0067677681318,38.37
uniform_K4,18,10,8,2316.2127797900876,38.466
uniform_K4,18,10,9,1702.6572894370747,38.14
uniform_K4,19,10,0,136.12404784972819,20.637
uniform_K4,19,10,1,35.28830700622393,20.415
uniform_K4,19,10,10,163.72572606406538,20.804
uniform_K4,19,10,11,105.8065422499983,19.659
uniform_K4,19,10,12,90.58657306108671,22.715
uniform_K4,19,10,13,88.65393766768511,23.146
uniform_K4,19,10,14,138.16609479125532,23.113
uniform_K4,19,10,15,96.05514700811091,22.318
uniform_K4,19,10,16,164.46136294070084,22.971
uniform_K4,19,10,17,28.558785368102917,22.134
uniform_K4,19,10,18,93.37236529794154,23.268
uniform_K4,19,10,19,104.09709927936728,22.807
uniform_K4,19,10,2,379.1348990911433,21.074
uniform_K4,19,10,20,95.67080786501128,22.626
uniform_K4,19,10,21,181.91490406480852,22.753
uniform_K4,19,10,22,51.062396882788335,22.479
uniform_K4,19,10,23,36.23844719649469,22.97
uniform_K4,19,10,24,110.87217785300095,22.83
uniform_K4,19,10,25,214.53151908635937,22.999
uniform_K4,19,10,26,103.47676803890522,23.087
uniform_K4,19,10,27,67.96386601476297,22.902
uniform_K4,19,10,28,99.09346330106382,23.299
uniform_K4,19,10,29,80.09157564778593,22.817
uniform_K4,19,10,3,243.02678970771922,37.84
uniform_K4,19,10,4,360.2275860474797,20.85
uniform_K4,19,10,5,178.22919322488542,38.145
uniform_K4,19,10,6,68.7279510604144,22.886
uniform_K4,19,10,7,117.92338211154765,20.916
uniform_K4,19,10,8,57.84571940551564,21.203
uniform_K4,19,10,9,140.35455663186576,19.93
uniform_K4,1,10,0,1401.3731012444016,4.174
uniform_K4,1,10,1,1209.4618467172559,4.183
uniform_K4,1,10,10,171.2912423629919,4.174
uniform_K4,1,10,11,291.8378866820038,4.19
uniform_K4,1,10,12,480.7318338900973,4.233
uniform_K4,1,10,13,4277.463408121669,4.186
uniform_K4,1,10,14,44.11044574009901,4.178
uniform_K4,1,10,15,215.6411908996614,4.188
uniform_K4,1,10,16,115.85694708194885,4.225
uniform_K4,1,10,17,19.215335104304202,4.196
uniform_K4,1,10,18,88.92116589465905,4.201
uniform_K4,1,10,19,222.73232348275923,4.17
uniform_K4,1,10,2,573.7183219964217,4.17
uniform_K4,1,10,20,17.9377038104859,4.205
uniform_K4,1,10,21,798.1722874373304,4.197
uniform_K4,1,10,22,115.97175560200884,4.183
uniform_K4,1,10,23,1092.705985362801,4.184
uniform_K4,1,10,24,3756.432458826419,4.169
uniform_K4,1,10,25,3.2517175376955407,4.197
uniform_K4,1,10,26,3676.7175121271525,4.221
uniform_K4,1,10,27,26.01511692033236,4.169
uniform_K4,1,10,28,146.04113621692196,4.201
uniform_K4,1,10,29,168.89914923772812,4.161
uniform_K4,1,10,3,274.92573955498295,4.213
uniform_K4,1,10,4,2864.749420514614,4.177
uniform_K4,1,10,5,54.48157727528053,4.201
uniform_K4,1,10,6,2449.8378678847016,4.197
uniform_K4,1,10,7,266.3883394476361,4.207
uniform_K4,1,10,8,1464.9860453136525,4.194
uniform_K4,1,10,9,2251.0859107522333,4.196
uniform_K4,20,10,0,100.01921728134357,7.588
uniform_K4,20,10,1,224.23603480975407,7.105
uniform_K4,20,10,10,236.24852138045026,7.064
uniform_K4,20,10,11,100.03216793530964,7.345
uniform_K4,20,10,12,100.0233897635112,6.965
uniform_K4,20,10,13,297.76546618415614,7.629
uniform_K4,20,10,14,100.02916799341529,7.779
uniform_K4,20,10,15,100.03943848414337,7.171
uniform_K4,20,10,16,100.04853266052032,7.562
uniform_K4,20,10,17,100.03989945431931,7.096
uniform_K4,20,10,18,100.0288595354923,6.927
uniform_K4,20,10,19,268.46131040170803,7.636
uniform_K4,20,10,2,100.02638975146237,7.111
uniform_K4,20,10,20,100.02537449571673,7.532
uniform_K4,20,10,21,100.03871061521431,7.119
uniform_K4,20,10,22,258.47726850029767,7.608
uniform_K4,20,10,23,266.2455863643745,7.179
uniform_K4,20,10,24,100.02408130185086,6.998
uniform_K4,20,10,25,100.02084534499681,7.234
uniform_K4,20,10,26,100.03655689318566,6.979
uniform_K4,20,10,27,224.2455175911109,7.84
uniform_K4,20,10,28,100.02846913963913,7.435
uniform_K4,20,10,29,269.7465909476855,7.848
uniform_K4,20,10,3,100.01485287883042,7.708
uniform_K4,20,10,4,295.89297218289175,7.214
uniform_K4,20,10,5,100.02109231549275,7.559
uniform_K4,20,10,6,100.02509204061198,7.375
uniform_K4,20,10,7,100.02538764760402,7.085
uniform_K4,20,10,8,100.03895490276682,7.191
uniform_K4,20,10,9,100.04273698947054,7.465
uniform_K4,21,10,0,104.92633885085797,9.803
uniform_K4,21,10,1,119.20445359332552,9.819
uniform_K4,21,10,10,124.36746153499007,9.833
uniform_K4,21,10,11,104.24072447978278,9.797
uniform_K4,21,10,12,111.82811354622982,9.763
uniform_K4,21,10,13,110.1294579739756,9.856
uniform_K4,21,10,14,110.80196138342308,9.816
uniform_K4,21,10,15,111.9032175480711,9.925
uniform_K4,21,10,16,104.3987945942281,9.881
uniform_K4,21,10,17,178.65544188951117,9.835
uniform_K4,21,10,18,109.38961947660391,9.883
uniform_K4,21,10,19,142.78891045159116,9.796
uniform_K4,21,10,2,110.81667459506116,9.804
uniform_K4,21,10,20,107.92865127089908,9.842
uniform_K4,21,10,21,112.6798546594564,9.984
uniform_K4,21,10,22,134.2458406658584,9.834
uniform_K4,21,10,23,104.71545458081346,9.854
uniform_K4,21,10,24,170.30734327133132,9.776
uniform_K4,21,10,25,105.76339672598715,9.888
uniform_K4,21,10,26,104.75762865689376,10.013
uniform_K4,21,10,27,103.78715191008314,9.96
uniform_K4,21,10,28,126.26690825526475,9.872
uniform_K4,21,10,29,156.800861609835,9.867
uniform_K4,21,10,3,108.82873940521131,10.485
uniform_K4,21,10,4,109.4463800349522,9.756
uniform_K4,21,10,5,113.96447709693803,10.536
uniform_K4,21,10,6,109.37072584555153,9.801
uniform_K4,21,10,7,106.44336566182983,9.912
uniform_K4,21,10,8,144.3607322843891,9.85
uniform_K4,21,10,9,118.65795056835623,9.874
uniform_K4,22,10,0,100.094907457315,11.579
uniform_K4,22,10,1,100.08009587825518,11.647
uniform_K4,22,10,10,465.3399882763988,11.886
uniform_K4,22,10,11,100.03862178774534,11.742
uniform_K4,22,10,12,200.04032085850758,12.286
uniform_K4,22,10,13,100.06928255487219,11.704
uniform_K4,22,10,14,200.0248765194233,11.676
uniform_K4,22,10,15,100.09415838406403,11.764
uniform_K4,22,10,16,100.05351688858855,11.646
uniform_K4,22,10,17,100.08548388278132,11.608
uniform_K4,22,10,18,200.0252111417467,12.996
uniform_K4,22,10,19,100.06504584856248,11.725
uniform_K4,22,10,2,100.06992168552097,11.688
uniform_K4,22,10,20,100.06508800038728,11.847
uniform_K4,22,10,21,200.01453161663676,11.744
uniform_K4,22,10,22,100.063230754904,11.612
uniform_K4,22,10,23,100.05292012091832,11.718
uniform_K4,22,10,24,200.03469109946627,13.234
uniform_K4,22,10,25,200.05164660104037,12.864
uniform_K4,22,10,26,100.08682857905433,12.959
uniform_K4,22,10,27,100.0700746955581,11.851
uniform_K4,22,10,28,100.0542270293895,12.601
uniform_K4,22,10,29,100.06886499839993,11.774
uniform_K4,22,10,3,100.07748789430116,11.711
uniform_K4,22,10,4,200.02293961798614,11.689
uniform_K4,22,10,5,200.02298956365257,11.615
uniform_K4,22,10,6,200.03122577848762,11.695
uniform_K4,22,10,7,100.07170260492876,11.581
uniform_K4,22,10,8,100.07136390684263,11.617
uniform_K4,22,10,9,100.04399738779739,11.728
uniform_K4,23,10,0,200.13768597790386,9.987
uniform_K4,23,10,1,100.04376191800338,9.547
uniform_K4,23,10,10,100.04051191487542,9.698
uniform_K4,23,10,11,356.7642827925656,9.634
uniform_K4,23,10,12,100.08166378216129,27.041
uniform_K4,23,10,13,200.1033125142526,9.865
uniform_K4,23,10,14,200.0842559211278,9.965
uniform_K4,23,10,15,200.05821547391952,9.84
uniform_K4,23,10,16,100.16486546881697,9.906
uniform_K4,23,10,17,100.07467263816307,9.75
uniform_K4,23,10,18,100.08800096229788,27.274
uniform_K4,23,10,19,100.1226131802423,22.216
uniform_K4,23,10,2,352.7935442150565,9.647
uniform_K4,23,10,20,200.08004200412324,26.055
uniform_K4,23,10,21,100.05777965900052,9.954
uniform_K4,23,10,22,200.1317966410934,17.635
uniform_K4,23,10,23,100.07404637924037,9.964
uniform_K4,23,10,24,200.11463941467673,27.374
uniform_K4,23,10,25,100.08413904612325,26.846
uniform_K4,23,10,26,200.09159261473405,27.121
uniform_K4,23,10,27,200.19576073122062,17.258
uniform_K4,23,10,28,100.0826271126034,26.604
uniform_K4,23,10,29,200.11945891566847,14.709
uniform_K4,23,10,3,100.06158856316006,9.546
uniform_K4,23,10,4,200.1020632838672,9.637
uniform_K4,23,10,5,200.1151284266307,9.341
uniform_K4,23,10,6,100.06817717462536,25.21
uniform_K4,23,10,7,200.03421355825685,9.767
uniform_K4,23,10,8,200.09153596725446,9.811
uniform_K4,23,10,9,200.10294158482793,9.718
uniform_K4,24,10,0,613.5455821801174,32.266
uniform_K4,24,10,1,614.76320362982,32.183
uniform_K4,24,10,10,519.1279633129848,32.209
uniform_K4,24,10,11,511.5769380010033,32.066
uniform_K4,24,10,12,516.7022678548988,32.138
uniform_K4,24,10,13,613.0903091234254,32.222
uniform_K4,24,10,14,608.3187095480957,32.258
uniform_K4,24,10,15,515.497141911862,32.247
uniform_K4,24,10,16,515.899322616071,32.206
uniform_K4,24,10,17,512.4421557034061,32.21
uniform_K4,24,10,18,516.6582881437375,32.083
uniform_K4,24,10,19,612.7083480472538,32.106
uniform_K4,24,10,2,607.8058383778625,32.197
uniform_K4,24,10,20,514.0642677718097,32.103
uniform_K4,24,10,21,516.9528077080759,32.302
uniform_K4,24,10,22,518.8526163499919,32.05
uniform_K4,24,10,23,514.8146849215454,32.201
uniform_K4,24,10,24,617.4084709738354,33.129
uniform_K4,24,10,25,510.7600437793976,32.146
uniform_K4,24,10,26,489.4297838779121,32.108
uniform_K4,24,10,27,523.4612620133967,32.084
uniform_K4,24,10,28,515.2215327770878,32.118
uniform_K4,24,10,29,517.0171912956639,32.095
uniform_K4,24,10,3,513.0721940881331,31.501
uniform_K4,24,10,4,522.6404794118689,32.059
uniform_K4,24,10,5,516.5981318888539,31.202
uniform_K4,24,10,6,615.3762100615427,32.106
uniform_K4,24,10,7,615.1796483942549,32.268
uniform_K4,24,10,8,615.1713993956873,32.312
uniform_K4,24,10,9,598.056396968499,32.148
uniform_K4,25,10,0,499.8939351242425,71.011
uniform_K4,25,10,1,0.002115262998813705,71.052
uniform_K4,25,10,10,0.001424209602191695,70.218
uniform_K4,25,10,11,568.5009222533722,73.136
uniform_K4,25,10,12,584.6220230111257,70.585
uniform_K4,25,10,13,463.48988600610164,71.066
uniform_K4,25,10,14,531.3835148362618,71.084
uniform_K4,25,10,15,0.0033183542050210235,70.399
uniform_K4,25,10,16,0.0019023692102564382,70.05
uniform_K4,25,10,17,0.47089723392446103,71.748
uniform_K4,25,10,18,357.18761396780747,72.976
uniform_K4,25,10,19,565.5072506153151,70.536
uniform_K4,25,10,2,0.002612922613934643,71.191
uniform_K4,25,10,20,0.004984033254004316,69.628
uniform_K4,25,10,21,513.2635261705577,72.189
uniform_K4,25,10,22,608.2256124278647,70.706
uniform_K4,25,10,23,640.6525357615192,70.931
uniform_K4,25,10,24,0.0029708204629059765,69.978
uniform_K4,25,10,25,0.0017645397224441695,71.206
uniform_K4,25,10,26,0.002176800734559947,71.347
uniform_K4,25,10,27,478.21373013924494,71.461
uniform_K4,25,10,28,562.2111556654609,71.768
uniform_K4,25,10,29,561.9741491173422,71.196
uniform_K4,25,10,3,454.85877115486574,72.201
uniform_K4,25,10,4,594.8466345812544,72.022
uniform_K4,25,10,5,513.4436093000122,71.18
uniform_K4,25,10,6,509.09833003972835,71.679
uniform_K4,25,10,7,514.0173515726774,72.176
uniform_K4,25,10,8,0.0017984320993491565,70.462
uniform_K4,25,10,9,545.0429092957675,72.212
uniform_K4,26,10,0,577.613495673213,74.365
uniform_K4,26,10,1,610.075489642958,74.622
uniform_K4,26,10,10,525.8329493473234,75.273
uniform_K4,26,10,11,657.2559392907842,75.049
uniform_K4,26,10,12,630.8408424216245,75.768
uniform_K4,26,10,13,559.6935443326238,74.597
uniform_K4,26,10,14,427.54527384136145,75.805
uniform_K4,26,10,15,645.8293261267622,74.417
uniform_K4,26,10,16,415.9969110774964,75.629
uniform_K4,26,10,17,558.864832342113,75.269
uniform_K4,26,10,18,420.6737965364614,75.482
uniform_K4,26,10,19,674.6536565578904,75.543
uniform_K4,26,10,2,426.3670742959225,75.915
uniform_K4,26,10,20,410.2694356105949,76.622
uniform_K4,26,10,21,428.4502892964906,75.733
uniform_K4,26,10,22,492.8551448322514,76.665
uniform_K4,26,10,23,420.8090959741862,75.49
uniform_K4,26,10,24,435.47055801590886,74.653
uniform_K4,26,10,25,428.47406981201084,75.611
uniform_K4,26,10,26,459.6517334776913,75.203
uniform_K4,26,10,27,498.5317032665703,76.565
uniform_K4,26,10,28,435.15543991492314,75.185
uniform_K4,26,10,29,536.6102846690842,76.262
uniform_K4,26,10,3,479.25989824427506,75.948
uniform_K4,26,10,4,416.50543555747754,75.871
uniform_K4,26,10,5,597.4924333050103,74.979
uniform_K4,26,10,6,655.1197299330606,74.479
uniform_K4,26,10,7,453.1465821849979,75.459
uniform_K4,26,10,8,485.2395631789145,75.801
uniform_K4,26,10,9,593.467083292152,75.016
uniform_K4,27,10,0,27.605048527671897,67.89
uniform_K4,27,10,1,19.727069651462443,67.674
uniform_K4,27,10,10,18.901323757779664,67.996
uniform_K4,27,10,11,0.03841042870681122,67.763
uniform_K4,27,10,12,13.404181934301505,67.66
uniform_K4,27,10,13,30.840262412962147,67.741
uniform_K4,27,10,14,19.712804306525413,67.814
uniform_K4,27,10,15,19.475648680174345,67.823
uniform_K4,27,10,16,23.87526576305072,67.657
uniform_K4,27,10,17,23.881668300040474,67.869
uniform_K4,27,10,18,0.036883821877836453,67.682
uniform_K4,27,10,19,492.7037610178895,67.87
uniform_K4,27,10,2,13.78024729694971,67.738
uniform_K4,27,10,20,48.46423249256941,67.918
uniform_K4,27,10,21,38.879509091700584,67.618
uniform_K4,27,10,22,43.190779810961885,67.763
uniform_K4,27,10,23,19.382505420963298,67.673
uniform_K4,27,10,24,36.47296445709253,67.622
uniform_K4,27,10,25,13.731389384512568,67.677
uniform_K4,27,10,26,19.698707040504814,67.917
uniform_K4,27,10,27,489.33827447383874,67.623
uniform_K4,27,10,28,486.57572026381695,67.625
uniform_K4,27,10,29,0.05560952516589168,67.597
uniform_K4,27,10,3,0.021002211857194197,68.198
uniform_K4,27,10,4,388.47506946870726,67.754
uniform_K4,27,10,5,13.400292031109075,68.243
uniform_K4,27,10,6,36.25091009853804,67.695
uniform_K4,27,10,7,23.627755760097443,67.986
uniform_K4,27,10,8,23.900616189815082,68.161
uniform_K4,27,10,9,19.722423722678286,67.589
uniform_K4,28,10,0,41460.8061075843,110.936
uniform_K4,28,10,1,16965.26176664413,111.187
uniform_K4,28,10,10,21956.292753173424,111.104
uniform_K4,28,10,11,5386.529094587899,112.2
uniform_K4,28,10,12,50332.427338321,110.973
uniform_K4,28,10,13,17136.02008626114,112.911
uniform_K4,28,10,14,3240.111709211098,111.462
uniform_K4,28,10,15,2903.604796808043,111.418
uniform_K4,28,10,16,16551.760202161357,112.603
uniform_K4,28,10,17,8276.056075778455,111.203
uniform_K4,28,10,18,13907.36399445841,111.076
uniform_K4,28,10,19,11703.790934500486,110.842
uniform_K4,28,10,2,11636.91428926816,111.4
uniform_K4,28,10,20,1513.4956578317942,111.046
uniform_K4,28,10,21,1447.760834367291,110.809
uniform_K4,28,10,22,17310.703707202993,110.921
uniform_K4,28,10,23,3965.169625285761,110.635
uniform_K4,28,10,24,15999.562715313015,114.241
uniform_K4,28,10,25,74840.98369444278,111.766
uniform_K4,28,10,26,10528.031579584986,112.453
uniform_K4,28,10,27,1682.1506242328796,111.095
uniform_K4,28,10,28,3128.1748721757394,111.295
uniform_K4,28,10,29,5998.472320940775,110.917
uniform_K4,28,10,3,13164.913143202119,111.263
uniform_K4,28,10,4,10974.002142784142,111.386
uniform_K4,28,10,5,1646.2781702301354,111.14
uniform_K4,28,10,6,14213.179875102811,111.384
uniform_K4,28,10,7,15812.221351027249,112.382
uniform_K4,28,10,8,22498.86738699677,112.437
uniform_K4,28,10,9,27300.50214700791,112.339
uniform_K4,29,10,0,110000.79565021563,74.286
uniform_K4,29,10,1,47710.93334373857,74.132
uniform_K4,29,10,10,141460.87830337542,74.269
uniform_K4,29,10,11,22463.96400026598,74.377
uniform_K4,29,10,12,29869.724301574344,73.573
uniform_K4,29,10,13,53144.02580930916,73.746
uniform_K4,29,10,14,128584.05253651968,73.98
uniform_K4,29,10,15,225549.23312755892,73.916
uniform_K4,29,10,16,69868.81072528729,73.817
uniform_K4,29,10,17,41804636.73396914,73.704
uniform_K4,29,10,18,37677.44009334485,73.611
uniform_K4,29,10,19,30779.44366212553,73.544
uniform_K4,29,10,2,52253.147214737975,74.357
uniform_K4,29,10,20,6706.309607329247,73.746
uniform_K4,29,10,21,85576.19048370724,73.689
uniform_K4,29,10,22,104169.62550729996,73.666
uniform_K4,29,10,23,159472.53699816403,73.568
uniform_K4,29,10,24,27780.148097625177,74.599
uniform_K4,29,10,25,105504.23372245386,73.832
uniform_K4,29,10,26,61467.55272753271,74.355
uniform_K4,29,10,27,40535.121022449,73.711
uniform_K4,29,10,28,18854.062765522445,73.936
uniform_K4,29,10,29,60068.54859217586,73.558
uniform_K4,29,10,3,62744.89632489208,74.042
uniform_K4,29,10,4,20731.288736865074,74.149
uniform_K4,29,10,5,8429.008797646893,73.902
uniform_K4,29,10,6,11463.593804260461,73.833
uniform_K4,29,10,7,2261.6983040990726,74.102
uniform_K4,29,10,8,43321.1999669886,74.497
uniform_K4,29,10,9,17426.49647854883,74.34
uniform_K4,3,10,0,67.12123250658863,6.649
uniform_K4,3,10,1,4.070569770780878,6.381
uniform_K4,3,10,10,3.9929657002779777,6.39
uniform_K4,3,10,11,4.165665302681759,6.359
uniform_K4,3,10,12,8.498430510611342,6.354
uniform_K4,3,10,13,0.08241842066911431,6.404
uniform_K4,3,10,14,0.042401663099099096,6.435
uniform_K4,3,10,15,66.54832596914889,6.429
uniform_K4,3,10,16,65.54750653039878,6.367
uniform_K4,3,10,17,3.9921172332128663,6.353
uniform_K4,3,10,18,3.9943963873119515,6.34
uniform_K4,3,10,19,6.060186185415262,6.385
uniform_K4,3,10,2,0.01713808813576634,6.42
uniform_K4,3,10,20,66.39079279342053,6.394
uniform_K4,3,10,21,66.84764888129683,6.423
uniform_K4,3,10,22,4.101583079308853,6.392
uniform_K4,3,10,23,0.00028760128680005437,6.357
uniform_K4,3,10,24,3.9877078710226783,6.343
uniform_K4,3,10,25,66.69797425845684,6.37
uniform_K4,3,10,26,4.064047796475904,6.388
uniform_K4,3,10,27,66.4461070624759,6.419
uniform_K4,3,10,28,66.41998568460838,6.42
uniform_K4,3,10,29,3.5175096825752235,6.38
uniform_K4,3,10,3,66.11931459731329,6.366
uniform_K4,3,10,4,4.019515668132669,6.383
uniform_K4,3,10,5,63.727100672157974,6.349
uniform_K4,3,10,6,8.844467442675409,6.415
uniform_K4,3,10,7,3.9893366679255564,6.388
uniform_K4,3,10,8,0.029853920030859626,6.369
uniform_K4,3,10,9,67.67037950956404,6.387
uniform_K4,4,10,0,78.6036929068776,5.574
uniform_K4,4,10,1,106.45987040982345,5.317
uniform_K4,4,10,10,57.7078232650768,5.354
uniform_K4,4,10,11,93.52550924012706,5.326
uniform_K4,4,10,12,89.5462628092119,5.332
uniform_K4,4,10,13,85.5668733820861,5.346
uniform_K4,4,10,14,101.48523986806708,5.353
uniform_K4,4,10,15,68.65361087956262,5.345
uniform_K4,4,10,16,53.72818863680715,5.327
uniform_K4,4,10,17,56.71328862580526,5.33
uniform_K4,4,10,18,89.54615838825578,5.359
uniform_K4,4,10,19,90.54133428262173,5.377
uniform_K4,4,10,2,62.684628818471424,5.383
uniform_K4,4,10,20,49.749112336285066,5.388
uniform_K4,4,10,21,40.79411161413964,5.343
uniform_K4,4,10,22,57.70985125866804,5.372
uniform_K4,4,10,23,49.74898010741572,5.313
uniform_K4,4,10,24,80.59204073594742,5.348
uniform_K4,4,10,25,28.853962355167084,5.298
uniform_K4,4,10,26,102.48205025098093,5.338
uniform_K4,4,10,27,60.693514880057705,5.368
uniform_K4,4,10,28,76.6130569994126,5.365
uniform_K4,4,10,29,67.65750237938732,5.332
uniform_K4,4,10,3,62.68417107353628,5.353
uniform_K4,4,10,4,77.60710859370346,5.305
uniform_K4,4,10,5,58.703342305138335,5.333
uniform_K4,4,10,6,114.42137068610725,5.336
uniform_K4,4,10,7,67.65743756266374,5.33
uniform_K4,4,10,8,114.42086352966021,5.354
uniform_K4,4,10,9,91.53623942046875,5.338
uniform_K4,5,10,0,2.230462371244357e-06,9.78
uniform_K4,5,10,1,8.483915405577136e-05,8.951
uniform_K4,5,10,10,1.2094119483663235e-07,9.006
uniform_K4,5,10,11,1.2852883173763985e-05,8.753
uniform_K4,5,10,12,5.045114954782548e-05,8.757
uniform_K4,5,10,13,5.609033678410924e-06,8.712
uniform_K4,5,10,14,2.089370809699176e-08,8.718
uniform_K4,5,10,15,3.3486257393633423e-06,8.767
uniform_K4,5,10,16,6.934793356094815e-05,8.725
uniform_K4,5,10,17,0.0003139113624683887,8.753
uniform_K4,5,10,18,2.5211700744875998e-06,8.811
uniform_K4,5,10,19,2.964474617783708e-06,8.714
uniform_K4,5,10,2,1.2736961707560113e-08,9.024
uniform_K4,5,10,20,6.138736807770329e-08,8.783
uniform_K4,5,10,21,1.4706632214256388e-06,8.847
uniform_K4,5,10,22,0.0014482264604680495,8.718
uniform_K4,5,10,23,3.222232578536932e-06,8.822
uniform_K4,5,10,24,2.567614785675687e-06,8.844
uniform_K4,5,10,25,7.648913538105262e-07,8.986
uniform_K4,5,10,26,5.582290879146967e-05,8.918
uniform_K4,5,10,27,1.2964075438048894e-05,8.855
uniform_K4,5,10,28,2.3272981479749433e-06,8.941
uniform_K4,5,10,29,0.00023202940411692907,8.726
uniform_K4,5,10,3,1.7531755815980432e-06,8.781
uniform_K4,5,10,4,3.606730217597942e-06,8.785
uniform_K4,5,10,5,0.00021820686089313313,8.747
uniform_K4,5,10,6,8.166637144313427e-09,9.083
uniform_K4,5,10,7,3.105505470557546e-07,8.825
uniform_K4,5,10,8,8.566371434426401e-08,8.776
uniform_K4,5,10,9,1.0820656370924553e-07,8.84
uniform_K4,6,10,0,37.5614105074352,9.023
uniform_K4,6,10,1,72.36993121428418,8.916
uniform_K4,6,10,10,43.45403002384569,8.938
uniform_K4,6,10,11,61.14823981210964,8.881
uniform_K4,6,10,12,40.9456642869618,10.01
uniform_K4,6,10,13,41.40450140440453,9.989
uniform_K4,6,10,14,86.57960428530976,10.011
uniform_K4,6,10,15,76.59586459722925,8.885
uniform_K4,6,10,16,31.369983622792915,8.971
uniform_K4,6,10,17,74.56207756122387,8.89
uniform_K4,6,10,18,58.35367082434493,8.987
uniform_K4,6,10,19,40.88154441415418,9.24
uniform_K4,6,10,2,20.778555549609678,8.953
uniform_K4,6,10,20,42.84510320830418,9.178
uniform_K4,6,10,21,31.875251347919175,9.118
uniform_K4,6,10,22,30.92270700704296,10.094
uniform_K4,6,10,23,34.38205750447787,9.124
uniform_K4,6,10,24,59.21939097882955,8.973
uniform_K4,6,10,25,81.83793845034643,9.016
uniform_K4,6,10,26,29.879334262574503,8.998
uniform_K4,6,10,27,15.008376573440273,8.902
uniform_K4,6,10,28,54.38750652851786,9.063
uniform_K4,6,10,29,24.947017343018842,8.894
uniform_K4,6,10,3,39.82102143712848,9.079
uniform_K4,6,10,4,55.753447583070056,8.924
uniform_K4,6,10,5,47.559984542046095,9.162
uniform_K4,6,10,6,93.44605311728196,9.066
uniform_K4,6,10,7,50.85791039973526,9.006
uniform_K4,6,10,8,17.78695163945497,9.026
uniform_K4,6,10,9,35.303973170977315,8.877
uniform_K4,7,10,0,74.00000000046248,16.893
uniform_K4,7,10,1,58.000000000000114,16.948
uniform_K4,7,10,10,44.00000000079342,16.933
uniform_K4,7,10,11,52.00000000250952,18.224
uniform_K4,7,10,12,46.0,16.835
uniform_K4,7,10,13,60.00000000011403,17.896
uniform_K4,7,10,14,56.0,17.915
uniform_K4,7,10,15,68.00000002431318,16.964
uniform_K4,7,10,16,40.00000000206876,17.969
uniform_K4,7,10,17,66.0,16.795
uniform_K4,7,10,18,82.0000000029986,16.916
uniform_K4,7,10,19,40.00000000047919,16.885
uniform_K4,7,10,2,64.00000001732337,16.957
uniform_K4,7,10,20,42.0,16.891
uniform_K4,7,10,21,48.000000001554554,16.984
uniform_K4,7,10,22,56.00000000604382,16.904
uniform_K4,7,10,23,82.00000000004752,16.942
uniform_K4,7,10,24,58.00000000000023,16.882
uniform_K4,7,10,25,48.0,16.776
uniform_K4,7,10,26,66.00000000288458,16.874
uniform_K4,7,10,27,60.00000000275759,17.95
uniform_K4,7,10,28,60.000000000000114,16.861
uniform_K4,7,10,29,26.000000009689757,17.926
uniform_K4,7,10,3,42.000000000000114,16.95
uniform_K4,7,10,4,64.0,16.819
uniform_K4,7,10,5,58.0,16.878
uniform_K4,7,10,6,56.000000000004434,16.832
uniform_K4,7,10,7,96.00000000095679,16.95
uniform_K4,7,10,8,42.0,17.006
uniform_K4,7,10,9,56.00000000130274,18.229
uniform_K4,8,10,0,1.8868700964982281,8.835
uniform_K4,8,10,1,0.6333837728486742,8.826
uniform_K4,8,10,10,1.7938355129390402,8.852
uniform_K4,8,10,11,3.432143547237615,8.878
uniform_K4,8,10,12,0.5440518273003363,8.818
uniform_K4,8,10,13,1.793869688506902,8.834
uniform_K4,8,10,14,1.2499855324870168,8.84
uniform_K4,8,10,15,0.6333821212857629,8.865
uniform_K4,8,10,16,0.6333808605787681,8.815
uniform_K4,8,10,17,0.9992101321751079,8.85
uniform_K4,8,10,18,1.883362078695427,8.821
uniform_K4,8,10,19,0.543857517369247,8.873
uniform_K4,8,10,2,0.17905661691440855,8.818
uniform_K4,8,10,20,2.4273022208845987,8.878
uniform_K4,8,10,21,0.5438602799858927,8.862
uniform_K4,8,10,22,1.1810884410944027,8.842
uniform_K4,8,10,23,0.9019706993378804,8.84
uniform_K4,8,10,24,1.3395134599811627,8.866
uniform_K4,8,10,25,0.5438522864692459,8.867
uniform_K4,8,10,26,1.429082213453512,8.842
uniform_K4,8,10,27,1.8842079426641476,8.856
uniform_K4,8,10,28,1.5609045944239597,8.881
uniform_K4,8,10,29,2.5167455767284537,8.811
uniform_K4,8,10,3,1.4290909883286531,8.861
uniform_K4,8,10,4,2.248801334070663,8.845
uniform_K4,8,10,5,1.5185669194970615,8.872
uniform_K4,8,10,6,0.358113322697136,8.821
uniform_K4,8,10,7,2.427451669854804,8.804
uniform_K4,8,10,8,0.08952873161331354,8.816
uniform_K4,8,10,9,2.337824371947818,8.881
uniform_K4,9,10,0,955.1705041141045,13.422
uniform_K4,9,10,1,639.0589255060718,14.439
uniform_K4,9,10,10,1106.3338162884493,14.097
uniform_K4,9,10,11,1176.2983543515484,13.359
uniform_K4,9,10,12,880.4955123960881,13.36
uniform_K4,9,10,13,1089.6255338751203,13.381
uniform_K4,9,10,14,676.9026987713705,14.432
uniform_K4,9,10,15,875.549165586101,13.282
uniform_K4,9,10,16,1267.3051510041605,13.359
uniform_K4,9,10,17,658.373897812462,13.335
uniform_K4,9,10,18,1009.7188620147945,13.424
uniform_K4,9,10,19,1008.7087106159984,13.349
uniform_K4,9,10,2,1125.2880750806116,14.463
uniform_K4,9,10,20,790.783955133701,13.347
uniform_K4,9,10,21,853.1790416836625,13.309
uniform_K4,9,10,22,1028.4345795903369,13.333
uniform_K4,9,10,23,577.8524841197323,13.298
uniform_K4,9,10,24,521.015996034997,13.405
uniform_K4,9,10,25,1168.2991025382717,13.456
uniform_K4,9,10,26,1297.7888124637207,14.032
uniform_K4,9,10,27,635.0997813569875,13.3
uniform_K4,9,10,28,570.0534965723878,13.323
uniform_K4,9,10,29,336.2803462749239,14.409
uniform_K4,9,10,3,639.329429258848,13.307
uniform_K4,9,10,4,1212.8896035506737,13.351
uniform_K4,9,10,5,1130.4370622187075,13.293
uniform_K4,9,10,6,738.9704832676039,13.374
uniform_K4,9,10,7,1194.2538975253578,14.448
uniform_K4,9,10,8,1012.9384476032023,13.343
uniform_K4,9,10,9,916.1626774326915,14.468
