variant,fid,dim,seed,error,seconds
ads,10,30,0,54632.55079844722,16.163
ads,10,30,1,65076.80046362059,16.011
ads,10,30,10,46906.986843332736,16.813
ads,10,30,11,39864.00864459634,15.491
ads,10,30,12,40370.34990179905,16.379
ads,10,30,13,71773.91036419831,24.42
ads,10,30,14,73080.61582662462,15.489
ads,10,30,15,62448.91072390764,29.265
ads,10,30,16,60728.02140065725,17.071
ads,10,30,17,46580.062727985074,15.938
ads,10,30,18,49808.65348084572,16.029
ads,10,30,19,52098.143725964415,39.186
ads,10,30,2,42735.44712925672,13.775
ads,10,30,20,47873.126925835706,15.954
ads,10,30,21,46170.40821430544,39.046
ads,10,30,22,57910.07433926893,17.184
ads,10,30,23,44932.13459446998,16.363
ads,10,30,24,56937.89197621467,16.091
ads,10,30,25,66176.75095528716,38.967
ads,10,30,26,65074.977596056924,16.574
ads,10,30,27,40260.06481307684,39.095
ads,10,30,28,45212.045823104854,17.058
ads,10,30,29,50105.031889759004,16.432
ads,10,30,3,49217.27343168776,16.185
ads,10,30,4,53588.310343448014,16.677
ads,10,30,5,35806.24190495237,15.135
ads,10,30,6,44201.57243988885,16.333
ads,10,30,7,68861.10652944114,16.187
ads,10,30,8,51793.01793123857,15.059
ads,10,30,9,79321.28103240713,16.06
ads,11,30,0,701353.381061775,28.468
ads,11,30,1,1963915.3881468077,59.026
ads,11,30,10,4985823.841917618,22.121
ads,11,30,11,8690625.22891999,25.044
ads,11,30,12,11050577.268394906,55.741
ads,11,30,13,2235891.7808162547,20.735
ads,11,30,14,4729936.374914329,27.703
ads,11,30,15,2733637.7100572977,19.801
ads,11,30,16,4463709.686772517,22.078
ads,11,30,17,7108553.155107057,53.515
ads,11,30,18,891388.4335945221,58.877
ads,11,30,19,23297502.34473865,26.803
ads,11,30,2,1360316.1810238592,25.469
ads,11,30,20,2540728.317262545,55.635
ads,11,30,21,6788852.40506385,25.887
ads,11,30,22,2820043.7662603124,23.451
ads,11,30,23,5100979.726093319,55.19
ads,11,30,24,7309307.090934983,19.415
ads,11,30,25,2630232.020044367,44.462
ads,11,30,26,4384018.183714717,55.265
ads,11,30,27,2618253.9032121217,43.932
ads,11,30,28,11263069.158621093,51.16
ads,11,30,29,4723771.351008482,57.352
ads,11,30,3,12207406.867133807,58.901
ads,11,30,4,12544478.207233898,25.492
ads,11,30,5,2301758.432167745,26.21
ads,11,30,6,10441018.813658232,55.785
ads,11,30,7,8736403.576010173,35.845
ads,11,30,8,3178868.8549180836,25.312
ads,11,30,9,9849184.206214726,29.077
ads,12,30,0,113940.7262622173,14.383
ads,12,30,1,121548.41146765112,43.787
ads,12,30,10,136782.18684578888,46.772
ads,12,30,11,104148.43544746265,13.84
ads,12,30,12,110606.56560489806,20.534
ads,12,30,13,110439.17472068002,44.335
ads,12,30,14,94255.33388695528,14.051
ads,12,30,15,120550.48393758778,44.45
ads,12,30,16,98316.37611366459,46.718
ads,12,30,17,99584.81831491842,14.983
ads,12,30,18,102122.7295791024,44.259
ads,12,30,19,100508.97785614539,43.887
ads,12,30,2,113354.89855497485,44.212
ads,12,30,20,113698.47626504433,14.884
ads,12,30,21,104367.92269474437,44.249
ads,12,30,22,113127.25850904697,46.882
ads,12,30,23,171366.17069550103,20.023
ads,12,30,24,113805.3842463893,44.248
ads,12,30,25,133797.4493377458,44.209
ads,12,30,26,127694.79605388605,20.256
ads,12,30,27,97481.77911437927,44.41
ads,12,30,28,107323.56864354268,46.883
ads,12,30,29,496869.92639034474,30.031
ads,12,30,3,120643.79961160074,44.2
ads,12,30,4,128455.6186454572,46.891
ads,12,30,5,112936.3697010311,23.522
ads,12,30,6,131481.18905576091,20.492
ads,12,30,7,130269.25300841767,44.353
ads,12,30,8,143352.7994082161,24.807
ads,12,30,9,72959.99373271929,44.499
ads,13,30,0,107896.48565333875,52.486
ads,13,30,1,99441.34428239231,37.911
ads,13,30,10,132123.70703198964,54.604
ads,13,30,11,163689.49206930934,52.265
ads,13,30,12,114041.3299889778,52.308
ads,13,30,13,110429.42004747015,17.39
ads,13,30,14,110444.1263506153,52.473
ads,13,30,15,122610.67911872632,17.251
ads,13,30,16,119856.74878471781,54.451
ads,13,30,17,148442.45364325098,52.545
ads,13,30,18,88289.6918726257,41.019
ads,13,30,19,90446.88213707815,17.706
ads,13,30,2,100715.35382924182,38.85
ads,13,30,20,128839.94149029866,52.21
ads,13,30,21,93498.26820747205,17.748
ads,13,30,22,79662.33882191332,54.622
ads,13,30,23,85889.32763927506,52.007
ads,13,30,24,75059.80571419065,17.516
ads,13,30,25,92090.50096288993,17.931
ads,13,30,26,115115.32324031135,51.953
ads,13,30,27,78294.41894437552,18.006
ads,13,30,28,171423.72738901878,54.791
ads,13,30,29,88291.28786800496,52.144
ads,13,30,3,81272.83144901527,37.331
ads,13,30,4,128691.84348499958,54.662
ads,13,30,5,113814.23517400367,51.77
ads,13,30,6,116013.02620610756,52.594
ads,13,30,7,104175.31158070403,17.597
ads,13,30,8,110876.84414684188,51.941
ads,13,30,9,153426.05052878003,17.513
ads,14,30,0,68651.29607880834,14.55
ads,14,30,1,59284.32788897844,15.748
ads,14,30,10,73079.60978334874,47.732
ads,14,30,11,70880.96025145885,14.699
ads,14,30,12,58416.163272817634,15.198
ads,14,30,13,59966.046921663445,17.545
ads,14,30,14,80150.56068187661,14.992
ads,14,30,15,72821.33481912847,17.868
ads,14,30,16,67066.7729281709,47.731
ads,14,30,17,77404.91824824631,14.494
ads,14,30,18,60224.867245815614,15.142
ads,14,30,19,79398.65499130459,16.594
ads,14,30,2,63926.88152657078,45.026
ads,14,30,20,64346.99615431011,14.529
ads,14,30,21,65709.64145119683,16.373
ads,14,30,22,69787.73802152813,48.138
ads,14,30,23,64334.761073424306,15.012
ads,14,30,24,78342.3814625402,15.802
ads,14,30,25,77967.78657579924,17.205
ads,14,30,26,64411.7650539795,15.003
ads,14,30,27,75623.19027197252,17.063
ads,14,30,28,64339.41161118688,47.918
ads,14,30,29,56738.236027150575,14.982
ads,14,30,3,67980.93848051908,15.497
ads,14,30,4,79763.91162171474,48.027
ads,14,30,5,63458.25062706301,18.224
ads,14,30,6,72554.72032802881,14.834
ads,14,30,7,77354.92905317486,16.605
ads,14,30,8,71176.86093164835,17.265
ads,14,30,9,61170.319494688294,16.725
ads,15,30,0,5745.846623728752,45.619
ads,15,30,1,4263.569123574467,51.625
ads,15,30,10,5847.891659387979,128.934
ads,15,30,11,13340.265426073116,45.201
ads,15,30,12,2867.7160156822038,55.218
ads,15,30,13,6034.549145522606,53.22
ads,15,30,14,2661.6665058624403,48.519
ads,15,30,15,4031.2381480342283,55.002
ads,15,30,16,3179.99749238197,129.287
ads,15,30,17,5033.617724802691,51.699
ads,15,30,18,4842.807171452232,51.908
ads,15,30,19,9132.27909586465,97.505
ads,15,30,2,5402.415797154482,40.686
ads,15,30,20,4592.847929743642,55.141
ads,15,30,21,7287.218614181929,97.374
ads,15,30,22,5109.797474052466,128.779
ads,15,30,23,9147.766933544797,53.952
ads,15,30,24,4272.911471661364,69.318
ads,15,30,25,4533.1045297608325,120.175
ads,15,30,26,5009.038466066672,51.559
ads,15,30,27,4350.507016758323,120.449
ads,15,30,28,4855.532826237382,128.512
ads,15,30,29,6080.457484930537,54.412
ads,15,30,3,10340.734787657624,51.996
ads,15,30,4,3768.326162639687,127.992
ads,15,30,5,7624.204420846878,44.505
ads,15,30,6,9663.72374095233,48.896
ads,15,30,7,6550.84475087733,54.764
ads,15,30,8,6982.312163503246,45.686
ads,15,30,9,5195.507409206788,54.292
ads,16,30,0,1323.5248027185007,301.295
ads,16,30,1,1000.8211510471201,204.094
ads,16,30,10,886.62671123462,329.88
ads,16,30,11,2331.0496778602546,175.452
ads,16,30,12,1288.2514470755718,218.071
ads,16,30,13,1658.7937820639663,329.519
ads,16,30,14,1286.6464255443416,164.252
ads,16,30,15,1838.2438888450974,328.46
ads,16,30,16,1666.275835722142,425.037
ads,16,30,17,2682.3968968399668,176.832
ads,16,30,18,2014.7196364666815,435.748
ads,16,30,19,1708.222811738533,433.897
ads,16,30,2,1692.4103060184634,322.715
ads,16,30,20,1751.7041913257917,410.292
ads,16,30,21,1040.6773346179116,432.804
ads,16,30,22,1318.8173402123311,401.219
ads,16,30,23,1682.8729212029693,431.187
ads,16,30,24,1033.4572323019502,431.218
ads,16,30,25,1488.096302813044,439.767
ads,16,30,26,2677.869006928381,434.53
ads,16,30,27,1627.8206369447626,438.495
ads,16,30,28,1981.7102985229403,218.006
ads,16,30,29,2188.0859579192643,436.097
ads,16,30,3,1401.9676457272208,201.922
ads,16,30,4,1404.8478538849367,418.233
ads,16,30,5,1868.197895618619,321.632
ads,16,30,6,2472.662880536039,175.734
ads,16,30,7,2697.517792576662,173.654
ads,16,30,8,3189.6562843247157,174.681
ads,16,30,9,2884.613668910175,174.052
ads,17,30,0,145028.12916899644,57.141
ads,17,30,1,357586.9676978737,57.112
ads,17,30,10,210135.9255961894,57.474
ads,17,30,11,187483.18683595315,56.709
ads,17,30,12,375826.8093330202,56.617
ads,17,30,13,133865.79685519097,57.138
ads,17,30,14,157675.13613368117,56.889
ads,17,30,15,138058.58510105274,56.59
ads,17,30,16,1154839.7672451315,59.861
ads,17,30,17,206649.23260413474,56.473
ads,17,30,18,73541.0280477163,56.931
ads,17,30,19,115526.92072151891,56.953
ads,17,30,2,250193.0633842182,56.13
ads,17,30,20,128889.00903429723,56.433
ads,17,30,21,719533.2815755287,56.554
ads,17,30,22,404304.9496233402,59.996
ads,17,30,23,207806.90503230243,56.222
ads,17,30,24,114420.96382028484,56.723
ads,17,30,25,459158.966843016,57.008
ads,17,30,26,478013.3973972911,56.46
ads,17,30,27,246341.2978977148,56.327
ads,17,30,28,425183.1187737689,59.903
ads,17,30,29,180506.83789046496,56.301
ads,17,30,3,533011.2817930147,56.872
ads,17,30,4,87055.90659261066,26.93
ads,17,30,5,111941.2419078074,56.793
ads,17,30,6,186267.88677555462,56.755
ads,17,30,7,177373.39402022454,57.07
ads,17,30,8,651075.2208728149,56.337
ads,17,30,9,522548.501423905,56.768
ads,18,30,0,56253.3961497372,215.85
ads,18,30,1,54959.96134487392,193.687
ads,18,30,10,42607.08703182969,223.238
ads,18,30,11,34734.217103992894,196.228
ads,18,30,12,43223.562293680734,211.371
ads,18,30,13,33852.34723912269,210.888
ads,18,30,14,68626.94710651542,208.583
ads,18,30,15,67767.50008417961,211.205
ads,18,30,16,22766.754485174566,224.02
ads,18,30,17,30331.24253360114,210.26
ads,18,30,18,46199.056114976614,209.004
ads,18,30,19,61646.855778726545,106.444
ads,18,30,2,99774.95006777433,214.609
ads,18,30,20,103178.52232612607,211.311
ads,18,30,21,19453.09527062856,106.621
ads,18,30,22,26293.645165028458,225.122
ads,18,30,23,93024.21464360326,209.419
ads,18,30,24,96792.85300350477,110.941
ads,18,30,25,75639.51635157454,210.979
ads,18,30,26,42163.75393831862,155.767
ads,18,30,27,41027.12280764007,211.365
ads,18,30,28,36677.42559490893,224.652
ads,18,30,29,63023.05823032009,117.497
ads,18,30,3,79977.78054957424,195.258
ads,18,30,4,89747.66468366011,223.519
ads,18,30,5,69981.87397636229,214.541
ads,18,30,6,64845.51007645995,195.407
ads,18,30,7,38490.528183828035,210.715
ads,18,30,8,31806.53340151687,197.623
ads,18,30,9,32952.33932169181,211.472
ads,19,30,0,1983.6022046581575,431.843
ads,19,30,1,2339.903146232926,432.308
ads,19,30,10,2867.24166818297,444.495
ads,19,30,11,2010.5527647062622,429.65
ads,19,30,12,2087.35485054535,213.259
ads,19,30,13,2445.925636467713,270.065
ads,19,30,14,2289.5645673406098,260.113
ads,19,30,15,1214.2830140952628,267.54
ads,19,30,16,2403.390374689572,450.447
ads,19,30,17,2273.6326022911635,233.441
ads,19,30,18,1281.904382584492,411.276
ads,19,30,19,2734.6029234307643,443.526
ads,19,30,2,1816.7248354088201,385.175
ads,19,30,20,2140.634034071692,336.914
ads,19,30,21,1429.7424293865051,444.497
ads,19,30,22,2324.9572343480086,448.385
ads,19,30,23,2324.535279656715,365.377
ads,19,30,24,2447.231756867738,440.973
ads,19,30,25,2515.597894115069,446.459
ads,19,30,26,2770.988911195479,440.441
ads,19,30,27,2079.77408926097,443.726
ads,19,30,28,1964.5181431553592,449.086
ads,19,30,29,2317.0330976051064,438.301
ads,19,30,3,2779.53467602164,432.087
ads,19,30,4,1763.7860764972206,447.248
ads,19,30,5,2190.618526832282,420.889
ads,19,30,6,2607.036104818433,403.038
ads,19,30,7,1984.1730277803053,322.955
ads,19,30,8,1957.6343307965876,430.054
ads,19,30,9,2500.9761076850946,325.244
ads,1,30,0,461.736934766873,16.107
ads,1,30,1,359.03244531641246,16.21
ads,1,30,10,1214.5550995600936,6.239
ads,1,30,11,4762.009358595613,15.892
ads,1,30,12,664.2392130549331,16.054
ads,1,30,13,5964.363332849893,15.742
ads,1,30,14,1107.6972402319,16.589
ads,1,30,15,1061.1894447566008,16.084
ads,1,30,16,8485.184195435293,5.71
ads,1,30,17,369.5102568591909,16.046
ads,1,30,18,1548.6103116547054,16.401
ads,1,30,19,611.0702462291569,15.345
ads,1,30,2,3051.7306147100044,16.316
ads,1,30,20,335.84367655944993,16.084
ads,1,30,21,324.85150252979855,16.458
ads,1,30,22,1190.8872668344666,6.013
ads,1,30,23,163.55551550652422,15.538
ads,1,30,24,2245.999639127165,15.692
ads,1,30,25,1701.9553670309713,16.296
ads,1,30,26,1789.6076016143584,15.819
ads,1,30,27,118.87242375195802,15.591
ads,1,30,28,1648.1113102687614,6.101
ads,1,30,29,3380.315145659073,15.539
ads,1,30,3,3310.280944803302,16.632
ads,1,30,4,2312.685215341364,5.861
ads,1,30,5,2814.9985387288725,15.824
ads,1,30,6,1263.2342775681964,15.482
ads,1,30,7,3169.238100350446,16.37
ads,1,30,8,2909.8860630298554,15.945
ads,1,30,9,2599.643713163336,15.952
ads,20,30,0,100.34175966868497,69.606
ads,20,30,1,642.5674695843213,69.304
ads,20,30,10,1296.1470471839953,71.63
ads,20,30,11,100.358279880802,69.415
ads,20,30,12,100.6066898187637,69.901
ads,20,30,13,100.29366404572693,69.371
ads,20,30,14,615.5445262776916,68.97
ads,20,30,15,100.3418182655796,69.554
ads,20,30,16,726.4058730073516,71.256
ads,20,30,17,100.33320513336912,69.364
ads,20,30,18,100.61011390263002,70.079
ads,20,30,19,791.484523936108,68.57
ads,20,30,2,758.9135699356061,69.776
ads,20,30,20,100.56764581669086,70.076
ads,20,30,21,668.0138849864388,69.165
ads,20,30,22,781.8344812937321,71.096
ads,20,30,23,950.9438981688845,68.262
ads,20,30,24,723.0181671738228,70.235
ads,20,30,25,679.8318744816643,70.319
ads,20,30,26,100.65375546913447,69.689
ads,20,30,27,698.2938451445411,69.506
ads,20,30,28,1020.3511680845982,70.595
ads,20,30,29,100.41660398617478,69.721
ads,20,30,3,100.35289112189321,70.273
ads,20,30,4,100.39098854864005,71.558
ads,20,30,5,820.6662680797581,69.03
ads,20,30,6,789.7530802851056,69.211
ads,20,30,7,879.105983916344,69.681
ads,20,30,8,629.2261285392551,69.832
ads,20,30,9,100.45991821208872,69.322
ads,21,30,0,2547.2190367056846,89.118
ads,21,30,1,2054.596154653722,88.501
ads,21,30,10,1638.6034714017287,94.597
ads,21,30,11,1219.3078698140125,90.89
ads,21,30,12,1848.3775868598896,89.382
ads,21,30,13,2423.6143476603684,92.864
ads,21,30,14,2154.322873842807,92.13
ads,21,30,15,2280.154209434544,91.422
ads,21,30,16,1986.0762554241524,93.951
ads,21,30,17,1870.6250708853063,91.716
ads,21,30,18,2843.2571932484097,88.829
ads,21,30,19,2371.7148789557777,91.276
ads,21,30,2,1914.6688376606953,92.647
ads,21,30,20,1299.546628256397,91.353
ads,21,30,21,1177.367874074866,91.365
ads,21,30,22,3287.117907695927,93.475
ads,21,30,23,2356.808195185913,88.559
ads,21,30,24,1882.7183614570595,90.908
ads,21,30,25,1993.8827722418541,90.936
ads,21,30,26,2255.1908985281098,90.548
ads,21,30,27,2632.2060142743157,89.069
ads,21,30,28,2393.4669396795125,94.281
ads,21,30,29,1772.238087803857,88.971
ads,21,30,3,2726.2573676521406,90.357
ads,21,30,4,1719.3340753949337,92.976
ads,21,30,5,2336.7903573402655,90.374
ads,21,30,6,1773.555750331886,92.23
ads,21,30,7,2766.411164094575,90.952
ads,21,30,8,2500.6866913904187,88.851
ads,21,30,9,2706.2554497211777,88.78
ads,22,30,0,1136.4086686242322,108.593
ads,22,30,1,201.22550691326023,107.442
ads,22,30,10,1012.8446132510053,111.805
ads,22,30,11,201.63652984871305,106.282
ads,22,30,12,201.10079786525102,106.226
ads,22,30,13,201.70540918023562,106.693
ads,22,30,14,201.5859660062306,106.476
ads,22,30,15,201.6129717506069,106.662
ads,22,30,16,202.61151519731357,109.688
ads,22,30,17,202.19601747859588,106.632
ads,22,30,18,201.45984514450038,106.466
ads,22,30,19,201.70670909441742,107.193
ads,22,30,2,202.0891984204327,105.892
ads,22,30,20,202.1915462266129,105.728
ads,22,30,21,835.5028366063048,109.128
ads,22,30,22,707.5841446384343,112.191
ads,22,30,23,201.36979569573532,106.017
ads,22,30,24,201.55872505881598,106.589
ads,22,30,25,201.62481268513375,106.897
ads,22,30,26,988.9898896837544,108.791
ads,22,30,27,1183.7760921756462,109.886
ads,22,30,28,201.68159449454743,109.706
ads,22,30,29,200.83082195974612,105.585
ads,22,30,3,789.0052264226524,108.808
ads,22,30,4,202.25204424367348,109.611
ads,22,30,5,201.3312056830946,106.546
ads,22,30,6,886.4614458747151,109.463
ads,22,30,7,201.87206215727838,107.061
ads,22,30,8,201.55048291156072,105.634
ads,22,30,9,201.83169839627544,106.313
ads,23,30,0,201.33503073735483,85.029
ads,23,30,1,201.12985989125673,85.356
ads,23,30,10,201.11204017395085,87.761
ads,23,30,11,201.04009296778986,84.564
ads,23,30,12,992.7442260129865,85.194
ads,23,30,13,201.32903495746768,85.482
ads,23,30,14,201.2025136447901,84.59
ads,23,30,15,950.5106068815462,85.471
ads,23,30,16,201.19792692069905,88.703
ads,23,30,17,200.95041600830882,84.569
ads,23,30,18,201.3653211042797,85.235
ads,23,30,19,200.96280405485004,85.173
ads,23,30,2,201.51611358500486,84.664
ads,23,30,20,201.7729260150454,85.257
ads,23,30,21,200.9966533873694,85.321
ads,23,30,22,201.01541294699473,87.851
ads,23,30,23,200.6475378614873,85.169
ads,23,30,24,200.7769171351979,85.18
ads,23,30,25,201.15324454539723,85.405
ads,23,30,26,201.26049519654407,85.075
ads,23,30,27,201.02899998156136,85.344
ads,23,30,28,201.08519961894262,88.356
ads,23,30,29,730.4911790663768,85.203
ads,23,30,3,201.0963234780229,84.991
ads,23,30,4,201.1222134103009,87.95
ads,23,30,5,201.15921241967362,84.574
ads,23,30,6,200.9518079074428,84.952
ads,23,30,7,200.82069059785135,85.0
ads,23,30,8,201.09371352390008,84.894
ads,23,30,9,201.5166192751908,85.06
ads,24,30,0,449.50271914637096,99.451
ads,24,30,1,505.31711118020576,99.786
ads,24,30,10,450.61776254119695,103.103
ads,24,30,11,446.4259122012563,99.695
ads,24,30,12,462.30915757596904,99.123
ads,24,30,13,450.5311451910511,99.77
ads,24,30,14,441.9683954423622,98.967
ads,24,30,15,429.0903360339653,99.787
ads,24,30,16,459.5300882365809,103.833
ads,24,30,17,461.4040154261702,99.178
ads,24,30,18,449.92750339840086,99.783
ads,24,30,19,514.6270362315222,99.68
ads,24,30,2,497.85021288027474,99.884
ads,24,30,20,513.992807248293,99.786
ads,24,30,21,498.4852873757477,99.901
ads,24,30,22,507.6287506144772,102.597
ads,24,30,23,444.08742348394117,99.176
ads,24,30,24,438.4111007731308,99.277
ads,24,30,25,438.2155161125238,100.376
ads,24,30,26,495.824413264937,99.655
ads,24,30,27,471.18280085915376,99.81
ads,24,30,28,523.2075264833579,103.109
ads,24,30,29,435.3564667812552,99.631
ads,24,30,3,453.6608211220978,99.585
ads,24,30,4,453.45585459379026,102.954
ads,24,30,5,503.7948353483948,100.03
ads,24,30,6,429.9063914020053,99.22
ads,24,30,7,432.0657434899922,99.123
ads,24,30,8,447.36295180315665,99.555
ads,24,30,9,500.10441386544244,99.2
ads,25,30,0,926.4716417019631,389.954
ads,25,30,1,864.7456061039775,388.978
ads,25,30,10,898.3954708744168,411.253
ads,25,30,11,827.1337832816776,388.186
ads,25,30,12,813.5914516207622,387.006
ads,25,30,13,719.1971815543839,386.894
ads,25,30,14,884.1878388067762,386.57
ads,25,30,15,821.6498985443795,389.987
ads,25,30,16,756.5306046362239,407.636
ads,25,30,17,812.8149924331087,387.069
ads,25,30,18,791.7881063434206,390.212
ads,25,30,19,834.7257123823092,388.234
ads,25,30,2,795.1713354495578,387.127
ads,25,30,20,0.004621836782462196,381.465
ads,25,30,21,787.2186741724345,386.472
ads,25,30,22,806.4160485276016,406.034
ads,25,30,23,788.5159486951134,387.518
ads,25,30,24,820.3800880105337,390.904
ads,25,30,25,800.1461650069768,386.98
ads,25,30,26,790.7886081060105,386.823
ads,25,30,27,796.325510147592,390.493
ads,25,30,28,708.6873137572525,408.727
ads,25,30,29,787.9492858183476,386.411
ads,25,30,3,841.6976840327179,389.836
ads,25,30,4,739.741924331548,408.647
ads,25,30,5,794.2966383279927,386.768
ads,25,30,6,768.7996723534725,386.274
ads,25,30,7,807.5782920833808,387.26
ads,25,30,8,832.0332722670746,387.119
ads,25,30,9,762.9551638715484,390.865
ads,26,30,0,1984.1805940363247,399.443
ads,26,30,1,1254.4991481621828,398.707
ads,26,30,10,1324.380402405211,419.572
ads,26,30,11,1661.7027459419187,399.283
ads,26,30,12,1396.6121459337955,399.893
ads,26,30,13,1658.856004144789,399.773
ads,26,30,14,1265.5904254857555,398.604
ads,26,30,15,1423.138072361825,399.885
ads,26,30,16,1354.1844874841458,421.006
ads,26,30,17,984.3358552403611,399.753
ads,26,30,18,1744.4237022414218,399.661
ads,26,30,19,1949.3613534267097,397.6
ads,26,30,2,1472.149394735463,397.594
ads,26,30,20,1214.9707300867412,398.413
ads,26,30,21,971.3798379635973,400.966
ads,26,30,22,1163.13840990289,418.88
ads,26,30,23,1440.7156233859678,397.669
ads,26,30,24,2678.121907739024,399.511
ads,26,30,25,625.1706547993999,400.228
ads,26,30,26,1096.44518437003,399.032
ads,26,30,27,692.8262615541048,401.302
ads,26,30,28,1731.6133003437362,419.468
ads,26,30,29,1529.5185493433246,400.1
ads,26,30,3,1051.8851564326628,399.701
ads,26,30,4,771.4718967120721,422.5
ads,26,30,5,1756.9027199171906,398.051
ads,26,30,6,995.2574551114822,400.864
ads,26,30,7,1306.565334320696,398.958
ads,26,30,8,1373.0390272796385,398.713
ads,26,30,9,959.7039586028282,401.786
ads,27,30,0,122.91733660521095,379.156
ads,27,30,1,243.51299040793037,377.575
ads,27,30,10,131.1550101992516,397.822
ads,27,30,11,96.30818016873991,376.468
ads,27,30,12,221.47591242474982,378.979
ads,27,30,13,180.64614595556986,377.575
ads,27,30,14,213.04199971689013,375.622
ads,27,30,15,75.31336054386429,378.027
ads,27,30,16,72.21254892693196,398.663
ads,27,30,17,45.0954513412039,376.32
ads,27,30,18,457.6795221909397,378.886
ads,27,30,19,165.1045671303391,376.813
ads,27,30,2,136.18493725018925,375.869
ads,27,30,20,249.68829945531616,376.019
ads,27,30,21,115.69605746767365,377.54
ads,27,30,22,101.69911150670532,398.955
ads,27,30,23,96.74816068681548,375.912
ads,27,30,24,105.98342366198221,377.797
ads,27,30,25,65.13262196151572,376.882
ads,27,30,26,61.84873573272034,375.49
ads,27,30,27,449.4924513571359,378.287
ads,27,30,28,168.59841887107814,398.576
ads,27,30,29,124.96323871166214,376.481
ads,27,30,3,442.59599501198863,378.752
ads,27,30,4,105.44150290639891,398.463
ads,27,30,5,447.4200011552639,376.611
ads,27,30,6,251.16275663618808,378.201
ads,27,30,7,225.14753067731363,377.136
ads,27,30,8,437.3115889582773,376.516
ads,27,30,9,200.3817943461413,378.082
ads,28,30,0,60535.07330342413,611.777
ads,28,30,1,51522.47815556453,614.79
ads,28,30,10,48423.26647180582,628.458
ads,28,30,11,61059.74840575039,609.941
ads,28,30,12,70057.5041128754,612.626
ads,28,30,13,73471.99689124839,615.061
ads,28,30,14,50845.23708614896,611.246
ads,28,30,15,41986.789481922075,614.561
ads,28,30,16,21055.853508920492,640.753
ads,28,30,17,40635.96124999887,611.104
ads,28,30,18,57819.55091591926,612.866
ads,28,30,19,49187.886437496905,615.46
ads,28,30,2,30909.693575996396,610.461
ads,28,30,20,61235.43596962307,609.525
ads,28,30,21,52721.59094311726,615.168
ads,28,30,22,47224.93681547312,676.646
ads,28,30,23,52268.951797868984,610.397
ads,28,30,24,39468.994934823844,613.212
ads,28,30,25,53910.127791446364,614.468
ads,28,30,26,72672.1760635527,611.885
ads,28,30,27,56814.4147245503,613.681
ads,28,30,28,49848.745328965575,680.056
ads,28,30,29,82982.59512642669,609.711
ads,28,30,3,55342.211972544734,610.37
ads,28,30,4,73502.50741976273,627.859
ads,28,30,5,59138.12689102012,611.449
ads,28,30,6,50753.8212052955,611.29
ads,28,30,7,37768.52803061438,613.863
ads,28,30,8,48216.97440828853,611.137
ads,28,30,9,51255.78090535171,612.979
ads,29,30,0,751307.500688085,323.31
ads,29,30,1,2946590.561883828,322.915
ads,29,30,10,1133697.6339549737,368.123
ads,29,30,11,427302.0851114561,321.979
ads,29,30,12,574722.5940500946,323.88
ads,29,30,13,374087.505095178,323.146
ads,29,30,14,1039418.0792190504,321.666
ads,29,30,15,1057073.789113389,323.526
ads,29,30,16,1118456.798891419,368.997
ads,29,30,17,629859.5869587604,321.771
ads,29,30,18,1088587.4107081594,323.463
ads,29,30,19,6504324.726267914,323.627
ads,29,30,2,701277.8269583376,321.906
ads,29,30,20,1146025.856066832,321.987
ads,29,30,21,382326.6792855252,323.638
ads,29,30,22,1188671.8946634268,367.558
ads,29,30,23,642188.106468182,322.464
ads,29,30,24,699045.4820481922,323.926
ads,29,30,25,1000322.2330964397,326.063
ads,29,30,26,1122545.115293257,322.307
ads,29,30,27,1263196.0501581023,326.355
ads,29,30,28,982461.9473220685,367.227
ads,29,30,29,842608.8804296285,322.091
ads,29,30,3,1423195.2517419925,323.474
ads,29,30,4,407379.4788205208,367.234
ads,29,30,5,1307725.0559408762,321.637
ads,29,30,6,1435775.869830943,323.639
ads,29,30,7,875147.8181040959,322.621
ads,29,30,8,959750.4354097842,321.786
ads,29,30,9,1024371.8385364622,323.639
ads,3,30,0,145.7649938014796,21.848
ads,3,30,1,16.05398171393631,22.025
ads,3,30,10,14.636398856677658,8.565
ads,3,30,11,80.32974067716367,23.214
ads,3,30,12,80.93021945982628,22.482
ads,3,30,13,81.68917117208122,22.148
ads,3,30,14,71.78855828247526,22.166
ads,3,30,15,13.622444542103551,21.84
ads,3,30,16,20.022457548745138,8.415
ads,3,30,17,16.212650867439436,22.618
ads,3,30,18,4.0691532624078945,22.363
ads,3,30,19,128.2975263377408,22.096
ads,3,30,2,2.531721393753628,21.956
ads,3,30,20,15.795593689196323,21.766
ads,3,30,21,81.71271251512621,21.972
ads,3,30,22,76.32334982420605,8.841
ads,3,30,23,32.24673965517809,22.57
ads,3,30,24,80.86233450003067,22.139
ads,3,30,25,76.62590189401215,21.525
ads,3,30,26,80.8573780995784,23.028
ads,3,30,27,81.76471014226615,21.501
ads,3,30,28,80.31017069389782,8.788
ads,3,30,29,81.38263389560763,22.023
ads,3,30,3,15.06339343231582,21.955
ads,3,30,4,89.22138728023259,8.236
ads,3,30,5,75.34226486442878,21.927
ads,3,30,6,62.55057004703099,22.094
ads,3,30,7,81.59686287832119,22.42
ads,3,30,8,81.1742415468417,22.054
ads,3,30,9,81.201178659106,21.732
ads,4,30,0,594.0285632363396,19.587
ads,4,30,1,732.3021093075151,19.531
ads,4,30,10,499.52593248411586,8.147
ads,4,30,11,521.4090689426088,19.66
ads,4,30,12,523.389875504069,19.089
ads,4,30,13,471.6910325127044,19.014
ads,4,30,14,544.2803628131927,19.604
ads,4,30,15,604.0003115250606,19.625
ads,4,30,16,563.1797630001748,8.126
ads,4,30,17,371.183673355956,19.601
ads,4,30,18,518.4467228036458,19.715
ads,4,30,19,597.997934398676,19.106
ads,4,30,2,357.2491956421733,19.633
ads,4,30,20,592.0278856094461,19.528
ads,4,30,21,828.7915661860252,19.224
ads,4,30,22,531.3322673951913,7.769
ads,4,30,23,845.7514215855804,20.269
ads,4,30,24,721.3568532668387,19.315
ads,4,30,25,705.4931495088904,19.208
ads,4,30,26,555.2965732658904,19.752
ads,4,30,27,669.6414150250334,19.211
ads,4,30,28,366.17652457487077,8.29
ads,4,30,29,523.373070114617,19.676
ads,4,30,3,912.3807009576417,18.979
ads,4,30,4,674.6171795785258,9.448
ads,4,30,5,463.6851839185106,19.436
ads,4,30,6,775.1167679098799,19.821
ads,4,30,7,422.88449637919473,19.27
ads,4,30,8,318.46244361921504,19.677
ads,4,30,9,398.01432712202563,19.954
ads,5,30,0,0.0005628290932691016,61.157
ads,5,30,1,0.0005546822145561237,61.562
ads,5,30,10,4.321688055597406e-05,28.16
ads,5,30,11,0.0005597736728191194,60.907
ads,5,30,12,0.0002558475017622186,61.504
ads,5,30,13,4.0489135244570207e-07,61.381
ads,5,30,14,0.0004226628132073529,60.776
ads,5,30,15,0.0023901098582541636,61.365
ads,5,30,16,0.0019357786934506294,30.179
ads,5,30,17,0.0009024855388020114,61.225
ads,5,30,18,0.000766740425262924,61.006
ads,5,30,19,0.0010557755473996622,61.695
ads,5,30,2,8.942406782352919e-05,61.588
ads,5,30,20,0.000274837964013841,60.985
ads,5,30,21,3.6771898408005654e-05,61.832
ads,5,30,22,0.0002297214806503689,29.592
ads,5,30,23,0.000844214573305635,61.47
ads,5,30,24,0.00013806102089120031,61.066
ads,5,30,25,0.002611171393652967,41.394
ads,5,30,26,0.0002587023176374714,61.1
ads,5,30,27,1.6386882180086104e-06,33.067
ads,5,30,28,1.997009576371056e-06,29.817
ads,5,30,29,0.0007249244893614559,60.888
ads,5,30,3,0.00038150054984953385,61.451
ads,5,30,4,0.0003639948612317312,25.929
ads,5,30,5,0.0004465802975914812,61.407
ads,5,30,6,0.00016863939242739434,61.524
ads,5,30,7,1.996869764298026e-05,61.574
ads,5,30,8,0.0023888267283496134,60.899
ads,5,30,9,0.0005425949355526427,61.155
ads,6,30,0,584.4309009649407,30.651
ads,6,30,1,349.663379421391,9.136
ads,6,30,10,630.2070984962129,14.684
ads,6,30,11,382.8673934505234,29.724
ads,6,30,12,300.3513235610026,30.62
ads,6,30,13,551.273513393111,9.83
ads,6,30,14,294.19726724905286,30.562
ads,6,30,15,478.7803393547747,10.32
ads,6,30,16,469.8014584366008,16.502
ads,6,30,17,733.9190028083849,30.592
ads,6,30,18,498.3238490490535,20.899
ads,6,30,19,599.4078070965072,10.315
ads,6,30,2,605.444834612035,30.29
ads,6,30,20,276.30701782781136,30.222
ads,6,30,21,338.03113785070855,10.171
ads,6,30,22,274.34245472996497,23.629
ads,6,30,23,389.75984621618977,30.556
ads,6,30,24,553.6569847489423,9.956
ads,6,30,25,319.1796020762422,10.173
ads,6,30,26,459.8128006617678,30.533
ads,6,30,27,453.00319975045954,10.367
ads,6,30,28,416.6602661038006,30.53
ads,6,30,29,510.9077637368573,30.13
ads,6,30,3,531.6926612476536,9.766
ads,6,30,4,441.89317239256343,13.936
ads,6,30,5,456.1431025584375,30.246
ads,6,30,6,454.20645831550655,30.659
ads,6,30,7,300.9792768161044,9.798
ads,6,30,8,562.3217389911702,29.973
ads,6,30,9,455.9302336593362,9.802
ads,7,30,0,420.5000008011243,16.695
ads,7,30,1,410.0000008158506,17.892
ads,7,30,10,474.5000000121165,55.207
ads,7,30,11,338.0000014963955,16.412
ads,7,30,12,408.50000017602224,18.266
ads,7,30,13,454.5000002355962,18.129
ads,7,30,14,328.50000153350356,16.522
ads,7,30,15,350.00000003410287,18.394
ads,7,30,16,476.5000002271927,55.161
ads,7,30,17,494.5000000477187,17.318
ads,7,30,18,544.5000010916842,18.153
ads,7,30,19,462.00000016588,18.353
ads,7,30,2,384.5000000981454,55.429
ads,7,30,20,560.0000000310888,17.807
ads,7,30,21,434.5000002318602,18.092
ads,7,30,22,372.00000067963765,44.466
ads,7,30,23,388.00000041232283,17.673
ads,7,30,24,368.5000000027426,18.254
ads,7,30,25,446.00000040999566,18.509
ads,7,30,26,358.50000006321784,17.985
ads,7,30,27,458.5000003502637,18.439
ads,7,30,28,344.00000124920166,18.417
ads,7,30,29,268.00000004367473,18.013
ads,7,30,3,388.00000114597947,18.281
ads,7,30,4,523.500000029941,56.301
ads,7,30,5,402.50000057459965,36.744
ads,7,30,6,406.00000022695826,17.457
ads,7,30,7,398.000000222527,18.13
ads,7,30,8,428.00000021121673,29.506
ads,7,30,9,362.0000026403786,17.996
ads,8,30,0,13.241372686310797,10.299
ads,8,30,1,8.357992454793248,10.63
ads,8,30,10,12.124096434599892,13.031
ads,8,30,11,8.964545206052549,10.237
ads,8,30,12,18.10308460701276,10.486
ads,8,30,13,6.604011466195743,10.787
ads,8,30,14,16.140738013351097,10.34
ads,8,30,15,11.760940310357455,10.834
ads,8,30,16,9.6911643006963,12.963
ads,8,30,17,11.927950419155877,10.241
ads,8,30,18,10.123238105885093,10.575
ads,8,30,19,6.962749527278788,10.74
ads,8,30,2,10.08446677028553,10.231
ads,8,30,20,11.23363299731409,10.442
ads,8,30,21,12.21067461809821,10.86
ads,8,30,22,11.66040756133168,13.319
ads,8,30,23,10.18208766583109,10.527
ads,8,30,24,8.872129042228948,10.701
ads,8,30,25,9.51207534742582,10.879
ads,8,30,26,7.506700654830183,10.454
ads,8,30,27,6.783848038003839,10.86
ads,8,30,28,8.303783281645678,13.064
ads,8,30,29,6.597963322210262,10.537
ads,8,30,3,9.976313003386963,10.67
ads,8,30,4,9.241072424374806,11.801
ads,8,30,5,9.51215262327105,10.342
ads,8,30,6,9.505438295046133,10.392
ads,8,30,7,11.419381241665178,10.813
ads,8,30,8,11.235631171332443,10.437
ads,8,30,9,7.331897289535277,10.904
ads,9,30,0,4572.670358752689,18.042
ads,9,30,1,3957.940002921654,19.157
ads,9,30,10,4955.646486749804,21.788
ads,9,30,11,4792.131099573135,18.137
ads,9,30,12,3494.76955128221,18.177
ads,9,30,13,4277.353816286624,21.25
ads,9,30,14,5409.75215370786,17.249
ads,9,30,15,4949.060639845948,20.75
ads,9,30,16,3074.857170363406,20.612
ads,9,30,17,3469.1672047515513,17.721
ads,9,30,18,3295.4745240381,19.164
ads,9,30,19,4205.151236370886,22.671
ads,9,30,2,3838.342055865316,16.865
ads,9,30,20,2802.2101878098874,18.238
ads,9,30,21,4633.099498757298,22.107
ads,9,30,22,4140.639943745886,21.727
ads,9,30,23,3530.4928774572036,18.095
ads,9,30,24,3961.396567068319,19.878
ads,9,30,25,3495.9513066071922,22.011
ads,9,30,26,3253.8014130419087,17.938
ads,9,30,27,4220.383461583515,20.614
ads,9,30,28,4237.71240885141,21.605
ads,9,30,29,4879.753903090858,17.409
ads,9,30,3,3431.867719531434,19.679
ads,9,30,4,4042.6596787458384,21.151
ads,9,30,5,4352.4521833286435,16.7
ads,9,30,6,4509.716390530299,17.574
ads,9,30,7,3960.3388350747737,21.074
ads,9,30,8,4692.791951080839,16.917
ads,9,30,9,4380.994744922144,21.092
fixed_K16,10,30,0,49746.26820894916,16.433
fixed_K16,10,30,1,58721.04727489666,16.335
fixed_K16,10,30,10,49733.37676092169,14.559
fixed_K16,10,30,11,71111.20406529507,16.327
fixed_K16,10,30,12,57785.81683900052,17.147
fixed_K16,10,30,13,65000.8754656113,16.777
fixed_K16,10,30,14,54949.65870506721,17.299
fixed_K16,10,30,15,55221.24865146421,16.829
fixed_K16,10,30,16,61173.80307223044,15.989
fixed_K16,10,30,17,39281.802617963025,16.813
fixed_K16,10,30,18,45135.41964691948,17.187
fixed_K16,10,30,19,50780.54813536263,16.941
fixed_K16,10,30,2,37445.58539889913,16.683
fixed_K16,10,30,20,47994.45969684564,16.517
fixed_K16,10,30,21,51345.67739137776,16.57
fixed_K16,10,30,22,49739.15079732306,16.027
fixed_K16,10,30,23,56843.15626352096,16.466
fixed_K16,10,30,24,47900.72416398006,16.688
fixed_K16,10,30,25,66136.26244006249,16.87
fixed_K16,10,30,26,56017.65613150254,17.434
fixed_K16,10,30,27,46145.489267733064,17.002
fixed_K16,10,30,28,46878.778821367836,16.115
fixed_K16,10,30,29,65544.60197416725,16.988
fixed_K16,10,30,3,49922.178449243074,17.44
fixed_K16,10,30,4,52260.973489224794,15.331
fixed_K16,10,30,5,32827.49913694878,16.603
fixed_K16,10,30,6,46203.552719386134,16.397
fixed_K16,10,30,7,72939.63469962485,16.658
fixed_K16,10,30,8,46763.02552686418,16.449
fixed_K16,10,30,9,62839.15999954451,17.263
fixed_K16,11,30,0,1176979.6332818265,27.859
fixed_K16,11,30,1,2089169.6448083902,27.861
fixed_K16,11,30,10,1532301.0095231992,28.658
fixed_K16,11,30,11,7076708.515533087,26.408
fixed_K16,11,30,12,13492328.1612306,26.787
fixed_K16,11,30,13,6032511.786569612,25.738
fixed_K16,11,30,14,10198829.951243619,26.036
fixed_K16,11,30,15,1375072.1748900758,25.987
fixed_K16,11,30,16,4017677.5502321767,27.261
fixed_K16,11,30,17,7250751.602162752,27.172
fixed_K16,11,30,18,1899712.9756154907,25.793
fixed_K16,11,30,19,23876860.341015004,26.447
fixed_K16,11,30,2,3278030.873132659,26.254
fixed_K16,11,30,20,4188260.7917184727,25.6
fixed_K16,11,30,21,1482078.5062367376,25.729
fixed_K16,11,30,22,3802984.2529011075,27.427
fixed_K16,11,30,23,517139.1956924397,27.111
fixed_K16,11,30,24,2445383.2586360597,25.683
fixed_K16,11,30,25,4111726.802932835,25.829
fixed_K16,11,30,26,4411391.653224314,26.357
fixed_K16,11,30,27,4089331.1874545263,25.572
fixed_K16,11,30,28,9590984.17972114,26.962
fixed_K16,11,30,29,2523628.07219301,25.811
fixed_K16,11,30,3,10718247.204436053,27.098
fixed_K16,11,30,4,11263685.50909201,26.468
fixed_K16,11,30,5,3422320.1941938736,26.834
fixed_K16,11,30,6,8734343.46299989,27.526
fixed_K16,11,30,7,5461097.957285333,27.182
fixed_K16,11,30,8,2473928.9798805374,27.985
fixed_K16,11,30,9,11456840.622746129,25.706
fixed_K16,12,30,0,92832.5354132184,19.076
fixed_K16,12,30,1,103721.95164906475,18.401
fixed_K16,12,30,10,122953.06927604074,19.98
fixed_K16,12,30,11,77926.920231814,18.704
fixed_K16,12,30,12,59671.92628883989,18.712
fixed_K16,12,30,13,87795.65484476044,18.606
fixed_K16,12,30,14,90140.36251274958,18.793
fixed_K16,12,30,15,85727.25645787593,18.846
fixed_K16,12,30,16,74056.65287557103,19.615
fixed_K16,12,30,17,148746.5108633611,18.853
fixed_K16,12,30,18,93700.98687233284,19.04
fixed_K16,12,30,19,102694.39818436865,18.926
fixed_K16,12,30,2,121443.95097935587,18.575
fixed_K16,12,30,20,96848.9489828214,19.11
fixed_K16,12,30,21,82899.07972401123,18.587
fixed_K16,12,30,22,121108.59291605302,19.97
fixed_K16,12,30,23,182967.1780255396,18.621
fixed_K16,12,30,24,95275.06913706998,18.709
fixed_K16,12,30,25,99620.82915337467,18.413
fixed_K16,12,30,26,78629.74377360847,18.725
fixed_K16,12,30,27,74068.6573784998,16.371
fixed_K16,12,30,28,64072.96560246237,19.846
fixed_K16,12,30,29,328717.51521873457,18.971
fixed_K16,12,30,3,124848.69115228782,18.575
fixed_K16,12,30,4,98131.47203006882,19.911
fixed_K16,12,30,5,88288.23344707627,18.336
fixed_K16,12,30,6,120114.09300650694,18.254
fixed_K16,12,30,7,109670.15925951907,18.892
fixed_K16,12,30,8,112076.35632316118,19.002
fixed_K16,12,30,9,63752.62568197626,18.867
fixed_K16,13,30,0,110140.30269632839,21.467
fixed_K16,13,30,1,108877.18378692653,18.62
fixed_K16,13,30,10,130216.08852851909,24.16
fixed_K16,13,30,11,142089.91090485372,19.355
fixed_K16,13,30,12,99075.55820009293,19.91
fixed_K16,13,30,13,126130.36324083734,20.427
fixed_K16,13,30,14,125315.87078917089,19.635
fixed_K16,13,30,15,102062.73028410824,19.607
fixed_K16,13,30,16,93065.22140797255,23.728
fixed_K16,13,30,17,132947.15146695057,19.792
fixed_K16,13,30,18,115307.19865089803,19.927
fixed_K16,13,30,19,98681.4573025722,19.52
fixed_K16,13,30,2,90316.97058664571,23.425
fixed_K16,13,30,20,148684.01253841646,19.901
fixed_K16,13,30,21,115741.56222618792,20.131
fixed_K16,13,30,22,100689.47007309228,24.11
fixed_K16,13,30,23,96806.09680288448,20.345
fixed_K16,13,30,24,117724.11204121154,20.197
fixed_K16,13,30,25,93903.27618872243,21.233
fixed_K16,13,30,26,131401.26552749006,20.033
fixed_K16,13,30,27,96957.8016504366,21.1
fixed_K16,13,30,28,94481.41160665614,23.941
fixed_K16,13,30,29,72981.05858723678,19.601
fixed_K16,13,30,3,97507.35014741754,19.412
fixed_K16,13,30,4,115670.6332844751,24.351
fixed_K16,13,30,5,160287.19515961836,23.147
fixed_K16,13,30,6,105514.14913853585,19.058
fixed_K16,13,30,7,98324.43064740975,19.75
fixed_K16,13,30,8,155384.4493897996,20.22
fixed_K16,13,30,9,89089.70260785366,20.105
fixed_K16,14,30,0,61562.129515936445,17.556
fixed_K16,14,30,1,65226.43556934298,18.156
fixed_K16,14,30,10,63289.74217471976,20.725
fixed_K16,14,30,11,61233.35913593919,17.791
fixed_K16,14,30,12,72115.8268234955,18.39
fixed_K16,14,30,13,48937.31222624381,19.132
fixed_K16,14,30,14,72641.99059000929,17.838
fixed_K16,14,30,15,76838.77905874122,19.396
fixed_K16,14,30,16,59242.604350291316,17.345
fixed_K16,14,30,17,68900.2502319554,17.716
fixed_K16,14,30,18,57702.3243784218,18.936
fixed_K16,14,30,19,61848.36159382069,19.459
fixed_K16,14,30,2,60871.51770622784,17.365
fixed_K16,14,30,20,73286.45749380412,18.52
fixed_K16,14,30,21,61313.99150995882,19.628
fixed_K16,14,30,22,63125.45763995229,17.028
fixed_K16,14,30,23,54991.867984214674,18.674
fixed_K16,14,30,24,89610.49616704989,19.274
fixed_K16,14,30,25,68370.6587665802,19.79
fixed_K16,14,30,26,67320.76038649789,19.277
fixed_K16,14,30,27,88013.80020289362,19.809
fixed_K16,14,30,28,52041.04305931168,17.993
fixed_K16,14,30,29,46978.09514283502,19.236
fixed_K16,14,30,3,67083.26231917432,17.589
fixed_K16,14,30,4,68351.41206719035,20.802
fixed_K16,14,30,5,63679.34944742026,17.228
fixed_K16,14,30,6,69327.81902144886,17.708
fixed_K16,14,30,7,63148.15324070098,18.058
fixed_K16,14,30,8,72473.0439450415,17.624
fixed_K16,14,30,9,64188.45889805198,18.405
fixed_K16,15,30,0,9915.328803758297,55.977
fixed_K16,15,30,1,5787.447408760701,55.029
fixed_K16,15,30,10,3768.764979036917,55.725
fixed_K16,15,30,11,4629.48982046718,53.885
fixed_K16,15,30,12,3879.089463860415,53.905
fixed_K16,15,30,13,8563.838926010456,52.76
fixed_K16,15,30,14,3201.5062682759426,53.577
fixed_K16,15,30,15,6830.460786059186,53.702
fixed_K16,15,30,16,4007.233208337435,56.633
fixed_K16,15,30,17,9497.125663996972,54.131
fixed_K16,15,30,18,2288.1278922568213,52.778
fixed_K16,15,30,19,11152.684433911867,53.63
fixed_K16,15,30,2,4911.086220756728,54.448
fixed_K16,15,30,20,5854.286003244146,54.205
fixed_K16,15,30,21,5614.308490700322,53.661
fixed_K16,15,30,22,6235.242463266988,55.876
fixed_K16,15,30,23,11615.174229059086,53.374
fixed_K16,15,30,24,3977.08949762837,52.399
fixed_K16,15,30,25,5853.767180361028,54.016
fixed_K16,15,30,26,3922.7673123371496,52.991
fixed_K16,15,30,27,3464.859759864915,54.577
fixed_K16,15,30,28,4268.1498171865405,57.049
fixed_K16,15,30,29,9763.770100067648,53.404
fixed_K16,15,30,3,11993.148109090369,55.157
fixed_K16,15,30,4,2814.7945435399424,50.406
fixed_K16,15,30,5,8204.571749067107,55.325
fixed_K16,15,30,6,6508.552542830371,52.924
fixed_K16,15,30,7,9944.716415797653,53.655
fixed_K16,15,30,8,4579.897366912688,54.191
fixed_K16,15,30,9,5263.854094611981,53.922
fixed_K16,16,30,0,1568.6175555723748,177.305
fixed_K16,16,30,1,2110.5758884097822,178.504
fixed_K16,16,30,10,1089.877644974158,184.7
fixed_K16,16,30,11,2352.310961465234,190.555
fixed_K16,16,30,12,1837.4984228492121,192.821
fixed_K16,16,30,13,1793.862265461289,192.355
fixed_K16,16,30,14,1124.6759332267552,192.044
fixed_K16,16,30,15,1798.64592630489,191.75
fixed_K16,16,30,16,2044.4574913982042,193.073
fixed_K16,16,30,17,2151.5814007628214,191.44
fixed_K16,16,30,18,2294.431377591884,184.199
fixed_K16,16,30,19,1502.6096098452126,184.137
fixed_K16,16,30,2,1872.1345584411797,179.241
fixed_K16,16,30,20,1132.062080620622,183.201
fixed_K16,16,30,21,1026.7517677477945,182.567
fixed_K16,16,30,22,1520.320133480037,178.779
fixed_K16,16,30,23,2073.9027000934566,182.881
fixed_K16,16,30,24,837.8703201968947,188.604
fixed_K16,16,30,25,1406.6579455312121,192.634
fixed_K16,16,30,26,2133.4412691967264,191.218
fixed_K16,16,30,27,1760.7998873051588,190.99
fixed_K16,16,30,28,2015.820083756496,192.946
fixed_K16,16,30,29,2475.4698771115945,190.777
fixed_K16,16,30,3,3275.4795926398237,177.105
fixed_K16,16,30,4,1893.0644947093188,195.384
fixed_K16,16,30,5,1508.0113438835,179.699
fixed_K16,16,30,6,1844.9889370790415,189.116
fixed_K16,16,30,7,2460.182284866571,192.559
fixed_K16,16,30,8,2192.5079750421564,191.456
fixed_K16,16,30,9,2437.453366664653,193.917
fixed_K16,17,30,0,135671.52604024747,23.859
fixed_K16,17,30,1,454198.1134951005,25.046
fixed_K16,17,30,10,129072.41307865352,25.253
fixed_K16,17,30,11,151304.59940249694,24.212
fixed_K16,17,30,12,505140.3362137701,23.983
fixed_K16,17,30,13,145495.07789369606,24.335
fixed_K16,17,30,14,175867.03264381248,24.405
fixed_K16,17,30,15,117041.69228064582,23.971
fixed_K16,17,30,16,681878.9806495056,25.561
fixed_K16,17,30,17,196194.44484737093,23.979
fixed_K16,17,30,18,84139.07420048711,23.639
fixed_K16,17,30,19,100649.92725698746,24.491
fixed_K16,17,30,2,125608.01423801786,23.891
fixed_K16,17,30,20,166486.7564494933,23.617
fixed_K16,17,30,21,718547.8719225414,23.719
fixed_K16,17,30,22,407323.0030913603,26.084
fixed_K16,17,30,23,187237.74100242145,23.649
fixed_K16,17,30,24,139653.98210379394,24.822
fixed_K16,17,30,25,481964.3954128921,19.661
fixed_K16,17,30,26,104959.866194713,24.808
fixed_K16,17,30,27,208907.01538146407,19.622
fixed_K16,17,30,28,432468.04282149137,25.874
fixed_K16,17,30,29,186885.38730227225,24.847
fixed_K16,17,30,3,386911.93320554734,24.532
fixed_K16,17,30,4,80873.77576394871,24.57
fixed_K16,17,30,5,150541.30885122987,23.738
fixed_K16,17,30,6,258137.4521692377,24.342
fixed_K16,17,30,7,130599.8518251424,24.335
fixed_K16,17,30,8,149421.68598139175,24.42
fixed_K16,17,30,9,787349.603998573,23.213
fixed_K16,18,30,0,54969.46958342317,80.16
fixed_K16,18,30,1,69052.88700176845,82.291
fixed_K16,18,30,10,40342.40687344215,83.47
fixed_K16,18,30,11,55675.754687227905,88.703
fixed_K16,18,30,12,55744.86697289413,92.927
fixed_K16,18,30,13,41120.88983341464,92.393
fixed_K16,18,30,14,48453.761466362914,93.532
fixed_K16,18,30,15,56492.54753341205,93.162
fixed_K16,18,30,16,18689.51585953601,91.824
fixed_K16,18,30,17,35063.77343221002,91.208
fixed_K16,18,30,18,36355.45358561038,91.979
fixed_K16,18,30,19,52590.78294044498,92.027
fixed_K16,18,30,2,75348.22947138113,81.091
fixed_K16,18,30,20,108392.6995617274,92.924
fixed_K16,18,30,21,41746.54771150075,92.072
fixed_K16,18,30,22,41394.294851837294,98.164
fixed_K16,18,30,23,54685.14634036715,93.284
fixed_K16,18,30,24,82199.10458683649,94.492
fixed_K16,18,30,25,59433.68771392632,94.533
fixed_K16,18,30,26,63860.05832900142,92.713
fixed_K16,18,30,27,48268.56927416873,93.455
fixed_K16,18,30,28,46245.33904173381,99.938
fixed_K16,18,30,29,48473.148057125356,93.993
fixed_K16,18,30,3,58189.01127807908,82.753
fixed_K16,18,30,4,88104.91093528645,97.789
fixed_K16,18,30,5,57748.48002323085,81.272
fixed_K16,18,30,6,53065.41024718001,89.15
fixed_K16,18,30,7,35427.54640399773,91.889
fixed_K16,18,30,8,22934.604097469884,88.969
fixed_K16,18,30,9,38553.326203429686,92.102
fixed_K16,19,30,0,2283.241001563154,177.555
fixed_K16,19,30,1,2354.2851902333905,175.725
fixed_K16,19,30,10,2222.8066313016934,179.872
fixed_K16,19,30,11,2769.9383207389637,191.467
fixed_K16,19,30,12,2894.914380604102,195.678
fixed_K16,19,30,13,1006.4351463750745,198.568
fixed_K16,19,30,14,991.2478241606623,196.974
fixed_K16,19,30,15,1763.8599755165906,196.529
fixed_K16,19,30,16,2529.959429805528,198.78
fixed_K16,19,30,17,2743.073928279595,197.046
fixed_K16,19,30,18,1478.2739484161239,185.209
fixed_K16,19,30,19,1634.8187129319926,183.196
fixed_K16,19,30,2,2582.1956354801487,177.713
fixed_K16,19,30,20,1211.9555963513849,186.082
fixed_K16,19,30,21,1398.1619847215152,183.456
fixed_K16,19,30,22,1484.708848709969,197.623
fixed_K16,19,30,23,2759.9129803162486,186.107
fixed_K16,19,30,24,2270.1847219622014,186.932
fixed_K16,19,30,25,2250.789886250018,190.848
fixed_K16,19,30,26,2735.159749604005,187.208
fixed_K16,19,30,27,1493.6075156726965,193.606
fixed_K16,19,30,28,1999.3701263987518,184.043
fixed_K16,19,30,29,2873.3809290304443,187.447
fixed_K16,19,30,3,1938.8383515184087,174.83
fixed_K16,19,30,4,1735.0460191935808,197.057
fixed_K16,19,30,5,1815.9798554364256,179.356
fixed_K16,19,30,6,2577.3176755130153,192.0
fixed_K16,19,30,7,2458.7240525616726,192.82
fixed_K16,19,30,8,2340.5579894067205,190.473
fixed_K16,19,30,9,2632.8783571149506,194.667
fixed_K16,1,30,0,2252.523838125954,6.396
fixed_K16,1,30,1,2650.9823489744717,5.696
fixed_K16,1,30,10,4545.927371829768,6.943
fixed_K16,1,30,11,3313.2131755319942,5.425
fixed_K16,1,30,12,1166.283440114549,5.866
fixed_K16,1,30,13,4669.027467787729,6.143
fixed_K16,1,30,14,2583.7846383787914,6.297
fixed_K16,1,30,15,1635.6631523481014,6.121
fixed_K16,1,30,16,5188.77729777376,6.636
fixed_K16,1,30,17,3221.511145843147,6.27
fixed_K16,1,30,18,2157.671552112838,5.924
fixed_K16,1,30,19,1606.4946961462292,5.95
fixed_K16,1,30,2,7442.002929362268,5.941
fixed_K16,1,30,20,1555.5693469183002,5.947
fixed_K16,1,30,21,2968.3883541035602,6.04
fixed_K16,1,30,22,4778.522441809157,6.791
fixed_K16,1,30,23,1920.726950025702,6.073
fixed_K16,1,30,24,3196.4070241051977,6.09
fixed_K16,1,30,25,2794.8047077440433,6.003
fixed_K16,1,30,26,2561.206722602502,6.241
fixed_K16,1,30,27,1889.4134248573719,6.221
fixed_K16,1,30,28,6004.212217348026,5.665
fixed_K16,1,30,29,1855.3316843225125,6.007
fixed_K16,1,30,3,8565.963519734763,6.003
fixed_K16,1,30,4,890.028644516437,6.589
fixed_K16,1,30,5,2440.1634494373434,5.694
fixed_K16,1,30,6,1746.5852701862252,5.993
fixed_K16,1,30,7,5889.239838765212,6.223
fixed_K16,1,30,8,3141.420092098711,5.927
fixed_K16,1,30,9,2245.440665643908,6.259
fixed_K16,20,30,0,658.2715163476269,29.572
fixed_K16,20,30,1,798.2592189448587,29.177
fixed_K16,20,30,10,1041.7067110653797,29.942
fixed_K16,20,30,11,100.8131701724642,28.854
fixed_K16,20,30,12,100.78198387145903,29.252
fixed_K16,20,30,13,797.6378577703163,29.034
fixed_K16,20,30,14,746.0189199662036,28.812
fixed_K16,20,30,15,100.84734722923122,28.786
fixed_K16,20,30,16,829.5762118815092,30.281
fixed_K16,20,30,17,101.16022925535708,29.262
fixed_K16,20,30,18,100.95823927048696,28.645
fixed_K16,20,30,19,925.7854147107464,29.112
fixed_K16,20,30,2,955.7083929404762,29.634
fixed_K16,20,30,20,101.03215937220557,28.346
fixed_K16,20,30,21,1001.0906297048386,28.715
fixed_K16,20,30,22,921.5158678812245,30.342
fixed_K16,20,30,23,1343.1459800450748,28.679
fixed_K16,20,30,24,789.2147818572039,28.642
fixed_K16,20,30,25,721.833638211293,28.906
fixed_K16,20,30,26,100.90925151345527,28.728
fixed_K16,20,30,27,1145.580864353754,29.683
fixed_K16,20,30,28,931.2820097141366,30.14
fixed_K16,20,30,29,100.75646764579051,28.704
fixed_K16,20,30,3,101.02342127674774,29.778
fixed_K16,20,30,4,856.8338426296241,30.612
fixed_K16,20,30,5,812.8591079845114,29.921
fixed_K16,20,30,6,1031.0492138385252,28.54
fixed_K16,20,30,7,970.2765022994995,29.231
fixed_K16,20,30,8,610.4942997554799,28.819
fixed_K16,20,30,9,101.24163515610007,28.897
fixed_K16,21,30,0,2394.487681221006,41.785
fixed_K16,21,30,1,2155.6219525208344,40.922
fixed_K16,21,30,10,1605.8008975393545,43.385
fixed_K16,21,30,11,2953.271579393594,39.509
fixed_K16,21,30,12,2452.546585473865,39.978
fixed_K16,21,30,13,1995.2215525132137,41.44
fixed_K16,21,30,14,1369.7224074659334,39.569
fixed_K16,21,30,15,2343.3090358847385,40.046
fixed_K16,21,30,16,1214.1782557915017,39.405
fixed_K16,21,30,17,1673.1362675202213,39.243
fixed_K16,21,30,18,1301.7503288709804,39.711
fixed_K16,21,30,19,2832.7524447480328,37.401
fixed_K16,21,30,2,1789.288377819145,40.634
fixed_K16,21,30,20,1248.5059141551574,40.199
fixed_K16,21,30,21,2333.314142494328,36.374
fixed_K16,21,30,22,1978.4697236628776,35.385
fixed_K16,21,30,23,2115.6354151018604,39.766
fixed_K16,21,30,24,1658.20631654399,36.427
fixed_K16,21,30,25,1750.4790635122713,34.947
fixed_K16,21,30,26,2347.615422593888,36.122
fixed_K16,21,30,27,2178.111716780888,35.645
fixed_K16,21,30,28,2576.4414049320603,39.034
fixed_K16,21,30,29,2529.973468615369,36.302
fixed_K16,21,30,3,2333.722590998417,40.059
fixed_K16,21,30,4,1684.6848107204255,41.826
fixed_K16,21,30,5,1944.7271801647366,40.999
fixed_K16,21,30,6,795.9375336280914,40.884
fixed_K16,21,30,7,708.2423573363726,40.565
fixed_K16,21,30,8,2341.2403550761355,41.032
fixed_K16,21,30,9,2744.5636702706643,40.268
fixed_K16,22,30,0,717.1430615405297,43.02
fixed_K16,22,30,1,206.26749115545363,44.361
fixed_K16,22,30,10,766.7942098545573,50.388
fixed_K16,22,30,11,204.95121998455033,45.381
fixed_K16,22,30,12,203.7493465767202,46.56
fixed_K16,22,30,13,206.0156825307581,47.285
fixed_K16,22,30,14,203.90110383437195,46.112
fixed_K16,22,30,15,204.31029908975006,47.662
fixed_K16,22,30,16,203.438602508651,49.837
fixed_K16,22,30,17,879.9647438239977,48.736
fixed_K16,22,30,18,203.7217215237024,46.998
fixed_K16,22,30,19,202.98324640225565,47.039
fixed_K16,22,30,2,203.90735206405134,41.1
fixed_K16,22,30,20,204.39578360541054,46.89
fixed_K16,22,30,21,701.4315212416409,46.938
fixed_K16,22,30,22,644.1486108672743,49.076
fixed_K16,22,30,23,204.96234930407036,47.415
fixed_K16,22,30,24,203.79118905713085,46.204
fixed_K16,22,30,25,206.09425997365224,46.36
fixed_K16,22,30,26,807.4327624916996,47.566
fixed_K16,22,30,27,203.0412402626157,47.185
fixed_K16,22,30,28,103.30519130341736,50.046
fixed_K16,22,30,29,1023.3393154979326,47.129
fixed_K16,22,30,3,961.6686330952816,46.106
fixed_K16,22,30,4,205.6477108099839,47.42
fixed_K16,22,30,5,204.09089913199068,41.81
fixed_K16,22,30,6,905.2482223145244,46.365
fixed_K16,22,30,7,203.69350102644057,47.8
fixed_K16,22,30,8,204.75107647980894,45.01
fixed_K16,22,30,9,203.68736703848617,46.757
fixed_K16,23,30,0,203.2417150061301,34.93
fixed_K16,23,30,1,202.4694617356131,35.339
fixed_K16,23,30,10,202.4794632797275,36.389
fixed_K16,23,30,11,201.75001027746475,34.608
fixed_K16,23,30,12,730.6062778647156,35.681
fixed_K16,23,30,13,835.1848684377592,36.013
fixed_K16,23,30,14,202.27540328406394,34.726
fixed_K16,23,30,15,615.7360527520545,36.067
fixed_K16,23,30,16,202.3438332286196,37.034
fixed_K16,23,30,17,202.6390092922029,35.339
fixed_K16,23,30,18,202.5568720897113,36.679
fixed_K16,23,30,19,202.92918225243784,30.797
fixed_K16,23,30,2,202.4796577718239,34.023
fixed_K16,23,30,20,203.23747957689193,36.113
fixed_K16,23,30,21,202.44007549178104,30.754
fixed_K16,23,30,22,202.2862090149797,37.651
fixed_K16,23,30,23,202.30724000799273,35.521
fixed_K16,23,30,24,203.0593754560855,30.631
fixed_K16,23,30,25,203.63924190028365,30.296
fixed_K16,23,30,26,202.02758898911316,33.5
fixed_K16,23,30,27,202.5585119806633,30.106
fixed_K16,23,30,28,202.72114211597727,37.644
fixed_K16,23,30,29,696.1810625646867,31.327
fixed_K16,23,30,3,203.11083846645852,34.725
fixed_K16,23,30,4,203.07510582206123,36.969
fixed_K16,23,30,5,202.3312655114205,34.612
fixed_K16,23,30,6,202.4059579140462,35.187
fixed_K16,23,30,7,202.97352784752457,36.707
fixed_K16,23,30,8,202.95926181001778,34.675
fixed_K16,23,30,9,202.2425723003048,35.587
fixed_K16,24,30,0,447.6965666699489,34.899
fixed_K16,24,30,1,467.3941788370753,36.889
fixed_K16,24,30,10,427.47462967489764,35.215
fixed_K16,24,30,11,445.07648529065045,37.373
fixed_K16,24,30,12,442.8733377941239,39.392
fixed_K16,24,30,13,431.92004022434503,40.268
fixed_K16,24,30,14,427.41709531519973,38.997
fixed_K16,24,30,15,427.50727361167674,40.497
fixed_K16,24,30,16,441.8895556961179,37.279
fixed_K16,24,30,17,473.1358977360651,38.68
fixed_K16,24,30,18,429.44954014382984,41.054
fixed_K16,24,30,19,529.5742315051402,41.999
fixed_K16,24,30,2,493.66822270599005,34.482
fixed_K16,24,30,20,434.5305657795352,39.797
fixed_K16,24,30,21,435.9031331461465,41.764
fixed_K16,24,30,22,434.9622549685555,40.624
fixed_K16,24,30,23,446.39368436470204,39.943
fixed_K16,24,30,24,434.5104257083426,41.434
fixed_K16,24,30,25,440.64837178755306,41.428
fixed_K16,24,30,26,444.50918583861494,41.641
fixed_K16,24,30,27,436.967074464038,41.864
fixed_K16,24,30,28,451.6789555025334,42.66
fixed_K16,24,30,29,456.15061098442766,41.637
fixed_K16,24,30,3,454.22788731869423,37.936
fixed_K16,24,30,4,447.143368336584,40.651
fixed_K16,24,30,5,457.66522442798214,35.412
fixed_K16,24,30,6,445.2828624247759,37.855
fixed_K16,24,30,7,434.32330638471103,38.838
fixed_K16,24,30,8,456.81874187879976,37.074
fixed_K16,24,30,9,513.4168672007736,39.222
fixed_K16,25,30,0,882.9512297366746,164.46
fixed_K16,25,30,1,795.6456931715593,164.358
fixed_K16,25,30,10,817.0120233376847,174.013
fixed_K16,25,30,11,819.3403955837784,166.719
fixed_K16,25,30,12,768.6486391313929,146.627
fixed_K16,25,30,13,792.8591941373647,150.638
fixed_K16,25,30,14,827.2166639128582,145.776
fixed_K16,25,30,15,793.0334942351546,153.332
fixed_K16,25,30,16,789.5298613622781,158.564
fixed_K16,25,30,17,773.7183798672049,147.856
fixed_K16,25,30,18,745.0464292862998,161.145
fixed_K16,25,30,19,821.7340910120147,161.35
fixed_K16,25,30,2,784.9993764714563,163.67
fixed_K16,25,30,20,587.5884618138275,160.791
fixed_K16,25,30,21,838.2462002492975,162.129
fixed_K16,25,30,22,780.4543305308862,171.412
fixed_K16,25,30,23,794.8252614655771,160.666
fixed_K16,25,30,24,767.4539962806534,160.524
fixed_K16,25,30,25,773.0853991554322,161.413
fixed_K16,25,30,26,993.0376664769842,161.528
fixed_K16,25,30,27,851.4808016992197,163.548
fixed_K16,25,30,28,769.316041072057,176.536
fixed_K16,25,30,29,787.7547830211706,161.573
fixed_K16,25,30,3,809.5677428119207,163.983
fixed_K16,25,30,4,777.8081309998365,170.9
fixed_K16,25,30,5,790.0168004761608,164.299
fixed_K16,25,30,6,779.2485235065751,166.401
fixed_K16,25,30,7,843.985760905578,161.803
fixed_K16,25,30,8,831.9114986642144,165.591
fixed_K16,25,30,9,775.0076173714997,161.283
fixed_K16,26,30,0,1330.578527040926,155.06
fixed_K16,26,30,1,2074.075496850288,152.529
fixed_K16,26,30,10,916.7238185354272,169.844
fixed_K16,26,30,11,1424.0193530592323,158.777
fixed_K16,26,30,12,1348.1101425219667,171.195
fixed_K16,26,30,13,1370.753584306206,172.444
fixed_K16,26,30,14,1285.4390489995249,172.779
fixed_K16,26,30,15,893.8410623566015,171.699
fixed_K16,26,30,16,1164.2310172570528,178.45
fixed_K16,26,30,17,1568.913057730606,170.795
fixed_K16,26,30,18,1356.4093099800207,168.025
fixed_K16,26,30,19,1828.7335521118748,165.982
fixed_K16,26,30,2,1278.6550880976456,156.929
fixed_K16,26,30,20,1424.9945694928483,167.448
fixed_K16,26,30,21,1905.0849325133377,164.926
fixed_K16,26,30,22,1106.7521240672982,181.902
fixed_K16,26,30,23,1532.610753760122,166.782
fixed_K16,26,30,24,2401.2493785979495,147.845
fixed_K16,26,30,25,626.5097992650976,150.074
fixed_K16,26,30,26,1658.7465901876421,148.963
fixed_K16,26,30,27,656.7411607216227,152.293
fixed_K16,26,30,28,1058.1074142515445,171.666
fixed_K16,26,30,29,1093.7205084064544,147.977
fixed_K16,26,30,3,1281.1241502749272,151.811
fixed_K16,26,30,4,796.4016081828249,167.591
fixed_K16,26,30,5,1968.8598177077438,157.769
fixed_K16,26,30,6,948.4455418044913,157.932
fixed_K16,26,30,7,1877.2156427545624,163.987
fixed_K16,26,30,8,1274.8971314441387,154.225
fixed_K16,26,30,9,1633.6283471562656,164.536
fixed_K16,27,30,0,141.90585374982493,158.536
fixed_K16,27,30,1,49.05012636724359,157.981
fixed_K16,27,30,10,66.40467033148889,166.12
fixed_K16,27,30,11,66.91772895190297,156.997
fixed_K16,27,30,12,245.97077427554223,158.313
fixed_K16,27,30,13,86.78712880203739,156.91
fixed_K16,27,30,14,71.87585475369724,156.692
fixed_K16,27,30,15,106.0882166196543,155.986
fixed_K16,27,30,16,47.36134085952017,152.758
fixed_K16,27,30,17,127.52086318010333,159.822
fixed_K16,27,30,18,455.51963794119274,148.169
fixed_K16,27,30,19,214.7795284595527,149.187
fixed_K16,27,30,2,56.094564934210666,154.859
fixed_K16,27,30,20,55.03863309123926,151.788
fixed_K16,27,30,21,125.15747659245426,148.542
fixed_K16,27,30,22,111.53649969593334,164.105
fixed_K16,27,30,23,53.56597146887907,149.845
fixed_K16,27,30,24,89.90588487644072,155.149
fixed_K16,27,30,25,459.73986144181436,157.389
fixed_K16,27,30,26,247.56023955638102,152.253
fixed_K16,27,30,27,444.48262122304595,157.17
fixed_K16,27,30,28,461.0922636235355,167.727
fixed_K16,27,30,29,102.7237669513147,154.248
fixed_K16,27,30,3,280.4253944135644,158.01
fixed_K16,27,30,4,35.44743073104428,166.961
fixed_K16,27,30,5,450.56211298176095,155.753
fixed_K16,27,30,6,260.13693770339296,158.226
fixed_K16,27,30,7,313.13137103387726,159.254
fixed_K16,27,30,8,439.1186036679492,156.86
fixed_K16,27,30,9,450.4895832328157,159.159
fixed_K16,28,30,0,60938.49868038992,262.208
fixed_K16,28,30,1,92130.38622743338,259.623
fixed_K16,28,30,10,47536.07585238348,340.992
fixed_K16,28,30,11,59493.43106158693,257.165
fixed_K16,28,30,12,58558.84681746302,330.811
fixed_K16,28,30,13,61808.52889753217,392.528
fixed_K16,28,30,14,51925.97900874313,308.937
fixed_K16,28,30,15,58314.19222870779,394.561
fixed_K16,28,30,16,23653.922553743567,621.066
fixed_K16,28,30,17,37091.73448729649,328.352
fixed_K16,28,30,18,47412.41991004198,375.6
fixed_K16,28,30,19,51783.66063233577,303.403
fixed_K16,28,30,2,27397.687682758715,267.224
fixed_K16,28,30,20,68227.48649649721,402.741
fixed_K16,28,30,21,53405.94400321969,299.964
fixed_K16,28,30,22,70658.07869285523,619.832
fixed_K16,28,30,23,45536.46410176051,378.608
fixed_K16,28,30,24,50271.765556311046,502.31
fixed_K16,28,30,25,48118.89404135547,580.537
fixed_K16,28,30,26,34495.06026523716,474.866
fixed_K16,28,30,27,48455.18403592474,585.589
fixed_K16,28,30,28,66661.61672543355,622.358
fixed_K16,28,30,29,67359.60951604144,500.963
fixed_K16,28,30,3,42873.93536289243,256.183
fixed_K16,28,30,4,56122.80513192513,476.463
fixed_K16,28,30,5,51606.911138696705,265.12
fixed_K16,28,30,6,37069.30213559362,256.4
fixed_K16,28,30,7,51476.47597236895,265.001
fixed_K16,28,30,8,38264.42410832015,252.145
fixed_K16,28,30,9,44917.91148453354,263.22
fixed_K16,29,30,0,578955.225394024,318.684
fixed_K16,29,30,1,4586950.644914996,318.156
fixed_K16,29,30,10,1608471.100759152,335.384
fixed_K16,29,30,11,1065885.014779614,320.159
fixed_K16,29,30,12,611333.5364765099,318.248
fixed_K16,29,30,13,395049.662284864,317.522
fixed_K16,29,30,14,403456.0095452244,316.909
fixed_K16,29,30,15,652418.7943530934,318.049
fixed_K16,29,30,16,1168129.0129911667,344.311
fixed_K16,29,30,17,842991.7499982137,316.099
fixed_K16,29,30,18,1169260.5962515308,317.995
fixed_K16,29,30,19,4448474.3267031275,316.983
fixed_K16,29,30,2,446112.551525455,317.493
fixed_K16,29,30,20,1025867.0263126057,316.807
fixed_K16,29,30,21,418479.0989528165,317.991
fixed_K16,29,30,22,810458.817105717,337.579
fixed_K16,29,30,23,911287.3968920207,316.137
fixed_K16,29,30,24,575709.0185406072,321.594
fixed_K16,29,30,25,1080335.7207581094,324.283
fixed_K16,29,30,26,746152.5629229018,318.672
fixed_K16,29,30,27,1018406.770642557,318.207
fixed_K16,29,30,28,884521.8597960286,335.04
fixed_K16,29,30,29,952023.1049782838,319.128
fixed_K16,29,30,3,2268053.465254974,319.248
fixed_K16,29,30,4,742425.5560781807,333.645
fixed_K16,29,30,5,970727.5045931,317.048
fixed_K16,29,30,6,1206750.6874149407,322.034
fixed_K16,29,30,7,1296765.5948024981,319.34
fixed_K16,29,30,8,639823.4699542554,321.208
fixed_K16,29,30,9,573723.6252039403,319.623
fixed_K16,3,30,0,90.9591487236737,8.769
fixed_K16,3,30,1,14.863156182530247,9.17
fixed_K16,3,30,10,14.213021868270914,8.345
fixed_K16,3,30,11,79.69603869226205,9.136
fixed_K16,3,30,12,81.85878443981659,9.326
fixed_K16,3,30,13,82.61904576884695,9.455
fixed_K16,3,30,14,15.848610434889565,8.932
fixed_K16,3,30,15,80.42672892676268,9.234
fixed_K16,3,30,16,13.82936097309306,8.095
fixed_K16,3,30,17,82.52881014501844,8.962
fixed_K16,3,30,18,0.0662890749657663,9.224
fixed_K16,3,30,19,77.73560755902929,9.327
fixed_K16,3,30,2,105.79016858816806,8.688
fixed_K16,3,30,20,69.85096876677926,8.843
fixed_K16,3,30,21,15.115215539756491,9.392
fixed_K16,3,30,22,14.237617205243282,8.495
fixed_K16,3,30,23,36.212092714431435,9.038
fixed_K16,3,30,24,82.20690576991859,9.355
fixed_K16,3,30,25,96.86537012921315,9.582
fixed_K16,3,30,26,81.2505932410869,9.352
fixed_K16,3,30,27,85.10216499996216,9.6
fixed_K16,3,30,28,81.94153055969252,8.441
fixed_K16,3,30,29,84.11810345316542,9.327
fixed_K16,3,30,3,80.18768065324036,9.335
fixed_K16,3,30,4,38.11307676589092,8.243
fixed_K16,3,30,5,74.94549011884749,8.497
fixed_K16,3,30,6,100.9740449680653,9.035
fixed_K16,3,30,7,128.5029141730618,9.102
fixed_K16,3,30,8,84.00631685773533,8.783
fixed_K16,3,30,9,82.87363796750452,9.563
fixed_K16,4,30,0,374.4505918807761,8.319
fixed_K16,4,30,1,544.5461933363896,8.065
fixed_K16,4,30,10,604.1080492777437,7.122
fixed_K16,4,30,11,432.03243006123944,7.96
fixed_K16,4,30,12,489.71385818180875,8.245
fixed_K16,4,30,13,512.8602656744849,8.344
fixed_K16,4,30,14,589.1422221525148,8.248
fixed_K16,4,30,15,478.8795736165598,8.26
fixed_K16,4,30,16,817.0634082389561,7.426
fixed_K16,4,30,17,600.2698240302881,8.131
fixed_K16,4,30,18,513.8153799743336,8.18
fixed_K16,4,30,19,613.1284293596678,8.015
fixed_K16,4,30,2,555.34223752841,7.943
fixed_K16,4,30,20,438.9000853444418,8.415
fixed_K16,4,30,21,426.2545013436418,8.104
fixed_K16,4,30,22,510.62646513412267,7.384
fixed_K16,4,30,23,421.3089035053665,8.501
fixed_K16,4,30,24,649.5016164447859,8.16
fixed_K16,4,30,25,913.5535120632599,7.842
fixed_K16,4,30,26,419.0756524685837,7.858
fixed_K16,4,30,27,381.2122571239064,7.95
fixed_K16,4,30,28,583.3271635380216,7.64
fixed_K16,4,30,29,634.0333076548459,8.268
fixed_K16,4,30,3,630.9895071847434,7.938
fixed_K16,4,30,4,601.3812792172879,7.059
fixed_K16,4,30,5,620.1640806508377,8.114
fixed_K16,4,30,6,636.1305985254753,7.973
fixed_K16,4,30,7,561.4351046886608,8.08
fixed_K16,4,30,8,539.5711327414087,8.17
fixed_K16,4,30,9,569.4411153601441,8.134
fixed_K16,5,30,0,0.0005257478775888558,28.461
fixed_K16,5,30,1,0.001324038046050191,28.697
fixed_K16,5,30,10,0.0006086200481831838,27.806
fixed_K16,5,30,11,0.0002030395158385545,28.848
fixed_K16,5,30,12,0.00030127180707495427,29.09
fixed_K16,5,30,13,0.0001008107942652714,29.892
fixed_K16,5,30,14,0.0009735006383380096,28.87
fixed_K16,5,30,15,0.00021654702959494898,29.533
fixed_K16,5,30,16,7.500902017909539e-05,28.745
fixed_K16,5,30,17,0.0002336276135110893,28.584
fixed_K16,5,30,18,0.0008958630265283318,29.038
fixed_K16,5,30,19,7.822124126732888e-05,28.787
fixed_K16,5,30,2,5.379634802693545e-05,28.143
fixed_K16,5,30,20,0.0010654745679516964,28.785
fixed_K16,5,30,21,0.000580620750952221,29.652
fixed_K16,5,30,22,3.06122337292436e-05,29.061
fixed_K16,5,30,23,0.0005874057467281091,29.154
fixed_K16,5,30,24,0.0015048275623144036,28.517
fixed_K16,5,30,25,0.00022591680777850343,29.145
fixed_K16,5,30,26,0.00022159752569450575,28.566
fixed_K16,5,30,27,6.476498646179607e-05,28.845
fixed_K16,5,30,28,5.551746932042079e-05,28.71
fixed_K16,5,30,29,0.0006954464694786111,27.763
fixed_K16,5,30,3,1.1859845017170301e-07,29.186
fixed_K16,5,30,4,0.00039067183320184995,26.231
fixed_K16,5,30,5,0.00037644845059503496,28.677
fixed_K16,5,30,6,0.0008601617512908888,28.772
fixed_K16,5,30,7,0.0008201445561439868,29.321
fixed_K16,5,30,8,6.287850851549592e-05,27.987
fixed_K16,5,30,9,0.00023543760670463598,29.358
fixed_K16,6,30,0,274.82162107886086,12.398
fixed_K16,6,30,1,288.27738573441,12.826
fixed_K16,6,30,10,390.95997605704827,14.026
fixed_K16,6,30,11,305.7792211001404,12.498
fixed_K16,6,30,12,419.5480179174449,12.408
fixed_K16,6,30,13,410.95078016710545,12.882
fixed_K16,6,30,14,282.62132079517346,12.647
fixed_K16,6,30,15,625.3737445876886,12.481
fixed_K16,6,30,16,442.2733900144808,13.081
fixed_K16,6,30,17,522.2952623995507,12.88
fixed_K16,6,30,18,314.9032627703684,12.823
fixed_K16,6,30,19,508.85871023992695,12.455
fixed_K16,6,30,2,332.77508530360524,12.904
fixed_K16,6,30,20,606.6829822176405,12.588
fixed_K16,6,30,21,371.89677267967875,12.425
fixed_K16,6,30,22,410.24360590308106,13.677
fixed_K16,6,30,23,388.68625656453014,12.681
fixed_K16,6,30,24,354.8408436633339,12.751
fixed_K16,6,30,25,379.5070966302535,12.151
fixed_K16,6,30,26,332.6634677287909,12.597
fixed_K16,6,30,27,491.13269210531394,11.611
fixed_K16,6,30,28,315.9065713713753,13.201
fixed_K16,6,30,29,514.5841038934709,12.199
fixed_K16,6,30,3,595.715303885441,12.777
fixed_K16,6,30,4,360.7693249209133,13.35
fixed_K16,6,30,5,349.0201981346213,12.814
fixed_K16,6,30,6,492.0658437738946,12.687
fixed_K16,6,30,7,478.72535515644086,12.936
fixed_K16,6,30,8,251.86767667523907,12.401
fixed_K16,6,30,9,284.9746205556662,12.757
fixed_K16,7,30,0,370.00000463171546,21.925
fixed_K16,7,30,1,382.0000004269241,22.207
fixed_K16,7,30,10,416.00000065580184,23.8
fixed_K16,7,30,11,428.000005666835,22.111
fixed_K16,7,30,12,380.5000110639496,22.493
fixed_K16,7,30,13,378.0000068393763,20.204
fixed_K16,7,30,14,415.0000158956807,22.955
fixed_K16,7,30,15,400.0000007753815,20.19
fixed_K16,7,30,16,482.0000000143043,23.658
fixed_K16,7,30,17,461.0000035655671,23.33
fixed_K16,7,30,18,512.5000023518062,20.336
fixed_K16,7,30,19,380.0000043633722,19.611
fixed_K16,7,30,2,346.5000012039907,22.835
fixed_K16,7,30,20,482.0000123780435,21.75
fixed_K16,7,30,21,456.50000052928726,20.243
fixed_K16,7,30,22,392.0000091956558,23.651
fixed_K16,7,30,23,400.50000500117017,21.624
fixed_K16,7,30,24,565.5000012858227,19.985
fixed_K16,7,30,25,462.50003879920496,19.931
fixed_K16,7,30,26,449.00000189014554,20.067
fixed_K16,7,30,27,433.00000020330845,19.795
fixed_K16,7,30,28,308.0000028576644,23.939
fixed_K16,7,30,29,328.5000005738907,20.551
fixed_K16,7,30,3,434.00000006674145,22.724
fixed_K16,7,30,4,456.000040084763,23.683
fixed_K16,7,30,5,358.0000006039804,22.605
fixed_K16,7,30,6,368.00002545556345,23.351
fixed_K16,7,30,7,360.000000538535,22.988
fixed_K16,7,30,8,424.50000262915364,22.069
fixed_K16,7,30,9,346.0000025761524,23.107
fixed_K16,8,30,0,12.784391639492242,10.74
fixed_K16,8,30,1,10.781299022465532,10.836
fixed_K16,8,30,10,12.210978362834112,13.097
fixed_K16,8,30,11,16.43041311472723,11.101
fixed_K16,8,30,12,13.712121413525324,11.274
fixed_K16,8,30,13,6.689945005419418,11.736
fixed_K16,8,30,14,14.51031824159702,10.654
fixed_K16,8,30,15,12.911715168569799,11.705
fixed_K16,8,30,16,10.88004977181879,12.864
fixed_K16,8,30,17,11.871568503124536,10.844
fixed_K16,8,30,18,9.147296594872387,11.649
fixed_K16,8,30,19,9.512129295293562,11.595
fixed_K16,8,30,2,10.547800743387711,10.927
fixed_K16,8,30,20,10.280757194131525,11.606
fixed_K16,8,30,21,9.237010768415871,11.753
fixed_K16,8,30,22,7.956714543221324,12.706
fixed_K16,8,30,23,10.183305255125674,11.618
fixed_K16,8,30,24,12.657305848945043,11.565
fixed_K16,8,30,25,11.163726665212039,11.926
fixed_K16,8,30,26,8.392470242851346,11.946
fixed_K16,8,30,27,9.051087346580971,12.038
fixed_K16,8,30,28,9.326347787801978,13.063
fixed_K16,8,30,29,6.962754475432348,11.367
fixed_K16,8,30,3,7.485231169763324,11.497
fixed_K16,8,30,4,9.70262976833294,12.762
fixed_K16,8,30,5,9.943539669945267,11.033
fixed_K16,8,30,6,11.054166425155927,11.211
fixed_K16,8,30,7,11.42146326824593,11.185
fixed_K16,8,30,8,11.869271607381052,11.103
fixed_K16,8,30,9,13.325784986954545,11.745
fixed_K16,9,30,0,3469.504697635757,19.425
fixed_K16,9,30,1,3190.877997531201,20.989
fixed_K16,9,30,10,3803.0895591488606,22.745
fixed_K16,9,30,11,5245.1670305073385,20.549
fixed_K16,9,30,12,3029.894933861964,20.693
fixed_K16,9,30,13,4459.872479338491,21.799
fixed_K16,9,30,14,3291.340808597908,20.522
fixed_K16,9,30,15,4396.657190200063,20.738
fixed_K16,9,30,16,4059.933416793114,20.66
fixed_K16,9,30,17,5074.334987686266,21.843
fixed_K16,9,30,18,3288.828703457939,20.175
fixed_K16,9,30,19,4127.693603733926,22.275
fixed_K16,9,30,2,4133.723350820002,19.221
fixed_K16,9,30,20,4009.082234133464,22.485
fixed_K16,9,30,21,4298.994171378539,22.495
fixed_K16,9,30,22,4475.768518984152,18.178
fixed_K16,9,30,23,4002.8570317731464,22.677
fixed_K16,9,30,24,4175.561598766637,21.947
fixed_K16,9,30,25,2726.221627955756,21.855
fixed_K16,9,30,26,3393.5345678471404,21.513
fixed_K16,9,30,27,4377.838266099582,22.233
fixed_K16,9,30,28,2951.9697108384044,19.414
fixed_K16,9,30,29,4417.836555372078,21.001
fixed_K16,9,30,3,3929.218692786315,21.483
fixed_K16,9,30,4,2957.2046210222525,21.657
fixed_K16,9,30,5,3266.9545172798717,19.413
fixed_K16,9,30,6,3134.7393742975346,21.226
fixed_K16,9,30,7,3962.158523162372,21.276
fixed_K16,9,30,8,5234.892600643201,19.87
fixed_K16,9,30,9,5489.624457124586,21.769
random_K,10,30,0,42462.12725829848,38.266
random_K,10,30,1,63554.20036467798,38.118
random_K,10,30,10,46355.16285032844,41.395
random_K,10,30,11,39485.023817717316,38.296
random_K,10,30,12,44843.46134511399,38.45
random_K,10,30,13,75066.13396860578,37.889
random_K,10,30,14,74867.69629992996,38.376
random_K,10,30,15,55737.01473931689,38.074
random_K,10,30,16,67814.37718687308,41.317
random_K,10,30,17,45339.298464901774,38.296
random_K,10,30,18,38101.13714913714,38.471
random_K,10,30,19,66567.41396254022,38.569
random_K,10,30,2,47287.876508381276,38.422
random_K,10,30,20,46659.97239255883,38.399
random_K,10,30,21,57157.8950160854,38.909
random_K,10,30,22,52527.170465599644,41.336
random_K,10,30,23,46913.177334968976,38.292
random_K,10,30,24,56364.85526103584,38.388
random_K,10,30,25,57144.62017372977,38.02
random_K,10,30,26,57472.798868883445,38.388
random_K,10,30,27,49727.22380583808,38.153
random_K,10,30,28,45148.21161221838,41.635
random_K,10,30,29,52741.06000220105,38.14
random_K,10,30,3,43118.99589271735,38.473
random_K,10,30,4,55016.97543304983,41.329
random_K,10,30,5,42429.34142401189,38.253
random_K,10,30,6,43622.84228102719,38.512
random_K,10,30,7,78490.84484534856,38.226
random_K,10,30,8,66284.36650642857,38.13
random_K,10,30,9,68446.81812280265,38.382
random_K,11,30,0,1146864.7049269383,58.822
random_K,11,30,1,2957613.0047985506,58.681
random_K,11,30,10,2181232.2863372215,58.767
random_K,11,30,11,3197061.622121827,54.759
random_K,11,30,12,14185867.299080791,58.928
random_K,11,30,13,1286546.9319235256,57.987
random_K,11,30,14,5707880.431005229,58.078
random_K,11,30,15,3783549.903228689,53.661
random_K,11,30,16,3440416.6633251407,60.81
random_K,11,30,17,4327899.613286466,58.109
random_K,11,30,18,1224952.0078731973,61.314
random_K,11,30,19,13927071.619096613,58.459
random_K,11,30,2,824299.1530066195,57.451
random_K,11,30,20,3764630.5318524144,55.267
random_K,11,30,21,1733439.833436107,58.732
random_K,11,30,22,4717157.701101003,56.855
random_K,11,30,23,5907957.245986474,57.875
random_K,11,30,24,4489564.262370018,53.989
random_K,11,30,25,6127502.419849779,55.512
random_K,11,30,26,4813159.857642901,58.129
random_K,11,30,27,5817010.936262229,55.265
random_K,11,30,28,16197706.965660045,56.744
random_K,11,30,29,7196881.379487969,54.76
random_K,11,30,3,9990281.532750614,58.859
random_K,11,30,4,9544813.909320716,56.803
random_K,11,30,5,2120860.827624046,54.176
random_K,11,30,6,9953376.170934329,54.35
random_K,11,30,7,10514799.06408251,61.72
random_K,11,30,8,3493649.9732278683,58.67
random_K,11,30,9,7567430.4813483795,57.963
random_K,12,30,0,128353.50226042478,44.611
random_K,12,30,1,134412.13368120545,44.491
random_K,12,30,10,165924.6737027311,47.207
random_K,12,30,11,98883.48568439082,44.676
random_K,12,30,12,107121.09545554606,44.936
random_K,12,30,13,111664.98062725097,44.207
random_K,12,30,14,101834.55989417792,44.865
random_K,12,30,15,106536.47939059662,44.211
random_K,12,30,16,101396.7549584689,47.061
random_K,12,30,17,80215.43123066115,44.674
random_K,12,30,18,114529.20853243463,44.655
random_K,12,30,19,139625.5524593451,43.874
random_K,12,30,2,161682.9698313306,43.914
random_K,12,30,20,130071.21347476699,44.774
random_K,12,30,21,106398.4426795772,44.129
random_K,12,30,22,128572.03082958801,47.097
random_K,12,30,23,423343.2264492493,44.698
random_K,12,30,24,91026.50259391924,44.222
random_K,12,30,25,133104.2795047073,44.339
random_K,12,30,26,157534.1713789823,44.671
random_K,12,30,27,102953.68887075919,44.298
random_K,12,30,28,121120.50623850388,47.452
random_K,12,30,29,686196.969979074,44.388
random_K,12,30,3,134615.18180338814,44.473
random_K,12,30,4,146719.03200976845,47.113
random_K,12,30,5,152273.0186410785,43.721
random_K,12,30,6,172523.3896247495,45.247
random_K,12,30,7,139987.04193214083,44.204
random_K,12,30,8,140744.02855572646,44.147
random_K,12,30,9,81989.49006398139,44.571
random_K,13,30,0,113130.33539151071,52.173
random_K,13,30,1,105236.77031935958,52.988
random_K,13,30,10,137934.48470790999,55.168
random_K,13,30,11,172432.0357478736,51.881
random_K,13,30,12,101211.49116649767,52.72
random_K,13,30,13,118791.01108408703,45.941
random_K,13,30,14,118467.00273663516,52.01
random_K,13,30,15,109767.31206984118,45.19
random_K,13,30,16,136149.63661377158,55.145
random_K,13,30,17,155516.27423784498,52.377
random_K,13,30,18,88313.95298493291,52.452
random_K,13,30,19,98044.2394843327,53.81
random_K,13,30,2,92108.9629132484,52.047
random_K,13,30,20,127303.26167244095,52.414
random_K,13,30,21,94352.14289693341,53.027
random_K,13,30,22,88177.05673069585,54.994
random_K,13,30,23,62202.767350248534,52.455
random_K,13,30,24,102178.81506124983,45.532
random_K,13,30,25,93851.637236738,54.223
random_K,13,30,26,101243.05541443735,52.228
random_K,13,30,27,90054.52726762193,53.701
random_K,13,30,28,159168.71038879015,55.168
random_K,13,30,29,70072.73911062114,52.506
random_K,13,30,3,84900.14821582596,52.548
random_K,13,30,4,128881.28483988359,55.231
random_K,13,30,5,120470.70344104567,51.848
random_K,13,30,6,117183.40115705851,52.358
random_K,13,30,7,84638.42554085543,52.907
random_K,13,30,8,98706.59481220746,51.98
random_K,13,30,9,133189.58885321688,52.542
random_K,14,30,0,67165.9864751366,45.918
random_K,14,30,1,60307.091079486796,46.051
random_K,14,30,10,67234.24053066754,48.416
random_K,14,30,11,71730.70584827174,45.97
random_K,14,30,12,64144.40145870444,46.613
random_K,14,30,13,63268.61257665303,46.023
random_K,14,30,14,83629.89463634642,46.112
random_K,14,30,15,96768.0588093951,46.387
random_K,14,30,16,56690.29699337695,48.695
random_K,14,30,17,75095.63378921851,46.454
random_K,14,30,18,67691.47141270919,46.331
random_K,14,30,19,83777.74360222902,45.945
random_K,14,30,2,58557.133769776454,37.99
random_K,14,30,20,69115.5753182523,46.34
random_K,14,30,21,62221.86882918619,46.158
random_K,14,30,22,65493.332518683776,48.235
random_K,14,30,23,63505.67985644569,46.101
random_K,14,30,24,81208.41513597562,46.219
random_K,14,30,25,83738.67134368821,46.211
random_K,14,30,26,86631.1942390583,46.211
random_K,14,30,27,82038.3784854314,46.329
random_K,14,30,28,66972.93756061651,48.294
random_K,14,30,29,64324.089916740995,45.961
random_K,14,30,3,63859.582931188415,46.549
random_K,14,30,4,70134.09608003506,48.515
random_K,14,30,5,70423.58341274259,37.923
random_K,14,30,6,76931.04116914797,46.468
random_K,14,30,7,71232.46144869382,46.024
random_K,14,30,8,82026.77121046145,45.399
random_K,14,30,9,66755.67836643878,46.408
random_K,15,30,0,10414.107392646794,123.869
random_K,15,30,1,5975.687132301519,123.602
random_K,15,30,10,3852.6744869774884,128.426
random_K,15,30,11,6287.953666385443,124.793
random_K,15,30,12,2521.9119126592573,123.665
random_K,15,30,13,7373.259117667039,120.288
random_K,15,30,14,2454.225471459721,123.026
random_K,15,30,15,5083.933677800376,124.601
random_K,15,30,16,3877.362066510007,128.577
random_K,15,30,17,5050.742931590075,122.939
random_K,15,30,18,5884.521037889496,120.636
random_K,15,30,19,19307.58900999676,123.369
random_K,15,30,2,8155.100281014147,123.888
random_K,15,30,20,5020.4524140203575,123.183
random_K,15,30,21,7535.645375332764,124.681
random_K,15,30,22,5378.1076970818485,128.727
random_K,15,30,23,10411.624790969043,123.122
random_K,15,30,24,4352.454224006753,120.548
random_K,15,30,25,4282.763752994625,124.751
random_K,15,30,26,4502.3048356290365,123.038
random_K,15,30,27,3669.556527225446,123.983
random_K,15,30,28,4363.747777196077,128.353
random_K,15,30,29,7826.875699389657,123.204
random_K,15,30,3,8005.550508552547,124.691
random_K,15,30,4,3402.587364728588,128.657
random_K,15,30,5,9005.942095627724,123.376
random_K,15,30,6,8129.364675335752,123.814
random_K,15,30,7,5620.477100094127,123.222
random_K,15,30,8,3202.7468122818827,123.609
random_K,15,30,9,5023.199354327074,123.506
random_K,16,30,0,1667.0899788813267,438.482
random_K,16,30,1,1620.3065840452464,440.121
random_K,16,30,10,1100.638499835488,440.637
random_K,16,30,11,2415.5784206428566,437.893
random_K,16,30,12,1564.2630659310457,437.006
random_K,16,30,13,1306.2571138978992,436.752
random_K,16,30,14,1560.9675168629983,433.484
random_K,16,30,15,1528.6909061833635,435.114
random_K,16,30,16,1827.5058339923398,439.226
random_K,16,30,17,2094.975724665176,434.044
random_K,16,30,18,2017.3180924060707,433.461
random_K,16,30,19,2017.1071151000406,436.108
random_K,16,30,2,1792.3443335928005,434.29
random_K,16,30,20,1495.7493565179134,433.273
random_K,16,30,21,1186.1183675687025,435.446
random_K,16,30,22,1088.5946753560165,438.245
random_K,16,30,23,2074.449030697411,433.387
random_K,16,30,24,1074.81485257018,433.0
random_K,16,30,25,1431.4310813329002,440.7
random_K,16,30,26,2728.630813407357,437.252
random_K,16,30,27,1892.9482283696507,435.894
random_K,16,30,28,1978.8656306771218,441.677
random_K,16,30,29,2302.4927864965643,437.854
random_K,16,30,3,1193.9303352507177,434.803
random_K,16,30,4,1222.1092090863958,442.603
random_K,16,30,5,1955.643753236544,439.486
random_K,16,30,6,2040.0959663619624,437.566
random_K,16,30,7,2270.688380297811,436.489
random_K,16,30,8,1950.0055128387007,437.166
random_K,16,30,9,2752.8551101056264,439.592
random_K,17,30,0,142267.67353449622,57.207
random_K,17,30,1,372420.9899695712,57.514
random_K,17,30,10,272424.1011058777,29.741
random_K,17,30,11,151574.27269386558,56.92
random_K,17,30,12,531214.7245524313,57.207
random_K,17,30,13,173464.14212072018,57.446
random_K,17,30,14,208009.0372985224,56.848
random_K,17,30,15,102961.80170725222,57.179
random_K,17,30,16,896083.1277842345,17.302
random_K,17,30,17,203977.8319738772,57.17
random_K,17,30,18,83267.37280536318,57.703
random_K,17,30,19,69045.36872830913,57.823
random_K,17,30,2,345738.7326203532,56.938
random_K,17,30,20,117008.85672126363,56.893
random_K,17,30,21,862493.7265930421,57.146
random_K,17,30,22,415814.79686476296,49.163
random_K,17,30,23,209209.06671304928,57.088
random_K,17,30,24,143459.69942816728,57.191
random_K,17,30,25,503012.6714945328,57.314
random_K,17,30,26,534462.7577890784,57.292
random_K,17,30,27,211642.61178773438,56.853
random_K,17,30,28,365500.08253741724,59.748
random_K,17,30,29,183732.29554883082,57.022
random_K,17,30,3,567538.3256930008,57.085
random_K,17,30,4,76431.52018800372,60.682
random_K,17,30,5,112089.4333233093,57.168
random_K,17,30,6,270228.81384724594,57.201
random_K,17,30,7,141266.10994118184,57.93
random_K,17,30,8,473532.1458743264,56.853
random_K,17,30,9,520467.11000322044,57.466
random_K,18,30,0,44768.812841741594,217.263
random_K,18,30,1,48506.89148640676,215.354
random_K,18,30,10,38169.22583785063,190.802
random_K,18,30,11,50584.255388769765,215.955
random_K,18,30,12,60140.87835508396,216.854
random_K,18,30,13,38493.61055079896,215.951
random_K,18,30,14,59246.00929124346,215.492
random_K,18,30,15,66860.34764717285,215.747
random_K,18,30,16,33998.99110482722,87.913
random_K,18,30,17,29937.460966401995,215.371
random_K,18,30,18,40009.66131633876,216.061
random_K,18,30,19,70782.29520057327,214.999
random_K,18,30,2,87442.07611707522,215.797
random_K,18,30,20,112045.07039374262,215.504
random_K,18,30,21,32619.577742117894,215.478
random_K,18,30,22,38183.56615009467,225.395
random_K,18,30,23,91690.52618007436,214.77
random_K,18,30,24,67040.93022863862,215.322
random_K,18,30,25,54115.14951077361,215.311
random_K,18,30,26,50474.40965212956,215.897
random_K,18,30,27,48777.3300748465,215.386
random_K,18,30,28,47595.337338443365,225.362
random_K,18,30,29,52434.7222172591,215.689
random_K,18,30,3,73627.86762546166,215.285
random_K,18,30,4,79121.4510932087,224.749
random_K,18,30,5,53428.97654175476,216.108
random_K,18,30,6,63952.85671532774,216.967
random_K,18,30,7,24979.739886287734,215.012
random_K,18,30,8,36752.448655381995,215.081
random_K,18,30,9,53108.69518233897,216.295
random_K,19,30,0,1829.491089978298,447.174
random_K,19,30,1,2590.1071371151656,434.836
random_K,19,30,10,2437.8770757812545,446.845
random_K,19,30,11,2664.188269730106,356.414
random_K,19,30,12,2710.2145224135575,336.996
random_K,19,30,13,1940.7129214746328,278.204
random_K,19,30,14,2484.076460446555,384.073
random_K,19,30,15,1464.5174001836504,273.111
random_K,19,30,16,2744.3718542978113,450.106
random_K,19,30,17,2606.547955852361,354.326
random_K,19,30,18,1051.8570092935806,381.492
random_K,19,30,19,1777.7009193751442,446.856
random_K,19,30,2,2493.0020005941124,443.836
random_K,19,30,20,1473.0962124530397,335.876
random_K,19,30,21,2181.240773423076,447.075
random_K,19,30,22,2166.1094201202727,453.413
random_K,19,30,23,2204.1709122039565,363.947
random_K,19,30,24,2946.5649650130363,438.815
random_K,19,30,25,3087.9270021570755,441.08
random_K,19,30,26,2289.579674388984,438.843
random_K,19,30,27,1638.9149394951228,438.502
random_K,19,30,28,1589.6874635309973,449.729
random_K,19,30,29,2215.632789036682,439.707
random_K,19,30,3,2284.694400016171,439.464
random_K,19,30,4,2651.542953700289,443.062
random_K,19,30,5,2197.025058904357,448.047
random_K,19,30,6,2351.9046422356087,355.26
random_K,19,30,7,2663.446795252935,371.971
random_K,19,30,8,2316.0934692784112,359.119
random_K,19,30,9,2588.042168866523,366.933
random_K,1,30,0,403.63055081618455,16.882
random_K,1,30,1,2578.0846125637354,10.882
random_K,1,30,10,2420.9010049221697,16.332
random_K,1,30,11,4671.54675156272,16.548
random_K,1,30,12,333.35457278936826,17.202
random_K,1,30,13,3959.0328226241413,16.829
random_K,1,30,14,1015.2835542887651,16.644
random_K,1,30,15,880.1275720622735,16.204
random_K,1,30,16,6198.5509648073285,17.276
random_K,1,30,17,478.00764578306485,16.279
random_K,1,30,18,2141.0227952312757,16.908
random_K,1,30,19,300.41008330711657,16.818
random_K,1,30,2,4012.1138491390875,16.376
random_K,1,30,20,550.8316446545587,16.784
random_K,1,30,21,845.613990784171,16.014
random_K,1,30,22,1305.8120755148739,17.191
random_K,1,30,23,411.9674977376175,16.038
random_K,1,30,24,2175.189129681394,16.9
random_K,1,30,25,2936.9992026038767,15.814
random_K,1,30,26,5458.918949357553,16.95
random_K,1,30,27,448.3188558122355,16.007
random_K,1,30,28,2293.7695879302846,18.032
random_K,1,30,29,3086.570680872087,16.901
random_K,1,30,3,6466.140617508097,16.681
random_K,1,30,4,1650.990442881405,16.53
random_K,1,30,5,1967.6601087025206,16.776
random_K,1,30,6,2380.6232590215172,16.816
random_K,1,30,7,3096.340637928499,15.79
random_K,1,30,8,1417.4714964634957,16.274
random_K,1,30,9,1902.3921978248147,16.822
random_K,20,30,0,784.3793793044615,66.35
random_K,20,30,1,787.0323990387992,69.426
random_K,20,30,10,1334.3802501267846,72.853
random_K,20,30,11,100.42134780580136,69.861
random_K,20,30,12,100.54878126162293,70.335
random_K,20,30,13,100.51760185746889,70.398
random_K,20,30,14,851.8976948727259,69.766
random_K,20,30,15,100.57581513205878,70.404
random_K,20,30,16,898.0829483003108,71.798
random_K,20,30,17,100.58284280907947,70.846
random_K,20,30,18,100.66389700055834,71.056
random_K,20,30,19,1171.393120017803,70.833
random_K,20,30,2,767.740559238845,69.827
random_K,20,30,20,100.55544570514621,69.725
random_K,20,30,21,1049.7814255075023,69.744
random_K,20,30,22,853.2714403650448,73.245
random_K,20,30,23,896.5695040237192,70.125
random_K,20,30,24,1056.5452911875782,70.11
random_K,20,30,25,767.3550734569117,70.78
random_K,20,30,26,100.6431639853763,70.71
random_K,20,30,27,609.7193026406867,70.846
random_K,20,30,28,823.2374999168196,72.613
random_K,20,30,29,849.5717320432027,69.559
random_K,20,30,3,100.56839169957357,70.588
random_K,20,30,4,100.75393863910404,72.395
random_K,20,30,5,859.4216156614975,67.233
random_K,20,30,6,687.6231447526407,70.305
random_K,20,30,7,629.8281410639165,70.306
random_K,20,30,8,803.7458258145703,66.697
random_K,20,30,9,100.66812521758175,70.404
random_K,21,30,0,2547.220177158333,90.423
random_K,21,30,1,2232.6004184882186,89.421
random_K,21,30,10,1638.9784225866429,96.085
random_K,21,30,11,1898.9393419926364,92.857
random_K,21,30,12,1813.735040852238,90.254
random_K,21,30,13,2690.9441916169108,94.195
random_K,21,30,14,1619.5116374130084,92.772
random_K,21,30,15,1575.9365713942452,93.447
random_K,21,30,16,637.9203906521943,94.325
random_K,21,30,17,1800.3544571709772,90.838
random_K,21,30,18,3189.947644611655,89.522
random_K,21,30,19,2033.1646376136932,92.17
random_K,21,30,2,1864.6953265364841,92.868
random_K,21,30,20,945.3014710391635,91.819
random_K,21,30,21,2895.3193292220385,92.25
random_K,21,30,22,3271.397957045814,94.906
random_K,21,30,23,2356.809079885902,89.042
random_K,21,30,24,1805.2652788936693,92.65
random_K,21,30,25,1893.656240088631,91.481
random_K,21,30,26,1983.1033476024922,92.062
random_K,21,30,27,2494.929830774663,89.344
random_K,21,30,28,2448.9306736598282,94.774
random_K,21,30,29,1946.2486321492397,91.606
random_K,21,30,3,2318.317685811746,92.196
random_K,21,30,4,1758.436668500513,94.568
random_K,21,30,5,2406.3336330471484,91.524
random_K,21,30,6,2081.6970657731163,92.709
random_K,21,30,7,2588.983718677504,90.808
random_K,21,30,8,2613.2580551353876,89.842
random_K,21,30,9,1002.1914398242006,89.412
random_K,22,30,0,1096.5322691742635,110.376
random_K,22,30,1,202.44651153670475,106.912
random_K,22,30,10,1174.5638771318254,112.638
random_K,22,30,11,202.09633137812125,106.574
random_K,22,30,12,203.2916432222528,107.54
random_K,22,30,13,202.78206642184023,108.001
random_K,22,30,14,202.0086076279281,105.678
random_K,22,30,15,202.24772953954016,107.962
random_K,22,30,16,202.30131780050488,111.57
random_K,22,30,17,202.5539381145445,106.324
random_K,22,30,18,202.48649593501068,108.207
random_K,22,30,19,202.73845152791228,108.318
random_K,22,30,2,202.67850538321863,107.31
random_K,22,30,20,202.38425028195616,107.72
random_K,22,30,21,994.4084568806479,110.885
random_K,22,30,22,1233.295645037574,113.991
random_K,22,30,23,203.02799730190782,107.522
random_K,22,30,24,202.39481673448972,108.07
random_K,22,30,25,202.5158178968236,108.744
random_K,22,30,26,773.559424131282,110.966
random_K,22,30,27,746.0313706888705,110.673
random_K,22,30,28,201.45003254046605,107.971
random_K,22,30,29,203.1717324724341,107.842
random_K,22,30,3,919.0742153918227,108.923
random_K,22,30,4,202.62693342144848,111.121
random_K,22,30,5,202.5321224770155,107.335
random_K,22,30,6,987.383293157699,108.611
random_K,22,30,7,202.58603807288,108.861
random_K,22,30,8,202.5616486150534,107.287
random_K,22,30,9,202.3444607499573,108.026
random_K,23,30,0,201.50140061029833,86.336
random_K,23,30,1,201.4304220356271,86.264
random_K,23,30,10,201.3363180196584,87.369
random_K,23,30,11,201.5196262227737,86.493
random_K,23,30,12,816.3031674355998,86.11
random_K,23,30,13,201.39086622368905,87.024
random_K,23,30,14,201.61664483782897,85.852
random_K,23,30,15,698.7684897706745,86.908
random_K,23,30,16,202.1937155119267,88.621
random_K,23,30,17,200.87967648854328,85.388
random_K,23,30,18,201.78936092838194,86.168
random_K,23,30,19,201.59398438161088,85.975
random_K,23,30,2,201.9599239468671,86.083
random_K,23,30,20,201.98402001549448,85.74
random_K,23,30,21,201.5457463125067,85.688
random_K,23,30,22,201.77604777873512,88.389
random_K,23,30,23,201.32184541044126,85.235
random_K,23,30,24,201.42702795833839,85.74
random_K,23,30,25,201.90741293717656,85.758
random_K,23,30,26,201.98480282941136,86.471
random_K,23,30,27,201.54535618586715,85.207
random_K,23,30,28,201.45221721544567,88.768
random_K,23,30,29,816.2404436784082,86.465
random_K,23,30,3,201.2254328270792,85.565
random_K,23,30,4,201.51626308385812,87.649
random_K,23,30,5,201.7225550112771,85.737
random_K,23,30,6,201.2377377357825,85.788
random_K,23,30,7,201.40109519004636,85.73
random_K,23,30,8,201.37389254679238,86.352
random_K,23,30,9,201.56505565691077,85.786
random_K,24,30,0,460.58448822567425,98.388
random_K,24,30,1,513.9472785430116,100.126
random_K,24,30,10,440.51109303241583,103.074
random_K,24,30,11,445.22881518252825,100.094
random_K,24,30,12,451.9828562073217,99.568
random_K,24,30,13,460.66474821373686,100.248
random_K,24,30,14,468.9003805802008,100.491
random_K,24,30,15,429.97702362287873,100.429
random_K,24,30,16,479.99655446161705,103.392
random_K,24,30,17,488.0979833950323,99.171
random_K,24,30,18,436.0857867883187,99.64
random_K,24,30,19,524.1238027378995,99.939
random_K,24,30,2,524.4574394526444,99.263
random_K,24,30,20,462.3284474557604,98.736
random_K,24,30,21,544.0495340252023,100.223
random_K,24,30,22,529.1149773306915,104.756
random_K,24,30,23,451.946278708559,98.485
random_K,24,30,24,442.4480441839073,100.49
random_K,24,30,25,436.6008958884486,100.796
random_K,24,30,26,488.60519540966243,100.195
random_K,24,30,27,475.01865187615795,100.598
random_K,24,30,28,504.0689492135966,102.536
random_K,24,30,29,451.6694501199336,99.729
random_K,24,30,3,448.7066841403321,100.801
random_K,24,30,4,470.2996162484292,102.847
random_K,24,30,5,462.13741056072877,98.289
random_K,24,30,6,438.3157081178133,100.965
random_K,24,30,7,438.89796553999395,99.531
random_K,24,30,8,456.7198664494549,99.097
random_K,24,30,9,459.108318568974,99.314
random_K,25,30,0,921.7214347460895,393.279
random_K,25,30,1,851.0566567630094,390.973
random_K,25,30,10,797.0350065068583,406.425
random_K,25,30,11,952.635722486275,390.106
random_K,25,30,12,800.2517496680671,383.438
random_K,25,30,13,788.6897500208161,380.886
random_K,25,30,14,741.7529752532869,382.602
random_K,25,30,15,853.9046477099823,383.815
random_K,25,30,16,778.5256398553056,409.05
random_K,25,30,17,776.1850157583922,384.35
random_K,25,30,18,871.4095412456945,384.641
random_K,25,30,19,819.7328203966172,386.431
random_K,25,30,2,760.6117167040893,389.695
random_K,25,30,20,823.9061141971956,381.065
random_K,25,30,21,744.4359542963512,388.608
random_K,25,30,22,774.6221205438474,407.633
random_K,25,30,23,799.6872098784597,383.937
random_K,25,30,24,788.8301119851867,390.399
random_K,25,30,25,739.5687641473141,385.864
random_K,25,30,26,822.5969547076429,387.306
random_K,25,30,27,1000.467830940664,389.109
random_K,25,30,28,765.0975140707606,408.681
random_K,25,30,29,765.0705728704675,388.726
random_K,25,30,3,810.5541050365291,392.25
random_K,25,30,4,761.9992604011604,405.585
random_K,25,30,5,807.9748032022771,390.617
random_K,25,30,6,790.5629768428853,388.68
random_K,25,30,7,852.6677599604809,391.591
random_K,25,30,8,783.6507889941859,390.022
random_K,25,30,9,812.7948518900425,393.225
random_K,26,30,0,1501.9023854005936,396.728
random_K,26,30,1,1697.9520619336854,395.651
random_K,26,30,10,1516.1486718330543,421.233
random_K,26,30,11,1442.9748146828351,396.393
random_K,26,30,12,1602.173516084471,401.005
random_K,26,30,13,1358.3767173703964,400.838
random_K,26,30,14,1515.5658429027608,398.306
random_K,26,30,15,1008.8961139769099,401.469
random_K,26,30,16,1189.8656117063892,423.895
random_K,26,30,17,1388.3222180584771,398.669
random_K,26,30,18,1774.702049218935,400.833
random_K,26,30,19,1764.6357389906761,398.577
random_K,26,30,2,1284.4713738349583,394.374
random_K,26,30,20,1578.2339875907473,399.175
random_K,26,30,21,1331.8382730205549,401.309
random_K,26,30,22,1103.7813349973949,420.8
random_K,26,30,23,1561.2422286921228,399.305
random_K,26,30,24,2410.7859019457637,401.698
random_K,26,30,25,612.3839814561925,399.365
random_K,26,30,26,1279.0642907071428,399.308
random_K,26,30,27,745.9267517725102,401.862
random_K,26,30,28,1432.7748292066594,420.233
random_K,26,30,29,1049.1858970414214,399.695
random_K,26,30,3,1442.9343604868404,398.696
random_K,26,30,4,756.0164332501358,422.818
random_K,26,30,5,1648.9688866350743,395.318
random_K,26,30,6,863.3036478158192,397.945
random_K,26,30,7,1623.31151185421,398.888
random_K,26,30,8,1480.2775446186788,395.372
random_K,26,30,9,1586.2031815698238,399.275
random_K,27,30,0,140.14482578388652,378.574
random_K,27,30,1,240.33216247153086,377.173
random_K,27,30,10,102.1623110206715,399.063
random_K,27,30,11,252.61768585942127,376.353
random_K,27,30,12,279.61919162287495,378.744
random_K,27,30,13,77.1441387329669,378.02
random_K,27,30,14,114.32229669755952,376.538
random_K,27,30,15,74.82170610926914,379.263
random_K,27,30,16,67.57359969897516,399.525
random_K,27,30,17,68.62499005246036,376.604
random_K,27,30,18,455.772091115055,378.454
random_K,27,30,19,80.35503064274872,377.237
random_K,27,30,2,110.47030104792702,376.039
random_K,27,30,20,253.27012448516598,375.838
random_K,27,30,21,81.30666829144911,378.031
random_K,27,30,22,56.395551798969336,398.903
random_K,27,30,23,90.92784176873101,376.872
random_K,27,30,24,121.46042645070793,378.278
random_K,27,30,25,101.71006904426258,377.691
random_K,27,30,26,321.01060302113956,376.409
random_K,27,30,27,452.8620966449089,378.489
random_K,27,30,28,453.53061376553705,398.881
random_K,27,30,29,101.83673283105145,377.102
random_K,27,30,3,435.22874532609376,378.584
random_K,27,30,4,66.45888006912537,398.285
random_K,27,30,5,311.1353438743313,376.533
random_K,27,30,6,423.8563444046399,378.011
random_K,27,30,7,247.47516150461115,377.894
random_K,27,30,8,227.12735257134773,376.201
random_K,27,30,9,212.93159624514192,378.26
random_K,28,30,0,53274.68027596644,611.601
random_K,28,30,1,65203.39077287697,614.342
random_K,28,30,10,63680.81512265038,628.161
random_K,28,30,11,63046.251207593465,610.813
random_K,28,30,12,71748.91197414469,613.784
random_K,28,30,13,61203.72991492528,615.891
random_K,28,30,14,54105.86151791636,611.716
random_K,28,30,15,32809.213037597205,615.894
random_K,28,30,16,22516.009806867845,626.446
random_K,28,30,17,40917.05145544332,613.232
random_K,28,30,18,44646.078889676086,613.497
random_K,28,30,19,54333.821202215695,614.354
random_K,28,30,2,25982.000527468794,610.351
random_K,28,30,20,58025.915981396975,610.808
random_K,28,30,21,47783.130309950255,613.3
random_K,28,30,22,47023.62140932519,631.144
random_K,28,30,23,48456.65272621147,612.447
random_K,28,30,24,43235.35543047273,612.633
random_K,28,30,25,60564.70844800706,613.882
random_K,28,30,26,39744.30195254838,611.075
random_K,28,30,27,60550.780300713,613.217
random_K,28,30,28,64001.85310206753,579.418
random_K,28,30,29,89816.71137319657,608.938
random_K,28,30,3,51686.40019184927,611.347
random_K,28,30,4,56635.14377218114,625.922
random_K,28,30,5,57940.38577432457,611.747
random_K,28,30,6,43858.24216176144,611.385
random_K,28,30,7,30772.34174034532,614.365
random_K,28,30,8,51705.17384033311,611.544
random_K,28,30,9,36196.875444024656,615.316
random_K,29,30,0,908748.0285131027,323.485
random_K,29,30,1,4548061.171894185,323.622
random_K,29,30,10,2794146.6965838065,117.909
random_K,29,30,11,752508.0032169132,321.998
random_K,29,30,12,650483.8762876076,324.073
random_K,29,30,13,386149.3347851135,323.547
random_K,29,30,14,1043072.1357413122,322.572
random_K,29,30,15,1316814.4195586,323.908
random_K,29,30,16,1044743.2132666011,185.224
random_K,29,30,17,819319.690314795,322.46
random_K,29,30,18,1501618.679994374,323.804
random_K,29,30,19,12535188.793816065,323.463
random_K,29,30,2,953128.9641073088,322.045
random_K,29,30,20,1163870.8346201726,322.453
random_K,29,30,21,846336.4749626576,323.988
random_K,29,30,22,1127802.8059316815,217.961
random_K,29,30,23,945907.5445432668,322.175
random_K,29,30,24,949148.8867066165,325.504
random_K,29,30,25,767949.4734794834,326.173
random_K,29,30,26,999610.5193989647,322.306
random_K,29,30,27,1458763.6266068425,325.661
random_K,29,30,28,830772.1683486456,265.753
random_K,29,30,29,953464.0349383944,322.718
random_K,29,30,3,1551327.9759652065,323.9
random_K,29,30,4,350931.515100386,108.72
random_K,29,30,5,1325811.1470136303,321.864
random_K,29,30,6,1250970.321063026,324.32
random_K,29,30,7,722997.7822850221,323.127
random_K,29,30,8,1237609.7666836418,322.362
random_K,29,30,9,889919.6048029433,323.59
random_K,3,30,0,144.92103866272555,22.255
random_K,3,30,1,15.22925660424869,21.845
random_K,3,30,10,15.915567136414495,22.127
random_K,3,30,11,81.96603650686313,21.28
random_K,3,30,12,81.2355852772344,22.243
random_K,3,30,13,82.70214826011204,22.146
random_K,3,30,14,15.182488426270481,22.824
random_K,3,30,15,80.63087379082748,22.516
random_K,3,30,16,15.413072232347758,21.974
random_K,3,30,17,16.028905302339012,17.922
random_K,3,30,18,0.5731695458093213,21.988
random_K,3,30,19,69.13582989714268,22.033
random_K,3,30,2,82.64685763449205,22.34
random_K,3,30,20,73.39427787978127,15.822
random_K,3,30,21,130.13615389816516,21.83
random_K,3,30,22,80.21855401955003,21.808
random_K,3,30,23,32.29238762936728,22.29
random_K,3,30,24,81.16091992202996,21.926
random_K,3,30,25,44.10290120331774,21.554
random_K,3,30,26,14.634604181792724,21.981
random_K,3,30,27,82.25061180108781,21.882
random_K,3,30,28,14.189554694007825,22.607
random_K,3,30,29,105.34717699759995,21.937
random_K,3,30,3,79.82886855722933,22.414
random_K,3,30,4,51.441920546304004,22.924
random_K,3,30,5,75.20893178258098,22.152
random_K,3,30,6,65.0931163579865,15.699
random_K,3,30,7,127.9674527636945,21.757
random_K,3,30,8,70.76985907934278,22.281
random_K,3,30,9,81.32096348057632,21.943
random_K,4,30,0,753.2552149589417,20.691
random_K,4,30,1,761.2113976699948,19.865
random_K,4,30,10,664.7040616917861,20.318
random_K,4,30,11,570.3395931422539,20.031
random_K,4,30,12,691.5693701892014,19.665
random_K,4,30,13,441.8728038912901,19.583
random_K,4,30,14,672.7202503182216,19.844
random_K,4,30,15,569.2159196138884,19.796
random_K,4,30,16,640.8067313957349,20.014
random_K,4,30,17,619.9340959350657,19.949
random_K,4,30,18,537.3251134795768,19.876
random_K,4,30,19,496.59810631947073,20.078
random_K,4,30,2,507.4839740991522,20.333
random_K,4,30,20,559.2568867699814,20.047
random_K,4,30,21,825.8750504412812,19.502
random_K,4,30,22,908.4934851427354,20.628
random_K,4,30,23,651.7482335988857,19.66
random_K,4,30,24,635.858229818941,19.713
random_K,4,30,25,282.7502210321927,19.271
random_K,4,30,26,513.4765735074199,20.096
random_K,4,30,27,545.3850124431065,19.384
random_K,4,30,28,776.1197112133364,20.663
random_K,4,30,29,491.60216489286915,20.073
random_K,4,30,3,601.0903724779548,20.181
random_K,4,30,4,739.3407983841357,20.206
random_K,4,30,5,623.9102105814238,20.002
random_K,4,30,6,471.65720854312247,19.734
random_K,4,30,7,628.8437776727765,19.045
random_K,4,30,8,651.7589346847003,19.874
random_K,4,30,9,711.5088308664458,19.674
random_K,5,30,0,0.0005877133810940904,60.595
random_K,5,30,1,0.0005064089952497852,60.662
random_K,5,30,10,6.154632086463607e-05,60.918
random_K,5,30,11,0.00016185057108941692,60.599
random_K,5,30,12,0.0004224396831773447,60.301
random_K,5,30,13,0.0001770399830434144,60.815
random_K,5,30,14,0.0003833932808561258,60.26
random_K,5,30,15,0.002472473219256699,60.584
random_K,5,30,16,0.001927965011248034,60.357
random_K,5,30,17,0.0008961348607954278,60.249
random_K,5,30,18,0.0007119731399143348,60.467
random_K,5,30,19,0.0002860891340219496,61.626
random_K,5,30,2,0.00020541837466225843,61.05
random_K,5,30,20,0.00011530326111142131,60.071
random_K,5,30,21,0.0007419371559080901,61.931
random_K,5,30,22,0.0002319890389799184,61.158
random_K,5,30,23,0.0009024706750437872,60.382
random_K,5,30,24,2.4639732771447598e-05,60.508
random_K,5,30,25,0.0025880347557745154,62.495
random_K,5,30,26,0.0001038749295503294,60.179
random_K,5,30,27,2.270225252232194e-06,62.161
random_K,5,30,28,3.6017523825648823e-06,61.043
random_K,5,30,29,0.0004576867393666362,60.353
random_K,5,30,3,0.00036349480234321163,60.7
random_K,5,30,4,0.0014087210301454434,61.501
random_K,5,30,5,0.0012125365360020623,60.775
random_K,5,30,6,0.0002522726430811417,60.464
random_K,5,30,7,0.000968716149031934,60.806
random_K,5,30,8,0.002376536280394248,60.245
random_K,5,30,9,0.0008024206527466049,60.84
random_K,6,30,0,362.15619771201136,31.275
random_K,6,30,1,524.5949549196553,30.844
random_K,6,30,10,466.5664606754733,24.955
random_K,6,30,11,562.941581003005,31.943
random_K,6,30,12,374.4419210680221,31.611
random_K,6,30,13,498.81271985477224,31.326
random_K,6,30,14,567.2028090992121,31.334
random_K,6,30,15,640.4440364207285,31.055
random_K,6,30,16,307.4288238775496,32.358
random_K,6,30,17,423.5640868088376,31.518
random_K,6,30,18,651.6350494897642,31.333
random_K,6,30,19,483.5182742813904,31.155
random_K,6,30,2,302.8304067188559,30.374
random_K,6,30,20,400.50750977220446,30.633
random_K,6,30,21,473.0877008254656,31.481
random_K,6,30,22,526.8062409940585,33.385
random_K,6,30,23,605.8177814438764,31.644
random_K,6,30,24,450.1970750344565,31.575
random_K,6,30,25,418.0971668688411,31.63
random_K,6,30,26,312.1458422666292,31.557
random_K,6,30,27,353.6855286142704,31.753
random_K,6,30,28,414.0939980945109,32.908
random_K,6,30,29,522.9559789907455,31.212
random_K,6,30,3,434.5230080813783,31.653
random_K,6,30,4,689.3773282281231,31.542
random_K,6,30,5,366.07491899957404,30.664
random_K,6,30,6,363.4288647073407,31.042
random_K,6,30,7,377.813974133363,31.928
random_K,6,30,8,417.468719280065,30.749
random_K,6,30,9,401.8221593328926,31.672
random_K,7,30,0,378.0000011712159,56.687
random_K,7,30,1,410.00000168751376,55.725
random_K,7,30,10,476.50000001445915,58.371
random_K,7,30,11,340.0000010084982,56.71
random_K,7,30,12,376.0000007061217,57.232
random_K,7,30,13,454.5000010509,56.632
random_K,7,30,14,413.50000407301945,56.256
random_K,7,30,15,368.00000001662397,56.086
random_K,7,30,16,492.50000003975765,57.19
random_K,7,30,17,494.50000004887283,57.122
random_K,7,30,18,472.0000016052036,56.292
random_K,7,30,19,516.5000000444641,55.907
random_K,7,30,2,334.0000003024943,56.689
random_K,7,30,20,610.5000001166177,56.872
random_K,7,30,21,440.5000021808837,55.469
random_K,7,30,22,386.00000345962167,56.833
random_K,7,30,23,388.00000137295774,57.22
random_K,7,30,24,374.5000000168552,56.357
random_K,7,30,25,434.0000003829023,55.168
random_K,7,30,26,437.5000003171101,57.795
random_K,7,30,27,499.0000002536849,56.124
random_K,7,30,28,376.50000113279657,57.32
random_K,7,30,29,318.5000000741786,56.995
random_K,7,30,3,388.0000004246451,56.308
random_K,7,30,4,452.5000001320923,57.536
random_K,7,30,5,439.00000025260283,57.35
random_K,7,30,6,471.0000022785475,56.487
random_K,7,30,7,478.5000001400813,56.954
random_K,7,30,8,406.00000009984296,56.664
random_K,7,30,9,370.0000014326399,56.355
random_K,8,30,0,13.151394767357942,29.411
random_K,8,30,1,7.993246672977875,29.526
random_K,8,30,10,12.121504161541338,29.981
random_K,8,30,11,9.051106725910472,29.128
random_K,8,30,12,18.636497590125714,29.461
random_K,8,30,13,6.600582065209892,28.977
random_K,8,30,14,15.871212112194257,29.186
random_K,8,30,15,12.12606861157542,29.188
random_K,8,30,16,8.8720528556197,30.18
random_K,8,30,17,10.990356013605606,29.22
random_K,8,30,18,8.782496828033686,29.682
random_K,8,30,19,6.597983655819462,28.922
random_K,8,30,2,10.186778075236816,29.685
random_K,8,30,20,11.687505116716125,29.228
random_K,8,30,21,12.933423657476737,29.161
random_K,8,30,22,11.481339145818765,29.953
random_K,8,30,23,10.3026106554629,29.062
random_K,8,30,24,8.871706396861669,29.461
random_K,8,30,25,9.601592457436368,29.506
random_K,8,30,26,6.966432062688796,29.441
random_K,8,30,27,6.694707129462586,29.606
random_K,8,30,28,9.0577625030013,29.98
random_K,8,30,29,6.143634909727211,29.577
random_K,8,30,3,10.143817352955239,29.253
random_K,8,30,4,7.692350534945945,30.195
random_K,8,30,5,8.879294763287817,29.582
random_K,8,30,6,8.87202060697939,29.571
random_K,8,30,7,11.570757935570441,28.642
random_K,8,30,8,12.144550987694629,29.663
random_K,8,30,9,8.415256775356738,28.728
random_K,9,30,0,4494.0242172762155,45.616
random_K,9,30,1,3542.865937950208,46.798
random_K,9,30,10,4838.387773827265,47.844
random_K,9,30,11,4335.883971515697,45.663
random_K,9,30,12,3494.7400867287142,47.496
random_K,9,30,13,4238.390685204933,45.685
random_K,9,30,14,4737.7233933593225,42.839
random_K,9,30,15,4949.062361519563,43.521
random_K,9,30,16,3391.785581439348,44.466
random_K,9,30,17,3330.141382525606,45.755
random_K,9,30,18,2721.7578575665066,45.933
random_K,9,30,19,4718.227983426236,46.778
random_K,9,30,2,4470.417101716921,43.919
random_K,9,30,20,2822.3517655221694,47.707
random_K,9,30,21,4594.280215722256,45.459
random_K,9,30,22,4140.64134031723,47.49
random_K,9,30,23,3749.347454007835,45.519
random_K,9,30,24,4457.085270680351,45.285
random_K,9,30,25,2729.836008896451,46.086
random_K,9,30,26,3253.708717126048,45.295
random_K,9,30,27,4496.57628165973,43.595
random_K,9,30,28,4532.923514128102,47.513
random_K,9,30,29,4820.067878753074,44.025
random_K,9,30,3,2897.4520280953875,47.11
random_K,9,30,4,4062.820130659853,46.567
random_K,9,30,5,4194.921183383025,42.7
random_K,9,30,6,4252.555191588308,43.882
random_K,9,30,7,3626.8176535030507,47.538
random_K,9,30,8,5008.096363389133,42.768
random_K,9,30,9,4461.055430590642,46.253
shuffled,10,30,0,57086.61998107913,49.205
shuffled,10,30,1,56735.67158107503,48.943
shuffled,10,30,10,46786.44024677791,48.924
shuffled,10,30,11,61843.07449329844,49.038
shuffled,10,30,12,38428.88107335096,48.845
shuffled,10,30,13,61965.517895072924,48.651
shuffled,10,30,14,65088.86849892847,48.876
shuffled,10,30,15,53979.877798008194,48.772
shuffled,10,30,16,72241.15272617081,48.934
shuffled,10,30,17,41936.349240270014,48.691
shuffled,10,30,18,38735.43603797296,48.756
shuffled,10,30,19,38638.35780993478,48.577
shuffled,10,30,2,32422.032568550923,49.247
shuffled,10,30,20,52614.40459753934,48.731
shuffled,10,30,21,47376.80905436388,48.781
shuffled,10,30,22,42315.62307620548,48.841
shuffled,10,30,23,48077.08566630544,48.725
shuffled,10,30,24,45786.60612419991,48.687
shuffled,10,30,25,59719.68026211453,48.471
shuffled,10,30,26,55373.23709245478,48.92
shuffled,10,30,27,51661.51551223706,48.579
shuffled,10,30,28,45769.92500107438,48.843
shuffled,10,30,29,55579.69674132796,48.651
shuffled,10,30,3,60377.29995664273,48.806
shuffled,10,30,4,73493.58771249202,49.244
shuffled,10,30,5,38981.554615031055,48.364
shuffled,10,30,6,35349.542249490856,48.774
shuffled,10,30,7,58496.35613513612,48.793
shuffled,10,30,8,48043.2259219398,48.987
shuffled,10,30,9,62171.859611177926,48.971
shuffled,11,30,0,1813781.3062574812,67.599
shuffled,11,30,1,5020642.052445457,68.984
shuffled,11,30,10,5333988.194766135,69.736
shuffled,11,30,11,11639671.142150352,64.938
shuffled,11,30,12,1125572.916941284,65.073
shuffled,11,30,13,2560340.9246985726,69.164
shuffled,11,30,14,6927736.129167343,65.08
shuffled,11,30,15,1457982.368444471,65.308
shuffled,11,30,16,4008746.777782362,65.33
shuffled,11,30,17,4505570.347197294,65.361
shuffled,11,30,18,2660849.5140554355,64.96
shuffled,11,30,19,16772293.539603287,67.992
shuffled,11,30,2,4726083.282086168,65.049
shuffled,11,30,20,468941.3661665342,69.116
shuffled,11,30,21,4170721.7304534903,65.198
shuffled,11,30,22,1816396.3089665463,65.179
shuffled,11,30,23,2498496.2071650876,68.915
shuffled,11,30,24,1261368.8973279032,65.176
shuffled,11,30,25,6136850.606629652,68.858
shuffled,11,30,26,2111605.493968706,69.283
shuffled,11,30,27,3011270.635658132,65.784
shuffled,11,30,28,7368274.866778088,66.199
shuffled,11,30,29,4197602.287471861,64.894
shuffled,11,30,3,11021018.042187527,65.973
shuffled,11,30,4,8622608.36216573,69.024
shuffled,11,30,5,3078885.5147716296,65.197
shuffled,11,30,6,7540420.352138628,65.682
shuffled,11,30,7,1850463.9634164902,65.785
shuffled,11,30,8,5938141.334525588,69.574
shuffled,11,30,9,12281224.626183592,65.379
shuffled,12,30,0,145340.15747707748,54.789
shuffled,12,30,1,113293.73970741233,54.871
shuffled,12,30,10,131353.76865345836,55.082
shuffled,12,30,11,115633.89848946739,54.525
shuffled,12,30,12,105012.52197930786,54.718
shuffled,12,30,13,93928.17193503317,54.249
shuffled,12,30,14,95917.76147555938,54.576
shuffled,12,30,15,97869.62296267322,54.654
shuffled,12,30,16,103491.9204849468,54.626
shuffled,12,30,17,120966.53315684438,54.724
shuffled,12,30,18,115822.36332398321,54.537
shuffled,12,30,19,121220.51633412036,54.699
shuffled,12,30,2,122577.0775330652,54.842
shuffled,12,30,20,107137.7050525723,54.772
shuffled,12,30,21,96822.01023502514,55.072
shuffled,12,30,22,125608.2552487771,54.835
shuffled,12,30,23,176422.2770141046,54.563
shuffled,12,30,24,86804.12357278277,54.952
shuffled,12,30,25,112768.75343814984,54.644
shuffled,12,30,26,89308.45516302725,55.036
shuffled,12,30,27,94336.69278746637,54.699
shuffled,12,30,28,94915.34733504466,55.004
shuffled,12,30,29,213571.74971950738,54.428
shuffled,12,30,3,120519.2200883806,55.043
shuffled,12,30,4,104772.85178881664,54.893
shuffled,12,30,5,160868.68252303844,54.432
shuffled,12,30,6,100404.33199194548,54.944
shuffled,12,30,7,76164.74609379435,54.646
shuffled,12,30,8,89704.53002379471,54.995
shuffled,12,30,9,92577.8611279105,54.669
shuffled,13,30,0,107733.23225871447,62.606
shuffled,13,30,1,118692.6207321024,62.635
shuffled,13,30,10,79645.81095752172,62.685
shuffled,13,30,11,172771.5265866452,62.634
shuffled,13,30,12,100460.90865457771,62.558
shuffled,13,30,13,160858.89691117988,62.665
shuffled,13,30,14,113833.12568858964,62.867
shuffled,13,30,15,159627.4375280587,63.028
shuffled,13,30,16,96018.38095730766,62.786
shuffled,13,30,17,161602.43770307457,62.547
shuffled,13,30,18,117712.81883522417,62.771
shuffled,13,30,19,120064.4865152955,62.762
shuffled,13,30,2,121186.40523217115,62.774
shuffled,13,30,20,123073.35724617512,63.042
shuffled,13,30,21,100268.25133366353,62.888
shuffled,13,30,22,82093.37340440982,62.975
shuffled,13,30,23,91995.37302586553,62.482
shuffled,13,30,24,114025.33691041652,62.859
shuffled,13,30,25,84207.78909837225,62.656
shuffled,13,30,26,103989.91207049646,62.967
shuffled,13,30,27,135519.13109536955,62.839
shuffled,13,30,28,114063.27426401441,62.933
shuffled,13,30,29,77143.39591953081,62.823
shuffled,13,30,3,92059.92364329388,62.862
shuffled,13,30,4,182009.0198099169,62.875
shuffled,13,30,5,123193.08675117735,62.943
shuffled,13,30,6,103334.8582972067,62.77
shuffled,13,30,7,135625.25549216213,62.531
shuffled,13,30,8,100478.73974739562,62.747
shuffled,13,30,9,111191.49453522284,62.595
shuffled,14,30,0,62444.802985139584,55.588
shuffled,14,30,1,72988.50777283956,55.488
shuffled,14,30,10,68320.15592433076,55.692
shuffled,14,30,11,75137.30464317235,55.424
shuffled,14,30,12,72494.41373977534,55.88
shuffled,14,30,13,54191.51935617153,55.686
shuffled,14,30,14,60878.63487148595,55.857
shuffled,14,30,15,88005.21895263583,55.768
shuffled,14,30,16,65063.517768131,55.972
shuffled,14,30,17,73413.59521640744,55.369
shuffled,14,30,18,54578.8109023168,55.56
shuffled,14,30,19,75410.26596181418,55.493
shuffled,14,30,2,60701.42532102024,55.639
shuffled,14,30,20,71911.70500257815,55.807
shuffled,14,30,21,67890.67756426422,55.68
shuffled,14,30,22,59393.016695762744,55.788
shuffled,14,30,23,63743.16899689715,55.597
shuffled,14,30,24,77661.76328471748,55.591
shuffled,14,30,25,64054.059144417086,55.357
shuffled,14,30,26,60082.85901157644,55.693
shuffled,14,30,27,79091.50588561376,55.367
shuffled,14,30,28,57396.53263402262,55.652
shuffled,14,30,29,77150.42963422836,55.462
shuffled,14,30,3,68753.48204557503,55.547
shuffled,14,30,4,68487.61523390439,55.541
shuffled,14,30,5,69187.32996360918,55.451
shuffled,14,30,6,67266.5451707443,55.535
shuffled,14,30,7,74176.67788360058,55.623
shuffled,14,30,8,90877.41501215046,55.733
shuffled,14,30,9,65218.77389241572,55.982
shuffled,15,30,0,5217.154194889279,132.889
shuffled,15,30,1,5501.547874738557,132.538
shuffled,15,30,10,1876.1035574008606,133.347
shuffled,15,30,11,12305.429991490171,132.252
shuffled,15,30,12,3952.7485402063776,132.503
shuffled,15,30,13,5126.286013687473,129.423
shuffled,15,30,14,5113.926955468074,132.749
shuffled,15,30,15,2471.062789700847,134.126
shuffled,15,30,16,4650.389124216277,132.837
shuffled,15,30,17,6449.000799894917,131.82
shuffled,15,30,18,2673.1925390198667,132.365
shuffled,15,30,19,8228.243077801002,132.298
shuffled,15,30,2,5988.348430586149,129.779
shuffled,15,30,20,5411.853543994652,133.539
shuffled,15,30,21,2854.9311173633705,134.003
shuffled,15,30,22,6221.92517601729,132.878
shuffled,15,30,23,5916.892998729488,132.145
shuffled,15,30,24,6161.968406510645,132.89
shuffled,15,30,25,2424.9301533901935,133.611
shuffled,15,30,26,2806.9899494369984,132.924
shuffled,15,30,27,6454.9565598515455,132.732
shuffled,15,30,28,2722.627696138079,132.985
shuffled,15,30,29,3578.746254328309,132.306
shuffled,15,30,3,5427.091470157944,133.276
shuffled,15,30,4,4002.70257393723,133.875
shuffled,15,30,5,5257.036533402055,133.179
shuffled,15,30,6,9008.139381280806,132.522
shuffled,15,30,7,5074.304737324191,132.231
shuffled,15,30,8,3977.1155169677722,132.511
shuffled,15,30,9,6797.632653825009,133.636
shuffled,16,30,0,1824.9530906668956,446.217
shuffled,16,30,1,1475.335835499452,445.075
shuffled,16,30,10,1936.7778860669669,442.815
shuffled,16,30,11,2835.482392011074,447.346
shuffled,16,30,12,1480.6993762852971,444.427
shuffled,16,30,13,1677.8575608710476,444.311
shuffled,16,30,14,1413.933986174064,443.271
shuffled,16,30,15,1163.0551967229217,443.525
shuffled,16,30,16,1291.6562785490269,442.305
shuffled,16,30,17,2126.009629562236,443.073
shuffled,16,30,18,1567.030951463123,446.555
shuffled,16,30,19,2155.2114573312765,444.702
shuffled,16,30,2,2242.4165345758365,447.684
shuffled,16,30,20,1477.563419021687,444.427
shuffled,16,30,21,2438.5486023811786,446.199
shuffled,16,30,22,1480.3287769870808,442.479
shuffled,16,30,23,2642.8013747032055,443.458
shuffled,16,30,24,916.2282954879888,442.494
shuffled,16,30,25,1601.5590246025204,449.017
shuffled,16,30,26,2500.8430500939758,444.033
shuffled,16,30,27,1559.798936598031,447.966
shuffled,16,30,28,1429.363251733569,442.648
shuffled,16,30,29,1649.8280955373025,447.694
shuffled,16,30,3,1697.8512657715187,447.865
shuffled,16,30,4,1200.149092678942,443.354
shuffled,16,30,5,1619.6873494154138,448.061
shuffled,16,30,6,2116.3747454475306,442.058
shuffled,16,30,7,1984.6697272675456,448.955
shuffled,16,30,8,1313.857064694187,447.327
shuffled,16,30,9,3372.1671260287294,448.16
shuffled,17,30,0,157243.61294667746,66.485
shuffled,17,30,1,146033.91275176528,66.816
shuffled,17,30,10,245177.95322857657,67.113
shuffled,17,30,11,146077.663803286,66.489
shuffled,17,30,12,261911.3412106086,66.833
shuffled,17,30,13,128358.95112037649,66.738
shuffled,17,30,14,270720.7966372212,66.83
shuffled,17,30,15,124314.35618754686,66.915
shuffled,17,30,16,152100.66213746875,67.071
shuffled,17,30,17,191158.1612434487,66.775
shuffled,17,30,18,82621.5746329081,66.728
shuffled,17,30,19,151277.048322255,66.543
shuffled,17,30,2,130374.85537738202,66.798
shuffled,17,30,20,139625.8657056953,66.852
shuffled,17,30,21,776670.31185859,66.931
shuffled,17,30,22,172893.94049379873,66.824
shuffled,17,30,23,199416.5549151013,66.683
shuffled,17,30,24,207573.45896466667,66.752
shuffled,17,30,25,443502.83768614015,66.948
shuffled,17,30,26,144318.00345234785,67.216
shuffled,17,30,27,331942.3147110631,66.943
shuffled,17,30,28,209027.44222043012,67.008
shuffled,17,30,29,173791.76907378944,66.428
shuffled,17,30,3,385171.3273422417,67.255
shuffled,17,30,4,88163.02607504625,66.819
shuffled,17,30,5,139184.88647530382,66.287
shuffled,17,30,6,152272.27363285882,67.072
shuffled,17,30,7,110221.05727648915,66.9
shuffled,17,30,8,425063.4246830426,67.134
shuffled,17,30,9,199725.5299398295,66.987
shuffled,18,30,0,30501.92849693447,224.4
shuffled,18,30,1,75347.2616040938,224.445
shuffled,18,30,10,60972.03327014221,225.275
shuffled,18,30,11,35902.78287473958,223.918
shuffled,18,30,12,53200.45388315208,224.175
shuffled,18,30,13,30888.310251592397,223.944
shuffled,18,30,14,46903.201741512574,224.543
shuffled,18,30,15,45607.431211783914,224.556
shuffled,18,30,16,28934.952037898922,225.767
shuffled,18,30,17,22772.715476281137,224.033
shuffled,18,30,18,41457.10894762226,224.867
shuffled,18,30,19,79866.90858206217,224.289
shuffled,18,30,2,17568.120165504883,224.189
shuffled,18,30,20,34204.01478567896,224.727
shuffled,18,30,21,29132.438044496026,224.852
shuffled,18,30,22,36933.71567245267,225.499
shuffled,18,30,23,33326.96193676667,223.986
shuffled,18,30,24,70162.10704693313,224.801
shuffled,18,30,25,32596.687309354085,224.431
shuffled,18,30,26,52260.698143927395,224.295
shuffled,18,30,27,40719.27471877935,224.494
shuffled,18,30,28,47008.8060282586,225.511
shuffled,18,30,29,57440.42673586507,224.235
shuffled,18,30,3,36034.52576087068,224.663
shuffled,18,30,4,108824.13472438382,224.836
shuffled,18,30,5,56031.33743859544,224.486
shuffled,18,30,6,48849.68793588061,224.378
shuffled,18,30,7,27063.45945072111,224.157
shuffled,18,30,8,31024.338056035536,224.353
shuffled,18,30,9,38650.43926290841,224.835
shuffled,19,30,0,1693.0207512223533,448.669
shuffled,19,30,1,2360.597392768228,454.238
shuffled,19,30,10,1815.4895707491628,449.548
shuffled,19,30,11,2398.6284772144763,452.715
shuffled,19,30,12,2327.497733969858,451.875
shuffled,19,30,13,1820.5537402926584,454.651
shuffled,19,30,14,1308.4366496695284,452.619
shuffled,19,30,15,2222.1929214950596,449.46
shuffled,19,30,16,2311.0552298174407,451.588
shuffled,19,30,17,2137.26472051852,452.858
shuffled,19,30,18,982.2241165114951,451.063
shuffled,19,30,19,2271.7120131553183,454.242
shuffled,19,30,2,807.1390677160471,455.062
shuffled,19,30,20,1496.8561244817702,454.075
shuffled,19,30,21,1273.4513190809466,452.867
shuffled,19,30,22,1624.4269694499799,451.275
shuffled,19,30,23,1572.0589203716663,451.884
shuffled,19,30,24,2371.6777583117764,452.618
shuffled,19,30,25,2542.274505565052,455.415
shuffled,19,30,26,2012.789674432187,454.107
shuffled,19,30,27,2230.350130703486,453.324
shuffled,19,30,28,1554.040083616098,451.472
shuffled,19,30,29,1566.314110056769,453.966
shuffled,19,30,3,2189.1232144054648,454.297
shuffled,19,30,4,1311.9093800603837,453.625
shuffled,19,30,5,2151.1570479363336,452.892
shuffled,19,30,6,2459.7725522990777,451.478
shuffled,19,30,7,1515.9382901578247,456.177
shuffled,19,30,8,2019.756513749332,453.045
shuffled,19,30,9,1759.0754747441338,453.591
shuffled,1,30,0,1030.436335792807,25.11
shuffled,1,30,1,1771.7321062486749,25.23
shuffled,1,30,10,4479.30435531433,25.147
shuffled,1,30,11,3466.579474442719,24.932
shuffled,1,30,12,1485.315886939491,25.19
shuffled,1,30,13,3428.372377086603,25.176
shuffled,1,30,14,83.57989560169548,25.129
shuffled,1,30,15,561.6723013564336,24.999
shuffled,1,30,16,6993.055636948218,25.189
shuffled,1,30,17,18.399145473436263,24.821
shuffled,1,30,18,921.6355616533975,25.298
shuffled,1,30,19,40.17438040753626,24.916
shuffled,1,30,2,8441.236303776968,25.124
shuffled,1,30,20,2923.906984480691,25.153
shuffled,1,30,21,3019.1667565780444,25.394
shuffled,1,30,22,395.45977320140054,25.045
shuffled,1,30,23,1359.3529336553113,25.009
shuffled,1,30,24,3244.9084013915412,25.089
shuffled,1,30,25,853.8469007360573,24.887
shuffled,1,30,26,5289.051318045716,24.957
shuffled,1,30,27,647.4867651033112,25.234
shuffled,1,30,28,2444.8208596614027,25.157
shuffled,1,30,29,1492.96600768372,25.063
shuffled,1,30,3,4976.334825402531,25.181
shuffled,1,30,4,156.6429689415362,25.203
shuffled,1,30,5,166.33303684909447,25.109
shuffled,1,30,6,2824.0111982438457,25.166
shuffled,1,30,7,2189.2780575517145,25.201
shuffled,1,30,8,2572.6926668982924,24.985
shuffled,1,30,9,3855.024299901267,25.161
shuffled,20,30,0,100.15332757123406,79.393
shuffled,20,30,1,783.4113076707476,79.22
shuffled,20,30,10,1115.7285856833564,79.302
shuffled,20,30,11,100.11704131163287,79.007
shuffled,20,30,12,100.16003478760422,79.453
shuffled,20,30,13,525.6604270019184,79.2
shuffled,20,30,14,795.4907511170436,79.779
shuffled,20,30,15,100.12413300498883,79.708
shuffled,20,30,16,100.1377362971175,79.758
shuffled,20,30,17,100.11817552749699,79.249
shuffled,20,30,18,100.16112591649608,79.716
shuffled,20,30,19,715.759025105096,79.297
shuffled,20,30,2,709.2978803095571,79.308
shuffled,20,30,20,100.10808345792248,79.551
shuffled,20,30,21,776.9164225076879,79.312
shuffled,20,30,22,764.7949992280937,79.692
shuffled,20,30,23,656.4909166416055,79.67
shuffled,20,30,24,570.7281698946185,79.238
shuffled,20,30,25,773.8123050715576,79.288
shuffled,20,30,26,100.11746410105661,79.286
shuffled,20,30,27,709.69336279461,79.79
shuffled,20,30,28,809.2151153654022,79.355
shuffled,20,30,29,100.16198745474412,79.46
shuffled,20,30,3,100.16962250279448,79.318
shuffled,20,30,4,804.1326484925439,79.212
shuffled,20,30,5,727.1726837982487,78.984
shuffled,20,30,6,948.4615471022707,78.627
shuffled,20,30,7,713.7631408134439,79.097
shuffled,20,30,8,736.7219227747919,79.314
shuffled,20,30,9,724.5513414470079,79.734
shuffled,21,30,0,1894.4413551208168,99.393
shuffled,21,30,1,1804.4286536315603,102.189
shuffled,21,30,10,1913.0811658973207,102.155
shuffled,21,30,11,2320.6949344374934,101.944
shuffled,21,30,12,1730.594695861409,100.504
shuffled,21,30,13,2195.717647261179,102.263
shuffled,21,30,14,940.0621085680814,101.552
shuffled,21,30,15,897.714942567658,101.621
shuffled,21,30,16,1550.5658525065537,102.338
shuffled,21,30,17,998.4235828859019,100.848
shuffled,21,30,18,974.2597476998872,101.333
shuffled,21,30,19,2443.8170220139364,101.896
shuffled,21,30,2,1246.8498144940118,102.469
shuffled,21,30,20,1855.3463435604067,102.081
shuffled,21,30,21,2075.1491766570543,102.358
shuffled,21,30,22,1834.6164966598271,101.567
shuffled,21,30,23,1573.7146502061323,100.811
shuffled,21,30,24,2261.062366301552,98.582
shuffled,21,30,25,1607.4363025538178,101.875
shuffled,21,30,26,1460.5262524832033,101.713
shuffled,21,30,27,2127.4378434796963,101.266
shuffled,21,30,28,1628.535477525048,101.534
shuffled,21,30,29,1650.8294963347198,101.901
shuffled,21,30,3,684.7905263438784,100.49
shuffled,21,30,4,1361.9097971082447,103.257
shuffled,21,30,5,1862.9384415850263,101.626
shuffled,21,30,6,2351.843554242965,100.336
shuffled,21,30,7,1210.5767615774325,101.586
shuffled,21,30,8,2098.4048739439495,101.252
shuffled,21,30,9,944.9910287623757,102.092
shuffled,22,30,0,985.7261840364213,119.745
shuffled,22,30,1,200.60664368928974,116.499
shuffled,22,30,10,1219.5397782948953,119.939
shuffled,22,30,11,200.61547230938322,116.524
shuffled,22,30,12,200.652729487721,117.015
shuffled,22,30,13,200.7486152697693,116.697
shuffled,22,30,14,200.52103368830058,116.965
shuffled,22,30,15,200.61473746451384,116.779
shuffled,22,30,16,200.65824916421934,117.369
shuffled,22,30,17,200.685723369098,116.627
shuffled,22,30,18,200.6845102151883,116.261
shuffled,22,30,19,100.36782629941172,119.417
shuffled,22,30,2,200.6235816644571,116.901
shuffled,22,30,20,200.71657618026484,116.439
shuffled,22,30,21,979.4609045796396,119.951
shuffled,22,30,22,875.0931279571769,119.599
shuffled,22,30,23,200.51969964525324,116.58
shuffled,22,30,24,200.73589439957686,117.084
shuffled,22,30,25,200.64384599909317,117.079
shuffled,22,30,26,726.0376425840814,120.236
shuffled,22,30,27,781.1286992887653,120.168
shuffled,22,30,28,200.69479552867506,117.415
shuffled,22,30,29,200.6857709970118,116.544
shuffled,22,30,3,827.841027616957,119.667
shuffled,22,30,4,709.2552567904572,119.921
shuffled,22,30,5,200.6078419327696,116.357
shuffled,22,30,6,897.6044523416595,119.171
shuffled,22,30,7,100.36274586474337,119.683
shuffled,22,30,8,200.61511705686235,116.879
shuffled,22,30,9,200.72334861270792,117.243
shuffled,23,30,0,200.32426041295957,94.798
shuffled,23,30,1,200.45081160389418,94.788
shuffled,23,30,10,200.406540066881,95.477
shuffled,23,30,11,200.37264166980094,94.857
shuffled,23,30,12,626.6200079126975,95.243
shuffled,23,30,13,200.73998597354966,94.898
shuffled,23,30,14,894.145167080012,95.548
shuffled,23,30,15,749.1179781999149,95.014
shuffled,23,30,16,200.31464243994787,95.632
shuffled,23,30,17,200.47207638311602,95.385
shuffled,23,30,18,200.40880765634165,94.963
shuffled,23,30,19,200.39323403573462,95.076
shuffled,23,30,2,200.30956313430124,94.919
shuffled,23,30,20,200.34700703677845,95.134
shuffled,23,30,21,200.4752459732149,95.547
shuffled,23,30,22,200.4298876364037,95.397
shuffled,23,30,23,200.42412325077066,94.954
shuffled,23,30,24,200.3476220811781,95.334
shuffled,23,30,25,200.472144824721,94.837
shuffled,23,30,26,706.4804715566543,95.41
shuffled,23,30,27,200.3785071406228,95.173
shuffled,23,30,28,200.48181192358197,95.599
shuffled,23,30,29,200.34749315743147,95.065
shuffled,23,30,3,200.3462805904619,95.33
shuffled,23,30,4,200.45961208312747,95.345
shuffled,23,30,5,200.28851394632102,95.222
shuffled,23,30,6,200.36032970286533,95.352
shuffled,23,30,7,200.45360204857616,95.295
shuffled,23,30,8,200.34831957290544,95.483
shuffled,23,30,9,200.3902930588256,95.371
shuffled,24,30,0,450.60142711299477,109.751
shuffled,24,30,1,440.10056360505223,109.26
shuffled,24,30,10,426.0948602201065,110.341
shuffled,24,30,11,443.6768057078848,109.589
shuffled,24,30,12,438.3715398737513,109.933
shuffled,24,30,13,435.2361975353624,109.328
shuffled,24,30,14,508.67253140324647,109.963
shuffled,24,30,15,434.6781233700017,109.701
shuffled,24,30,16,445.9881185320146,110.202
shuffled,24,30,17,445.0271407884643,109.862
shuffled,24,30,18,429.72993712874586,109.673
shuffled,24,30,19,432.581661198913,109.862
shuffled,24,30,2,443.3003685809849,109.948
shuffled,24,30,20,532.0317428773874,110.051
shuffled,24,30,21,436.72960502855403,110.006
shuffled,24,30,22,426.20583112013173,110.303
shuffled,24,30,23,451.03627882909586,109.511
shuffled,24,30,24,428.59135997696694,109.795
shuffled,24,30,25,443.79783592130207,109.511
shuffled,24,30,26,433.36155009627237,110.156
shuffled,24,30,27,435.1045254988089,109.669
shuffled,24,30,28,447.0859589248912,110.299
shuffled,24,30,29,495.52738006915206,109.636
shuffled,24,30,3,444.4532587143053,110.144
shuffled,24,30,4,432.3012803600245,110.051
shuffled,24,30,5,518.0398138989367,109.721
shuffled,24,30,6,433.0979202295707,110.037
shuffled,24,30,7,506.7536383788688,109.987
shuffled,24,30,8,516.9978776620637,110.277
shuffled,24,30,9,487.09844124578603,110.084
shuffled,25,30,0,901.1155282648033,401.541
shuffled,25,30,1,850.1111828321286,400.345
shuffled,25,30,10,828.9189301773472,401.867
shuffled,25,30,11,831.4749581299511,400.162
shuffled,25,30,12,777.559893639574,401.367
shuffled,25,30,13,746.2884777011741,400.819
shuffled,25,30,14,805.9249576213142,401.65
shuffled,25,30,15,813.857137676388,403.696
shuffled,25,30,16,828.0775177067931,401.712
shuffled,25,30,17,811.3731038885794,399.988
shuffled,25,30,18,737.7218193102553,401.208
shuffled,25,30,19,800.2799922776958,400.573
shuffled,25,30,2,789.0444213425744,401.256
shuffled,25,30,20,0.00169351351178193,396.154
shuffled,25,30,21,792.8148944756795,403.895
shuffled,25,30,22,775.3615674151488,398.971
shuffled,25,30,23,842.7629310803613,399.63
shuffled,25,30,24,824.9444859405535,400.609
shuffled,25,30,25,702.0892867252369,397.79
shuffled,25,30,26,771.1788246816272,401.014
shuffled,25,30,27,830.1742493730412,402.8
shuffled,25,30,28,788.7209198314008,398.882
shuffled,25,30,29,783.5996451913525,400.211
shuffled,25,30,3,845.0818812432535,402.44
shuffled,25,30,4,1153.148770422703,401.448
shuffled,25,30,5,792.7917982833665,399.34
shuffled,25,30,6,926.1743254640696,398.575
shuffled,25,30,7,773.6788471432092,400.139
shuffled,25,30,8,691.7112728561342,398.579
shuffled,25,30,9,798.8716928344047,402.782
shuffled,26,30,0,1289.4756920045047,412.493
shuffled,26,30,1,1992.465806121988,411.395
shuffled,26,30,10,1571.8617259836647,413.057
shuffled,26,30,11,1028.603641045338,410.619
shuffled,26,30,12,1358.1694301091484,412.384
shuffled,26,30,13,1260.4497003778233,410.671
shuffled,26,30,14,1387.878496536222,412.118
shuffled,26,30,15,961.6906289026888,413.738
shuffled,26,30,16,1355.2175223782665,412.555
shuffled,26,30,17,927.5041252087703,410.064
shuffled,26,30,18,1936.5086516865085,412.497
shuffled,26,30,19,1940.9100175629264,411.244
shuffled,26,30,2,1308.6528518184941,412.32
shuffled,26,30,20,1778.7591993334481,412.324
shuffled,26,30,21,1467.0152029256506,414.029
shuffled,26,30,22,927.3569976785975,412.57
shuffled,26,30,23,1842.6270259543762,410.619
shuffled,26,30,24,2476.608631448171,412.396
shuffled,26,30,25,729.3232120720695,411.735
shuffled,26,30,26,1416.3516869910382,412.792
shuffled,26,30,27,762.8449575910718,413.53
shuffled,26,30,28,1981.4369432403619,413.088
shuffled,26,30,29,1423.5308195028401,411.175
shuffled,26,30,3,878.007148088559,413.561
shuffled,26,30,4,979.8128343311337,412.579
shuffled,26,30,5,1575.05161608476,410.752
shuffled,26,30,6,1108.735631171753,412.204
shuffled,26,30,7,1815.7877306007413,411.78
shuffled,26,30,8,2035.837169765955,412.786
shuffled,26,30,9,1562.5315167523586,413.847
shuffled,27,30,0,70.84910793659901,390.047
shuffled,27,30,1,107.68790465978145,389.899
shuffled,27,30,10,110.32505423056773,391.578
shuffled,27,30,11,86.5053745046298,389.307
shuffled,27,30,12,288.63774111125076,389.802
shuffled,27,30,13,81.58133001491933,389.0
shuffled,27,30,14,121.16583942247371,390.38
shuffled,27,30,15,114.06429677119058,391.283
shuffled,27,30,16,103.44701835695423,393.015
shuffled,27,30,17,93.72629557443906,388.238
shuffled,27,30,18,83.48590848839967,389.803
shuffled,27,30,19,95.33795644470229,389.228
shuffled,27,30,2,85.74272796569267,391.092
shuffled,27,30,20,134.61442870044584,390.684
shuffled,27,30,21,81.86850786755804,391.375
shuffled,27,30,22,62.53534444307661,391.321
shuffled,27,30,23,65.19543746387808,388.385
shuffled,27,30,24,135.65240146419592,390.695
shuffled,27,30,25,267.3073360179169,388.771
shuffled,27,30,26,232.09627700867077,390.195
shuffled,27,30,27,441.2742400577081,391.15
shuffled,27,30,28,449.8153376925861,390.862
shuffled,27,30,29,51.69937824337012,388.584
shuffled,27,30,3,236.3605414681124,391.595
shuffled,27,30,4,75.40315536275648,391.428
shuffled,27,30,5,111.49161222625662,388.518
shuffled,27,30,6,234.71996213073498,390.565
shuffled,27,30,7,97.70339281131282,389.563
shuffled,27,30,8,102.37937659831141,390.501
shuffled,27,30,9,450.79344613333524,392.129
shuffled,28,30,0,53022.50597999544,625.25
shuffled,28,30,1,66781.25780765867,627.376
shuffled,28,30,10,50599.06783621158,626.24
shuffled,28,30,11,71834.56061504065,626.2
shuffled,28,30,12,51669.22918389844,625.361
shuffled,28,30,13,61715.93926443468,626.772
shuffled,28,30,14,48420.03925683645,627.136
shuffled,28,30,15,69866.77614789395,626.872
shuffled,28,30,16,51880.53840375316,626.01
shuffled,28,30,17,54087.78921616036,626.533
shuffled,28,30,18,26056.204007427426,625.509
shuffled,28,30,19,40321.099466696556,628.319
shuffled,28,30,2,19620.78216817366,627.096
shuffled,28,30,20,58034.57884286994,626.106
shuffled,28,30,21,52057.014621855255,627.343
shuffled,28,30,22,54171.25097473038,625.382
shuffled,28,30,23,44543.13669091073,625.431
shuffled,28,30,24,45177.91302430073,626.083
shuffled,28,30,25,61133.1640373555,628.266
shuffled,28,30,26,55161.46734447937,626.334
shuffled,28,30,27,56879.20375738876,628.484
shuffled,28,30,28,55768.80260823132,626.399
shuffled,28,30,29,63267.48450376993,626.677
shuffled,28,30,3,49900.588157124,622.455
shuffled,28,30,4,40728.00905377169,625.687
shuffled,28,30,5,45097.563025643234,626.742
shuffled,28,30,6,38490.26061010404,624.659
shuffled,28,30,7,49961.72464618633,628.119
shuffled,28,30,8,46581.15186301075,626.247
shuffled,28,30,9,56874.268291316286,626.394
shuffled,29,30,0,1161988.1151472318,335.442
shuffled,29,30,1,1446383.3075828182,335.153
shuffled,29,30,10,2170408.7432405665,336.381
shuffled,29,30,11,621146.4572482813,335.108
shuffled,29,30,12,972020.5774612784,335.33
shuffled,29,30,13,444268.1654248077,334.592
shuffled,29,30,14,1190823.745389576,335.136
shuffled,29,30,15,175554.70332172356,336.122
shuffled,29,30,16,757353.0278404488,336.624
shuffled,29,30,17,1058325.4097827612,334.287
shuffled,29,30,18,1280446.1925103222,335.879
shuffled,29,30,19,2093729.1002585643,334.965
shuffled,29,30,2,572563.5384131387,335.594
shuffled,29,30,20,904448.0751779455,335.671
shuffled,29,30,21,385643.7760158448,335.929
shuffled,29,30,22,869809.9430175268,336.778
shuffled,29,30,23,667117.9416032205,334.222
shuffled,29,30,24,714553.1275493309,335.686
shuffled,29,30,25,981431.7352972834,335.031
shuffled,29,30,26,927055.1575509721,335.566
shuffled,29,30,27,644084.8918294213,344.353
shuffled,29,30,28,1145693.54161853,338.366
shuffled,29,30,29,446269.83009329136,334.613
shuffled,29,30,3,2166167.043594823,336.148
shuffled,29,30,4,495914.17920314916,336.856
shuffled,29,30,5,1023213.0966204344,333.93
shuffled,29,30,6,1167329.3717444537,335.533
shuffled,29,30,7,810340.192441106,334.848
shuffled,29,30,8,813923.0779553957,335.425
shuffled,29,30,9,1144786.2504619919,335.778
shuffled,3,30,0,83.03931662017277,32.023
shuffled,3,30,1,119.3079595147376,31.907
shuffled,3,30,10,14.668586523559156,31.937
shuffled,3,30,11,88.78873054717008,31.754
shuffled,3,30,12,81.93371277828192,31.963
shuffled,3,30,13,81.59853401792941,31.802
shuffled,3,30,14,15.064736304455096,32.017
shuffled,3,30,15,13.442754673819309,31.835
shuffled,3,30,16,14.231309682307256,31.874
shuffled,3,30,17,80.3177327548558,31.86
shuffled,3,30,18,0.8319656252531331,31.703
shuffled,3,30,19,97.2088285942275,31.745
shuffled,3,30,2,66.79803085562969,32.033
shuffled,3,30,20,79.94709531639438,31.748
shuffled,3,30,21,82.5386841698832,31.728
shuffled,3,30,22,77.64660989669068,31.839
shuffled,3,30,23,32.21667326459959,31.878
shuffled,3,30,24,81.27348562709153,31.723
shuffled,3,30,25,18.80776090564018,31.619
shuffled,3,30,26,14.195044523203933,31.884
shuffled,3,30,27,35.80815194257315,31.844
shuffled,3,30,28,74.80630598138538,31.774
shuffled,3,30,29,80.39006595113472,31.657
shuffled,3,30,3,33.18557898083236,31.941
shuffled,3,30,4,14.40875034486146,32.084
shuffled,3,30,5,133.65373559998784,31.765
shuffled,3,30,6,127.41004242241928,31.899
shuffled,3,30,7,126.59737993191084,31.837
shuffled,3,30,8,83.67988002855947,32.124
shuffled,3,30,9,81.04670631285535,31.787
shuffled,4,30,0,377.09117285339426,28.636
shuffled,4,30,1,616.8643424787444,28.791
shuffled,4,30,10,428.82373183340485,28.683
shuffled,4,30,11,701.4305391133057,28.512
shuffled,4,30,12,409.9228202578837,28.613
shuffled,4,30,13,529.3105505956997,28.54
shuffled,4,30,14,662.6274447571282,28.705
shuffled,4,30,15,553.1937029648336,28.674
shuffled,4,30,16,604.9240659229631,28.519
shuffled,4,30,17,707.4052917812137,28.672
shuffled,4,30,18,303.4673729693425,28.646
shuffled,4,30,19,442.75606748615655,28.705
shuffled,4,30,2,558.1686947827233,28.699
shuffled,4,30,20,388.03403905529535,28.678
shuffled,4,30,21,565.1232401397675,28.409
shuffled,4,30,22,518.3726148729437,28.826
shuffled,4,30,23,703.4190918336653,28.634
shuffled,4,30,24,542.2438409074775,28.531
shuffled,4,30,25,694.4483452954803,28.5
shuffled,4,30,26,489.5132854587141,28.706
shuffled,4,30,27,673.570450035073,28.049
shuffled,4,30,28,772.0621331029197,28.517
shuffled,4,30,29,547.2203425043671,28.517
shuffled,4,30,3,607.9136493525496,28.579
shuffled,4,30,4,643.7306227056747,28.71
shuffled,4,30,5,548.2192239613804,28.498
shuffled,4,30,6,466.63512123693215,28.669
shuffled,4,30,7,922.3088350643436,28.554
shuffled,4,30,8,906.3841627573443,28.627
shuffled,4,30,9,578.0689207173825,28.692
shuffled,5,30,0,1.8534020568949927e-05,70.851
shuffled,5,30,1,0.00027325730172833573,70.687
shuffled,5,30,10,4.0128404577899346e-05,70.292
shuffled,5,30,11,0.0017478371478887311,70.538
shuffled,5,30,12,0.0004024565879490183,70.396
shuffled,5,30,13,8.122872139892934e-05,70.529
shuffled,5,30,14,0.0003839145129518329,70.555
shuffled,5,30,15,3.1892624861029617e-06,70.83
shuffled,5,30,16,0.00013058075114713574,70.345
shuffled,5,30,17,0.00021211071037896545,70.195
shuffled,5,30,18,0.000662316949558317,70.627
shuffled,5,30,19,0.0001600056504571512,70.755
shuffled,5,30,2,0.0001720405768423916,71.039
shuffled,5,30,20,0.0001826365707415789,70.985
shuffled,5,30,21,0.00038825779841999974,70.889
shuffled,5,30,22,2.086865123374082e-05,70.636
shuffled,5,30,23,0.0008007777710190567,70.43
shuffled,5,30,24,0.00013031216934678014,70.738
shuffled,5,30,25,0.001039019364611704,70.929
shuffled,5,30,26,0.0017563792887926866,70.985
shuffled,5,30,27,9.113917474223854e-05,71.477
shuffled,5,30,28,0.0007770297075921917,70.84
shuffled,5,30,29,0.0007783656579363196,70.466
shuffled,5,30,3,0.00022755041652544605,70.629
shuffled,5,30,4,0.0009936194825854727,70.679
shuffled,5,30,5,4.094335560012041e-05,71.358
shuffled,5,30,6,0.0008982043903529302,70.527
shuffled,5,30,7,0.00039181868260129704,70.396
shuffled,5,30,8,0.004375048052111197,70.77
shuffled,5,30,9,0.0005698768545130406,70.638
shuffled,6,30,0,321.8935939264527,39.462
shuffled,6,30,1,527.839810994361,39.512
shuffled,6,30,10,447.5579438431646,39.551
shuffled,6,30,11,233.40052972312776,39.263
shuffled,6,30,12,526.4702410320938,39.809
shuffled,6,30,13,244.81596360802416,39.814
shuffled,6,30,14,388.8057872055947,39.628
shuffled,6,30,15,435.70953059613703,39.927
shuffled,6,30,16,382.9708258381015,39.905
shuffled,6,30,17,415.9717542691585,39.32
shuffled,6,30,18,403.13829892709293,39.852
shuffled,6,30,19,649.6011740771423,39.774
shuffled,6,30,2,519.3190747946451,39.551
shuffled,6,30,20,348.7599091571567,39.922
shuffled,6,30,21,377.6590619568567,39.644
shuffled,6,30,22,407.723775415752,39.797
shuffled,6,30,23,333.11630689889387,39.651
shuffled,6,30,24,365.75848683622576,39.601
shuffled,6,30,25,773.7136604756606,39.528
shuffled,6,30,26,382.53725378923195,39.745
shuffled,6,30,27,423.96805608434295,39.672
shuffled,6,30,28,446.059927403825,39.932
shuffled,6,30,29,534.4601679633588,39.625
shuffled,6,30,3,508.3535798333994,39.543
shuffled,6,30,4,512.0062585762762,39.539
shuffled,6,30,5,295.33919331763514,38.792
shuffled,6,30,6,409.5518124549769,39.223
shuffled,6,30,7,318.8712492324148,39.544
shuffled,6,30,8,465.4943330967262,39.372
shuffled,6,30,9,144.46317788116653,39.878
shuffled,7,30,0,328.50000011087195,63.61
shuffled,7,30,1,288.00000013240196,63.85
shuffled,7,30,10,356.00000028244335,63.681
shuffled,7,30,11,306.00000009535586,63.445
shuffled,7,30,12,352.00000003483956,63.897
shuffled,7,30,13,358.0000000076534,64.101
shuffled,7,30,14,290.00000088127376,63.743
shuffled,7,30,15,370.50000056206136,63.781
shuffled,7,30,16,565.5000000596415,64.156
shuffled,7,30,17,460.0000000133723,63.4
shuffled,7,30,18,466.00000000001205,63.784
shuffled,7,30,19,338.0000004732574,63.66
shuffled,7,30,2,520.5000001078333,63.695
shuffled,7,30,20,432.5000000206312,63.707
shuffled,7,30,21,464.50000002631305,63.376
shuffled,7,30,22,366.50000010737745,63.611
shuffled,7,30,23,336.00000000831255,63.57
shuffled,7,30,24,372.00000007031394,63.711
shuffled,7,30,25,525.0000000063505,63.68
shuffled,7,30,26,304.0000000645699,63.694
shuffled,7,30,27,490.5000000004484,63.306
shuffled,7,30,28,410.50000002688057,63.675
shuffled,7,30,29,304.0000000864818,63.573
shuffled,7,30,3,308.00000002833804,63.553
shuffled,7,30,4,480.5000000750679,63.632
shuffled,7,30,5,390.00000009788755,63.575
shuffled,7,30,6,382.00000042867623,63.358
shuffled,7,30,7,324.0000000010764,63.697
shuffled,7,30,8,449.00000017993034,63.782
shuffled,7,30,9,268.000000812739,63.774
shuffled,8,30,0,12.247851461300002,39.172
shuffled,8,30,1,6.87322409758508,38.944
shuffled,8,30,10,7.054746095069618,39.298
shuffled,8,30,11,7.68819949901399,39.091
shuffled,8,30,12,17.15935019410017,39.414
shuffled,8,30,13,13.000015139787024,39.282
shuffled,8,30,14,11.139752143135638,39.328
shuffled,8,30,15,12.97697692622819,39.299
shuffled,8,30,16,12.967135778731404,39.346
shuffled,8,30,17,10.424436541237469,39.068
shuffled,8,30,18,7.708407954157565,39.28
shuffled,8,30,19,7.237996044612146,39.046
shuffled,8,30,2,10.164223203557412,39.122
shuffled,8,30,20,14.743681519571737,39.204
shuffled,8,30,21,8.693424109025614,39.229
shuffled,8,30,22,11.120795337955428,39.223
shuffled,8,30,23,8.045834980278073,39.27
shuffled,8,30,24,9.051077874713542,39.245
shuffled,8,30,25,12.330075901457462,39.128
shuffled,8,30,26,10.90729867084201,39.244
shuffled,8,30,27,6.2398425537439834,39.098
shuffled,8,30,28,8.872081389506889,39.229
shuffled,8,30,29,6.777066543330534,39.262
shuffled,8,30,3,6.78370829093376,39.387
shuffled,8,30,4,10.54919122215756,39.012
shuffled,8,30,5,9.236982260852983,39.246
shuffled,8,30,6,7.956703868977115,39.252
shuffled,8,30,7,9.236810957648572,39.234
shuffled,8,30,8,11.326155329325616,39.258
shuffled,8,30,9,8.829475359355229,39.42
shuffled,9,30,0,3378.522857046255,56.301
shuffled,9,30,1,4869.870496339515,55.303
shuffled,9,30,10,4514.721162399729,56.036
shuffled,9,30,11,4047.040022181358,56.185
shuffled,9,30,12,4095.5221062567125,56.609
shuffled,9,30,13,3201.363033043195,56.551
shuffled,9,30,14,3588.0189337464526,56.558
shuffled,9,30,15,3709.6224957335216,53.228
shuffled,9,30,16,3371.5339998709387,53.272
shuffled,9,30,17,3409.656083633212,52.865
shuffled,9,30,18,3806.0768103122955,56.296
shuffled,9,30,19,4597.9672261010255,54.672
shuffled,9,30,2,4672.615659811934,52.945
shuffled,9,30,20,4353.653787622296,56.417
shuffled,9,30,21,3251.074998021528,56.578
shuffled,9,30,22,4474.206026334679,54.663
shuffled,9,30,23,3928.321436158467,55.439
shuffled,9,30,24,4617.331877803221,56.195
shuffled,9,30,25,3041.66712532147,55.749
shuffled,9,30,26,2795.0805616957314,56.238
shuffled,9,30,27,2598.829756067389,55.591
shuffled,9,30,28,4334.302383380475,56.522
shuffled,9,30,29,4317.369573304744,55.998
shuffled,9,30,3,3764.665625561651,55.555
shuffled,9,30,4,3453.7587190780014,54.668
shuffled,9,30,5,4353.23324928251,53.031
shuffled,9,30,6,3172.0059101310944,52.803
shuffled,9,30,7,4434.4935860348105,56.367
shuffled,9,30,8,4935.972433813243,53.096
shuffled,9,30,9,4253.634769004686,55.755
social,10,30,0,42143.71917194835,19.255
social,10,30,1,68160.3275398888,19.502
social,10,30,10,52138.58341657043,19.754
social,10,30,11,51683.94318021263,19.512
social,10,30,12,42370.0206911924,38.443
social,10,30,13,54691.4091661399,38.991
social,10,30,14,55420.48752354382,34.388
social,10,30,15,58255.64858546808,38.439
social,10,30,16,71627.00361322094,37.494
social,10,30,17,46294.351165259344,34.855
social,10,30,18,40975.81862690834,49.514
social,10,30,19,56057.188912231366,49.547
social,10,30,2,38239.429691505546,19.337
social,10,30,20,52225.740441589325,49.617
social,10,30,21,59458.31288187893,49.623
social,10,30,22,42775.31978802968,49.639
social,10,30,23,29589.283839656626,49.407
social,10,30,24,45441.57359716067,49.893
social,10,30,25,60479.301321740335,49.678
social,10,30,26,63979.79144293924,50.091
social,10,30,27,43092.037417696425,49.931
social,10,30,28,55986.58424325856,49.986
social,10,30,29,58533.1094373095,49.856
social,10,30,3,61426.50667957308,19.222
social,10,30,4,70420.898511365,19.201
social,10,30,5,45526.646652084164,19.391
social,10,30,6,47633.92376451728,19.59
social,10,30,7,71897.432280296,19.65
social,10,30,8,54004.62622272125,19.696
social,10,30,9,57966.03480486007,19.597
social,11,30,0,3645461.5631337846,36.86
social,11,30,1,2542164.0809347387,36.834
social,11,30,10,2310514.1003514514,26.309
social,11,30,11,3782670.0830406244,25.156
social,11,30,12,6574925.524232459,26.313
social,11,30,13,2836630.785679351,26.125
social,11,30,14,2933986.326766787,27.086
social,11,30,15,1257543.010596321,26.133
social,11,30,16,4739942.880311538,26.157
social,11,30,17,7671650.7341290675,25.933
social,11,30,18,1198986.248164383,26.64
social,11,30,19,13891603.50188025,27.564
social,11,30,2,2065058.1992807905,40.035
social,11,30,20,2318315.394049642,27.859
social,11,30,21,2269953.241488089,26.71
social,11,30,22,2210652.3521963605,26.703
social,11,30,23,3072028.4002388683,26.604
social,11,30,24,1701670.5655564412,26.925
social,11,30,25,6725641.384504218,26.857
social,11,30,26,1922142.6724565255,26.972
social,11,30,27,1294382.393386717,27.092
social,11,30,28,10374518.00268552,26.797
social,11,30,29,3306103.307016216,26.724
social,11,30,3,10099147.87980385,36.122
social,11,30,4,3624703.085732607,36.763
social,11,30,5,3426504.776045499,39.624
social,11,30,6,8082590.7766109705,25.195
social,11,30,7,5821705.079905983,26.055
social,11,30,8,10726461.219198445,26.05
social,11,30,9,13967847.082910005,25.208
social,12,30,0,120516.0494357014,21.526
social,12,30,1,112373.3286087551,21.421
social,12,30,10,181517.69861396847,21.186
social,12,30,11,92680.42352835232,21.451
social,12,30,12,100337.52099071488,21.687
social,12,30,13,92522.53075576878,21.501
social,12,30,14,91489.0427354935,21.577
social,12,30,15,97425.2095455112,21.692
social,12,30,16,107577.99093521133,21.601
social,12,30,17,93230.34180117419,21.505
social,12,30,18,96644.26709766107,23.153
social,12,30,19,145458.3106030608,23.513
social,12,30,2,137072.4096895874,21.496
social,12,30,20,96893.75009032006,23.066
social,12,30,21,108071.69637037392,22.926
social,12,30,22,117237.08558628379,23.308
social,12,30,23,187120.76196131896,22.729
social,12,30,24,93191.13175420504,24.246
social,12,30,25,119644.10892028763,24.126
social,12,30,26,93606.87054924147,23.874
social,12,30,27,85274.51652583142,24.022
social,12,30,28,92471.6264415349,23.972
social,12,30,29,129327.3393777144,23.901
social,12,30,3,87396.56284259076,21.434
social,12,30,4,102767.90033483366,21.414
social,12,30,5,109807.49066606605,21.27
social,12,30,6,110176.94079084079,21.345
social,12,30,7,114614.90496640581,21.364
social,12,30,8,89448.47612550529,21.203
social,12,30,9,102024.41203916591,21.253
social,13,30,0,81114.82930942936,29.551
social,13,30,1,131560.19141383743,29.725
social,13,30,10,120505.2912285529,29.481
social,13,30,11,166728.782192551,29.258
social,13,30,12,113961.2426314909,29.423
social,13,30,13,98304.4808430107,29.295
social,13,30,14,87085.44700983912,29.367
social,13,30,15,130997.83408184431,29.52
social,13,30,16,98700.75013523594,29.321
social,13,30,17,137903.06649240316,29.404
social,13,30,18,128408.85960679763,29.102
social,13,30,19,105921.93886515046,29.139
social,13,30,2,99777.9757899966,29.624
social,13,30,20,126875.1404778124,29.351
social,13,30,21,89878.11365637084,29.269
social,13,30,22,83076.31183405049,29.195
social,13,30,23,66050.78083620475,29.195
social,13,30,24,110665.4880790961,29.693
social,13,30,25,97045.75591331866,29.618
social,13,30,26,166546.1133961065,29.677
social,13,30,27,86404.07186792107,29.613
social,13,30,28,120598.75761809538,29.778
social,13,30,29,87757.29928323752,29.431
social,13,30,3,102275.575679958,29.599
social,13,30,4,148364.43143203948,29.834
social,13,30,5,123277.67584573728,29.558
social,13,30,6,121721.78353190514,29.358
social,13,30,7,87822.83402661496,29.487
social,13,30,8,119893.75422789346,29.615
social,13,30,9,91775.30830642913,29.467
social,14,30,0,68137.9153712285,25.272
social,14,30,1,65575.7145607598,25.257
social,14,30,10,63955.815283171825,25.021
social,14,30,11,81859.56351838226,25.113
social,14,30,12,66459.70278438444,25.075
social,14,30,13,60305.11421431723,25.415
social,14,30,14,69670.76327383498,25.017
social,14,30,15,86826.18868381219,25.077
social,14,30,16,62098.52554151598,25.248
social,14,30,17,70494.56239982939,25.03
social,14,30,18,61789.25615211943,25.505
social,14,30,19,71455.07976957137,25.491
social,14,30,2,54475.31887560951,25.217
social,14,30,20,75851.50334771464,25.53
social,14,30,21,55652.203115118464,25.746
social,14,30,22,64827.67727976473,25.565
social,14,30,23,67061.63599989605,25.506
social,14,30,24,83746.68386427689,25.356
social,14,30,25,61005.68211013776,25.258
social,14,30,26,73493.31523383543,25.628
social,14,30,27,74088.99562670811,25.588
social,14,30,28,57597.62291574141,25.378
social,14,30,29,63706.93898233684,25.325
social,14,30,3,71679.60700421181,25.18
social,14,30,4,69001.97385627293,25.266
social,14,30,5,80873.15079647403,25.403
social,14,30,6,64791.443423798424,25.058
social,14,30,7,85621.78780766724,25.173
social,14,30,8,89515.89544141771,25.116
social,14,30,9,66557.7211524285,25.251
social,15,30,0,5087.376751974223,56.152
social,15,30,1,7732.694040373743,55.737
social,15,30,10,3205.740487636059,47.633
social,15,30,11,9921.014129182828,47.73
social,15,30,12,6583.152113486411,54.519
social,15,30,13,6166.727413128885,53.675
social,15,30,14,2161.7146684933123,53.84
social,15,30,15,2535.0519725398112,54.851
social,15,30,16,2893.0058658524167,52.63
social,15,30,17,8531.08025233772,52.773
social,15,30,18,4155.5022903774125,56.304
social,15,30,19,7977.24830387506,57.135
social,15,30,2,4309.568663105167,55.302
social,15,30,20,2886.7969111889142,57.608
social,15,30,21,4499.528543683223,56.856
social,15,30,22,5669.0987388334925,57.983
social,15,30,23,11802.863110626151,58.017
social,15,30,24,5269.292109103603,56.654
social,15,30,25,2174.5892594577263,58.061
social,15,30,26,3491.4681381243554,57.946
social,15,30,27,6278.836513002371,58.061
social,15,30,28,2812.512504063031,57.815
social,15,30,29,4050.2183891406457,57.359
social,15,30,3,3572.7992077680265,56.294
social,15,30,4,3594.2879679680427,56.05
social,15,30,5,3785.172321707234,56.768
social,15,30,6,4265.482168199564,47.864
social,15,30,7,6545.696040889381,47.997
social,15,30,8,6535.52184100022,47.765
social,15,30,9,5458.874674172223,47.878
social,16,30,0,1826.3792927569107,202.179
social,16,30,1,1034.5756299621926,201.162
social,16,30,10,1845.1216900843351,180.039
social,16,30,11,2141.2378792063137,179.289
social,16,30,12,1794.673992858352,186.865
social,16,30,13,1821.8405685565103,186.51
social,16,30,14,1143.6145234158953,186.402
social,16,30,15,1353.9827729489475,186.667
social,16,30,16,1314.74553730369,185.182
social,16,30,17,1863.4719561250386,186.183
social,16,30,18,1890.382426895174,177.325
social,16,30,19,1432.6512882255574,175.854
social,16,30,2,1773.6210141592724,201.839
social,16,30,20,1621.1098700695275,176.186
social,16,30,21,1645.06165854144,176.501
social,16,30,22,1152.7600170438686,175.972
social,16,30,23,2959.1929929728694,177.027
social,16,30,24,1001.5779567939089,168.94
social,16,30,25,1705.5916979057556,171.559
social,16,30,26,1805.527015925336,168.362
social,16,30,27,1810.748873238903,171.061
social,16,30,28,1879.7705962159662,167.618
social,16,30,29,2033.8366759539667,167.389
social,16,30,3,1678.5888446292006,202.329
social,16,30,4,1391.2480269237794,201.299
social,16,30,5,1912.2740810024752,202.485
social,16,30,6,1578.909921736994,180.038
social,16,30,7,2582.4919579776288,182.184
social,16,30,8,2172.710663701017,181.649
social,16,30,9,2289.2083465097066,182.097
social,17,30,0,141461.44031688973,29.341
social,17,30,1,352609.7600540825,29.389
social,17,30,10,214369.43667707936,29.47
social,17,30,11,155039.06640076076,29.287
social,17,30,12,425856.7224367024,29.417
social,17,30,13,121629.43589560965,29.584
social,17,30,14,201919.2876517979,29.291
social,17,30,15,193507.54762322188,29.593
social,17,30,16,128999.1709607694,29.372
social,17,30,17,203705.57352456666,29.378
social,17,30,18,93934.51966212336,29.541
social,17,30,19,170496.75724701228,29.436
social,17,30,2,146082.01034942243,29.361
social,17,30,20,159670.80098277776,29.706
social,17,30,21,701981.4535846333,29.513
social,17,30,22,180902.15371859501,29.67
social,17,30,23,180140.9155752846,29.558
social,17,30,24,198611.70576732073,29.189
social,17,30,25,368838.1789159996,29.442
social,17,30,26,139973.19437336596,29.27
social,17,30,27,151921.03512591435,29.407
social,17,30,28,252053.6468525909,29.218
social,17,30,29,130863.25141965493,29.143
social,17,30,3,445244.19981954846,29.352
social,17,30,4,82943.07835381814,29.363
social,17,30,5,126971.91915825893,29.252
social,17,30,6,187140.52412824737,29.288
social,17,30,7,127853.68000883944,29.064
social,17,30,8,382361.56373617635,29.312
social,17,30,9,121216.33365012133,29.46
social,18,30,0,27558.08385460755,100.988
social,18,30,1,48205.52477990888,101.493
social,18,30,10,68656.37945037732,97.198
social,18,30,11,38399.11335674019,97.908
social,18,30,12,42454.82180701011,89.103
social,18,30,13,36549.27774605278,90.029
social,18,30,14,51138.98710931026,90.005
social,18,30,15,53902.331823954155,90.02
social,18,30,16,34907.46434381067,88.822
social,18,30,17,35496.9336598193,88.124
social,18,30,18,74055.3160418161,98.191
social,18,30,19,41696.265703932644,98.938
social,18,30,2,22954.285969873403,99.259
social,18,30,20,41913.043122820454,97.342
social,18,30,21,47407.51256733434,99.477
social,18,30,22,32742.737082213236,99.423
social,18,30,23,34434.7931168314,99.472
social,18,30,24,57370.78583672179,101.369
social,18,30,25,62245.82844509266,99.356
social,18,30,26,37481.3532095598,101.187
social,18,30,27,55248.70327569743,100.076
social,18,30,28,35734.92047725267,101.419
social,18,30,29,42245.20831049728,100.809
social,18,30,3,66918.78429268308,100.597
social,18,30,4,96259.92554842765,101.232
social,18,30,5,73621.07378030244,98.933
social,18,30,6,56124.78189073395,95.191
social,18,30,7,29929.166667902093,94.559
social,18,30,8,33286.41860290173,95.914
social,18,30,9,32320.14577052307,94.271
social,19,30,0,2065.824239491436,190.371
social,19,30,1,1565.3870830207538,191.55
social,19,30,10,1240.5882125201324,203.261
social,19,30,11,3333.02763029572,201.699
social,19,30,12,2113.022910071431,193.919
social,19,30,13,2000.9080262135185,190.938
social,19,30,14,2754.888306683404,192.663
social,19,30,15,1738.9149564344139,193.592
social,19,30,16,3111.4119425927493,192.173
social,19,30,17,1978.5494210069264,193.992
social,19,30,18,1624.5325862098139,198.756
social,19,30,19,2667.753977417631,201.19
social,19,30,2,933.7896174702041,193.044
social,19,30,20,2692.0135866371666,199.824
social,19,30,21,2117.733967004459,198.527
social,19,30,22,1482.5053262108959,198.501
social,19,30,23,1842.563643169327,200.505
social,19,30,24,2111.8740463905015,196.644
social,19,30,25,3216.2369236421564,198.546
social,19,30,26,2384.481376745728,195.874
social,19,30,27,2706.904191812895,199.825
social,19,30,28,1779.8521825580647,194.737
social,19,30,29,1354.4357948402567,195.012
social,19,30,3,2023.7700077699283,191.419
social,19,30,4,1435.8708497362863,192.306
social,19,30,5,2544.175489445899,192.703
social,19,30,6,2235.029524972064,203.541
social,19,30,7,1351.5752507517182,203.808
social,19,30,8,2320.248265635707,201.976
social,19,30,9,2515.1557947984575,205.448
social,1,30,0,256.0308195136269,10.707
social,1,30,1,250.1731309477949,10.5
social,1,30,10,4365.877646265974,10.819
social,1,30,11,2790.000714001323,10.847
social,1,30,12,715.6279615320279,10.778
social,1,30,13,3761.7664684329357,10.771
social,1,30,14,478.3152517265578,10.795
social,1,30,15,709.4386680204171,10.823
social,1,30,16,6849.266551020829,10.808
social,1,30,17,65.44963499289551,10.797
social,1,30,18,301.0920797597275,10.982
social,1,30,19,19.237399473034884,11.075
social,1,30,2,5504.298033634815,10.682
social,1,30,20,941.6269464441939,11.019
social,1,30,21,1504.9743617596682,10.941
social,1,30,22,268.5408514500208,10.983
social,1,30,23,875.5089870497901,10.882
social,1,30,24,3394.8176700520276,10.969
social,1,30,25,408.29343865489545,11.09
social,1,30,26,2600.5941222927895,10.931
social,1,30,27,948.0179756896905,10.964
social,1,30,28,3978.471087091577,10.968
social,1,30,29,2381.417471788365,10.954
social,1,30,3,6832.0217716919005,10.72
social,1,30,4,149.15617493194515,10.69
social,1,30,5,1146.7594431009022,10.603
social,1,30,6,2053.5101262034163,10.722
social,1,30,7,3221.6777031863294,10.842
social,1,30,8,3089.503308908764,10.846
social,1,30,9,693.1923201042888,10.88
social,20,30,0,100.15932313308213,37.435
social,20,30,1,605.8392598274472,37.724
social,20,30,10,1379.0731874616313,37.394
social,20,30,11,100.13059941541042,37.404
social,20,30,12,100.1525535347414,36.933
social,20,30,13,503.00756454219436,36.252
social,20,30,14,745.5448768658648,36.879
social,20,30,15,100.13817307644103,35.682
social,20,30,16,966.3680925579174,37.469
social,20,30,17,100.1469256748228,36.994
social,20,30,18,100.1775452109232,31.905
social,20,30,19,696.9631955046211,32.524
social,20,30,2,1129.9151041843843,38.162
social,20,30,20,100.12939483935588,32.774
social,20,30,21,811.6720299681729,32.781
social,20,30,22,1019.9103426468441,32.855
social,20,30,23,1056.1343763150544,33.197
social,20,30,24,100.23000100386389,36.201
social,20,30,25,820.3365274301536,36.004
social,20,30,26,100.1958119074352,35.535
social,20,30,27,100.13791424552164,37.105
social,20,30,28,608.5675920723252,34.478
social,20,30,29,100.13214838638214,34.233
social,20,30,3,100.14466709899716,37.681
social,20,30,4,706.5010558079366,38.177
social,20,30,5,755.7645795446961,38.214
social,20,30,6,895.9007331737184,37.495
social,20,30,7,1085.0218723454318,37.17
social,20,30,8,623.5595586556401,37.161
social,20,30,9,747.0363520428909,37.156
social,21,30,0,2593.2236034746848,49.003
social,21,30,1,2933.4667285983296,49.602
social,21,30,10,1670.0100813224972,50.869
social,21,30,11,1468.1075385469267,50.624
social,21,30,12,1769.266890597527,47.408
social,21,30,13,925.2803651757977,48.793
social,21,30,14,2308.996087196141,48.871
social,21,30,15,641.5965881506718,48.603
social,21,30,16,1971.6575602195408,49.47
social,21,30,17,1038.674629561243,49.367
social,21,30,18,1770.550063421957,48.576
social,21,30,19,1660.0726681968417,46.177
social,21,30,2,1050.4751659174485,48.86
social,21,30,20,1824.2174072497537,48.545
social,21,30,21,1652.4937045565048,46.05
social,21,30,22,891.0124851018236,48.081
social,21,30,23,1341.876285752085,48.3
social,21,30,24,991.7816799051407,42.956
social,21,30,25,1807.594640267832,43.046
social,21,30,26,1565.2736591789603,42.484
social,21,30,27,831.417896688647,42.384
social,21,30,28,2098.832895254064,42.198
social,21,30,29,490.0805373229887,42.764
social,21,30,3,2393.752400678208,49.77
social,21,30,4,1851.7337004046735,50.176
social,21,30,5,2315.606265407265,49.091
social,21,30,6,2422.5641011964635,49.934
social,21,30,7,1890.9703676247545,50.788
social,21,30,8,1753.8787772937667,50.745
social,21,30,9,1589.5857559235928,50.662
social,22,30,0,966.6893661051627,50.989
social,22,30,1,201.09150002286242,50.467
social,22,30,10,1044.014778814992,54.395
social,22,30,11,200.64035141973454,53.389
social,22,30,12,200.89827563069957,56.125
social,22,30,13,201.17511901562466,56.787
social,22,30,14,200.82238285967833,56.692
social,22,30,15,200.77761699369466,56.542
social,22,30,16,936.1319142497023,57.492
social,22,30,17,891.0817949666416,57.729
social,22,30,18,200.70094969126148,55.485
social,22,30,19,200.6861516079216,55.73
social,22,30,2,200.8124914955256,50.84
social,22,30,20,200.59071452825538,55.732
social,22,30,21,889.8356276095728,57.487
social,22,30,22,1115.6301029395831,56.643
social,22,30,23,200.42340462744323,55.393
social,22,30,24,200.6188006766606,55.998
social,22,30,25,200.85436592996166,56.501
social,22,30,26,811.2985099814669,57.073
social,22,30,27,795.866602636117,56.408
social,22,30,28,200.5222154265166,57.349
social,22,30,29,200.6567891790687,57.117
social,22,30,3,1009.3477802066741,52.03
social,22,30,4,200.63979907929615,48.955
social,22,30,5,200.85194812787586,48.937
social,22,30,6,1051.6375438797777,55.51
social,22,30,7,200.5966790237958,55.064
social,22,30,8,200.64105824693843,54.56
social,22,30,9,200.43767881874464,55.08
social,23,30,0,200.35988979004424,38.966
social,23,30,1,200.39233159239984,38.165
social,23,30,10,200.48131231372463,38.601
social,23,30,11,200.41464267098354,38.738
social,23,30,12,748.2231370957006,40.757
social,23,30,13,200.5612470933179,41.514
social,23,30,14,741.2452711035276,41.066
social,23,30,15,649.1776983628433,41.549
social,23,30,16,200.3709888850667,41.083
social,23,30,17,200.69210940425728,40.0
social,23,30,18,200.71889909620222,44.426
social,23,30,19,200.3687098233845,44.444
social,23,30,2,200.37181415972282,38.863
social,23,30,20,200.4496479539598,43.626
social,23,30,21,200.32216011654327,44.599
social,23,30,22,200.38887388597504,43.894
social,23,30,23,200.41773106712526,43.93
social,23,30,24,200.57538135508048,45.266
social,23,30,25,200.33633184636483,44.074
social,23,30,26,200.53694684656693,44.275
social,23,30,27,200.48579739841398,44.091
social,23,30,28,200.46098481287936,43.741
social,23,30,29,200.3609004674413,44.495
social,23,30,3,200.6079422926009,38.449
social,23,30,4,200.46252919987637,39.397
social,23,30,5,200.44714009816016,39.785
social,23,30,6,200.328860568628,38.826
social,23,30,7,200.4166032495964,38.977
social,23,30,8,200.39423421687206,38.755
social,23,30,9,200.42017419963986,38.949
social,24,30,0,447.25564338564345,48.848
social,24,30,1,505.8550069792136,49.76
social,24,30,10,433.78154371729215,49.719
social,24,30,11,442.9879804331945,49.396
social,24,30,12,434.48906711936525,48.325
social,24,30,13,434.5492738811404,46.833
social,24,30,14,468.9633777909967,49.037
social,24,30,15,435.6226654496272,45.531
social,24,30,16,451.09033813045517,48.792
social,24,30,17,517.9088846295058,48.775
social,24,30,18,432.3400030309963,40.588
social,24,30,19,429.7509930472179,41.352
social,24,30,2,430.0610168046769,48.599
social,24,30,20,565.7635202043125,42.101
social,24,30,21,436.8677186176724,41.156
social,24,30,22,429.07029508042115,41.444
social,24,30,23,439.494307165533,42.035
social,24,30,24,444.7612242593732,44.837
social,24,30,25,430.1618804540394,45.835
social,24,30,26,455.31357718642494,44.553
social,24,30,27,424.8441851794082,45.947
social,24,30,28,516.5840455847938,45.474
social,24,30,29,434.9789975164581,44.006
social,24,30,3,433.9768511080847,49.731
social,24,30,4,436.1011608141066,49.135
social,24,30,5,457.5112770633218,48.82
social,24,30,6,441.83282443854705,49.62
social,24,30,7,432.5074765242143,49.947
social,24,30,8,454.4656565887781,48.884
social,24,30,9,453.4346598830075,49.665
social,25,30,0,865.2547012773848,172.375
social,25,30,1,854.7714535812729,172.299
social,25,30,10,823.1136531475713,167.623
social,25,30,11,812.0914211676104,168.719
social,25,30,12,814.9836878829069,159.257
social,25,30,13,709.1167922550908,159.395
social,25,30,14,795.2189689075421,159.26
social,25,30,15,930.922381385436,161.199
social,25,30,16,827.9706147391407,159.385
social,25,30,17,861.2811860757311,155.694
social,25,30,18,768.9775081713638,177.44
social,25,30,19,730.8972501585558,180.154
social,25,30,2,787.0839765844567,172.383
social,25,30,20,0.002004793220294232,176.893
social,25,30,21,795.5642424056782,184.965
social,25,30,22,796.4445603909489,177.173
social,25,30,23,785.8329106143865,178.168
social,25,30,24,896.8975149976031,387.327
social,25,30,25,819.0365273323619,397.049
social,25,30,26,766.3251998960504,387.162
social,25,30,27,791.503138928213,399.2
social,25,30,28,788.5931642061769,388.364
social,25,30,29,711.5612831173398,373.479
social,25,30,3,772.4678313059253,174.288
social,25,30,4,798.0641611752144,172.224
social,25,30,5,758.4965258930279,170.897
social,25,30,6,740.5250577200659,167.275
social,25,30,7,802.3999683695579,166.197
social,25,30,8,664.6030648518226,166.372
social,25,30,9,797.5915133469975,165.418
social,26,30,0,1868.859494724651,351.896
social,26,30,1,1610.326260765316,351.81
social,26,30,10,1179.3140183350688,413.507
social,26,30,11,1009.3296591097269,411.13
social,26,30,12,965.8664326845219,341.036
social,26,30,13,1442.4584520318203,340.097
social,26,30,14,1244.4181991442774,341.787
social,26,30,15,902.2837005158781,342.137
social,26,30,16,1127.1680682080655,341.095
social,26,30,17,1057.8645165095272,340.414
social,26,30,18,1399.0835084597184,412.218
social,26,30,19,1387.8915830418,411.11
social,26,30,2,1375.7233715959965,352.182
social,26,30,20,1316.5679216480203,412.287
social,26,30,21,980.9144327284189,414.325
social,26,30,22,904.047865159243,412.63
social,26,30,23,1390.3854429774042,410.197
social,26,30,24,2554.0766069095525,411.704
social,26,30,25,757.4118634924125,409.823
social,26,30,26,1657.7439178954728,411.884
social,26,30,27,733.5854145014578,412.861
social,26,30,28,1338.9549222895744,411.875
social,26,30,29,1165.1849280743963,410.815
social,26,30,3,1578.8286855024453,353.401
social,26,30,4,829.4854748520593,352.546
social,26,30,5,1903.1056212004714,350.245
social,26,30,6,792.2024888818223,412.635
social,26,30,7,1777.599505482437,411.763
social,26,30,8,1103.6056632780019,413.03
social,26,30,9,1235.5022704398316,414.287
social,27,30,0,84.94883492953159,370.732
social,27,30,1,77.39086346296426,369.398
social,27,30,10,52.356890841417226,388.33
social,27,30,11,90.2562111933571,385.593
social,27,30,12,401.5534749202616,387.419
social,27,30,13,74.20651855613642,386.168
social,27,30,14,62.85970907776391,386.906
social,27,30,15,82.62580886881506,388.662
social,27,30,16,80.71096096746987,388.443
social,27,30,17,56.40691039522653,385.379
social,27,30,18,73.90072621888521,390.581
social,27,30,19,123.61247961108938,389.952
social,27,30,2,79.43761322439332,370.915
social,27,30,20,55.69211807191505,390.731
social,27,30,21,73.55083826848931,391.202
social,27,30,22,130.5426625506543,391.688
social,27,30,23,66.31265392232399,389.129
social,27,30,24,103.33111310572622,389.752
social,27,30,25,261.76464791830404,388.926
social,27,30,26,284.620303705216,389.599
social,27,30,27,436.9735037648493,391.33
social,27,30,28,444.1409379244965,390.486
social,27,30,29,292.1616044951684,388.052
social,27,30,3,128.468061731528,371.786
social,27,30,4,57.96440427942525,371.379
social,27,30,5,114.425239308051,368.843
social,27,30,6,141.34766131743618,387.558
social,27,30,7,333.7905492156683,386.168
social,27,30,8,153.34484195981258,387.567
social,27,30,9,235.66266870904929,388.922
social,28,30,0,41245.34216133428,623.895
social,28,30,1,53845.77057946946,627.59
social,28,30,10,40757.2834556496,625.568
social,28,30,11,71059.8197251786,624.394
social,28,30,12,46663.8144113451,625.393
social,28,30,13,43618.890304536355,626.606
social,28,30,14,68992.17650525755,626.432
social,28,30,15,71112.33538993634,626.705
social,28,30,16,41382.45595378371,625.148
social,28,30,17,44372.27472920072,625.631
social,28,30,18,36919.98735607684,626.585
social,28,30,19,29523.722521009557,627.838
social,28,30,2,24960.819553012752,628.106
social,28,30,20,35379.778540431114,625.7
social,28,30,21,55502.53922819547,627.286
social,28,30,22,41089.57902729139,624.888
social,28,30,23,39787.77771194549,625.156
social,28,30,24,35607.88757133765,626.013
social,28,30,25,56706.69097918871,626.125
social,28,30,26,48728.24909527412,626.368
social,28,30,27,57669.11686718529,627.602
social,28,30,28,79875.00738981548,625.896
social,28,30,29,64509.698898943156,625.813
social,28,30,3,45060.056711394966,623.395
social,28,30,4,52332.5272036065,624.375
social,28,30,5,37209.83008683216,625.978
social,28,30,6,48868.47964506746,624.402
social,28,30,7,37930.74123206241,626.361
social,28,30,8,49800.61456325931,624.348
social,28,30,9,36013.23065195032,625.599
social,29,30,0,957388.0376774383,335.095
social,29,30,1,900106.4946027353,334.86
social,29,30,10,2074618.0071267271,336.73
social,29,30,11,225313.61967837662,334.058
social,29,30,12,804710.0669753491,335.22
social,29,30,13,329434.70752158517,334.371
social,29,30,14,888439.5859788806,334.67
social,29,30,15,386874.8883308902,335.431
social,29,30,16,992342.7917489514,336.043
social,29,30,17,684182.8057531494,334.079
social,29,30,18,827099.1004571189,334.889
social,29,30,19,2197179.0940397433,334.079
social,29,30,2,638917.6676065822,334.98
social,29,30,20,1160993.5326190123,334.51
social,29,30,21,343848.3174004872,335.838
social,29,30,22,869715.4414276296,335.519
social,29,30,23,902452.4747404729,333.867
social,29,30,24,509749.190343835,335.216
social,29,30,25,916626.0096798805,334.766
social,29,30,26,997496.1632630082,334.888
social,29,30,27,718631.0007079471,336.085
social,29,30,28,897464.0623513036,336.17
social,29,30,29,654210.5969921746,333.783
social,29,30,3,657673.4268000633,335.172
social,29,30,4,818625.6281819502,335.959
social,29,30,5,1239309.529374697,334.164
social,29,30,6,1132230.6758739993,335.311
social,29,30,7,722392.4851019965,335.2
social,29,30,8,972990.966363198,334.992
social,29,30,9,462945.1976366946,336.396
social,3,30,0,81.44148426893582,13.309
social,3,30,1,49.174405372159754,13.299
social,3,30,10,15.005345250273763,13.534
social,3,30,11,79.81226079416581,13.614
social,3,30,12,81.71756773209603,13.517
social,3,30,13,80.78786354525818,13.504
social,3,30,14,14.733419484605292,13.491
social,3,30,15,1.990143453724329,13.476
social,3,30,16,13.998749222599429,13.477
social,3,30,17,76.27745161289141,13.477
social,3,30,18,64.52154392164715,13.538
social,3,30,19,80.66401640578187,13.663
social,3,30,2,79.54658958183535,13.295
social,3,30,20,28.30686889453807,13.54
social,3,30,21,15.648771171529631,13.519
social,3,30,22,21.423841713975833,13.428
social,3,30,23,80.2271562908602,13.482
social,3,30,24,83.21007548773451,13.648
social,3,30,25,67.48613100282188,13.594
social,3,30,26,15.392848193560269,13.559
social,3,30,27,35.191575437194444,13.664
social,3,30,28,13.84322068795609,13.633
social,3,30,29,77.64703448341584,13.591
social,3,30,3,33.44596304281947,13.279
social,3,30,4,129.10611020590875,13.251
social,3,30,5,14.109596614476231,13.285
social,3,30,6,127.28766476055165,13.6
social,3,30,7,101.33266308941859,13.565
social,3,30,8,80.7541843163512,13.584
social,3,30,9,74.7236755515977,13.539
social,4,30,0,606.9139637114616,12.629
social,4,30,1,542.24611629146,12.547
social,4,30,10,401.9637957911251,12.793
social,4,30,11,871.5607652046442,12.794
social,4,30,12,519.3622542201493,12.782
social,4,30,13,617.8566846793548,12.81
social,4,30,14,558.1604645279216,12.774
social,4,30,15,394.99701300591255,12.768
social,4,30,16,877.5239054878198,12.818
social,4,30,17,571.1034937437607,12.756
social,4,30,18,455.69492370321984,12.817
social,4,30,19,452.7021689417991,12.778
social,4,30,2,631.793638741236,12.643
social,4,30,20,315.40064241307914,12.759
social,4,30,21,508.41656541896214,12.861
social,4,30,22,590.9816142616867,12.842
social,4,30,23,799.9328490706603,12.887
social,4,30,24,480.56950194597357,12.989
social,4,30,25,526.3404803847118,13.028
social,4,30,26,523.3476101109043,13.004
social,4,30,27,855.6422110272747,13.065
social,4,30,28,440.7689629156671,13.078
social,4,30,29,388.0317487889412,13.042
social,4,30,3,435.78824965832575,12.665
social,4,30,4,373.10757716759724,12.621
social,4,30,5,838.737776298899,12.685
social,4,30,6,584.0361527076747,12.87
social,4,30,7,393.0137306994095,12.875
social,4,30,8,647.7099059980433,12.753
social,4,30,9,632.7910473311113,12.737
social,5,30,0,6.719908765262517e-05,29.142
social,5,30,1,0.00033106534220905814,29.118
social,5,30,10,0.0005860180490344646,29.159
social,5,30,11,0.0008222307253049621,29.061
social,5,30,12,0.0005275036740499672,32.179
social,5,30,13,8.088054232757713e-05,32.019
social,5,30,14,0.0027753761135613786,31.946
social,5,30,15,0.000713508735088908,32.369
social,5,30,16,4.316906830581502e-05,32.104
social,5,30,17,0.0005854135810636762,31.982
social,5,30,18,2.0665610122705402e-05,33.148
social,5,30,19,0.00030612265697982366,33.258
social,5,30,2,0.0009598539586477273,28.952
social,5,30,20,0.002667036695186198,33.232
social,5,30,21,8.278448819964979e-05,33.427
social,5,30,22,5.196068269697207e-05,33.171
social,5,30,23,0.0005691840493113887,32.997
social,5,30,24,0.00035374798392240336,34.292
social,5,30,25,3.357088314714929e-05,34.37
social,5,30,26,5.353236639393799e-05,34.313
social,5,30,27,0.00011488670691051084,34.215
social,5,30,28,0.00017972509050423469,34.385
social,5,30,29,0.0013127197350968345,33.976
social,5,30,3,4.362898761200995e-05,29.377
social,5,30,4,0.002261243566408666,29.324
social,5,30,5,0.0005536911255035193,29.019
social,5,30,6,0.00031264110890560914,29.188
social,5,30,7,0.00018208087362836523,29.293
social,5,30,8,0.0005491434330906486,29.199
social,5,30,9,0.00019764098385621764,29.423
social,6,30,0,419.28215466723464,19.521
social,6,30,1,491.57114805111496,19.731
social,6,30,10,567.3658114816712,19.44
social,6,30,11,427.12097444377105,19.15
social,6,30,12,537.5645798972619,19.171
social,6,30,13,554.3022025370442,19.369
social,6,30,14,216.45754026496104,19.132
social,6,30,15,428.31740189804987,19.101
social,6,30,16,433.7216737793408,19.224
social,6,30,17,525.1632889342934,19.32
social,6,30,18,388.0573746884145,19.202
social,6,30,19,443.9061723283953,19.225
social,6,30,2,378.3510744897287,19.471
social,6,30,20,501.79606555534497,19.083
social,6,30,21,499.8427421370757,18.99
social,6,30,22,441.08781384305894,19.227
social,6,30,23,367.29425555931573,19.135
social,6,30,24,417.0963182836065,19.17
social,6,30,25,487.6888390421268,19.16
social,6,30,26,612.9335075876552,19.195
social,6,30,27,439.41500710740706,19.275
social,6,30,28,560.8599527797544,19.29
social,6,30,29,713.3304564937641,19.16
social,6,30,3,388.11915064714105,19.604
social,6,30,4,390.20520155360816,19.589
social,6,30,5,551.9859502183388,19.566
social,6,30,6,210.6800196289978,19.251
social,6,30,7,403.0945459573261,19.464
social,6,30,8,326.4334863931522,19.438
social,6,30,9,380.3474270107996,19.383
social,7,30,0,388.5000002320935,49.566
social,7,30,1,390.50000007639073,50.752
social,7,30,10,423.0000000000073,63.934
social,7,30,11,399.000000002693,63.709
social,7,30,12,380.00000000328464,63.825
social,7,30,13,326.000000001804,63.795
social,7,30,14,264.00000027930025,63.641
social,7,30,15,406.50000008437746,63.628
social,7,30,16,474.00000002699744,63.772
social,7,30,17,412.000000000141,63.505
social,7,30,18,535.000000088359,63.754
social,7,30,19,450.5000000315554,63.998
social,7,30,2,330.0000000501286,49.005
social,7,30,20,444.50000002433694,63.967
social,7,30,21,432.00000006161486,63.654
social,7,30,22,328.0000004433871,63.928
social,7,30,23,310.0000001454308,63.742
social,7,30,24,376.00000001655326,63.198
social,7,30,25,467.0000001132189,63.306
social,7,30,26,252.00000000837372,63.169
social,7,30,27,400.5000000595023,63.276
social,7,30,28,334.00000077792083,63.297
social,7,30,29,362.00000000215914,63.294
social,7,30,3,452.5000029287819,50.779
social,7,30,4,338.0000006799037,50.139
social,7,30,5,366.0000000387629,48.445
social,7,30,6,434.50000016910644,63.95
social,7,30,7,417.00000004129606,64.127
social,7,30,8,348.0000000091004,63.899
social,7,30,9,270.0000000551911,63.803
social,8,30,0,13.697408464304317,39.659
social,8,30,1,5.778854602162937,39.536
social,8,30,10,7.233794325765416,39.237
social,8,30,11,7.5985939903746385,39.104
social,8,30,12,16.703439550829103,39.184
social,8,30,13,6.965209016508766,39.099
social,8,30,14,9.147587579269384,39.194
social,8,30,15,9.326432523100948,39.283
social,8,30,16,13.305349984424652,39.177
social,8,30,17,14.114880315687628,39.015
social,8,30,18,9.943676735174108,39.035
social,8,30,19,7.509040892550729,38.988
social,8,30,2,13.786558404186962,39.669
social,8,30,20,11.009048200165353,39.074
social,8,30,21,8.692993396755014,39.173
social,8,30,22,9.86597277508099,39.181
social,8,30,23,12.239567542780264,39.14
social,8,30,24,8.872042803871068,38.912
social,8,30,25,11.965725618579768,38.667
social,8,30,26,10.363572072463967,38.961
social,8,30,27,6.0541020897427416,38.945
social,8,30,28,10.32456716838351,38.872
social,8,30,29,6.7770111807691364,38.822
social,8,30,3,8.876275407802268,39.557
social,8,30,4,11.041834911595174,39.543
social,8,30,5,9.023183154590924,39.436
social,8,30,6,6.7794701801532256,39.236
social,8,30,7,10.998778889493224,39.159
social,8,30,8,12.72191112942403,39.162
social,8,30,9,7.5981969128041555,39.239
social,9,30,0,3154.64514772479,53.583
social,9,30,1,4849.552322183809,52.422
social,9,30,10,4040.9036928446767,22.319
social,9,30,11,3766.970243333748,22.175
social,9,30,12,4599.478495864551,41.301
social,9,30,13,2781.2479694967624,41.089
social,9,30,14,3515.750328295373,41.681
social,9,30,15,5729.99272876405,41.053
social,9,30,16,4544.490208693854,41.294
social,9,30,17,4337.295233385725,41.411
social,9,30,18,3789.2489925886002,23.308
social,9,30,19,3887.0987969758917,23.094
social,9,30,2,4371.240597879896,53.021
social,9,30,20,3766.4051876841168,22.542
social,9,30,21,3093.431122637705,23.178
social,9,30,22,5222.4933307542915,22.332
social,9,30,23,3352.939727067638,23.094
social,9,30,24,4045.235025722448,23.163
social,9,30,25,3613.347415101367,23.262
social,9,30,26,3683.614812981279,23.347
social,9,30,27,3809.780937071844,23.441
social,9,30,28,4157.856089000636,23.397
social,9,30,29,2757.005838835883,23.02
social,9,30,3,3314.8785039833965,51.829
social,9,30,4,4261.707024800769,52.74
social,9,30,5,1984.151984699678,55.459
social,9,30,6,2724.4593265474177,22.898
social,9,30,7,3934.592314590018,22.504
social,9,30,8,4058.998567209166,21.74
social,9,30,9,3922.870974934811,22.613
uniform_K4,10,30,0,43493.8639625043,36.534
uniform_K4,10,30,1,74430.75787731292,36.382
uniform_K4,10,30,10,41099.820456030146,39.343
uniform_K4,10,30,11,55932.62133110405,37.131
uniform_K4,10,30,12,43804.61380149599,36.949
uniform_K4,10,30,13,56462.66687462315,36.717
uniform_K4,10,30,14,58045.61821879281,36.725
uniform_K4,10,30,15,57148.49244984445,36.975
uniform_K4,10,30,16,55853.89073209319,39.107
uniform_K4,10,30,17,48906.80705429298,36.681
uniform_K4,10,30,18,45819.572637102756,36.908
uniform_K4,10,30,19,47684.756767803665,36.823
uniform_K4,10,30,2,38764.69088923109,36.414
uniform_K4,10,30,20,41246.65910499771,36.826
uniform_K4,10,30,21,49638.95282058078,36.995
uniform_K4,10,30,22,46416.22310109027,39.066
uniform_K4,10,30,23,39479.42772034688,36.727
uniform_K4,10,30,24,51651.94784175207,36.853
uniform_K4,10,30,25,60612.696865617894,36.698
uniform_K4,10,30,26,49589.78265409566,36.714
uniform_K4,10,30,27,52601.26606737356,36.885
uniform_K4,10,30,28,43472.45959145744,38.858
uniform_K4,10,30,29,65262.172553360404,36.559
uniform_K4,10,30,3,64814.18841399255,36.614
uniform_K4,10,30,4,47435.021467798135,39.122
uniform_K4,10,30,5,33742.63691537105,36.293
uniform_K4,10,30,6,35675.75033502167,37.374
uniform_K4,10,30,7,59720.72219883666,37.191
uniform_K4,10,30,8,48080.37318224059,37.229
uniform_K4,10,30,9,56978.84019889921,37.449
uniform_K4,11,30,0,5450050.98857226,56.989
uniform_K4,11,30,1,4491585.707039057,57.028
uniform_K4,11,30,10,4807986.010153479,58.639
uniform_K4,11,30,11,5933386.445385397,52.773
uniform_K4,11,30,12,3699388.0027521886,53.292
uniform_K4,11,30,13,1980777.7534989112,57.226
uniform_K4,11,30,14,4552069.811772572,57.297
uniform_K4,11,30,15,2393785.190887524,53.207
uniform_K4,11,30,16,2492800.446105352,55.016
uniform_K4,11,30,17,8359325.780350597,53.107
uniform_K4,11,30,18,2388514.278636633,53.062
uniform_K4,11,30,19,10877094.753200056,56.077
uniform_K4,11,30,2,3237710.239041351,53.219
uniform_K4,11,30,20,1627395.327061703,56.976
uniform_K4,11,30,21,4509800.71767083,56.833
uniform_K4,11,30,22,1692137.9336999876,47.646
uniform_K4,11,30,23,320106.40125022375,56.858
uniform_K4,11,30,24,3092790.817713201,39.816
uniform_K4,11,30,25,2094959.6271381925,33.898
uniform_K4,11,30,26,1450447.1162246803,39.401
uniform_K4,11,30,27,6991006.4000043785,40.155
uniform_K4,11,30,28,9359752.32425368,23.781
uniform_K4,11,30,29,6355584.956558349,38.615
uniform_K4,11,30,3,12219049.488448877,53.011
uniform_K4,11,30,4,15095229.945368258,54.971
uniform_K4,11,30,5,2437173.5962532177,56.887
uniform_K4,11,30,6,10049295.872477854,52.999
uniform_K4,11,30,7,6294359.006142927,56.865
uniform_K4,11,30,8,6411154.851049527,56.81
uniform_K4,11,30,9,8849159.872303285,52.888
uniform_K4,12,30,0,133469.6402889405,12.358
uniform_K4,12,30,1,144644.86428774835,12.188
uniform_K4,12,30,10,141239.48231285086,13.279
uniform_K4,12,30,11,116180.8126350205,12.104
uniform_K4,12,30,12,101510.5273736088,12.305
uniform_K4,12,30,13,102311.44289004267,12.475
uniform_K4,12,30,14,89048.8030289211,12.447
uniform_K4,12,30,15,110548.604954885,12.314
uniform_K4,12,30,16,108570.86846840353,13.644
uniform_K4,12,30,17,142273.61005321305,12.288
uniform_K4,12,30,18,122873.52385026703,12.707
uniform_K4,12,30,19,120092.44137896714,12.784
uniform_K4,12,30,2,150537.02266618898,12.193
uniform_K4,12,30,20,103067.2481783731,12.862
uniform_K4,12,30,21,116656.6146039489,12.637
uniform_K4,12,30,22,133868.1142807197,13.777
uniform_K4,12,30,23,163110.07776965288,12.779
uniform_K4,12,30,24,99653.2264128634,12.836
uniform_K4,12,30,25,154027.87004836736,12.933
uniform_K4,12,30,26,111177.30252926846,12.788
uniform_K4,12,30,27,108565.24523518712,12.932
uniform_K4,12,30,28,121186.58573308947,13.971
uniform_K4,12,30,29,255021.59392732492,12.871
uniform_K4,12,30,3,174189.60928508942,12.322
uniform_K4,12,30,4,134613.45523565105,12.868
uniform_K4,12,30,5,131454.9903928,12.098
uniform_K4,12,30,6,142797.7561828612,12.0
uniform_K4,12,30,7,126551.63405723445,11.96
uniform_K4,12,30,8,126733.73076644089,12.052
uniform_K4,12,30,9,86104.01442424134,11.924
uniform_K4,13,30,0,92597.13494908139,16.108
uniform_K4,13,30,1,103037.29271715951,16.226
uniform_K4,13,30,10,109768.1804448715,53.561
uniform_K4,13,30,11,153490.69464546358,22.142
uniform_K4,13,30,12,129867.32279072492,50.968
uniform_K4,13,30,13,90026.36943364941,51.693
uniform_K4,13,30,14,89415.42524529854,50.785
uniform_K4,13,30,15,95064.7561302318,50.909
uniform_K4,13,30,16,90841.08022351877,19.11
uniform_K4,13,30,17,115628.78739271473,50.772
uniform_K4,13,30,18,118320.59763280721,29.032
uniform_K4,13,30,19,148183.9779759414,21.115
uniform_K4,13,30,2,123397.95713904349,16.219
uniform_K4,13,30,20,96031.45090768154,27.591
uniform_K4,13,30,21,94598.35408553819,29.657
uniform_K4,13,30,22,89332.92862831696,17.29
uniform_K4,13,30,23,72214.59676545966,27.793
uniform_K4,13,30,24,122865.91346449777,16.167
uniform_K4,13,30,25,112616.21997768898,16.38
uniform_K4,13,30,26,87418.24472561455,16.325
uniform_K4,13,30,27,108845.98199956519,16.149
uniform_K4,13,30,28,156795.8142063117,17.749
uniform_K4,13,30,29,53398.427747857255,16.244
uniform_K4,13,30,3,74303.8640242391,16.291
uniform_K4,13,30,4,122172.92755849946,30.687
uniform_K4,13,30,5,148089.3790971649,16.255
uniform_K4,13,30,6,90772.40252211207,20.854
uniform_K4,13,30,7,100381.96830706956,28.237
uniform_K4,13,30,8,103615.630095444,22.595
uniform_K4,13,30,9,106046.8038321151,20.329
uniform_K4,14,30,0,67721.67085096249,13.799
uniform_K4,14,30,1,68514.26417838107,13.94
uniform_K4,14,30,10,83618.41725251554,16.14
uniform_K4,14,30,11,71398.1151985763,13.95
uniform_K4,14,30,12,68505.34583847401,14.937
uniform_K4,14,30,13,60173.62053727361,14.814
uniform_K4,14,30,14,80022.97424271562,14.985
uniform_K4,14,30,15,85578.08717005549,14.97
uniform_K4,14,30,16,58907.21939077138,15.533
uniform_K4,14,30,17,66951.4494048221,15.101
uniform_K4,14,30,18,71262.93080628783,14.84
uniform_K4,14,30,19,76332.00063709405,15.101
uniform_K4,14,30,2,57555.54631388475,13.918
uniform_K4,14,30,20,77551.32091655658,15.141
uniform_K4,14,30,21,67730.56403135195,15.113
uniform_K4,14,30,22,65790.59529586066,15.814
uniform_K4,14,30,23,76779.82887807765,15.099
uniform_K4,14,30,24,87889.90040518875,14.735
uniform_K4,14,30,25,63430.73739405359,14.685
uniform_K4,14,30,26,71383.07922804853,14.739
uniform_K4,14,30,27,73869.73754406307,14.459
uniform_K4,14,30,28,49748.0358314916,17.888
uniform_K4,14,30,29,68157.20966458267,14.581
uniform_K4,14,30,3,76595.63485814349,13.693
uniform_K4,14,30,4,70340.59455803616,15.902
uniform_K4,14,30,5,78794.37753360214,13.846
uniform_K4,14,30,6,69945.61065020472,14.142
uniform_K4,14,30,7,79871.10119598465,14.373
uniform_K4,14,30,8,81814.2923929378,14.153
uniform_K4,14,30,9,65446.250357884,14.083
uniform_K4,15,30,0,5798.306490220544,60.701
uniform_K4,15,30,1,5515.526052340354,63.602
uniform_K4,15,30,10,3157.580330545323,127.339
uniform_K4,15,30,11,5722.115516507346,106.929
uniform_K4,15,30,12,3244.987717488175,120.901
uniform_K4,15,30,13,7180.960300990853,117.761
uniform_K4,15,30,14,3544.1215568215976,120.525
uniform_K4,15,30,15,5777.416420624387,122.182
uniform_K4,15,30,16,2764.3121698469195,127.883
uniform_K4,15,30,17,7806.018561594661,120.553
uniform_K4,15,30,18,1692.1867773424747,121.046
uniform_K4,15,30,19,7156.106708469981,120.907
uniform_K4,15,30,2,3928.4867955305863,59.956
uniform_K4,15,30,20,2663.3046147858795,121.589
uniform_K4,15,30,21,4770.162071719638,121.431
uniform_K4,15,30,22,3146.5758173584954,126.741
uniform_K4,15,30,23,8567.696404740407,120.611
uniform_K4,15,30,24,3660.06878726996,117.833
uniform_K4,15,30,25,2395.4498568896915,121.5
uniform_K4,15,30,26,3203.985222379788,120.261
uniform_K4,15,30,27,5768.630701025615,121.92
uniform_K4,15,30,28,2723.9955092791897,127.046
uniform_K4,15,30,29,3413.8781651612862,120.514
uniform_K4,15,30,3,6060.414215508369,60.728
uniform_K4,15,30,4,4491.318925975369,108.238
uniform_K4,15,30,5,2483.9424633249632,61.156
uniform_K4,15,30,6,3830.545461071164,105.776
uniform_K4,15,30,7,9649.250752537866,111.285
uniform_K4,15,30,8,2246.3794273958983,105.015
uniform_K4,15,30,9,10180.750258307417,104.734
uniform_K4,16,30,0,1545.829865143105,429.268
uniform_K4,16,30,1,1401.637085847638,435.293
uniform_K4,16,30,10,1625.6862462616036,430.29
uniform_K4,16,30,11,2683.8363475524948,415.002
uniform_K4,16,30,12,1490.682360462852,426.668
uniform_K4,16,30,13,1706.5400987004105,426.821
uniform_K4,16,30,14,1037.0196281157696,422.631
uniform_K4,16,30,15,2164.404032122471,425.166
uniform_K4,16,30,16,1218.1082708112708,429.457
uniform_K4,16,30,17,1712.1822336756286,422.989
uniform_K4,16,30,18,2066.470400588311,430.666
uniform_K4,16,30,19,1795.4975165040096,428.923
uniform_K4,16,30,2,2036.187359918581,432.945
uniform_K4,16,30,20,1730.5004976735786,425.815
uniform_K4,16,30,21,1715.549036529093,431.976
uniform_K4,16,30,22,1217.9307056187145,430.145
uniform_K4,16,30,23,2155.8186239709325,426.107
uniform_K4,16,30,24,1176.9115672056769,424.614
uniform_K4,16,30,25,1651.2009649449392,431.786
uniform_K4,16,30,26,2277.5939602322014,428.794
uniform_K4,16,30,27,1877.8273839642738,430.764
uniform_K4,16,30,28,2410.3538292445674,435.215
uniform_K4,16,30,29,1916.261599871943,424.656
uniform_K4,16,30,3,1575.286832009423,431.241
uniform_K4,16,30,4,1390.7435342265967,421.482
uniform_K4,16,30,5,1689.4382094092316,433.467
uniform_K4,16,30,6,1349.72951308532,410.47
uniform_K4,16,30,7,1267.8660533973662,417.836
uniform_K4,16,30,8,1782.2807012649878,414.215
uniform_K4,16,30,9,2700.583779851485,416.653
uniform_K4,17,30,0,132572.6827233188,54.712
uniform_K4,17,30,1,155466.13409804492,54.938
uniform_K4,17,30,10,136016.707458626,58.469
uniform_K4,17,30,11,151888.06720166147,54.471
uniform_K4,17,30,12,289073.31068801053,54.427
uniform_K4,17,30,13,137059.79039138046,54.678
uniform_K4,17,30,14,214068.90619876597,54.109
uniform_K4,17,30,15,125937.72270228909,54.279
uniform_K4,17,30,16,148514.48929721653,58.151
uniform_K4,17,30,17,224290.81672537822,53.986
uniform_K4,17,30,18,84642.18458550939,55.171
uniform_K4,17,30,19,153124.0810913068,55.295
uniform_K4,17,30,2,98121.77861648818,54.39
uniform_K4,17,30,20,187192.60076342736,54.922
uniform_K4,17,30,21,534870.2412591006,54.947
uniform_K4,17,30,22,179804.0502150888,57.804
uniform_K4,17,30,23,211432.08739100964,54.738
uniform_K4,17,30,24,124615.28437058341,55.064
uniform_K4,17,30,25,451406.81886454683,55.089
uniform_K4,17,30,26,128710.76538359818,54.932
uniform_K4,17,30,27,107149.12827732912,54.867
uniform_K4,17,30,28,275589.9749702885,57.274
uniform_K4,17,30,29,151511.64237317056,54.702
uniform_K4,17,30,3,453619.58589454356,54.449
uniform_K4,17,30,4,96777.4877195981,58.422
uniform_K4,17,30,5,128620.06345052687,54.198
uniform_K4,17,30,6,179034.04019444453,54.795
uniform_K4,17,30,7,95001.87374745306,55.113
uniform_K4,17,30,8,290945.30498475186,54.704
uniform_K4,17,30,9,151853.32894574504,54.877
uniform_K4,18,30,0,41930.54633577616,210.677
uniform_K4,18,30,1,55550.67927164782,208.96
uniform_K4,18,30,10,52869.34220011595,219.003
uniform_K4,18,30,11,35814.88153850058,208.066
uniform_K4,18,30,12,48941.833441115516,210.654
uniform_K4,18,30,13,30661.314840210758,210.068
uniform_K4,18,30,14,48246.40100432579,209.041
uniform_K4,18,30,15,52062.149746853494,210.663
uniform_K4,18,30,16,23795.119649688495,219.888
uniform_K4,18,30,17,37504.05976824292,209.11
uniform_K4,18,30,18,30821.379980507663,211.055
uniform_K4,18,30,19,76431.70630049206,209.756
uniform_K4,18,30,2,33059.02055757735,209.38
uniform_K4,18,30,20,105108.6841973996,210.109
uniform_K4,18,30,21,26903.554166799855,211.016
uniform_K4,18,30,22,29949.13017160546,220.818
uniform_K4,18,30,23,28676.841490763134,209.976
uniform_K4,18,30,24,58846.974836032416,211.991
uniform_K4,18,30,25,45508.38219049491,210.379
uniform_K4,18,30,26,55253.859500442355,210.962
uniform_K4,18,30,27,43380.43925783885,211.888
uniform_K4,18,30,28,35947.5277486714,220.954
uniform_K4,18,30,29,44662.36996665566,210.685
uniform_K4,18,30,3,60118.09325694879,210.13
uniform_K4,18,30,4,118070.70448618656,218.186
uniform_K4,18,30,5,57842.97706957645,209.075
uniform_K4,18,30,6,53142.780320632475,209.482
uniform_K4,18,30,7,37370.664301870944,208.113
uniform_K4,18,30,8,29138.66975561278,208.046
uniform_K4,18,30,9,29459.364907460487,208.834
uniform_K4,19,30,0,1418.75906341655,437.464
uniform_K4,19,30,1,2277.7433417630673,440.434
uniform_K4,19,30,10,1786.8963454215013,147.319
uniform_K4,19,30,11,2706.141760382745,225.074
uniform_K4,19,30,12,2426.3090300296753,146.177
uniform_K4,19,30,13,2668.1423742521583,147.099
uniform_K4,19,30,14,1652.808770139659,147.223
uniform_K4,19,30,15,1640.8911940422222,147.802
uniform_K4,19,30,16,2669.9229162754036,269.088
uniform_K4,19,30,17,2207.8908125823054,147.099
uniform_K4,19,30,18,936.2338961337264,404.837
uniform_K4,19,30,19,2943.5247557468374,428.557
uniform_K4,19,30,2,1351.4455727356208,439.402
uniform_K4,19,30,20,1452.8343695551112,409.688
uniform_K4,19,30,21,1628.5598405594865,422.607
uniform_K4,19,30,22,1889.3871331555729,441.568
uniform_K4,19,30,23,2365.5527529660267,407.791
uniform_K4,19,30,24,2414.5132540268005,434.839
uniform_K4,19,30,25,3197.422066593992,439.097
uniform_K4,19,30,26,2587.8646901591746,436.948
uniform_K4,19,30,27,916.8093714032539,439.307
uniform_K4,19,30,28,2763.2203789875675,443.521
uniform_K4,19,30,29,1400.2387918670993,436.762
uniform_K4,19,30,3,2540.524770811149,439.638
uniform_K4,19,30,4,1822.8969425494515,375.064
uniform_K4,19,30,5,2030.469440080196,437.548
uniform_K4,19,30,6,2529.806242873583,221.348
uniform_K4,19,30,7,1342.181804606737,202.15
uniform_K4,19,30,8,1903.4256539769608,222.309
uniform_K4,19,30,9,2289.989517685982,209.016
uniform_K4,1,30,0,755.2888895867536,13.468
uniform_K4,1,30,1,1319.1419404707824,13.419
uniform_K4,1,30,10,2165.3275403532853,13.839
uniform_K4,1,30,11,2529.231957326954,13.383
uniform_K4,1,30,12,1071.8181068406398,10.455
uniform_K4,1,30,13,3910.5052382132035,10.585
uniform_K4,1,30,14,791.4498205750676,10.545
uniform_K4,1,30,15,331.48561995553604,10.715
uniform_K4,1,30,16,5444.156386357826,10.13
uniform_K4,1,30,17,122.35732881887438,10.738
uniform_K4,1,30,18,586.2482467174344,3.907
uniform_K4,1,30,19,403.9449944228546,3.913
uniform_K4,1,30,2,6040.777403767144,13.404
uniform_K4,1,30,20,1649.0082236253318,3.851
uniform_K4,1,30,21,2033.9696831895171,3.871
uniform_K4,1,30,22,648.0383280174764,4.05
uniform_K4,1,30,23,1948.2019144546575,3.864
uniform_K4,1,30,24,2175.60955140549,3.805
uniform_K4,1,30,25,254.2291399929661,3.813
uniform_K4,1,30,26,2823.935812716727,3.767
uniform_K4,1,30,27,723.7171073215682,3.739
uniform_K4,1,30,28,3169.5483626774226,3.936
uniform_K4,1,30,29,2431.6070128358933,3.846
uniform_K4,1,30,3,5872.059068650935,13.429
uniform_K4,1,30,4,243.4487149211327,13.866
uniform_K4,1,30,5,1703.754882406177,13.393
uniform_K4,1,30,6,1728.431333402982,13.447
uniform_K4,1,30,7,900.5980878801977,13.331
uniform_K4,1,30,8,1778.5206944237536,13.382
uniform_K4,1,30,9,2292.410736874927,13.433
uniform_K4,20,30,0,100.33418622418458,67.096
uniform_K4,20,30,1,743.3640253099188,66.837
uniform_K4,20,30,10,1054.201945727094,69.209
uniform_K4,20,30,11,100.3091272720394,66.497
uniform_K4,20,30,12,100.32081761832615,66.593
uniform_K4,20,30,13,563.7674495810234,66.668
uniform_K4,20,30,14,951.5566511103384,66.171
uniform_K4,20,30,15,100.31054334055898,66.815
uniform_K4,20,30,16,1084.9373447539233,69.01
uniform_K4,20,30,17,100.28913433074649,66.273
uniform_K4,20,30,18,100.3040769744789,67.109
uniform_K4,20,30,19,935.0326542257299,67.497
uniform_K4,20,30,2,936.4966325298942,67.019
uniform_K4,20,30,20,100.45907653999666,67.132
uniform_K4,20,30,21,861.4109628585438,67.33
uniform_K4,20,30,22,889.8624020737689,69.186
uniform_K4,20,30,23,1400.5400471622115,66.825
uniform_K4,20,30,24,654.7612377644982,67.666
uniform_K4,20,30,25,715.8293496120282,67.409
uniform_K4,20,30,26,100.26899865584164,67.553
uniform_K4,20,30,27,877.2149846969728,67.733
uniform_K4,20,30,28,1081.9299121781996,69.072
uniform_K4,20,30,29,100.25204043962549,67.405
uniform_K4,20,30,3,100.27851656110352,67.059
uniform_K4,20,30,4,738.534073028552,69.971
uniform_K4,20,30,5,594.250112462395,66.727
uniform_K4,20,30,6,956.7059146751008,66.74
uniform_K4,20,30,7,905.2641063467695,66.344
uniform_K4,20,30,8,831.1884583757751,66.553
uniform_K4,20,30,9,712.0620085852506,66.508
uniform_K4,21,30,0,2144.867003820047,89.849
uniform_K4,21,30,1,2078.8991000374153,89.541
uniform_K4,21,30,10,1900.1872533008077,91.945
uniform_K4,21,30,11,2636.09545385641,89.532
uniform_K4,21,30,12,674.1215214236513,88.666
uniform_K4,21,30,13,2252.737601782512,89.765
uniform_K4,21,30,14,1021.7042250401041,88.1
uniform_K4,21,30,15,1953.221657193294,88.099
uniform_K4,21,30,16,786.7391394369624,92.226
uniform_K4,21,30,17,2050.675155808848,87.924
uniform_K4,21,30,18,1009.2652861664119,89.379
uniform_K4,21,30,19,2859.0766356341483,88.256
uniform_K4,21,30,2,1320.753451529236,89.629
uniform_K4,21,30,20,2489.491251911364,87.906
uniform_K4,21,30,21,2156.3112652765685,88.387
uniform_K4,21,30,22,1990.866339212243,91.033
uniform_K4,21,30,23,2151.9974008605222,87.82
uniform_K4,21,30,24,822.7030090638868,89.688
uniform_K4,21,30,25,1524.91410017301,89.916
uniform_K4,21,30,26,2192.5906124915527,89.433
uniform_K4,21,30,27,1265.5625957671546,90.419
uniform_K4,21,30,28,1703.6774740910596,92.686
uniform_K4,21,30,29,1426.409385383492,89.645
uniform_K4,21,30,3,2243.3338025050825,90.01
uniform_K4,21,30,4,2218.8134992693704,90.7
uniform_K4,21,30,5,1729.9110571228566,88.849
uniform_K4,21,30,6,2290.6082086533115,88.357
uniform_K4,21,30,7,2000.2802584527562,90.0
uniform_K4,21,30,8,2092.0077464079422,90.011
uniform_K4,21,30,9,2516.775218769776,88.551
uniform_K4,22,30,0,1305.3126070611743,107.114
uniform_K4,22,30,1,201.25582775362318,104.582
uniform_K4,22,30,10,880.8136397520693,109.902
uniform_K4,22,30,11,201.3402388007562,103.865
uniform_K4,22,30,12,201.11411257206646,104.106
uniform_K4,22,30,13,201.21743728024512,104.372
uniform_K4,22,30,14,201.35764095630157,103.716
uniform_K4,22,30,15,201.24368248154315,104.072
uniform_K4,22,30,16,201.22486051267515,105.058
uniform_K4,22,30,17,1072.4870826208598,106.737
uniform_K4,22,30,18,201.4447419793405,104.04
uniform_K4,22,30,19,201.49055231863758,104.471
uniform_K4,22,30,2,201.0800273340792,103.697
uniform_K4,22,30,20,201.24905542157285,103.616
uniform_K4,22,30,21,725.2749353083209,107.218
uniform_K4,22,30,22,1135.8697582191398,110.057
uniform_K4,22,30,23,201.60157393069994,103.656
uniform_K4,22,30,24,201.34654855561257,103.732
uniform_K4,22,30,25,201.2127678706638,104.09
uniform_K4,22,30,26,921.9757522098043,106.232
uniform_K4,22,30,27,929.4635997766545,106.718
uniform_K4,22,30,28,201.29738604603062,106.773
uniform_K4,22,30,29,201.5947731930696,103.281
uniform_K4,22,30,3,1069.4733326958958,107.271
uniform_K4,22,30,4,712.4564892190974,109.81
uniform_K4,22,30,5,200.9481314465138,103.784
uniform_K4,22,30,6,1137.1760496912962,107.119
uniform_K4,22,30,7,201.69252642217407,104.747
uniform_K4,22,30,8,201.30275829594257,103.851
uniform_K4,22,30,9,201.40067506063406,104.375
uniform_K4,23,30,0,200.63569026130426,80.561
uniform_K4,23,30,1,200.81734012878132,80.879
uniform_K4,23,30,10,200.90562259233138,90.188
uniform_K4,23,30,11,200.91636050991747,82.341
uniform_K4,23,30,12,715.5711835470015,82.019
uniform_K4,23,30,13,200.78709507076792,82.368
uniform_K4,23,30,14,688.8324493966206,81.891
uniform_K4,23,30,15,1088.0875363851092,82.13
uniform_K4,23,30,16,200.86017292093356,85.345
uniform_K4,23,30,17,200.74776071731822,81.839
uniform_K4,23,30,18,200.88660728079913,82.062
uniform_K4,23,30,19,200.9225582034842,82.16
uniform_K4,23,30,2,200.64936502174487,80.399
uniform_K4,23,30,20,200.9644493576552,81.896
uniform_K4,23,30,21,200.7397962661421,81.867
uniform_K4,23,30,22,200.93737183720668,85.351
uniform_K4,23,30,23,200.78150598085813,81.62
uniform_K4,23,30,24,200.97909876551057,87.785
uniform_K4,23,30,25,200.89911118906957,87.418
uniform_K4,23,30,26,685.8796797366358,87.581
uniform_K4,23,30,27,201.30767471890613,87.25
uniform_K4,23,30,28,200.83938229028308,85.002
uniform_K4,23,30,29,200.83040360524728,87.506
uniform_K4,23,30,3,201.0392217424992,80.579
uniform_K4,23,30,4,200.86678856946946,85.284
uniform_K4,23,30,5,200.8606626282958,80.386
uniform_K4,23,30,6,200.68632587924913,82.66
uniform_K4,23,30,7,201.04847804458814,82.594
uniform_K4,23,30,8,201.1778819191254,82.482
uniform_K4,23,30,9,201.1569091008505,82.497
uniform_K4,24,30,0,450.07876819382636,96.314
uniform_K4,24,30,1,476.4343494608138,96.862
uniform_K4,24,30,10,431.1163484844683,101.212
uniform_K4,24,30,11,454.57831502823683,96.356
uniform_K4,24,30,12,449.412284167056,96.259
uniform_K4,24,30,13,430.7719442208322,96.323
uniform_K4,24,30,14,574.0504389331618,96.115
uniform_K4,24,30,15,426.75260357898424,96.189
uniform_K4,24,30,16,460.54825053802233,100.98
uniform_K4,24,30,17,509.14088453622753,96.033
uniform_K4,24,30,18,425.8231927369361,79.176
uniform_K4,24,30,19,479.38757411037886,79.796
uniform_K4,24,30,2,435.3569695985484,95.983
uniform_K4,24,30,20,452.900567876638,79.109
uniform_K4,24,30,21,431.0522617095912,79.947
uniform_K4,24,30,22,450.8912819453699,100.627
uniform_K4,24,30,23,450.14670001098193,78.861
uniform_K4,24,30,24,470.4080700083118,97.229
uniform_K4,24,30,25,449.63030680104475,97.642
uniform_K4,24,30,26,449.68761677219936,97.042
uniform_K4,24,30,27,428.849399476509,97.486
uniform_K4,24,30,28,446.61315568378996,100.952
uniform_K4,24,30,29,440.5993505609754,96.836
uniform_K4,24,30,3,430.88835436460477,96.655
uniform_K4,24,30,4,440.3677788981995,83.448
uniform_K4,24,30,5,475.427723912916,95.872
uniform_K4,24,30,6,440.96850271702806,96.615
uniform_K4,24,30,7,447.36858236924763,96.926
uniform_K4,24,30,8,460.3791490734857,96.465
uniform_K4,24,30,9,436.700869906349,96.735
uniform_K4,25,30,0,893.2885318356393,388.715
uniform_K4,25,30,1,839.3099318958448,386.616
uniform_K4,25,30,10,801.8894848291343,407.573
uniform_K4,25,30,11,836.7568310482839,390.089
uniform_K4,25,30,12,812.136491794216,389.136
uniform_K4,25,30,13,744.8385155061555,386.632
uniform_K4,25,30,14,831.7459830748257,386.154
uniform_K4,25,30,15,838.3252879806546,389.394
uniform_K4,25,30,16,830.3112444568405,366.353
uniform_K4,25,30,17,757.5162943168725,385.958
uniform_K4,25,30,18,748.1012287557637,346.446
uniform_K4,25,30,19,744.6524359409764,342.767
uniform_K4,25,30,2,783.3490858949399,385.766
uniform_K4,25,30,20,0.002981610674851254,337.952
uniform_K4,25,30,21,806.6210509147677,341.729
uniform_K4,25,30,22,756.6050458476298,407.993
uniform_K4,25,30,23,743.19818584923,344.094
uniform_K4,25,30,24,738.6443564441947,388.416
uniform_K4,25,30,25,881.4657989660991,385.915
uniform_K4,25,30,26,838.1628595359334,385.882
uniform_K4,25,30,27,847.5641640218869,387.73
uniform_K4,25,30,28,0.5525775295727726,405.178
uniform_K4,25,30,29,760.6383781345985,385.848
uniform_K4,25,30,3,775.2437071576178,385.849
uniform_K4,25,30,4,798.9175125327947,412.266
uniform_K4,25,30,5,746.5223634726608,386.348
uniform_K4,25,30,6,844.2320442406103,390.741
uniform_K4,25,30,7,1791.9469773964684,389.232
uniform_K4,25,30,8,0.0031870192883616255,385.967
uniform_K4,25,30,9,833.3332696321404,393.566
uniform_K4,26,30,0,1869.5286197833038,399.513
uniform_K4,26,30,1,1263.765386201373,398.348
uniform_K4,26,30,10,1264.7932491537676,431.879
uniform_K4,26,30,11,1164.4526587018122,396.295
uniform_K4,26,30,12,988.4202722747464,411.955
uniform_K4,26,30,13,1375.6501257946916,410.736
uniform_K4,26,30,14,1543.5898565724547,409.48
uniform_K4,26,30,15,793.428753655483,412.489
uniform_K4,26,30,16,1387.4188500882228,401.766
uniform_K4,26,30,17,1369.3747998103372,409.444
uniform_K4,26,30,18,2100.7633492009027,382.136
uniform_K4,26,30,19,2813.695916787805,380.176
uniform_K4,26,30,2,1402.773138027197,397.318
uniform_K4,26,30,20,1076.650412672086,380.956
uniform_K4,26,30,21,902.5411940732038,381.797
uniform_K4,26,30,22,1076.9368914399247,410.916
uniform_K4,26,30,23,1103.5205291096636,381.143
uniform_K4,26,30,24,2795.7097845457192,390.741
uniform_K4,26,30,25,641.9393769380731,389.697
uniform_K4,26,30,26,966.7959936728967,389.156
uniform_K4,26,30,27,777.5943497795547,390.865
uniform_K4,26,30,28,1149.7447567411077,415.335
uniform_K4,26,30,29,1678.292691636052,389.02
uniform_K4,26,30,3,1926.8524432585473,399.705
uniform_K4,26,30,4,785.300523469622,417.344
uniform_K4,26,30,5,1745.282942020147,397.575
uniform_K4,26,30,6,936.9227445758934,397.629
uniform_K4,26,30,7,1374.470982384728,396.075
uniform_K4,26,30,8,1024.100274719066,395.635
uniform_K4,26,30,9,909.0183909074613,397.703
uniform_K4,27,30,0,82.29358031284073,373.493
uniform_K4,27,30,1,126.92829382098716,372.601
uniform_K4,27,30,10,83.70656474231009,343.976
uniform_K4,27,30,11,262.3033768731393,371.884
uniform_K4,27,30,12,431.90732313052695,374.302
uniform_K4,27,30,13,89.69796028859128,373.866
uniform_K4,27,30,14,92.33652579437648,371.914
uniform_K4,27,30,15,77.0048901361647,375.211
uniform_K4,27,30,16,69.56705139562564,286.21
uniform_K4,27,30,17,72.38073975783664,372.325
uniform_K4,27,30,18,65.71204902769978,253.92
uniform_K4,27,30,19,85.41310491226704,241.958
uniform_K4,27,30,2,126.58843308465339,370.281
uniform_K4,27,30,20,73.72402144712987,280.37
uniform_K4,27,30,21,51.20704434830759,231.9
uniform_K4,27,30,22,62.85849617118947,335.11
uniform_K4,27,30,23,64.40131349776993,276.408
uniform_K4,27,30,24,85.57712023722524,294.223
uniform_K4,27,30,25,90.60802743666136,293.789
uniform_K4,27,30,26,110.41645261277199,294.707
uniform_K4,27,30,27,449.0196153406905,294.419
uniform_K4,27,30,28,456.6083902394503,396.184
uniform_K4,27,30,29,96.08835143841134,294.364
uniform_K4,27,30,3,206.55086006548845,374.48
uniform_K4,27,30,4,93.40509686781252,394.913
uniform_K4,27,30,5,463.48862806977786,370.645
uniform_K4,27,30,6,351.2269624295641,374.122
uniform_K4,27,30,7,271.1317453669499,373.189
uniform_K4,27,30,8,125.69265173712665,372.254
uniform_K4,27,30,9,451.8670353118687,374.801
uniform_K4,28,30,0,55034.88897534227,587.14
uniform_K4,28,30,1,53911.9802136522,598.756
uniform_K4,28,30,10,39178.332464499734,378.76
uniform_K4,28,30,11,65848.99823855964,608.341
uniform_K4,28,30,12,47266.30133065951,392.066
uniform_K4,28,30,13,49433.96702495488,378.26
uniform_K4,28,30,14,62405.766506747605,418.908
uniform_K4,28,30,15,58252.564743353025,371.05
uniform_K4,28,30,16,54380.92683772251,209.627
uniform_K4,28,30,17,45146.0847699309,415.438
uniform_K4,28,30,18,37464.91737173661,200.782
uniform_K4,28,30,19,57333.53384046357,202.334
uniform_K4,28,30,2,27805.359877538518,561.358
uniform_K4,28,30,20,41532.97982402558,199.784
uniform_K4,28,30,21,54652.06848890129,203.621
uniform_K4,28,30,22,68234.32204853748,250.224
uniform_K4,28,30,23,35712.165893680525,200.388
uniform_K4,28,30,24,54170.11168712047,240.061
uniform_K4,28,30,25,53582.107575417795,242.835
uniform_K4,28,30,26,45009.490593515795,238.872
uniform_K4,28,30,27,72320.39551178759,243.708
uniform_K4,28,30,28,48283.429175694844,233.968
uniform_K4,28,30,29,55887.47402284591,239.597
uniform_K4,28,30,3,48681.56955985068,606.062
uniform_K4,28,30,4,47615.74608416943,625.611
uniform_K4,28,30,5,40756.42697241669,563.745
uniform_K4,28,30,6,33488.11059571523,608.755
uniform_K4,28,30,7,47753.87467542249,612.807
uniform_K4,28,30,8,55395.517061029226,607.231
uniform_K4,28,30,9,37460.299360039004,611.112
uniform_K4,29,30,0,1878071.6886483424,112.319
uniform_K4,29,30,1,1613813.8573417861,111.789
uniform_K4,29,30,10,683481.0189892796,140.156
uniform_K4,29,30,11,1103609.784183904,119.378
uniform_K4,29,30,12,783215.1765075524,125.561
uniform_K4,29,30,13,429447.736539602,126.08
uniform_K4,29,30,14,1286499.474834824,126.073
uniform_K4,29,30,15,559752.5941158984,126.279
uniform_K4,29,30,16,702191.9945925178,135.506
uniform_K4,29,30,17,569707.9349530977,125.583
uniform_K4,29,30,18,951890.797576153,139.616
uniform_K4,29,30,19,4072911.3442952395,139.274
uniform_K4,29,30,2,466081.40568090364,114.165
uniform_K4,29,30,20,1608961.5546773453,137.628
uniform_K4,29,30,21,310030.751218867,138.922
uniform_K4,29,30,22,893061.8117670811,149.92
uniform_K4,29,30,23,969568.8714500687,137.959
uniform_K4,29,30,24,867664.4805116866,121.668
uniform_K4,29,30,25,923859.5862767432,122.127
uniform_K4,29,30,26,827342.0115245276,123.646
uniform_K4,29,30,27,697800.4962159201,123.303
uniform_K4,29,30,28,1019576.1568247147,149.001
uniform_K4,29,30,29,864634.0113259141,122.586
uniform_K4,29,30,3,1115253.0981617316,110.923
uniform_K4,29,30,4,1041852.7595172885,139.58
uniform_K4,29,30,5,995340.180807525,113.057
uniform_K4,29,30,6,1078815.71235409,121.013
uniform_K4,29,30,7,662665.9111965268,122.279
uniform_K4,29,30,8,703103.0724819646,119.162
uniform_K4,29,30,9,364178.2408392075,123.033
uniform_K4,3,30,0,131.8010293041304,5.898
uniform_K4,3,30,1,14.481649272027994,5.866
uniform_K4,3,30,10,82.57411969986373,5.918
uniform_K4,3,30,11,77.14403751998134,5.756
uniform_K4,3,30,12,81.59525575713837,5.767
uniform_K4,3,30,13,82.46106651955404,5.835
uniform_K4,3,30,14,14.34690477616141,5.834
uniform_K4,3,30,15,75.59976730947216,5.799
uniform_K4,3,30,16,14.341007954502857,5.888
uniform_K4,3,30,17,74.04632229986817,5.747
uniform_K4,3,30,18,0.01695989899911865,11.026
uniform_K4,3,30,19,14.18553356192217,10.706
uniform_K4,3,30,2,79.13099357929792,5.841
uniform_K4,3,30,20,125.2086979002978,10.354
uniform_K4,3,30,21,13.812329645383386,10.822
uniform_K4,3,30,22,83.46424348940582,13.287
uniform_K4,3,30,23,32.5830609802278,10.773
uniform_K4,3,30,24,81.9856498442395,19.768
uniform_K4,3,30,25,33.71308480649378,19.692
uniform_K4,3,30,26,13.846242892371265,19.735
uniform_K4,3,30,27,76.6703436285012,19.827
uniform_K4,3,30,28,14.64438706650867,20.202
uniform_K4,3,30,29,87.18420476073254,19.723
uniform_K4,3,30,3,69.36448507616319,5.969
uniform_K4,3,30,4,80.08915304647473,5.957
uniform_K4,3,30,5,106.70981745632628,5.865
uniform_K4,3,30,6,14.885251529552761,5.723
uniform_K4,3,30,7,131.89717685830203,5.728
uniform_K4,3,30,8,83.58252658028414,5.725
uniform_K4,3,30,9,75.70129481338154,5.743
uniform_K4,4,30,0,466.66455470310757,16.555
uniform_K4,4,30,1,611.9016177411954,16.443
uniform_K4,4,30,10,500.4777651424156,16.897
uniform_K4,4,30,11,481.58001118042966,16.515
uniform_K4,4,30,12,578.0728896697615,16.636
uniform_K4,4,30,13,418.8925264022905,16.529
uniform_K4,4,30,14,381.0883343013056,16.6
uniform_K4,4,30,15,642.760749594355,16.63
uniform_K4,4,30,16,574.1107199873521,16.981
uniform_K4,4,30,17,490.5228737233865,16.53
uniform_K4,4,30,18,549.2628741075289,16.564
uniform_K4,4,30,19,821.8215544886757,16.49
uniform_K4,4,30,2,416.93152008259244,16.612
uniform_K4,4,30,20,509.4220099826324,16.519
uniform_K4,4,30,21,776.0890266638837,16.644
uniform_K4,4,30,22,591.0448034587558,16.951
uniform_K4,4,30,23,652.7038226205864,16.436
uniform_K4,4,30,24,388.0477173028337,16.87
uniform_K4,4,30,25,527.3640444611076,16.813
uniform_K4,4,30,26,669.662381944765,16.824
uniform_K4,4,30,27,394.0434936830336,16.821
uniform_K4,4,30,28,713.3743729440139,17.021
uniform_K4,4,30,29,526.3416294152189,16.745
uniform_K4,4,30,3,572.0975025396839,16.61
uniform_K4,4,30,4,439.7964243598916,16.957
uniform_K4,4,30,5,631.8071297871411,16.511
uniform_K4,4,30,6,522.3654854565933,16.561
uniform_K4,4,30,7,366.17095824774424,16.57
uniform_K4,4,30,8,418.91874592019565,16.594
uniform_K4,4,30,9,549.2704795880586,16.605
uniform_K4,5,30,0,0.00026418171535169677,57.698
uniform_K4,5,30,1,0.00022506822466539234,58.201
uniform_K4,5,30,10,0.0012110424142406373,57.677
uniform_K4,5,30,11,0.00017956402666641225,57.938
uniform_K4,5,30,12,0.00024961834282066775,57.111
uniform_K4,5,30,13,1.452761500786437e-05,57.717
uniform_K4,5,30,14,0.005370949884365928,56.925
uniform_K4,5,30,15,0.00010983083620885736,57.491
uniform_K4,5,30,16,0.00032763787316980597,57.47
uniform_K4,5,30,17,0.00040076031723401684,57.099
uniform_K4,5,30,18,2.1413814920379082e-05,58.296
uniform_K4,5,30,19,0.0015964927657137196,58.812
uniform_K4,5,30,2,0.0005196675822958241,57.536
uniform_K4,5,30,20,0.00017110341445913946,58.112
uniform_K4,5,30,21,0.00010489963739246377,58.641
uniform_K4,5,30,22,3.833501921235438e-05,58.31
uniform_K4,5,30,23,0.0019176825080648996,58.265
uniform_K4,5,30,24,0.006393333453445393,32.116
uniform_K4,5,30,25,0.0002919264836691582,32.775
uniform_K4,5,30,26,0.0004956701503147087,31.919
uniform_K4,5,30,27,0.0013919485435280876,32.826
uniform_K4,5,30,28,2.9529788719173666e-05,32.348
uniform_K4,5,30,29,0.003362237382020794,32.547
uniform_K4,5,30,3,9.678187166173302e-05,58.01
uniform_K4,5,30,4,0.00040714277128017784,57.959
uniform_K4,5,30,5,0.0006408187932152032,57.737
uniform_K4,5,30,6,0.0019067156221126424,57.919
uniform_K4,5,30,7,0.00012750781098702646,58.346
uniform_K4,5,30,8,0.0012023054353562657,57.63
uniform_K4,5,30,9,0.0002553179907067715,58.288
uniform_K4,6,30,0,234.3587254995332,27.853
uniform_K4,6,30,1,425.7115364602214,27.752
uniform_K4,6,30,10,453.95157889536654,28.703
uniform_K4,6,30,11,338.1780490004089,27.621
uniform_K4,6,30,12,464.4494474774406,27.783
uniform_K4,6,30,13,390.50622658039526,27.616
uniform_K4,6,30,14,435.2709752921876,27.596
uniform_K4,6,30,15,585.42288759841,27.751
uniform_K4,6,30,16,516.2731999811056,28.629
uniform_K4,6,30,17,437.7873345114881,27.593
uniform_K4,6,30,18,380.20466212046824,27.707
uniform_K4,6,30,19,264.3883171457935,27.681
uniform_K4,6,30,2,350.0384014634699,27.748
uniform_K4,6,30,20,282.7039695515401,27.665
uniform_K4,6,30,21,475.03461896071894,27.786
uniform_K4,6,30,22,252.75949248416669,28.735
uniform_K4,6,30,23,329.6121468478789,27.67
uniform_K4,6,30,24,440.05166270650284,27.828
uniform_K4,6,30,25,633.8293798225122,27.735
uniform_K4,6,30,26,472.24119051957746,27.729
uniform_K4,6,30,27,638.1631074822799,27.824
uniform_K4,6,30,28,525.2631664257378,28.867
uniform_K4,6,30,29,445.3919046567912,27.667
uniform_K4,6,30,3,220.68842604055533,27.93
uniform_K4,6,30,4,362.02230174321187,28.819
uniform_K4,6,30,5,525.652254395731,27.745
uniform_K4,6,30,6,358.34716548997494,27.808
uniform_K4,6,30,7,380.3883286275425,27.682
uniform_K4,6,30,8,271.70226995952703,27.638
uniform_K4,6,30,9,391.487603193655,27.754
uniform_K4,7,30,0,379.0000000066691,51.882
uniform_K4,7,30,1,400.00000076771016,51.698
uniform_K4,7,30,10,338.0000000988025,52.258
uniform_K4,7,30,11,302.00000073841784,51.507
uniform_K4,7,30,12,374.00000022762106,51.512
uniform_K4,7,30,13,370.00000003469995,51.487
uniform_K4,7,30,14,332.00000037329437,51.458
uniform_K4,7,30,15,420.500000015104,51.681
uniform_K4,7,30,16,477.000000000417,52.191
uniform_K4,7,30,17,422.0000000001469,51.507
uniform_K4,7,30,18,506.500000499183,51.575
uniform_K4,7,30,19,358.000000133972,51.38
uniform_K4,7,30,2,338.0000000112411,51.797
uniform_K4,7,30,20,390.00000006497976,51.336
uniform_K4,7,30,21,422.50000023397706,51.497
uniform_K4,7,30,22,422.0000000180794,52.513
uniform_K4,7,30,23,382.0000002136153,51.289
uniform_K4,7,30,24,474.00000012449345,52.211
uniform_K4,7,30,25,442.00000077049026,52.097
uniform_K4,7,30,26,274.00000031970274,51.829
uniform_K4,7,30,27,396.0000010757792,52.109
uniform_K4,7,30,28,352.5000001468245,52.643
uniform_K4,7,30,29,318.0000000080828,51.966
uniform_K4,7,30,3,428.00000017551224,51.858
uniform_K4,7,30,4,332.0000004535077,52.544
uniform_K4,7,30,5,356.00000028261434,51.743
uniform_K4,7,30,6,362.0000006642174,51.579
uniform_K4,7,30,7,388.00000009056885,51.541
uniform_K4,7,30,8,396.0000016044628,51.476
uniform_K4,7,30,9,314.00000022209395,51.655
uniform_K4,8,30,0,12.334423833429241,27.298
uniform_K4,8,30,1,5.957912309175526,27.2
uniform_K4,8,30,10,8.57389494972233,27.568
uniform_K4,8,30,11,9.512101746431085,27.18
uniform_K4,8,30,12,11.726606568289299,27.289
uniform_K4,8,30,13,4.512092983347088,27.233
uniform_K4,8,30,14,11.05661328733072,27.137
uniform_K4,8,30,15,13.066614515226888,27.298
uniform_K4,8,30,16,12.87788477536958,27.665
uniform_K4,8,30,17,12.211153450637198,27.086
uniform_K4,8,30,18,9.548161974256345,27.281
uniform_K4,8,30,19,8.780032969267154,27.212
uniform_K4,8,30,2,14.179856485282698,27.503
uniform_K4,8,30,20,10.467768729035924,27.211
uniform_K4,8,30,21,8.742289877611483,27.216
uniform_K4,8,30,22,7.502412735595499,27.803
uniform_K4,8,30,23,8.16358566231861,27.178
uniform_K4,8,30,24,8.507257540310889,27.46
uniform_K4,8,30,25,10.327168356620518,27.397
uniform_K4,8,30,26,17.583476989761607,27.36
uniform_K4,8,30,27,6.597957514472796,27.433
uniform_K4,8,30,28,11.329378627386745,27.592
uniform_K4,8,30,29,6.866875998934006,27.352
uniform_K4,8,30,3,8.81801300476127,27.269
uniform_K4,8,30,4,10.638717339542609,27.68
uniform_K4,8,30,5,8.597169416892825,27.443
uniform_K4,8,30,6,8.231971438566234,27.231
uniform_K4,8,30,7,9.051092275527026,27.19
uniform_K4,8,30,8,10.781298881138241,27.171
uniform_K4,8,30,9,8.36093074834423,27.241
uniform_K4,9,30,0,2332.2124192926003,43.977
uniform_K4,9,30,1,4555.292436703095,42.519
uniform_K4,9,30,10,4743.980378666338,43.994
uniform_K4,9,30,11,4719.65477035043,43.91
uniform_K4,9,30,12,3173.8188979202278,43.509
uniform_K4,9,30,13,3447.2925177065226,44.372
uniform_K4,9,30,14,2775.0889359240537,43.217
uniform_K4,9,30,15,3947.582390704125,41.045
uniform_K4,9,30,16,3486.6990915964743,42.82
uniform_K4,9,30,17,5166.412601769614,42.659
uniform_K4,9,30,18,3578.1705812121545,43.303
uniform_K4,9,30,19,3960.15585207416,43.328
uniform_K4,9,30,2,3569.941231147184,43.268
uniform_K4,9,30,20,4995.404813089123,43.343
uniform_K4,9,30,21,4261.623038453468,44.309
uniform_K4,9,30,22,4942.5687571678345,43.658
uniform_K4,9,30,23,4422.348891656462,44.0
uniform_K4,9,30,24,4417.594511654361,44.257
uniform_K4,9,30,25,3456.1563246633996,43.394
uniform_K4,9,30,26,3983.1735585811894,42.47
uniform_K4,9,30,27,4513.03224398947,40.894
uniform_K4,9,30,28,3824.8166985250245,44.513
uniform_K4,9,30,29,3814.540946924306,43.246
uniform_K4,9,30,3,3639.2481423935988,42.732
uniform_K4,9,30,4,4046.1833457456487,44.591
uniform_K4,9,30,5,3304.3032725594367,44.113
uniform_K4,9,30,6,2853.589515273654,40.898
uniform_K4,9,30,7,3660.4482380251084,40.89
uniform_K4,9,30,8,4621.829378177177,40.776
uniform_K4,9,30,9,4946.7799039753945,44.356
