variant,fid,dim,seed,error,seconds
degree,10,30,0,8056.396676274095,51.16
degree,10,30,1,2350.422462199438,50.967
degree,10,30,10,6437.360226626316,52.574
degree,10,30,11,1304.7990631361572,51.432
degree,10,30,12,1491.2140544708645,51.717
degree,10,30,13,8227.950431220775,51.681
degree,10,30,14,2203.2029005349355,51.493
degree,10,30,15,1465.0467282158124,52.004
degree,10,30,16,7379.699293454523,52.811
degree,10,30,17,1446.0869952975327,51.432
degree,10,30,18,4804.684032280895,42.445
degree,10,30,19,2595.3191009085376,40.999
degree,10,30,2,9048.250571879045,51.28
degree,10,30,20,766.5592228673013,39.916
degree,10,30,21,9230.247923993917,36.316
degree,10,30,22,8113.855173428976,35.614
degree,10,30,23,1365.5235696482114,42.814
degree,10,30,24,16164.096643536908,22.294
degree,10,30,25,7405.440760465077,23.058
degree,10,30,26,366.42914690930775,22.834
degree,10,30,27,8076.0093548342575,25.47
degree,10,30,28,15670.938362018234,27.513
degree,10,30,29,2470.4782399325227,22.702
degree,10,30,3,3751.001107513808,51.369
degree,10,30,4,6179.56990039746,52.119
degree,10,30,5,1352.7365569342965,51.025
degree,10,30,6,5233.163999116969,51.84
degree,10,30,7,13021.77573717268,51.381
degree,10,30,8,1014.2068596504316,51.714
degree,10,30,9,927.393131517071,51.979
degree,11,30,0,7112.327049250183,67.81
degree,11,30,1,3470.7830413406027,69.695
degree,11,30,10,3990.1385231790373,70.418
degree,11,30,11,7574.259553380576,67.212
degree,11,30,12,4896.4826668086425,74.258
degree,11,30,13,4841.268664659938,71.263
degree,11,30,14,4883.006362461525,71.405
degree,11,30,15,4308.7647386078,72.839
degree,11,30,16,4534.590600068519,73.585
degree,11,30,17,2194.687434363679,74.508
degree,11,30,18,3315.1776688010796,68.029
degree,11,30,19,4538.737614619161,67.776
degree,11,30,2,3967.0100867092915,70.03
degree,11,30,20,3193.528794197934,68.128
degree,11,30,21,3512.5850347815885,68.458
degree,11,30,22,1644.4448068939778,73.411
degree,11,30,23,3671.0143213747524,68.086
degree,11,30,24,3374.7789431202127,71.953
degree,11,30,25,7708.512836957369,72.301
degree,11,30,26,3406.728555345516,72.319
degree,11,30,27,12067.881613352361,72.854
degree,11,30,28,2815.8677908445634,74.998
degree,11,30,29,1809.2436905050035,67.52
degree,11,30,3,3634.0614597214044,71.334
degree,11,30,4,3015.1688417199484,72.648
degree,11,30,5,3344.4344932517943,67.649
degree,11,30,6,3939.288264450912,71.604
degree,11,30,7,2196.133144147449,71.551
degree,11,30,8,3727.5917310683017,71.871
degree,11,30,9,3389.213375573854,68.567
degree,12,30,0,2674.141325461972,50.655
degree,12,30,1,2995.031609484574,50.838
degree,12,30,10,1445.5380823834757,57.231
degree,12,30,11,1780.8140129389712,50.406
degree,12,30,12,5815.836239405789,57.434
degree,12,30,13,1421.7535040147322,57.472
degree,12,30,14,6751.087994627637,57.436
degree,12,30,15,870.3854145227988,57.462
degree,12,30,16,1810.2508375099706,58.554
degree,12,30,17,5016.010799719968,56.625
degree,12,30,18,12702.963259743645,38.194
degree,12,30,19,8236.587129575757,38.482
degree,12,30,2,2296.0567882698183,51.372
degree,12,30,20,314.0987746231897,38.565
degree,12,30,21,67.90429427470713,38.092
degree,12,30,22,116.7284943222644,37.153
degree,12,30,23,12703.437120070901,57.353
degree,12,30,24,637.618351684639,28.089
degree,12,30,25,12826.999509819447,27.982
degree,12,30,26,17780.181786671154,28.643
degree,12,30,27,8035.327803977827,28.155
degree,12,30,28,10155.05944749288,28.954
degree,12,30,29,4376.340878385353,27.121
degree,12,30,3,2838.384711576393,50.767
degree,12,30,4,1019.8433401275283,51.579
degree,12,30,5,198.44154653022747,58.528
degree,12,30,6,17312.575763952227,56.189
degree,12,30,7,1395.6650410765615,56.219
degree,12,30,8,2740.6390920463723,56.179
degree,12,30,9,776.1192971794553,56.587
degree,13,30,0,102742.55750269376,35.566
degree,13,30,1,77014.85207197776,34.574
degree,13,30,10,7507.005616171527,52.55
degree,13,30,11,87148.22181268902,46.564
degree,13,30,12,96628.43483362209,41.342
degree,13,30,13,203767.5632029796,39.598
degree,13,30,14,99200.43787947686,41.406
degree,13,30,15,14048.9565337995,40.982
degree,13,30,16,222531.45471124686,42.765
degree,13,30,17,114988.20112458299,44.905
degree,13,30,18,42559.51481751217,47.437
degree,13,30,19,121187.62072377554,45.731
degree,13,30,2,12449.286870963897,36.648
degree,13,30,20,51046.221043163525,47.312
degree,13,30,21,225005.0266297803,46.538
degree,13,30,22,36903.35695849034,48.68
degree,13,30,23,40797.25887945521,43.388
degree,13,30,24,105009.16998337989,48.945
degree,13,30,25,55130.34633337376,47.904
degree,13,30,26,29275.39493586239,48.276
degree,13,30,27,169454.1518263964,48.937
degree,13,30,28,298331.74215991766,49.699
degree,13,30,29,30781.913028824358,46.023
degree,13,30,3,178404.95036727903,35.427
degree,13,30,4,40826.01614810785,39.478
degree,13,30,5,142273.7194830202,34.317
degree,13,30,6,192180.66311711844,55.054
degree,13,30,7,187151.94976450776,55.088
degree,13,30,8,28127.582474011127,54.495
degree,13,30,9,136737.09710226062,55.148
degree,14,30,0,14109.264437514521,41.864
degree,14,30,1,6750.8864128666155,40.675
degree,14,30,10,12089.363229837403,33.089
degree,14,30,11,1848.934572654559,41.505
degree,14,30,12,9956.470297818676,26.358
degree,14,30,13,3218.2743929316057,23.778
degree,14,30,14,16684.037816144362,28.52
degree,14,30,15,13969.403417270776,28.291
degree,14,30,16,8189.779475227451,33.129
degree,14,30,17,9591.657907441724,31.466
degree,14,30,18,6764.716910821448,41.746
degree,14,30,19,6909.858310654072,39.664
degree,14,30,2,3884.975089968839,41.902
degree,14,30,20,20587.908852926936,40.814
degree,14,30,21,19807.281611011807,40.966
degree,14,30,22,9616.51699133146,41.888
degree,14,30,23,8574.512050088688,33.04
degree,14,30,24,6631.418545907364,40.992
degree,14,30,25,1887.7700347848454,39.488
degree,14,30,26,2894.6148844979853,41.109
degree,14,30,27,5856.420330512315,40.71
degree,14,30,28,24818.79791301363,42.187
degree,14,30,29,17659.488707490877,40.383
degree,14,30,3,9351.3257950801,42.347
degree,14,30,4,23689.274590473753,43.58
degree,14,30,5,10530.444783984427,43.304
degree,14,30,6,10327.824289722383,37.165
degree,14,30,7,1681.9789617855945,40.09
degree,14,30,8,23037.45503665337,36.598
degree,14,30,9,5400.690970364526,37.604
degree,15,30,0,227.10378802260357,106.729
degree,15,30,1,225.96927383691218,104.781
degree,15,30,10,7.50763782601598,107.227
degree,15,30,11,623.7578303230798,106.094
degree,15,30,12,7.000366650463548,102.818
degree,15,30,13,336.6397715856365,101.268
degree,15,30,14,6.547671460971287,102.181
degree,15,30,15,11.088373911424696,100.845
degree,15,30,16,439.5724865519651,103.887
degree,15,30,17,1025.486088491834,101.552
degree,15,30,18,907.8762145658602,103.907
degree,15,30,19,465.5202438667104,101.982
degree,15,30,2,6.2100425467251625,105.473
degree,15,30,20,10.244103649861472,104.625
degree,15,30,21,225.72090160449648,103.532
degree,15,30,22,6.305148495067442,106.089
degree,15,30,23,6.55574526955229,101.061
degree,15,30,24,548.4805137923627,103.49
degree,15,30,25,482.9975240156532,100.159
degree,15,30,26,628.0075089361148,104.385
degree,15,30,27,617.7923637339122,103.383
degree,15,30,28,6.6566309431366335,103.83
degree,15,30,29,6.016871107388852,100.937
degree,15,30,3,542.2426672460224,106.096
degree,15,30,4,7.8824139784198906,106.963
degree,15,30,5,8.608959022219324,105.419
degree,15,30,6,832.4435921636104,108.014
degree,15,30,7,7.62317519749422,105.004
degree,15,30,8,332.13282838672353,107.128
degree,15,30,9,6.26487677460841,108.275
degree,16,30,0,2454.9706415254186,357.466
degree,16,30,1,1071.4701222496842,343.726
degree,16,30,10,91.90630786783004,362.962
degree,16,30,11,280.75954414206217,352.92
degree,16,30,12,659.7544692886672,355.16
degree,16,30,13,1560.7608358250582,353.247
degree,16,30,14,265.2640753652697,359.306
degree,16,30,15,699.9217386875926,356.628
degree,16,30,16,1607.5160823829765,363.022
degree,16,30,17,1085.936811490445,353.352
degree,16,30,18,429.9156717673741,353.364
degree,16,30,19,439.20511545323916,349.264
degree,16,30,2,823.1860096806922,355.994
degree,16,30,20,973.3550281246203,354.547
degree,16,30,21,1433.5752381242974,353.677
degree,16,30,22,321.5215306986481,352.833
degree,16,30,23,297.18675196426466,361.333
degree,16,30,24,197.2803698023722,281.488
degree,16,30,25,140.40581738615674,299.145
degree,16,30,26,720.3494796652694,281.971
degree,16,30,27,60.61820814395469,284.56
degree,16,30,28,761.6054530873189,275.428
degree,16,30,29,865.6830298717791,301.914
degree,16,30,3,102.23274359092511,355.601
degree,16,30,4,283.8828711926385,357.429
degree,16,30,5,987.1599472756116,353.476
degree,16,30,6,90.41319669482618,365.867
degree,16,30,7,335.3218001071755,353.626
degree,16,30,8,208.3629295442281,362.922
degree,16,30,9,69.69888092703354,359.421
degree,17,30,0,15752.65897056877,27.206
degree,17,30,1,24753.89534751329,27.601
degree,17,30,10,36782.35339248656,27.735
degree,17,30,11,36461.38084588463,27.057
degree,17,30,12,31136.566006525347,27.28
degree,17,30,13,13936.481203416677,26.631
degree,17,30,14,20041.195313079355,26.995
degree,17,30,15,20499.275990946393,27.081
degree,17,30,16,10992.19050597166,27.387
degree,17,30,17,21844.80527352851,27.403
degree,17,30,18,19528.0991108508,29.444
degree,17,30,19,6701.488400631602,26.854
degree,17,30,2,17297.96028845301,26.965
degree,17,30,20,15723.489675118024,30.612
degree,17,30,21,21420.865233620996,26.361
degree,17,30,22,14778.909588783314,32.342
degree,17,30,23,10213.568950531015,27.419
degree,17,30,24,22963.27156138087,29.107
degree,17,30,25,23366.741888032495,26.486
degree,17,30,26,12511.569972215351,28.315
degree,17,30,27,47395.38204942686,31.583
degree,17,30,28,43229.91486445006,27.802
degree,17,30,29,32142.179205744906,26.561
degree,17,30,3,10676.049593221367,27.048
degree,17,30,4,27913.006041091547,27.724
degree,17,30,5,15727.031698494924,27.287
degree,17,30,6,18775.730443417313,27.51
degree,17,30,7,21501.765481014583,26.451
degree,17,30,8,22004.41025502223,27.062
degree,17,30,9,31454.47587663075,27.255
degree,18,30,0,15692.600034363222,148.422
degree,18,30,1,5200.283547851642,125.897
degree,18,30,10,8801.898837957644,169.107
degree,18,30,11,1643.092249030809,169.436
degree,18,30,12,9228.677032924577,157.131
degree,18,30,13,36396.5046094499,155.969
degree,18,30,14,18443.663546598604,158.226
degree,18,30,15,8095.009079292702,158.425
degree,18,30,16,3577.40965151423,156.063
degree,18,30,17,39027.87705939479,155.023
degree,18,30,18,7349.315326988177,160.171
degree,18,30,19,1755.5179712225681,169.564
degree,18,30,2,9123.680339205086,148.605
degree,18,30,20,50907.71386153332,158.922
degree,18,30,21,745.8646934961516,164.991
degree,18,30,22,33753.14184221911,147.938
degree,18,30,23,13913.149716961176,169.793
degree,18,30,24,54316.699236438915,143.276
degree,18,30,25,19366.06997934721,133.984
degree,18,30,26,7443.149317874093,146.471
degree,18,30,27,346.5980022721924,140.427
degree,18,30,28,14027.516255423887,168.585
degree,18,30,29,35773.34790341534,134.672
degree,18,30,3,13138.324407480874,144.432
degree,18,30,4,54713.936143657724,162.56
degree,18,30,5,15.124261330652871,130.42
degree,18,30,6,409.79377894451,167.701
degree,18,30,7,12765.7808427729,169.177
degree,18,30,8,3496.898413384253,168.7
degree,18,30,9,7363.66542615029,168.822
degree,19,30,0,246.31468698384515,426.037
degree,19,30,1,244.56525031961473,442.379
degree,19,30,10,252.311099033117,440.895
degree,19,30,11,359.7158390637919,435.084
degree,19,30,12,250.49895175399297,346.561
degree,19,30,13,303.94678496556116,338.372
degree,19,30,14,273.90110066727857,347.969
degree,19,30,15,458.8001376249749,341.433
degree,19,30,16,288.71363940855736,375.37
degree,19,30,17,515.2234196558525,340.311
degree,19,30,18,45.08391851180113,383.765
degree,19,30,19,609.4446192973019,425.192
degree,19,30,2,259.7512328847952,424.19
degree,19,30,20,251.41671950077534,381.539
degree,19,30,21,38.83126049562043,388.476
degree,19,30,22,24.777257474981525,346.362
degree,19,30,23,811.5664355510648,419.277
degree,19,30,24,362.9364309676912,350.939
degree,19,30,25,254.50339543797645,305.155
degree,19,30,26,252.63973507629407,353.633
degree,19,30,27,490.56475752595543,340.731
degree,19,30,28,583.4931204714107,392.853
degree,19,30,29,44.67527212544769,310.819
degree,19,30,3,370.69270494140073,428.706
degree,19,30,4,268.1899905733694,425.022
degree,19,30,5,80.10709369125334,447.341
degree,19,30,6,29.492197044139857,461.118
degree,19,30,7,56.95496448285439,438.295
degree,19,30,8,84.54725959687357,459.221
degree,19,30,9,269.486466124863,459.887
degree,1,30,0,6060.413275573611,22.716
degree,1,30,1,21.534703334906524,22.643
degree,1,30,10,10647.098040002182,23.918
degree,1,30,11,8612.011272624208,23.609
degree,1,30,12,25.919569837134986,23.857
degree,1,30,13,1940.0867225538211,23.703
degree,1,30,14,6358.141581325488,23.725
degree,1,30,15,6558.592326924938,23.834
degree,1,30,16,49.57136993450655,24.25
degree,1,30,17,1285.1967552047954,23.765
degree,1,30,18,923.4739392908958,23.82
degree,1,30,19,697.056108950665,23.803
degree,1,30,2,2733.683735227954,22.484
degree,1,30,20,2901.3405259971532,23.835
degree,1,30,21,30.3471288890633,23.691
degree,1,30,22,5189.996591900832,23.998
degree,1,30,23,7230.184371680098,23.729
degree,1,30,24,2945.895379861661,23.809
degree,1,30,25,1299.918153675977,23.845
degree,1,30,26,146.94427665494933,23.779
degree,1,30,27,80.1988631143742,23.904
degree,1,30,28,3901.3107740849714,24.214
degree,1,30,29,1597.0240084372674,23.903
degree,1,30,3,642.4484075857158,22.61
degree,1,30,4,796.6310023282434,23.174
degree,1,30,5,1878.5182344059642,22.479
degree,1,30,6,1937.2640915572113,23.742
degree,1,30,7,1046.5742322998303,23.654
degree,1,30,8,5007.630229227413,23.613
degree,1,30,9,2574.3159212263304,23.582
degree,20,30,0,250.8113034356793,77.446
degree,20,30,1,232.86430870438608,84.459
degree,20,30,10,257.4432276554003,73.449
degree,20,30,11,226.08727711994425,73.776
degree,20,30,12,252.53321982119132,73.256
degree,20,30,13,245.6786942507797,72.986
degree,20,30,14,259.5329058416655,73.117
degree,20,30,15,272.57780614686635,73.309
degree,20,30,16,271.29823142461964,74.303
degree,20,30,17,250.58774039308446,72.578
degree,20,30,18,258.2333826607969,74.513
degree,20,30,19,260.2997646866743,73.131
degree,20,30,2,279.45477479166766,77.499
degree,20,30,20,218.60860569043598,74.454
degree,20,30,21,255.76681651338095,74.037
degree,20,30,22,100.00000000000045,74.666
degree,20,30,23,235.15486034496053,73.474
degree,20,30,24,100.00000000000045,74.374
degree,20,30,25,248.46770172394463,74.395
degree,20,30,26,283.8581901296502,74.487
degree,20,30,27,100.00000000000045,74.668
degree,20,30,28,254.39653551214633,80.103
degree,20,30,29,239.15526816952115,74.436
degree,20,30,3,100.00000000000045,78.808
degree,20,30,4,249.13313436784392,73.523
degree,20,30,5,100.00000000000045,86.813
degree,20,30,6,222.13178624398552,73.45
degree,20,30,7,247.65903392088876,77.791
degree,20,30,8,260.5409273764726,73.313
degree,20,30,9,248.75166067982718,73.443
degree,21,30,0,178.62602724459202,105.231
degree,21,30,1,175.10342482592478,96.316
degree,21,30,10,181.25118096331062,83.794
degree,21,30,11,180.40782908641904,101.61
degree,21,30,12,180.74645288180727,92.959
degree,21,30,13,171.86895689987978,71.387
degree,21,30,14,174.66354659141462,94.08
degree,21,30,15,170.92993352174017,89.769
degree,21,30,16,197.94590602772996,80.364
degree,21,30,17,169.51008992597008,76.57
degree,21,30,18,194.06292179756383,81.404
degree,21,30,19,197.60525746826806,84.167
degree,21,30,2,188.23823527723107,105.265
degree,21,30,20,182.5363744049473,82.04
degree,21,30,21,179.09309294080867,80.632
degree,21,30,22,187.54098510268614,101.272
degree,21,30,23,178.13811374617535,79.36
degree,21,30,24,172.7493093874764,100.176
degree,21,30,25,179.98676655712597,93.627
degree,21,30,26,174.16836285973068,99.733
degree,21,30,27,182.50803984310824,101.337
degree,21,30,28,194.63376269192713,95.256
degree,21,30,29,173.94334315532478,99.099
degree,21,30,3,197.65887643104952,104.106
degree,21,30,4,187.07608838512442,90.382
degree,21,30,5,185.57074322483186,97.843
degree,21,30,6,185.0321396601903,77.035
degree,21,30,7,177.12320927701967,107.75
degree,21,30,8,175.5159020067872,75.693
degree,21,30,9,171.42155909701978,82.462
degree,22,30,0,200.0,109.481
degree,22,30,1,200.0,112.692
degree,22,30,10,200.0,112.358
degree,22,30,11,200.0,111.081
degree,22,30,12,200.0,111.649
degree,22,30,13,200.0,112.162
degree,22,30,14,200.0,111.462
degree,22,30,15,200.0,112.229
degree,22,30,16,200.0,110.873
degree,22,30,17,200.0,112.179
degree,22,30,18,200.0,110.761
degree,22,30,19,200.0,110.509
degree,22,30,2,200.0,110.714
degree,22,30,20,200.0,111.524
degree,22,30,21,200.0,111.483
degree,22,30,22,200.0,112.033
degree,22,30,23,200.0,110.388
degree,22,30,24,346.2948918606521,114.721
degree,22,30,25,200.0,111.495
degree,22,30,26,200.0,111.914
degree,22,30,27,200.0,112.113
degree,22,30,28,200.0,111.677
degree,22,30,29,200.0,111.398
degree,22,30,3,361.2344293171568,112.574
degree,22,30,4,200.0,111.6
degree,22,30,5,200.0,111.727
degree,22,30,6,200.0,112.352
degree,22,30,7,200.0,110.782
degree,22,30,8,200.0,111.656
degree,22,30,9,200.0,112.554
degree,23,30,0,200.0,89.6
degree,23,30,1,200.0,89.8
degree,23,30,10,200.0,90.201
degree,23,30,11,200.0,89.689
degree,23,30,12,200.0,89.858
degree,23,30,13,200.0,90.766
degree,23,30,14,200.0,89.819
degree,23,30,15,200.0,89.897
degree,23,30,16,200.0,90.479
degree,23,30,17,200.0,90.588
degree,23,30,18,200.00000000000045,89.479
degree,23,30,19,200.0,89.511
degree,23,30,2,200.0,89.597
degree,23,30,20,200.0,90.075
degree,23,30,21,200.0,90.38
degree,23,30,22,200.0,89.671
degree,23,30,23,200.0,89.772
degree,23,30,24,200.0,90.338
degree,23,30,25,200.0,89.214
degree,23,30,26,200.0,90.544
degree,23,30,27,200.0,89.853
degree,23,30,28,200.0,92.389
degree,23,30,29,200.0,89.013
degree,23,30,3,200.0,90.031
degree,23,30,4,200.0,90.514
degree,23,30,5,200.0,89.894
degree,23,30,6,200.0,90.661
degree,23,30,7,200.0,89.828
degree,23,30,8,200.0,90.917
degree,23,30,9,200.0,90.983
degree,24,30,0,421.7460913556979,106.099
degree,24,30,1,421.6206760976211,106.112
degree,24,30,10,420.83748846174785,105.545
degree,24,30,11,420.8780710855931,104.977
degree,24,30,12,421.3697335907559,111.464
degree,24,30,13,421.37842235154494,103.972
degree,24,30,14,422.8802717301405,111.757
degree,24,30,15,421.0988220284021,110.513
degree,24,30,16,421.93798472296567,97.478
degree,24,30,17,421.85701538680405,103.977
degree,24,30,18,420.95803531153615,87.048
degree,24,30,19,422.0302031589381,113.103
degree,24,30,2,421.0893826904867,106.346
degree,24,30,20,421.32778731095004,84.839
degree,24,30,21,420.8938836907719,92.218
degree,24,30,22,422.1147377486459,76.28
degree,24,30,23,421.04493363108577,107.136
degree,24,30,24,421.2983520536127,71.327
degree,24,30,25,421.32270203504777,75.235
degree,24,30,26,421.4488149939507,71.244
degree,24,30,27,420.85360943254364,69.824
degree,24,30,28,422.20606138301173,80.814
degree,24,30,29,421.2160206253561,76.312
degree,24,30,3,422.17246879154663,106.658
degree,24,30,4,431.9321198208918,105.242
degree,24,30,5,420.8380910749911,106.663
degree,24,30,6,421.032542395134,104.54
degree,24,30,7,420.8087629446727,105.334
degree,24,30,8,421.9686023737295,104.906
degree,24,30,9,421.10424454070244,104.802
degree,25,30,0,827.9998785898065,344.61
degree,25,30,1,827.9687311959315,333.329
degree,25,30,10,828.002987216039,360.343
degree,25,30,11,829.0658848784587,330.227
degree,25,30,12,829.9195307810014,380.29
degree,25,30,13,827.8942231840006,418.208
degree,25,30,14,828.0952507743509,376.412
degree,25,30,15,880.9397733062815,385.25
degree,25,30,16,827.9648107416788,366.718
degree,25,30,17,828.0626865999711,413.821
degree,25,30,18,827.8605132010453,395.853
degree,25,30,19,827.934231371336,360.487
degree,25,30,2,828.0320515859421,348.738
degree,25,30,20,829.1443105996686,400.843
degree,25,30,21,828.0452134113539,392.592
degree,25,30,22,828.0024331479426,411.217
degree,25,30,23,830.8641925170305,367.049
degree,25,30,24,875.4457975326341,432.697
degree,25,30,25,828.0578339829726,427.484
degree,25,30,26,828.0214472143434,434.893
degree,25,30,27,828.0849694931603,434.459
degree,25,30,28,836.9787782146768,434.284
degree,25,30,29,836.397448724118,426.665
degree,25,30,3,827.9317829231918,342.599
degree,25,30,4,828.0201160439401,345.892
degree,25,30,5,828.0052687839388,337.039
degree,25,30,6,828.1099842994954,343.037
degree,25,30,7,828.0204187267805,326.173
degree,25,30,8,827.8671710221302,344.264
degree,25,30,9,828.1242841530429,343.439
degree,26,30,0,552.2794725337972,444.96
degree,26,30,1,547.8429615071213,445.207
degree,26,30,10,537.4715364828071,433.375
degree,26,30,11,567.5596769446447,436.859
degree,26,30,12,565.4298085280607,449.929
degree,26,30,13,542.5325020121222,446.35
degree,26,30,14,528.4961803333581,449.449
degree,26,30,15,556.1820409687466,448.705
degree,26,30,16,513.7804967888869,450.278
degree,26,30,17,525.3243938576707,447.288
degree,26,30,18,551.373673635926,445.832
degree,26,30,19,534.0477421973328,444.22
degree,26,30,2,514.5034350455312,445.731
degree,26,30,20,534.3848557101483,448.893
degree,26,30,21,560.5161571228819,448.48
degree,26,30,22,554.2232388831299,446.995
degree,26,30,23,543.9278028906001,444.101
degree,26,30,24,529.5342417617503,443.593
degree,26,30,25,551.8283210277018,446.465
degree,26,30,26,564.8651043772552,444.411
degree,26,30,27,513.6070681329466,443.757
degree,26,30,28,539.703770050005,424.954
degree,26,30,29,630.4294688255823,447.22
degree,26,30,3,528.4777005738915,444.055
degree,26,30,4,531.8399393855057,442.212
degree,26,30,5,566.7982878277826,445.775
degree,26,30,6,519.6099903051845,434.87
degree,26,30,7,530.3787241065074,436.795
degree,26,30,8,546.6709653713142,436.096
degree,26,30,9,546.7046789106594,435.845
degree,27,30,0,158.46446826775446,279.829
degree,27,30,1,154.25197044429524,292.726
degree,27,30,10,9.094947017729282e-13,393.429
degree,27,30,11,155.09492332585296,380.259
degree,27,30,12,156.53008810322808,287.486
degree,27,30,13,1.8189894035458565e-12,313.836
degree,27,30,14,2.2737367544323206e-12,281.436
degree,27,30,15,4.547473508864641e-13,283.358
degree,27,30,16,9.094947017729282e-13,260.274
degree,27,30,17,9.094947017729282e-13,304.751
degree,27,30,18,9.094947017729282e-13,337.031
degree,27,30,19,283.1546671748624,337.682
degree,27,30,2,9.094947017729282e-13,283.955
degree,27,30,20,4.547473508864641e-13,336.272
degree,27,30,21,4.547473508864641e-13,338.061
degree,27,30,22,4.547473508864641e-13,319.292
degree,27,30,23,163.20846370234267,335.944
degree,27,30,24,4.547473508864641e-13,323.015
degree,27,30,25,2.2737367544323206e-12,318.526
degree,27,30,26,9.094947017729282e-13,322.321
degree,27,30,27,40.70196868859193,323.7
degree,27,30,28,155.37758012090717,310.316
degree,27,30,29,1.3642420526593924e-12,321.017
degree,27,30,3,155.44477785849313,278.568
degree,27,30,4,287.51906141998506,298.118
degree,27,30,5,196.24422750257327,286.892
degree,27,30,6,152.84838716681315,390.729
degree,27,30,7,4.547473508864641e-13,373.813
degree,27,30,8,155.80831824501593,394.952
degree,27,30,9,9.094947017729282e-13,392.56
degree,28,30,0,4868.303083032841,592.98
degree,28,30,1,5563.221484285965,595.622
degree,28,30,10,4194.2597865383805,574.662
degree,28,30,11,3052.2621320061853,618.797
degree,28,30,12,5834.185175258306,554.995
degree,28,30,13,7446.3661341032,551.658
degree,28,30,14,5282.343143264263,548.069
degree,28,30,15,3082.006332686933,551.728
degree,28,30,16,1468.6899116336008,592.273
degree,28,30,17,6002.305937347646,556.17
degree,28,30,18,1995.0703553459043,640.568
degree,28,30,19,1775.0705329479906,640.549
degree,28,30,2,6022.3721188434465,599.39
degree,28,30,20,8139.8921711749335,636.282
degree,28,30,21,7118.334795781104,637.799
degree,28,30,22,3442.6640306380714,604.572
degree,28,30,23,2370.580461883739,640.41
degree,28,30,24,5068.4793214889505,607.895
degree,28,30,25,3643.309974593498,612.289
degree,28,30,26,3504.0388719473394,610.526
degree,28,30,27,2120.6834840051215,610.966
degree,28,30,28,3602.85505435288,677.603
degree,28,30,29,2050.4075661255674,612.963
degree,28,30,3,3181.054949556479,599.113
degree,28,30,4,10599.104395239423,650.052
degree,28,30,5,4191.890476302308,590.3
degree,28,30,6,2254.506929782857,623.049
degree,28,30,7,2450.7455328738433,624.022
degree,28,30,8,2231.4038585605485,623.677
degree,28,30,9,4681.538056388259,624.926
degree,29,30,0,14951.3474064996,348.886
degree,29,30,1,3479.7340399944806,349.765
degree,29,30,10,7348.505169286216,352.873
degree,29,30,11,4247.420510188164,367.208
degree,29,30,12,26877.61797227432,355.793
degree,29,30,13,10568.32228782631,356.174
degree,29,30,14,42428.79244819908,356.638
degree,29,30,15,21920.301118194177,355.931
degree,29,30,16,13401.677904905044,336.154
degree,29,30,17,6752.726380025557,357.311
degree,29,30,18,4782.991448893805,336.607
degree,29,30,19,15191.583085822283,337.487
degree,29,30,2,29678.646481976783,349.953
degree,29,30,20,3380.926727632257,337.466
degree,29,30,21,3087.2398007183237,337.17
degree,29,30,22,20096.199073097774,267.2
degree,29,30,23,24338.993218265157,337.66
degree,29,30,24,9058.151339615077,271.908
degree,29,30,25,11096.447249771672,271.441
degree,29,30,26,23019.967584054502,270.911
degree,29,30,27,15722.229682467314,270.267
degree,29,30,28,50624.24013903273,207.956
degree,29,30,29,23908.015404257356,270.595
degree,29,30,3,6024.719209883686,350.563
degree,29,30,4,6619.641297450458,364.792
degree,29,30,5,12655.769388160974,350.341
degree,29,30,6,12202.609891986682,365.743
degree,29,30,7,14994.05775797275,366.503
degree,29,30,8,14554.217686408996,366.179
degree,29,30,9,16574.77847143659,367.357
degree,3,30,0,31.810711664706844,20.126
degree,3,30,1,31.810712278382766,20.173
degree,3,30,10,31.810844013392625,24.396
degree,3,30,11,31.810711664706105,24.05
degree,3,30,12,31.810711664707128,31.49
degree,3,30,13,31.810712285151965,31.439
degree,3,30,14,31.81071166470707,31.31
degree,3,30,15,31.81071166470639,31.509
degree,3,30,16,31.810711664705934,31.999
degree,3,30,17,31.810711664706446,31.356
degree,3,30,18,31.810711664706048,32.111
degree,3,30,19,79.54051467804362,32.001
degree,3,30,2,31.81071166470656,20.23
degree,3,30,20,31.810711664706446,32.059
degree,3,30,21,31.81071166470599,32.062
degree,3,30,22,31.810711664706105,32.416
degree,3,30,23,31.810711664706787,32.061
degree,3,30,24,31.810711664706616,35.934
degree,3,30,25,31.810711664706105,35.785
degree,3,30,26,31.810711664707924,35.868
degree,3,30,27,31.810711664705877,35.971
degree,3,30,28,31.810711664707185,36.329
degree,3,30,29,31.810711664706957,35.849
degree,3,30,3,89.05779688929118,20.049
degree,3,30,4,33.733728090165016,20.273
degree,3,30,5,31.810711664706048,20.657
degree,3,30,6,31.810711664706048,23.486
degree,3,30,7,31.81071166470616,23.868
degree,3,30,8,31.810711664707412,23.287
degree,3,30,9,31.81071166470673,23.935
degree,4,30,0,15.91934491349275,29.089
degree,4,30,1,37.80839374591619,28.847
degree,4,30,10,22.884048237507557,27.803
degree,4,30,11,20.89413012332102,27.452
degree,4,30,12,22.884053275326664,28.641
degree,4,30,13,46.76301518411765,28.522
degree,4,30,14,38.80334776519044,28.501
degree,4,30,15,30.84369042190127,28.647
degree,4,30,16,28.85379250442918,28.948
degree,4,30,17,41.788224936470215,28.597
degree,4,30,18,57.70746369111271,27.78
degree,4,30,19,49.74788731757849,27.707
degree,4,30,2,48.75292826048519,29.038
degree,4,30,20,63.67701496451133,27.749
degree,4,30,21,22.884053275326607,27.857
degree,4,30,22,39.79824604924329,28.102
degree,4,30,23,484.5102334075169,27.762
degree,4,30,24,44.773097069931055,27.834
degree,4,30,25,56.71257548269824,27.677
degree,4,30,26,57.35795212260609,27.752
degree,4,30,27,38.80334776519038,27.881
degree,4,30,28,78.60154838318567,28.068
degree,4,30,29,58.70240255149156,27.734
degree,4,30,3,22.884043199688506,28.967
degree,4,30,4,24.873966351694207,29.273
degree,4,30,5,40.793205106336586,28.986
degree,4,30,6,32.83362369498326,27.627
degree,4,30,7,27.858833447335883,27.479
degree,4,30,8,91.53577270824655,27.471
degree,4,30,9,62.681913611297205,27.545
degree,5,30,0,2.5463354575094854e-05,73.367
degree,5,30,1,9.78275238594506e-11,74.106
degree,5,30,10,1.5575096767861396e-11,73.307
degree,5,30,11,4.874840783486434e-06,73.386
degree,5,30,12,3.9478322833019774e-08,73.848
degree,5,30,13,7.939436670767464e-06,74.478
degree,5,30,14,6.589857548533473e-10,74.535
degree,5,30,15,0.0001739773579743087,73.446
degree,5,30,16,0.00010993731336839119,74.317
degree,5,30,17,6.938931676359061e-05,74.315
degree,5,30,18,3.3752048125279543e-06,63.145
degree,5,30,19,2.793080966512207e-08,62.685
degree,5,30,2,3.514126279924312e-05,74.148
degree,5,30,20,2.164292033057791e-05,62.078
degree,5,30,21,1.6692495364623028e-05,63.382
degree,5,30,22,6.415381108126894e-06,61.496
degree,5,30,23,5.668994162988383e-10,62.46
degree,5,30,24,6.619043330147178e-05,34.996
degree,5,30,25,4.498019734455738e-10,35.269
degree,5,30,26,3.064332076974097e-08,35.915
degree,5,30,27,2.282625416683004e-06,34.549
degree,5,30,28,0.000371476047860142,36.194
degree,5,30,29,1.252951733476948e-07,35.919
degree,5,30,3,3.857776113136424e-05,73.433
degree,5,30,4,6.836310149083147e-07,73.741
degree,5,30,5,9.369378511792092e-05,74.071
degree,5,30,6,0.00015948766071005593,73.013
degree,5,30,7,4.5429493411575095e-07,73.625
degree,5,30,8,0.00029467186203646634,73.85
degree,5,30,9,1.944044925039634e-11,73.061
degree,6,30,0,93.07201630446764,23.998
degree,6,30,1,87.33625917543384,23.024
degree,6,30,10,65.55552229227862,39.719
degree,6,30,11,61.71790490238834,39.667
degree,6,30,12,88.74566054568197,33.472
degree,6,30,13,61.270339446331036,33.936
degree,6,30,14,81.47688595858074,34.009
degree,6,30,15,60.462707394633185,34.141
degree,6,30,16,88.86909490746473,33.789
degree,6,30,17,90.00617242062776,33.454
degree,6,30,18,55.78159384592982,38.346
degree,6,30,19,164.11815410036365,38.234
degree,6,30,2,81.22991058131583,24.676
degree,6,30,20,62.24265000428409,38.643
degree,6,30,21,63.1326379546083,38.42
degree,6,30,22,44.14534304540837,39.346
degree,6,30,23,79.40880415715174,38.536
degree,6,30,24,73.11243099446551,39.736
degree,6,30,25,73.7965469022688,40.085
degree,6,30,26,145.78958733127922,39.994
degree,6,30,27,57.314516331240384,39.988
degree,6,30,28,107.56807426491218,40.168
degree,6,30,29,72.38714068110357,39.978
degree,6,30,3,67.97842316256026,23.573
degree,6,30,4,115.61908042421351,26.204
degree,6,30,5,72.01660441286856,24.813
degree,6,30,6,54.08397857382215,39.807
degree,6,30,7,75.94705162213916,39.701
degree,6,30,8,94.44017957569326,39.667
degree,6,30,9,78.93053542028235,39.741
degree,7,30,0,96.0,69.172
degree,7,30,1,96.0,69.021
degree,7,30,10,90.0,67.25
degree,7,30,11,64.0,67.208
degree,7,30,12,48.0,68.579
degree,7,30,13,110.0,68.414
degree,7,30,14,132.0,68.506
degree,7,30,15,62.0,68.519
degree,7,30,16,90.0,68.83
degree,7,30,17,78.0,68.211
degree,7,30,18,92.0,67.807
degree,7,30,19,112.0,67.427
degree,7,30,2,122.00009939702932,69.053
degree,7,30,20,144.0,67.615
degree,7,30,21,90.0,67.731
degree,7,30,22,90.0,68.091
degree,7,30,23,112.5,67.731
degree,7,30,24,78.0,67.837
degree,7,30,25,119.85670057611287,67.71
degree,7,30,26,178.0,67.968
degree,7,30,27,106.0,68.17
degree,7,30,28,130.0,68.384
degree,7,30,29,94.0,67.643
degree,7,30,3,112.0,69.031
degree,7,30,4,82.0,69.277
degree,7,30,5,108.0000000001346,69.057
degree,7,30,6,84.0,67.557
degree,7,30,7,68.0,67.328
degree,7,30,8,124.01964964354511,67.355
degree,7,30,9,66.0,67.451
degree,8,30,0,0.45432401859113725,39.026
degree,8,30,1,0.08952825041671986,38.756
degree,8,30,10,5.684341886080801e-13,39.637
degree,8,30,11,2.400079408180318,39.438
degree,8,30,12,4.547473508864641e-13,39.393
degree,8,30,13,3.410605131648481e-13,39.331
degree,8,30,14,0.45432401859113725,39.302
degree,8,30,15,2.2737367544323206e-13,39.384
degree,8,30,16,2.0614161335914787,39.592
degree,8,30,17,2.2737367544323206e-13,39.307
degree,8,30,18,0.08952825041683354,28.454
degree,8,30,19,1.4525003061893358,28.741
degree,8,30,2,4.547473508864641e-13,38.886
degree,8,30,20,2.8179115873912224,28.661
degree,8,30,21,3.410605131648481e-13,28.837
degree,8,30,22,4.547473508864641e-13,28.326
degree,8,30,23,0.08952825041694723,28.208
degree,8,30,24,0.45432401859125093,37.589
degree,8,30,25,3.410605131648481e-13,37.632
degree,8,30,26,1.0877045380153731,37.631
degree,8,30,27,3.410605131648481e-13,37.62
degree,8,30,28,3.410605131648481e-13,37.868
degree,8,30,29,3.410605131648481e-13,37.629
degree,8,30,3,4.547473508864641e-13,39.003
degree,8,30,4,0.45432401859204674,39.175
degree,8,30,5,3.410605131648481e-13,38.747
degree,8,30,6,2.2737367544323206e-13,39.382
degree,8,30,7,2.2737367544323206e-13,39.436
degree,8,30,8,0.45432401859113725,39.291
degree,8,30,9,5.684341886080801e-13,39.353
degree,9,30,0,2338.733385813126,58.854
degree,9,30,1,4116.3459186529835,58.773
degree,9,30,10,3282.2584580326184,60.793
degree,9,30,11,2702.9711918745616,57.479
degree,9,30,12,3707.5808960395298,56.301
degree,9,30,13,3851.761499157703,58.122
degree,9,30,14,3529.6453391196956,59.468
degree,9,30,15,2636.023178627571,58.904
degree,9,30,16,3054.3116809206695,59.063
degree,9,30,17,3330.961334392492,58.825
degree,9,30,18,3381.8636525346883,56.667
degree,9,30,19,2982.576781806325,58.878
degree,9,30,2,2315.1655286300247,57.896
degree,9,30,20,2405.4284137075865,56.766
degree,9,30,21,2332.238659695202,59.869
degree,9,30,22,2744.340923890599,56.543
degree,9,30,23,2342.5932377461068,56.313
degree,9,30,24,3185.6123372651527,58.635
degree,9,30,25,2658.0854256635084,56.34
degree,9,30,26,3283.0932291589434,58.314
degree,9,30,27,2942.711019534787,58.685
degree,9,30,28,3845.2006308463733,60.168
degree,9,30,29,2522.1318047876557,58.737
degree,9,30,3,1874.127200201794,59.035
degree,9,30,4,1974.0148685187924,59.304
degree,9,30,5,2723.249603222026,57.79
degree,9,30,6,2578.310775050306,57.5
degree,9,30,7,2755.975713954498,59.755
degree,9,30,8,2379.822044078599,60.624
degree,9,30,9,2684.875401477091,61.003
goodness,10,30,0,1003.6219714156512,19.743
goodness,10,30,1,621.0422737701224,20.649
goodness,10,30,10,7431.412312563745,20.63
goodness,10,30,11,796.6868523445219,20.184
goodness,10,30,12,1921.4815891541684,21.315
goodness,10,30,13,3664.2619142844514,20.92
goodness,10,30,14,3943.0929212153915,20.974
goodness,10,30,15,2091.5957031213075,20.73
goodness,10,30,16,12618.976543955454,20.969
goodness,10,30,17,1853.6582385617721,20.986
goodness,10,30,18,1050.7633158151075,20.838
goodness,10,30,19,2405.5400034514996,20.844
goodness,10,30,2,967.8498521082515,19.994
goodness,10,30,20,1223.0019642016182,21.297
goodness,10,30,21,321.5340699431306,21.469
goodness,10,30,22,989.4054338235983,20.98
goodness,10,30,23,1860.5516832535945,21.333
goodness,10,30,24,9238.339857185556,20.925
goodness,10,30,25,592.1690807314526,21.366
goodness,10,30,26,1363.2839803155398,20.695
goodness,10,30,27,427.93008428548615,20.644
goodness,10,30,28,8210.462040617776,21.589
goodness,10,30,29,5331.488267922994,20.675
goodness,10,30,3,1175.7403742124761,19.886
goodness,10,30,4,1295.6390383162925,20.715
goodness,10,30,5,6773.254193851954,20.064
goodness,10,30,6,1284.556819207708,20.511
goodness,10,30,7,3180.158840473591,20.567
goodness,10,30,8,1358.3053414926353,19.995
goodness,10,30,9,1160.4915903766087,19.909
goodness,11,30,0,3083.8636681744147,30.865
goodness,11,30,1,6556.548044771365,32.479
goodness,11,30,10,3250.732410945724,29.82
goodness,11,30,11,3663.672432306308,30.614
goodness,11,30,12,3038.5246116744656,30.977
goodness,11,30,13,4227.233054881473,31.595
goodness,11,30,14,2021.9096230603645,30.561
goodness,11,30,15,3217.044067152272,29.285
goodness,11,30,16,1743.7500817999535,31.298
goodness,11,30,17,3780.656808823719,29.235
goodness,11,30,18,3275.4650837225854,31.157
goodness,11,30,19,3843.644725512162,25.636
goodness,11,30,2,4726.795827058217,30.116
goodness,11,30,20,5187.5684279554835,30.123
goodness,11,30,21,7354.772535279448,31.556
goodness,11,30,22,10733.671450453994,24.004
goodness,11,30,23,3152.5007664608556,31.33
goodness,11,30,24,4880.538664545407,31.014
goodness,11,30,25,2269.737972250991,25.16
goodness,11,30,26,1657.698493908345,30.692
goodness,11,30,27,3306.9849037850836,29.448
goodness,11,30,28,3114.7626613828616,25.376
goodness,11,30,29,3032.522627991466,29.567
goodness,11,30,3,3970.13255043962,31.209
goodness,11,30,4,2671.768532490501,31.954
goodness,11,30,5,2701.420813570363,31.451
goodness,11,30,6,3102.557018717158,30.663
goodness,11,30,7,5799.063510558714,31.589
goodness,11,30,8,3947.541343704356,30.322
goodness,11,30,9,2758.917481325842,29.473
goodness,12,30,0,3917.3225224873167,22.7
goodness,12,30,1,4181.926899237236,48.249
goodness,12,30,10,751.393365036686,62.459
goodness,12,30,11,2400.763754355265,22.977
goodness,12,30,12,1378.165494833469,23.316
goodness,12,30,13,1434.74668795738,61.806
goodness,12,30,14,16057.535423746453,22.999
goodness,12,30,15,287.80113864046575,22.91
goodness,12,30,16,260.78755827268697,61.761
goodness,12,30,17,323.7528422409664,22.83
goodness,12,30,18,8393.979037499636,23.747
goodness,12,30,19,3315.9942546207913,62.265
goodness,12,30,2,577.4890125729503,22.666
goodness,12,30,20,801.3260563882227,23.452
goodness,12,30,21,1606.6268249742934,23.432
goodness,12,30,22,5997.599516095237,62.051
goodness,12,30,23,4401.090955818938,23.58
goodness,12,30,24,2617.364496398053,23.22
goodness,12,30,25,19.441518249960836,51.103
goodness,12,30,26,874.3736625171705,23.779
goodness,12,30,27,826.7062573367834,23.71
goodness,12,30,28,8802.440799063317,46.619
goodness,12,30,29,9224.011532267117,23.626
goodness,12,30,3,2161.226048520543,22.798
goodness,12,30,4,12178.380817055806,53.219
goodness,12,30,5,1899.1877917550173,22.799
goodness,12,30,6,17208.080276139182,22.969
goodness,12,30,7,609.4320997322911,63.067
goodness,12,30,8,240.6820127811941,23.012
goodness,12,30,9,198.04607942350322,22.968
goodness,13,30,0,58613.992782178684,27.409
goodness,13,30,1,56995.1290218255,21.507
goodness,13,30,10,39619.72746262795,68.241
goodness,13,30,11,40586.045084266465,27.248
goodness,13,30,12,13884.710832529792,21.591
goodness,13,30,13,50747.14495393377,58.924
goodness,13,30,14,30443.123828710213,25.058
goodness,13,30,15,19058.899726811404,25.785
goodness,13,30,16,19178.533039642793,60.363
goodness,13,30,17,23105.187326102096,24.709
goodness,13,30,18,74178.17641868009,22.805
goodness,13,30,19,16178.04901134038,70.167
goodness,13,30,2,15633.116927548384,27.267
goodness,13,30,20,20003.282097989686,22.028
goodness,13,30,21,32396.061091355026,21.673
goodness,13,30,22,9436.178309995643,70.23
goodness,13,30,23,3571.384955348888,22.032
goodness,13,30,24,10320.424590600604,58.629
goodness,13,30,25,41255.81821435175,69.63
goodness,13,30,26,19896.218178452273,23.814
goodness,13,30,27,82711.36529032806,22.959
goodness,13,30,28,53997.93031451933,69.757
goodness,13,30,29,36762.08049100678,23.904
goodness,13,30,3,33905.05912353423,27.28
goodness,13,30,4,32835.43715241143,22.232
goodness,13,30,5,28697.23000167925,27.155
goodness,13,30,6,68887.39885383828,27.305
goodness,13,30,7,14046.487916533772,65.177
goodness,13,30,8,61486.65571169304,27.118
goodness,13,30,9,31278.700751867804,27.39
goodness,14,30,0,4097.293608135471,65.129
goodness,14,30,1,931.3910522922165,62.587
goodness,14,30,10,6437.747484376621,27.977
goodness,14,30,11,2055.530405353624,63.141
goodness,14,30,12,3128.629862310212,65.261
goodness,14,30,13,6092.04335461806,38.152
goodness,14,30,14,3340.858953386696,63.306
goodness,14,30,15,5339.802594303008,62.926
goodness,14,30,16,6739.511916108235,42.341
goodness,14,30,17,11128.561551662522,63.114
goodness,14,30,18,9405.115825966286,38.978
goodness,14,30,19,3846.384766480607,63.385
goodness,14,30,2,10277.817432967453,65.985
goodness,14,30,20,3111.3959558193,63.559
goodness,14,30,21,3108.0031015999884,63.154
goodness,14,30,22,2916.976980913587,63.262
goodness,14,30,23,2114.994143433733,63.423
goodness,14,30,24,11514.53539375252,19.637
goodness,14,30,25,4871.932545055859,62.654
goodness,14,30,26,2999.905344449986,31.097
goodness,14,30,27,16178.372107018866,40.121
goodness,14,30,28,3057.615556110939,62.734
goodness,14,30,29,6483.341794008844,30.565
goodness,14,30,3,9137.559976380544,58.108
goodness,14,30,4,16702.836882967804,62.361
goodness,14,30,5,5041.385791781942,66.581
goodness,14,30,6,3680.9970357191196,65.038
goodness,14,30,7,4756.658172260442,33.167
goodness,14,30,8,2711.551954773866,63.415
goodness,14,30,9,4203.611372731345,63.06
goodness,15,30,0,884.9567723431592,133.952
goodness,15,30,1,4.27870602894518,137.856
goodness,15,30,10,4.17486150745458,137.522
goodness,15,30,11,221.4608440597044,139.096
goodness,15,30,12,835.2574619670972,94.297
goodness,15,30,13,4.147431864911368,137.646
goodness,15,30,14,223.87924549117338,127.805
goodness,15,30,15,392.93523935385156,138.04
goodness,15,30,16,4.07974473123295,136.464
goodness,15,30,17,849.4154544195203,128.153
goodness,15,30,18,11.003960835785392,141.073
goodness,15,30,19,432.5991058263196,136.652
goodness,15,30,2,588.4251769684288,97.898
goodness,15,30,20,27.54895350785364,99.581
goodness,15,30,21,220.70631913101624,90.686
goodness,15,30,22,39.29902219201563,136.594
goodness,15,30,23,4.093939280358427,99.515
goodness,15,30,24,302.2047091524514,143.393
goodness,15,30,25,4.099532393632444,138.89
goodness,15,30,26,1121.6973880586388,139.191
goodness,15,30,27,221.40410973777762,138.707
goodness,15,30,28,4.169017777635645,139.019
goodness,15,30,29,668.4071193502141,138.795
goodness,15,30,3,221.2610257026763,91.941
goodness,15,30,4,4.075603555632142,137.89
goodness,15,30,5,4.633046535178437,97.437
goodness,15,30,6,366.0166306044257,143.35
goodness,15,30,7,221.35627369678355,136.732
goodness,15,30,8,3.894745113845829,139.539
goodness,15,30,9,253.00082807466765,135.485
goodness,16,30,0,105.63074119097769,451.307
goodness,16,30,1,412.61195130346096,445.879
goodness,16,30,10,237.91099044340854,392.24
goodness,16,30,11,135.96018137381088,451.014
goodness,16,30,12,163.25970854594925,452.498
goodness,16,30,13,100.52892365435446,413.426
goodness,16,30,14,80.31944511319193,443.143
goodness,16,30,15,102.67030536252605,442.339
goodness,16,30,16,158.57701575028068,411.878
goodness,16,30,17,76.35274121910084,445.629
goodness,16,30,18,98.11413496319847,382.243
goodness,16,30,19,134.31935672595546,191.85
goodness,16,30,2,105.18688247092155,444.578
goodness,16,30,20,91.93303830661125,374.068
goodness,16,30,21,75.64709339953447,373.222
goodness,16,30,22,397.44377336984803,187.937
goodness,16,30,23,69.09515949925026,374.499
goodness,16,30,24,117.97566590771112,217.305
goodness,16,30,25,454.71431892311193,413.081
goodness,16,30,26,58.544160339646396,272.284
goodness,16,30,27,61.06694052510625,281.642
goodness,16,30,28,455.6491794819967,416.738
goodness,16,30,29,88.97626168099237,267.666
goodness,16,30,3,159.8498770007734,443.429
goodness,16,30,4,68.66226953646105,444.279
goodness,16,30,5,116.97226428873523,447.425
goodness,16,30,6,70.63274309128838,453.507
goodness,16,30,7,141.54295520564574,396.314
goodness,16,30,8,161.99278648058703,446.608
goodness,16,30,9,246.79868497645543,450.071
goodness,17,30,0,15188.409581920176,41.959
goodness,17,30,1,5729.3836006099955,28.13
goodness,17,30,10,9516.105369976947,25.993
goodness,17,30,11,23315.63156195823,27.82
goodness,17,30,12,7029.348415290799,77.351
goodness,17,30,13,11119.830293534318,25.625
goodness,17,30,14,12893.86468040212,58.101
goodness,17,30,15,20668.829040930133,44.968
goodness,17,30,16,8011.163411997633,26.228
goodness,17,30,17,14246.455969091585,64.321
goodness,17,30,18,20018.339547919357,76.952
goodness,17,30,19,8985.044246366377,26.452
goodness,17,30,2,21773.82956199624,27.571
goodness,17,30,20,5472.360769468856,74.653
goodness,17,30,21,13391.601153456162,74.344
goodness,17,30,22,19546.554554570026,25.393
goodness,17,30,23,9879.554557990628,74.644
goodness,17,30,24,11455.028208579266,78.082
goodness,17,30,25,19656.8565098234,30.063
goodness,17,30,26,12723.817819391006,75.711
goodness,17,30,27,16937.78080203828,74.707
goodness,17,30,28,14824.994399715782,29.756
goodness,17,30,29,34254.60105768827,75.197
goodness,17,30,3,22330.130514113647,25.008
goodness,17,30,4,12255.576435320203,27.524
goodness,17,30,5,18348.20777620458,26.686
goodness,17,30,6,12838.227214371116,76.689
goodness,17,30,7,7031.059037588222,26.699
goodness,17,30,8,15582.348296198434,27.448
goodness,17,30,9,19924.12868747374,26.167
goodness,18,30,0,15385.360262154794,139.135
goodness,18,30,1,2425.0405380489656,92.232
goodness,18,30,10,44.4209584963985,99.549
goodness,18,30,11,8758.545597731183,86.763
goodness,18,30,12,8032.661526579424,93.697
goodness,18,30,13,1258.578287402388,105.486
goodness,18,30,14,17974.080415044366,93.926
goodness,18,30,15,10186.538531357257,90.524
goodness,18,30,16,12.573733191414476,106.069
goodness,18,30,17,1992.184378529354,92.471
goodness,18,30,18,9054.438964979676,98.887
goodness,18,30,19,790.7559546709463,110.537
goodness,18,30,2,9329.948217028406,218.733
goodness,18,30,20,16695.549509925248,92.391
goodness,18,30,21,1877.3677547735524,90.67
goodness,18,30,22,9890.54837983353,109.763
goodness,18,30,23,21599.120564089342,92.953
goodness,18,30,24,25295.55265077974,101.868
goodness,18,30,25,2541.87252434316,103.116
goodness,18,30,26,516.1279855633607,96.822
goodness,18,30,27,7032.647063871584,98.184
goodness,18,30,28,1005.5158479100828,103.998
goodness,18,30,29,7617.961213311897,98.019
goodness,18,30,3,110.95146912517225,231.18
goodness,18,30,4,34798.3566330699,91.597
goodness,18,30,5,4535.354667018073,213.401
goodness,18,30,6,11287.618812978983,86.396
goodness,18,30,7,160.87848927468713,98.512
goodness,18,30,8,26461.66325202155,85.14
goodness,18,30,9,10140.072437670695,87.35
goodness,19,30,0,27.307047687209433,224.986
goodness,19,30,1,247.10368000612016,204.96
goodness,19,30,10,459.6733029660054,200.903
goodness,19,30,11,252.38576257127806,203.913
goodness,19,30,12,247.6807004809607,203.229
goodness,19,30,13,241.46443181647783,198.622
goodness,19,30,14,459.1697529410658,208.24
goodness,19,30,15,245.75208422236847,207.522
goodness,19,30,16,23.53436574737907,198.347
goodness,19,30,17,471.031556333588,207.534
goodness,19,30,18,246.55781378828124,199.053
goodness,19,30,19,238.28854885932424,204.192
goodness,19,30,2,248.6060755591261,228.467
goodness,19,30,20,252.06410572412915,193.376
goodness,19,30,21,22.27888161142073,197.823
goodness,19,30,22,251.04682279368444,204.08
goodness,19,30,23,272.997247380943,193.84
goodness,19,30,24,247.32973436516113,204.8
goodness,19,30,25,245.82727087272633,203.261
goodness,19,30,26,52.2866612507305,212.102
goodness,19,30,27,460.09915345346917,209.341
goodness,19,30,28,250.93767342162027,202.01
goodness,19,30,29,25.822536257753654,212.405
goodness,19,30,3,283.6675805277873,230.145
goodness,19,30,4,24.572158844597652,203.318
goodness,19,30,5,23.98065964825264,233.684
goodness,19,30,6,283.6082904431091,205.237
goodness,19,30,7,245.85991319846107,202.355
goodness,19,30,8,27.54716939720538,201.09
goodness,19,30,9,309.67094505653995,203.241
goodness,1,30,0,5378.915082928776,12.781
goodness,1,30,1,1283.3466187956035,12.223
goodness,1,30,10,10966.31108646081,12.201
goodness,1,30,11,14550.885873529527,12.878
goodness,1,30,12,127.57463087897952,11.995
goodness,1,30,13,13325.660064352633,12.908
goodness,1,30,14,936.0127734832192,12.339
goodness,1,30,15,221.14148385741106,12.279
goodness,1,30,16,360.8096617309028,13.081
goodness,1,30,17,2060.52134473933,12.109
goodness,1,30,18,255.02367200382514,10.214
goodness,1,30,19,140.26077000872556,12.141
goodness,1,30,2,4628.742319742961,13.539
goodness,1,30,20,2033.5590484239774,11.979
goodness,1,30,21,586.7566333861408,11.715
goodness,1,30,22,1228.918924274355,12.095
goodness,1,30,23,17816.80150177456,11.969
goodness,1,30,24,906.8405371150761,9.847
goodness,1,30,25,592.8224922297765,12.525
goodness,1,30,26,7039.188754016268,11.468
goodness,1,30,27,351.2790214853118,11.423
goodness,1,30,28,2025.3957472338784,12.649
goodness,1,30,29,2287.0495967139796,10.156
goodness,1,30,3,2210.622277825633,13.516
goodness,1,30,4,1822.190407448602,12.12
goodness,1,30,5,1604.7723226993953,13.87
goodness,1,30,6,1304.2835796427787,11.935
goodness,1,30,7,1135.68765426788,12.347
goodness,1,30,8,178.3984029249782,13.147
goodness,1,30,9,2890.119300951046,13.006
goodness,20,30,0,247.995659354096,31.958
goodness,20,30,1,243.62338209386098,38.055
goodness,20,30,10,220.05712665088504,36.445
goodness,20,30,11,100.0,33.222
goodness,20,30,12,265.6040825299601,35.414
goodness,20,30,13,224.99161568488125,37.119
goodness,20,30,14,259.01219412265255,31.832
goodness,20,30,15,226.76731606521525,31.485
goodness,20,30,16,215.28785839797547,36.308
goodness,20,30,17,233.55797970448748,32.096
goodness,20,30,18,231.66574683929912,37.82
goodness,20,30,19,229.00828391917412,37.494
goodness,20,30,2,227.9201172971343,33.154
goodness,20,30,20,100.00000000000045,33.05
goodness,20,30,21,232.95694420888412,33.618
goodness,20,30,22,227.8832729202095,38.3
goodness,20,30,23,224.04532830193602,34.284
goodness,20,30,24,223.916696968241,36.81
goodness,20,30,25,223.0168275176252,39.814
goodness,20,30,26,100.00000000000045,35.65
goodness,20,30,27,231.89828342841338,35.425
goodness,20,30,28,244.89192658275306,39.541
goodness,20,30,29,218.10138604277427,37.459
goodness,20,30,3,232.917603249909,33.265
goodness,20,30,4,232.7781390747764,36.869
goodness,20,30,5,222.0892338308995,33.9
goodness,20,30,6,225.77410598646293,32.271
goodness,20,30,7,245.83190977332197,35.939
goodness,20,30,8,238.29871865487166,33.866
goodness,20,30,9,100.00000000000045,33.625
goodness,21,30,0,175.82095011057845,49.596
goodness,21,30,1,170.7898647861307,46.76
goodness,21,30,10,179.29213278949055,41.424
goodness,21,30,11,176.86446203727382,48.291
goodness,21,30,12,174.03860555772826,50.138
goodness,21,30,13,187.16511255047226,43.397
goodness,21,30,14,175.7835909320038,48.528
goodness,21,30,15,186.97344445215504,48.829
goodness,21,30,16,173.4487249189956,43.083
goodness,21,30,17,172.7493093874764,47.085
goodness,21,30,18,172.29150623331589,49.944
goodness,21,30,19,175.74641736089143,48.173
goodness,21,30,2,170.58107048596048,49.502
goodness,21,30,20,172.82053368532706,47.993
goodness,21,30,21,179.328484283315,48.074
goodness,21,30,22,175.83010330051457,48.496
goodness,21,30,23,201.85811082230657,49.69
goodness,21,30,24,181.64139796420523,51.527
goodness,21,30,25,178.1994549512401,51.812
goodness,21,30,26,177.21999472877906,49.34
goodness,21,30,27,190.11054614721888,49.721
goodness,21,30,28,172.67410352671732,50.702
goodness,21,30,29,172.4734140100304,48.971
goodness,21,30,3,172.23150327958092,49.187
goodness,21,30,4,175.7835909320038,49.434
goodness,21,30,5,175.54602777624496,48.915
goodness,21,30,6,173.47913687576192,48.237
goodness,21,30,7,173.65008776769173,41.841
goodness,21,30,8,182.76945309944676,49.372
goodness,21,30,9,173.4487249189956,49.271
goodness,22,30,0,200.0,48.32
goodness,22,30,1,200.0,57.779
goodness,22,30,10,377.08113241717456,58.601
goodness,22,30,11,200.0,49.238
goodness,22,30,12,200.0,55.68
goodness,22,30,13,200.0,55.453
goodness,22,30,14,200.0,47.875
goodness,22,30,15,200.0,48.05
goodness,22,30,16,200.0,55.717
goodness,22,30,17,200.0,51.087
goodness,22,30,18,200.0,58.258
goodness,22,30,19,200.0,54.512
goodness,22,30,2,200.0,58.482
goodness,22,30,20,200.0,52.825
goodness,22,30,21,200.0,53.528
goodness,22,30,22,200.0,54.671
goodness,22,30,23,200.0,55.361
goodness,22,30,24,200.0,58.015
goodness,22,30,25,200.0,47.344
goodness,22,30,26,200.0,57.161
goodness,22,30,27,200.0,56.832
goodness,22,30,28,200.0,47.855
goodness,22,30,29,200.0,57.922
goodness,22,30,3,200.0,58.734
goodness,22,30,4,200.0,57.22
goodness,22,30,5,200.0,58.431
goodness,22,30,6,200.0,48.811
goodness,22,30,7,200.0,56.691
goodness,22,30,8,200.0,50.257
goodness,22,30,9,200.0,51.178
goodness,23,30,0,200.0,45.069
goodness,23,30,1,200.0,35.517
goodness,23,30,10,200.0,36.653
goodness,23,30,11,200.0,45.231
goodness,23,30,12,200.0,42.89
goodness,23,30,13,200.0,40.372
goodness,23,30,14,200.0,44.433
goodness,23,30,15,200.0,44.332
goodness,23,30,16,200.0,40.05
goodness,23,30,17,200.0,43.449
goodness,23,30,18,200.0,41.484
goodness,23,30,19,200.0,43.475
goodness,23,30,2,200.0,45.848
goodness,23,30,20,200.0,43.664
goodness,23,30,21,200.0,42.694
goodness,23,30,22,200.0,43.611
goodness,23,30,23,200.0,43.153
goodness,23,30,24,200.0,36.655
goodness,23,30,25,200.0,44.359
goodness,23,30,26,200.0,42.359
goodness,23,30,27,200.0,43.546
goodness,23,30,28,200.0,43.949
goodness,23,30,29,200.0,42.956
goodness,23,30,3,200.0,42.282
goodness,23,30,4,200.0,35.766
goodness,23,30,5,200.0,44.616
goodness,23,30,6,200.0,42.76
goodness,23,30,7,200.0,37.38
goodness,23,30,8,200.0,43.725
goodness,23,30,9,200.0,41.796
goodness,24,30,0,420.7199589221186,40.612
goodness,24,30,1,420.9978579105791,50.11
goodness,24,30,10,420.5752609187439,49.308
goodness,24,30,11,420.82172039721263,40.439
goodness,24,30,12,420.871057010223,48.854
goodness,24,30,13,421.23900017981214,47.563
goodness,24,30,14,420.8413840590183,42.443
goodness,24,30,15,420.59441896106546,40.841
goodness,24,30,16,420.96194661209756,46.812
goodness,24,30,17,420.5380369394802,43.945
goodness,24,30,18,421.0576381210044,51.068
goodness,24,30,19,420.5647051985925,47.985
goodness,24,30,2,420.76754010755894,44.218
goodness,24,30,20,420.99741021488535,46.146
goodness,24,30,21,420.54949992686943,44.948
goodness,24,30,22,420.5565136164173,48.471
goodness,24,30,23,420.99113991590093,48.067
goodness,24,30,24,420.8763943399481,48.899
goodness,24,30,25,421.42992882012186,47.382
goodness,24,30,26,420.6443593471772,49.819
goodness,24,30,27,420.94364041391145,48.521
goodness,24,30,28,420.86063165586893,48.147
goodness,24,30,29,421.54963451739013,50.264
goodness,24,30,3,420.96545030122434,45.039
goodness,24,30,4,421.1717778816892,49.263
goodness,24,30,5,420.83981994582837,41.269
goodness,24,30,6,420.5892343079777,44.728
goodness,24,30,7,420.9788701093339,49.4
goodness,24,30,8,421.00826464735565,40.604
goodness,24,30,9,420.6785266042343,40.956
goodness,25,30,0,829.8653165846645,175.756
goodness,25,30,1,827.9347760054488,160.542
goodness,25,30,10,828.0029872160385,171.336
goodness,25,30,11,828.2037138096621,169.209
goodness,25,30,12,828.0685251874193,169.307
goodness,25,30,13,829.8583716458179,178.067
goodness,25,30,14,828.0720728054239,163.813
goodness,25,30,15,828.9036335515248,158.334
goodness,25,30,16,889.109216343847,177.291
goodness,25,30,17,827.9316701584985,165.719
goodness,25,30,18,827.9545797307319,177.004
goodness,25,30,19,827.9888209965852,153.851
goodness,25,30,2,828.0229163700692,179.298
goodness,25,30,20,828.1099842994954,175.919
goodness,25,30,21,880.9195619590669,174.808
goodness,25,30,22,827.9902301001871,154.834
goodness,25,30,23,827.926701972046,175.73
goodness,25,30,24,880.9253824616917,158.23
goodness,25,30,25,828.0104460349457,185.954
goodness,25,30,26,828.0401066672712,168.639
goodness,25,30,27,828.0104460349457,173.698
goodness,25,30,28,827.9017116242021,185.818
goodness,25,30,29,827.9324563251648,165.558
goodness,25,30,3,827.955412448352,178.388
goodness,25,30,4,834.9170906722466,164.062
goodness,25,30,5,873.8360841352169,178.652
goodness,25,30,6,873.8145514396601,165.648
goodness,25,30,7,834.8975583505007,171.517
goodness,25,30,8,827.9201862417704,170.911
goodness,25,30,9,828.0104460349448,173.35
goodness,26,30,0,562.750212229811,184.876
goodness,26,30,1,515.4762613413259,193.45
goodness,26,30,10,532.8780086458473,179.638
goodness,26,30,11,519.7848358075335,198.115
goodness,26,30,12,517.374414917309,181.181
goodness,26,30,13,523.6265465197594,182.177
goodness,26,30,14,542.5040427611975,189.597
goodness,26,30,15,542.6673627912428,191.383
goodness,26,30,16,537.7913852451584,184.611
goodness,26,30,17,521.2889740308215,186.954
goodness,26,30,18,532.1987452110598,180.777
goodness,26,30,19,520.7959678872394,183.483
goodness,26,30,2,504.4344641321409,166.53
goodness,26,30,20,503.4725734918338,178.587
goodness,26,30,21,520.6696977552433,180.431
goodness,26,30,22,516.0062912154817,183.991
goodness,26,30,23,511.02242379358313,185.198
goodness,26,30,24,514.0245719852128,182.684
goodness,26,30,25,544.5439844879247,191.112
goodness,26,30,26,556.7180757746373,184.433
goodness,26,30,27,515.4278891387594,182.094
goodness,26,30,28,528.3715734806037,190.77
goodness,26,30,29,534.4932153550653,187.333
goodness,26,30,3,524.5598393011014,163.184
goodness,26,30,4,520.6172725432589,193.645
goodness,26,30,5,532.6932062287747,172.776
goodness,26,30,6,546.8829695398081,194.656
goodness,26,30,7,533.9021630138013,177.948
goodness,26,30,8,542.9992913346568,194.9
goodness,26,30,9,528.6729362344013,196.505
goodness,27,30,0,9.094947017729282e-13,175.875
goodness,27,30,1,4.547473508864641e-13,161.516
goodness,27,30,10,4.547473508864641e-13,176.544
goodness,27,30,11,152.7790224730884,167.45
goodness,27,30,12,284.1315970305068,174.04
goodness,27,30,13,4.547473508864641e-13,183.441
goodness,27,30,14,4.547473508864641e-13,163.811
goodness,27,30,15,4.547473508864641e-13,163.548
goodness,27,30,16,4.547473508864641e-13,180.105
goodness,27,30,17,153.3947513118128,174.41
goodness,27,30,18,4.547473508864641e-13,183.785
goodness,27,30,19,146.4546602382602,183.727
goodness,27,30,2,4.547473508864641e-13,168.197
goodness,27,30,20,4.547473508864641e-13,184.135
goodness,27,30,21,4.547473508864641e-13,187.051
goodness,27,30,22,152.87877104208246,184.735
goodness,27,30,23,4.547473508864641e-13,185.783
goodness,27,30,24,4.547473508864641e-13,186.087
goodness,27,30,25,4.547473508864641e-13,168.781
goodness,27,30,26,4.547473508864641e-13,182.401
goodness,27,30,27,278.9647026730918,183.023
goodness,27,30,28,154.02127058759152,168.67
goodness,27,30,29,4.547473508864641e-13,179.631
goodness,27,30,3,4.547473508864641e-13,170.888
goodness,27,30,4,151.7387436171789,162.162
goodness,27,30,5,4.547473508864641e-13,171.883
goodness,27,30,6,151.99080228569073,163.696
goodness,27,30,7,4.547473508864641e-13,178.274
goodness,27,30,8,153.00077798208122,171.967
goodness,27,30,9,4.547473508864641e-13,174.242
goodness,28,30,0,3678.45254351367,297.388
goodness,28,30,1,2771.3060324204416,304.093
goodness,28,30,10,2324.2895696608093,281.575
goodness,28,30,11,4619.137269690718,310.984
goodness,28,30,12,3056.500058505855,278.468
goodness,28,30,13,5570.427018134469,292.142
goodness,28,30,14,6023.26507718038,279.551
goodness,28,30,15,2043.372880313509,278.822
goodness,28,30,16,3680.8645332984142,289.864
goodness,28,30,17,2046.7934502579328,280.927
goodness,28,30,18,2323.4472825397725,282.012
goodness,28,30,19,1046.737286529049,274.307
goodness,28,30,2,1774.500259889067,296.533
goodness,28,30,20,5050.429366823915,287.021
goodness,28,30,21,6027.597603798902,291.032
goodness,28,30,22,5209.9179499857755,278.297
goodness,28,30,23,3105.784203798481,285.253
goodness,28,30,24,5357.350926407683,288.556
goodness,28,30,25,4748.989016524697,298.659
goodness,28,30,26,3555.0547363092983,276.663
goodness,28,30,27,1957.4682866616886,276.81
goodness,28,30,28,5048.930441866352,298.354
goodness,28,30,29,2811.549924421549,287.225
goodness,28,30,3,5206.905006978648,300.54
goodness,28,30,4,2316.76363051515,304.482
goodness,28,30,5,2436.329249319585,297.067
goodness,28,30,6,2514.3267788679386,308.744
goodness,28,30,7,3053.6928099529923,279.517
goodness,28,30,8,3314.306504120127,304.969
goodness,28,30,9,3841.3882289855437,302.306
goodness,29,30,0,13570.248143412275,155.704
goodness,29,30,1,16333.659104059603,130.604
goodness,29,30,10,39811.701141568745,153.491
goodness,29,30,11,1938.5118314281635,140.519
goodness,29,30,12,7220.192535995397,149.45
goodness,29,30,13,25516.146009458545,155.021
goodness,29,30,14,41959.61204952279,133.756
goodness,29,30,15,3440.370802871912,135.354
goodness,29,30,16,4520.4234288405505,157.219
goodness,29,30,17,4926.350914116394,144.806
goodness,29,30,18,34645.54807034674,158.731
goodness,29,30,19,5343.266212987428,152.887
goodness,29,30,2,29767.10119831457,152.707
goodness,29,30,20,7200.380735588116,153.427
goodness,29,30,21,9114.69889276832,153.668
goodness,29,30,22,7696.222793259893,155.163
goodness,29,30,23,15773.39097052793,158.796
goodness,29,30,24,3619.47792155812,153.882
goodness,29,30,25,15822.117989951643,152.683
goodness,29,30,26,16620.25216124519,156.694
goodness,29,30,27,29161.577100157017,157.197
goodness,29,30,28,21056.32428439941,153.19
goodness,29,30,29,35213.67637738782,156.899
goodness,29,30,3,33804.123401121295,150.297
goodness,29,30,4,34477.65939766173,134.609
goodness,29,30,5,23725.14662234846,154.757
goodness,29,30,6,30672.068738692164,137.557
goodness,29,30,7,1101.0027900232053,151.367
goodness,29,30,8,14089.81422270766,154.484
goodness,29,30,9,22242.60752708048,152.171
goodness,3,30,0,31.810711664705423,11.841
goodness,3,30,1,31.810711664705536,15.694
goodness,3,30,10,31.810711664705366,14.87
goodness,3,30,11,31.810711664705536,11.762
goodness,3,30,12,31.810711664705423,12.403
goodness,3,30,13,33.98595094018884,14.632
goodness,3,30,14,31.810711664705423,12.095
goodness,3,30,15,31.810711664705536,12.083
goodness,3,30,16,31.810711664705423,14.714
goodness,3,30,17,31.810711664705536,12.101
goodness,3,30,18,31.810711664705536,12.917
goodness,3,30,19,31.810711664705423,14.574
goodness,3,30,2,31.81071166470548,11.887
goodness,3,30,20,31.914896225746986,12.27
goodness,3,30,21,31.810711664705423,12.078
goodness,3,30,22,31.810711664705536,14.587
goodness,3,30,23,31.810711664705536,12.684
goodness,3,30,24,31.810711664705536,13.778
goodness,3,30,25,31.81071166470531,14.621
goodness,3,30,26,32.97892079633999,13.11
goodness,3,30,27,31.810711664705423,12.852
goodness,3,30,28,31.81071166470548,14.536
goodness,3,30,29,31.810711664705366,13.051
goodness,3,30,3,31.810711664705536,11.652
goodness,3,30,4,31.81071166470548,15.191
goodness,3,30,5,31.810711664705536,12.2
goodness,3,30,6,31.810711664705423,12.216
goodness,3,30,7,31.810711664705366,14.842
goodness,3,30,8,31.81071166470548,11.998
goodness,3,30,9,31.810711664705536,11.854
goodness,4,30,0,24.87396635169415,12.329
goodness,4,30,1,23.879002256781746,13.19
goodness,4,30,10,20.89413516114007,13.359
goodness,4,30,11,22.884053275326607,12.269
goodness,4,30,12,10.94454962802621,14.751
goodness,4,30,13,17.90926302767923,13.682
goodness,4,30,14,19.899171066227666,12.798
goodness,4,30,15,31.838669675709014,12.782
goodness,4,30,16,12.934467742212803,13.655
goodness,4,30,17,26.863874390242586,12.523
goodness,4,30,18,29.848711168093587,15.172
goodness,4,30,19,33.8285827520765,13.79
goodness,4,30,2,26.863874390242586,12.462
goodness,4,30,20,23.879007294600854,12.391
goodness,4,30,21,20.894130123320963,12.332
goodness,4,30,22,25.86892037096834,13.907
goodness,4,30,23,30.843710618615717,15.008
goodness,4,30,24,19.899176104046774,13.192
goodness,4,30,25,18.904217046953477,13.69
goodness,4,30,26,26.863879428061637,17.344
goodness,4,30,27,13.9294267993061,17.118
goodness,4,30,28,27.858838485154934,13.367
goodness,4,30,29,19.899171066227666,14.901
goodness,4,30,3,18.90421200913437,12.456
goodness,4,30,4,12.93446774221286,13.24
goodness,4,30,5,26.863874390242586,12.657
goodness,4,30,6,23.879007294600854,12.641
goodness,4,30,7,21.88908918041426,13.303
goodness,4,30,8,19.899171066227666,12.182
goodness,4,30,9,10.94454962802621,12.289
goodness,5,30,0,9.648114200899727e-07,33.178
goodness,5,30,1,3.2603471140646434e-06,32.977
goodness,5,30,10,4.1841173015200184e-07,33.662
goodness,5,30,11,3.0682372198498342e-09,33.741
goodness,5,30,12,2.2534361505677225e-05,34.656
goodness,5,30,13,3.172129936501733e-08,32.395
goodness,5,30,14,5.547686328100099e-07,35.224
goodness,5,30,15,2.3533175408374518e-11,34.901
goodness,5,30,16,1.1937117960769683e-12,32.339
goodness,5,30,17,1.7534883340886154e-06,34.727
goodness,5,30,18,1.31883547282996e-06,33.885
goodness,5,30,19,1.1501907692945679e-07,32.701
goodness,5,30,2,1.6686509297869634e-05,32.818
goodness,5,30,20,3.1433597769137123e-07,34.377
goodness,5,30,21,5.468343147185806e-07,34.901
goodness,5,30,22,6.72596399908798e-07,32.778
goodness,5,30,23,4.036819518660195e-07,33.876
goodness,5,30,24,1.4711645235365722e-08,33.231
goodness,5,30,25,1.1637858960966696e-06,32.834
goodness,5,30,26,8.910413953344687e-07,33.197
goodness,5,30,27,5.172239525563782e-09,33.471
goodness,5,30,28,1.777554422233152e-05,33.031
goodness,5,30,29,8.161578080034815e-09,32.661
goodness,5,30,3,5.844703309776378e-06,33.096
goodness,5,30,4,1.229535990887598e-05,32.916
goodness,5,30,5,5.422579647529346e-07,32.345
goodness,5,30,6,3.007016857736744e-11,34.809
goodness,5,30,7,5.606977993011242e-09,33.398
goodness,5,30,8,8.526512829121202e-12,34.269
goodness,5,30,9,9.038103598868474e-12,34.163
goodness,6,30,0,52.386365539057806,17.365
goodness,6,30,1,46.48589746216601,17.024
goodness,6,30,10,46.69176005958457,16.807
goodness,6,30,11,49.92229533915793,17.58
goodness,6,30,12,60.66856503636188,18.001
goodness,6,30,13,52.988130383673365,17.111
goodness,6,30,14,42.4477301308948,17.556
goodness,6,30,15,39.052504301867884,17.505
goodness,6,30,16,48.26585670995257,17.108
goodness,6,30,17,46.56824143784502,17.657
goodness,6,30,18,52.50987423393963,17.501
goodness,6,30,19,50.64758305442422,15.404
goodness,6,30,2,46.5270695101309,17.32
goodness,6,30,20,61.640875232810686,18.02
goodness,6,30,21,54.08396864696442,18.108
goodness,6,30,22,47.37587572688608,14.851
goodness,6,30,23,50.7299295079481,17.781
goodness,6,30,24,46.403553366236224,17.485
goodness,6,30,25,49.757829802890456,13.624
goodness,6,30,26,84.74857373697307,17.543
goodness,6,30,27,59.81974925425334,17.549
goodness,6,30,28,51.49638951168106,13.599
goodness,6,30,29,50.85344329424868,17.45
goodness,6,30,3,50.688757580234096,17.227
goodness,6,30,4,55.45221721315943,17.171
goodness,6,30,5,67.12962627065679,17.266
goodness,6,30,6,45.67826541046827,17.621
goodness,6,30,7,54.1663199514054,16.958
goodness,6,30,8,50.64758329492588,17.344
goodness,6,30,9,51.619905655575735,17.119
goodness,7,30,0,36.0,26.038
goodness,7,30,1,56.0,21.373
goodness,7,30,10,58.0,22.388
goodness,7,30,11,68.0,27.323
goodness,7,30,12,50.0,26.149
goodness,7,30,13,64.0,22.974
goodness,7,30,14,56.0,26.617
goodness,7,30,15,52.0,27.049
goodness,7,30,16,68.0,23.372
goodness,7,30,17,66.0,26.279
goodness,7,30,18,48.0,26.574
goodness,7,30,19,44.0,23.871
goodness,7,30,2,40.0,26.716
goodness,7,30,20,60.0,26.475
goodness,7,30,21,46.0,26.21
goodness,7,30,22,88.0,24.09
goodness,7,30,23,72.0,26.475
goodness,7,30,24,52.0,26.198
goodness,7,30,25,56.0,25.215
goodness,7,30,26,78.0,26.301
goodness,7,30,27,66.0,26.352
goodness,7,30,28,42.0,25.4
goodness,7,30,29,36.0,26.118
goodness,7,30,3,64.0,26.444
goodness,7,30,4,52.0,21.353
goodness,7,30,5,52.0,26.727
goodness,7,30,6,58.0,27.412
goodness,7,30,7,46.0,22.03
goodness,7,30,8,44.0,26.74
goodness,7,30,9,54.0,26.498
goodness,8,30,0,1.1368683772161603e-13,18.018
goodness,8,30,1,1.7277466680330917,16.763
goodness,8,30,10,2.2737367544323206e-13,17.63
goodness,8,30,11,2.2737367544323206e-13,17.757
goodness,8,30,12,2.2737367544323206e-13,17.373
goodness,8,30,13,0.08952825041660617,18.085
goodness,8,30,14,2.2737367544323206e-13,17.431
goodness,8,30,15,0.08952825041671986,17.509
goodness,8,30,16,2.2737367544323206e-13,18.036
goodness,8,30,17,1.1368683772161603e-13,17.425
goodness,8,30,18,0.17905650083298497,17.322
goodness,8,30,19,2.2737367544323206e-13,17.529
goodness,8,30,2,1.1368683772161603e-13,17.629
goodness,8,30,20,1.1368683772161603e-13,17.44
goodness,8,30,21,2.2737367544323206e-13,17.441
goodness,8,30,22,0.17905650083309865,17.42
goodness,8,30,23,2.2737367544323206e-13,17.467
goodness,8,30,24,2.2737367544323206e-13,13.824
goodness,8,30,25,2.2737367544323206e-13,17.304
goodness,8,30,26,0.45432401859102356,17.202
goodness,8,30,27,2.2737367544323206e-13,17.239
goodness,8,30,28,2.2737367544323206e-13,17.374
goodness,8,30,29,2.2737367544323206e-13,16.688
goodness,8,30,3,2.2737367544323206e-13,17.487
goodness,8,30,4,2.2737367544323206e-13,16.928
goodness,8,30,5,2.2737367544323206e-13,17.436
goodness,8,30,6,1.1368683772161603e-13,17.392
goodness,8,30,7,0.45432401859102356,17.521
goodness,8,30,8,2.2737367544323206e-13,18.042
goodness,8,30,9,1.1368683772161603e-13,18.063
goodness,9,30,0,2300.34899306437,21.179
goodness,9,30,1,1031.0419382219407,26.966
goodness,9,30,10,2875.421173991661,25.765
goodness,9,30,11,2626.4278568583304,21.093
goodness,9,30,12,1727.4602170019389,22.167
goodness,9,30,13,1886.9986889470692,24.877
goodness,9,30,14,2334.3866527843875,22.474
goodness,9,30,15,1929.7146280069392,21.542
goodness,9,30,16,1973.7187839775142,25.175
goodness,9,30,17,2028.7735091233917,22.304
goodness,9,30,18,1264.6457891940754,22.821
goodness,9,30,19,1750.14462693932,25.216
goodness,9,30,2,978.4796035178206,20.78
goodness,9,30,20,1910.0286600532072,22.366
goodness,9,30,21,1359.1717581828143,22.417
goodness,9,30,22,1752.6332532918059,26.631
goodness,9,30,23,1423.0939260309315,22.442
goodness,9,30,24,1257.1354142246983,24.855
goodness,9,30,25,1990.440623623983,25.391
goodness,9,30,26,2126.3342972974133,23.956
goodness,9,30,27,1636.7385217353403,22.851
goodness,9,30,28,2761.0132782936817,26.044
goodness,9,30,29,2803.7550101497764,23.268
goodness,9,30,3,1686.059612691799,20.554
goodness,9,30,4,1441.7642448749011,25.711
goodness,9,30,5,1153.764441379124,20.737
goodness,9,30,6,1806.912140133114,20.996
goodness,9,30,7,2300.925172778576,25.024
goodness,9,30,8,2166.3352969593216,21.762
goodness,9,30,9,2133.546775398625,21.772
goodness_permuted,10,30,0,2713.4428363457814,23.069
goodness_permuted,10,30,1,3702.2629802102583,22.381
goodness_permuted,10,30,10,2842.124568651704,20.882
goodness_permuted,10,30,11,673.6728680511669,22.385
goodness_permuted,10,30,12,626.5897780655446,44.09
goodness_permuted,10,30,13,6254.726836875827,35.874
goodness_permuted,10,30,14,563.0644717174132,22.226
goodness_permuted,10,30,15,4440.877145584581,22.288
goodness_permuted,10,30,16,2574.6259662524544,59.73
goodness_permuted,10,30,17,7390.592463819439,23.583
goodness_permuted,10,30,18,2344.0632756946425,61.782
goodness_permuted,10,30,19,9402.549101923982,59.597
goodness_permuted,10,30,2,270.4883040910297,22.321
goodness_permuted,10,30,20,1381.7722605698582,22.316
goodness_permuted,10,30,21,635.2753357936681,22.259
goodness_permuted,10,30,22,615.1589640686238,59.664
goodness_permuted,10,30,23,680.3814226083509,26.456
goodness_permuted,10,30,24,7763.7899989166,61.15
goodness_permuted,10,30,25,345.2565222046876,59.789
goodness_permuted,10,30,26,4039.205813514418,23.405
goodness_permuted,10,30,27,1027.2947802306774,23.338
goodness_permuted,10,30,28,368.2283322351027,59.951
goodness_permuted,10,30,29,4115.1110040437225,57.324
goodness_permuted,10,30,3,2899.7234611967506,22.011
goodness_permuted,10,30,4,575.1238940659393,20.146
goodness_permuted,10,30,5,412.95023223536964,22.515
goodness_permuted,10,30,6,369.58649940612804,25.782
goodness_permuted,10,30,7,3208.9166396456776,19.477
goodness_permuted,10,30,8,800.0851452526217,21.891
goodness_permuted,10,30,9,1780.2801718596047,21.872
goodness_permuted,11,30,0,15791.722031905629,48.975
goodness_permuted,11,30,1,17448.27443806431,78.493
goodness_permuted,11,30,10,5466.008854692682,77.466
goodness_permuted,11,30,11,9139.997865709638,48.28
goodness_permuted,11,30,12,3057.5331153518982,29.252
goodness_permuted,11,30,13,5145.5929739239255,81.12
goodness_permuted,11,30,14,4992.947415885585,74.801
goodness_permuted,11,30,15,8120.358131558323,75.642
goodness_permuted,11,30,16,4496.579610026688,80.645
goodness_permuted,11,30,17,17412.23663701208,52.923
goodness_permuted,11,30,18,18485.76958238502,82.107
goodness_permuted,11,30,19,4171.539464909312,79.134
goodness_permuted,11,30,2,3544.6590713678743,45.063
goodness_permuted,11,30,20,7494.912248611028,48.682
goodness_permuted,11,30,21,15163.647088460883,47.149
goodness_permuted,11,30,22,5456.198954766573,79.388
goodness_permuted,11,30,23,11073.89978827749,28.83
goodness_permuted,11,30,24,13908.94950408386,80.737
goodness_permuted,11,30,25,28252.195792225677,78.1
goodness_permuted,11,30,26,5130.393104562373,35.904
goodness_permuted,11,30,27,9263.124298733186,40.456
goodness_permuted,11,30,28,7272.53636634049,78.297
goodness_permuted,11,30,29,3609.5632236600104,66.197
goodness_permuted,11,30,3,7297.764667677911,39.09
goodness_permuted,11,30,4,15364.642334731245,79.412
goodness_permuted,11,30,5,7713.371396761533,79.495
goodness_permuted,11,30,6,11814.44602945705,40.962
goodness_permuted,11,30,7,8639.863845012509,77.22
goodness_permuted,11,30,8,3857.180306932726,76.462
goodness_permuted,11,30,9,7651.707951526674,78.75
goodness_permuted,12,30,0,1779.1215567330596,67.195
goodness_permuted,12,30,1,11073.67945095343,64.413
goodness_permuted,12,30,10,160.16539678695267,64.449
goodness_permuted,12,30,11,447.29416148907603,65.644
goodness_permuted,12,30,12,1210.7645818526903,68.721
goodness_permuted,12,30,13,6160.98909895164,64.364
goodness_permuted,12,30,14,825.428539960141,65.638
goodness_permuted,12,30,15,4360.998507188184,65.291
goodness_permuted,12,30,16,1247.7340967153136,64.606
goodness_permuted,12,30,17,558.4885168595572,65.46
goodness_permuted,12,30,18,7743.277585082566,68.105
goodness_permuted,12,30,19,15595.980648432062,64.575
goodness_permuted,12,30,2,11114.464679987634,22.182
goodness_permuted,12,30,20,83.60177979513696,66.096
goodness_permuted,12,30,21,10525.426989346246,65.473
goodness_permuted,12,30,22,5696.946569541718,64.511
goodness_permuted,12,30,23,6746.747838332018,65.757
goodness_permuted,12,30,24,7898.278832958309,67.376
goodness_permuted,12,30,25,479.3037343575452,64.869
goodness_permuted,12,30,26,1928.9153105083446,65.735
goodness_permuted,12,30,27,1045.6022598937298,65.098
goodness_permuted,12,30,28,8764.175760123406,64.935
goodness_permuted,12,30,29,6489.442767960651,67.218
goodness_permuted,12,30,3,189.79531893450212,21.872
goodness_permuted,12,30,4,6333.821759316509,64.458
goodness_permuted,12,30,5,2185.4421913207875,65.493
goodness_permuted,12,30,6,3223.0747196953052,68.038
goodness_permuted,12,30,7,1064.5196352826415,64.24
goodness_permuted,12,30,8,2586.436108797811,59.0
goodness_permuted,12,30,9,8033.546948968695,50.124
goodness_permuted,13,30,0,32859.86878452614,74.867
goodness_permuted,13,30,1,90438.82011014046,73.421
goodness_permuted,13,30,10,24480.34520874805,74.279
goodness_permuted,13,30,11,83417.83551372182,73.111
goodness_permuted,13,30,12,49743.87991748832,75.26
goodness_permuted,13,30,13,106344.01408131007,71.859
goodness_permuted,13,30,14,30386.019085612385,74.033
goodness_permuted,13,30,15,50721.57044855035,73.969
goodness_permuted,13,30,16,51399.93818902911,72.046
goodness_permuted,13,30,17,69045.5730545177,72.591
goodness_permuted,13,30,18,78524.51399372678,75.251
goodness_permuted,13,30,19,37695.721521124506,72.266
goodness_permuted,13,30,2,115232.50045046417,75.292
goodness_permuted,13,30,20,16008.252995087794,72.917
goodness_permuted,13,30,21,50229.91041862418,72.93
goodness_permuted,13,30,22,1615.0279390000724,72.017
goodness_permuted,13,30,23,33247.6861167961,72.604
goodness_permuted,13,30,24,79450.64732876742,75.839
goodness_permuted,13,30,25,83728.17452873646,72.769
goodness_permuted,13,30,26,29934.823921323336,73.34
goodness_permuted,13,30,27,119097.79156754556,72.396
goodness_permuted,13,30,28,55217.322207467936,73.95
goodness_permuted,13,30,29,103533.812136616,72.994
goodness_permuted,13,30,3,94366.89017309033,74.329
goodness_permuted,13,30,4,24251.198673215546,75.088
goodness_permuted,13,30,5,56563.92755088358,74.058
goodness_permuted,13,30,6,33721.47295534142,75.166
goodness_permuted,13,30,7,75256.9835860674,75.607
goodness_permuted,13,30,8,13080.2805539171,75.003
goodness_permuted,13,30,9,52281.765081111895,75.285
goodness_permuted,14,30,0,966.0824315875743,68.757
goodness_permuted,14,30,1,5455.058340604919,66.876
goodness_permuted,14,30,10,3488.692345215868,64.992
goodness_permuted,14,30,11,5339.582700264782,66.362
goodness_permuted,14,30,12,13236.674979953674,66.573
goodness_permuted,14,30,13,1750.2649550437827,64.626
goodness_permuted,14,30,14,1751.1512703674161,65.709
goodness_permuted,14,30,15,11416.86379290798,65.588
goodness_permuted,14,30,16,13407.704967686313,65.229
goodness_permuted,14,30,17,1816.5125198741266,67.191
goodness_permuted,14,30,18,10661.253094596364,67.289
goodness_permuted,14,30,19,10690.634270790335,65.709
goodness_permuted,14,30,2,5374.560527443646,65.628
goodness_permuted,14,30,20,9410.612632084254,66.469
goodness_permuted,14,30,21,8647.455497983163,66.208
goodness_permuted,14,30,22,16964.52577964511,66.466
goodness_permuted,14,30,23,6090.442313953622,68.291
goodness_permuted,14,30,24,5137.920703763056,67.395
goodness_permuted,14,30,25,9366.926357827704,66.712
goodness_permuted,14,30,26,3155.611042616765,67.121
goodness_permuted,14,30,27,10101.761073315338,66.145
goodness_permuted,14,30,28,5743.757473995988,47.364
goodness_permuted,14,30,29,5506.608501873259,64.63
goodness_permuted,14,30,3,6261.179471907535,65.231
goodness_permuted,14,30,4,8205.89290059085,66.059
goodness_permuted,14,30,5,11265.554071159388,65.262
goodness_permuted,14,30,6,11601.889527931511,70.443
goodness_permuted,14,30,7,4759.845407971401,65.545
goodness_permuted,14,30,8,2406.016764140324,66.042
goodness_permuted,14,30,9,1320.1310123603257,65.382
goodness_permuted,15,30,0,227.1229574673116,146.844
goodness_permuted,15,30,1,413.73548186857624,53.848
goodness_permuted,15,30,10,7.293573471874652,142.413
goodness_permuted,15,30,11,232.9047960534199,141.737
goodness_permuted,15,30,12,1077.4279489790842,84.474
goodness_permuted,15,30,13,24.23056649234354,138.997
goodness_permuted,15,30,14,228.15087579033934,142.03
goodness_permuted,15,30,15,8.910198407614871,142.175
goodness_permuted,15,30,16,9.652272199683921,141.246
goodness_permuted,15,30,17,9.635217234529591,140.26
goodness_permuted,15,30,18,459.8701998981983,99.837
goodness_permuted,15,30,19,410.1231429812715,136.528
goodness_permuted,15,30,2,227.44690571818865,142.9
goodness_permuted,15,30,20,7.868157579217268,140.934
goodness_permuted,15,30,21,9.539474410318462,140.124
goodness_permuted,15,30,22,377.47415623478605,139.835
goodness_permuted,15,30,23,92.28752831111206,86.541
goodness_permuted,15,30,24,9.116521339662086,148.111
goodness_permuted,15,30,25,10.067405941820653,141.312
goodness_permuted,15,30,26,225.5601576426775,76.329
goodness_permuted,15,30,27,454.63135422029336,90.708
goodness_permuted,15,30,28,123.42869384335313,141.92
goodness_permuted,15,30,29,8.09690235845278,89.444
goodness_permuted,15,30,3,234.41555448059444,142.709
goodness_permuted,15,30,4,9.192059283033359,52.473
goodness_permuted,15,30,5,9.63110376286727,140.131
goodness_permuted,15,30,6,8.582295545445731,145.105
goodness_permuted,15,30,7,363.14765385254896,123.654
goodness_permuted,15,30,8,9.114631459395696,140.936
goodness_permuted,15,30,9,11.5988397558217,139.892
goodness_permuted,16,30,0,122.74020141789629,455.688
goodness_permuted,16,30,1,468.75116697287876,434.589
goodness_permuted,16,30,10,157.2480121424237,172.34
goodness_permuted,16,30,11,52.59624686799839,432.496
goodness_permuted,16,30,12,112.33972006203066,179.388
goodness_permuted,16,30,13,49.48872593674855,191.509
goodness_permuted,16,30,14,138.90852991715497,266.347
goodness_permuted,16,30,15,190.8850551132548,283.131
goodness_permuted,16,30,16,58.06092896444079,192.335
goodness_permuted,16,30,17,96.46949467385207,207.497
goodness_permuted,16,30,18,226.9503176297128,191.999
goodness_permuted,16,30,19,57.58754490430897,194.161
goodness_permuted,16,30,2,64.10326265949288,414.175
goodness_permuted,16,30,20,56.493624890791125,184.03
goodness_permuted,16,30,21,171.430553113315,183.85
goodness_permuted,16,30,22,366.1346053331956,194.017
goodness_permuted,16,30,23,191.03504761911563,191.158
goodness_permuted,16,30,24,100.01961940240426,195.277
goodness_permuted,16,30,25,242.09845986381083,194.276
goodness_permuted,16,30,26,43.873135415392426,193.152
goodness_permuted,16,30,27,153.28773491691277,194.154
goodness_permuted,16,30,28,131.98139267757415,194.52
goodness_permuted,16,30,29,414.75144164231824,195.577
goodness_permuted,16,30,3,82.4571045247908,400.942
goodness_permuted,16,30,4,45.309745191951606,435.053
goodness_permuted,16,30,5,104.44406669275236,453.854
goodness_permuted,16,30,6,147.7638042763724,370.501
goodness_permuted,16,30,7,98.20789491642859,198.245
goodness_permuted,16,30,8,43.82334802119885,453.75
goodness_permuted,16,30,9,49.7428872027142,449.161
goodness_permuted,17,30,0,117863.57260643494,29.661
goodness_permuted,17,30,1,79142.10621834712,31.026
goodness_permuted,17,30,10,75689.64987498979,29.661
goodness_permuted,17,30,11,108720.24743562857,29.618
goodness_permuted,17,30,12,68711.44938962738,29.93
goodness_permuted,17,30,13,95561.8421472925,29.543
goodness_permuted,17,30,14,349578.5413368189,29.813
goodness_permuted,17,30,15,67150.38863373082,29.621
goodness_permuted,17,30,16,65901.70271930567,29.734
goodness_permuted,17,30,17,96737.64638169225,29.913
goodness_permuted,17,30,18,54439.56635684188,30.154
goodness_permuted,17,30,19,127415.46142020487,29.671
goodness_permuted,17,30,2,103331.58399971515,29.496
goodness_permuted,17,30,20,46454.281857466696,30.05
goodness_permuted,17,30,21,96696.66296472523,29.488
goodness_permuted,17,30,22,39354.2200365842,30.377
goodness_permuted,17,30,23,114549.41444750197,29.777
goodness_permuted,17,30,24,95235.99563427326,30.501
goodness_permuted,17,30,25,72915.04503961216,30.176
goodness_permuted,17,30,26,88357.5965652979,29.929
goodness_permuted,17,30,27,83815.16447777287,29.758
goodness_permuted,17,30,28,137937.47428267932,29.765
goodness_permuted,17,30,29,66858.34236837621,29.904
goodness_permuted,17,30,3,103810.71453471443,29.845
goodness_permuted,17,30,4,84142.152098686,31.778
goodness_permuted,17,30,5,110167.89650233871,29.823
goodness_permuted,17,30,6,55037.85232842624,29.862
goodness_permuted,17,30,7,152508.6418631973,30.637
goodness_permuted,17,30,8,70820.72264875798,29.733
goodness_permuted,17,30,9,70787.22923428428,29.73
goodness_permuted,18,30,0,14807.507268970618,96.61
goodness_permuted,18,30,1,5805.496470925437,94.022
goodness_permuted,18,30,10,7118.962294442967,109.986
goodness_permuted,18,30,11,205.96750068827532,95.595
goodness_permuted,18,30,12,16911.81685507488,94.95
goodness_permuted,18,30,13,24658.796713715496,125.734
goodness_permuted,18,30,14,20364.048116765367,94.53
goodness_permuted,18,30,15,12985.188684521021,94.91
goodness_permuted,18,30,16,12018.933332921742,145.901
goodness_permuted,18,30,17,6040.289219162526,94.834
goodness_permuted,18,30,18,37.940224398677174,116.518
goodness_permuted,18,30,19,15030.907600952432,143.116
goodness_permuted,18,30,2,38052.83690914843,94.119
goodness_permuted,18,30,20,15529.085827981122,93.82
goodness_permuted,18,30,21,935.0006919192692,93.798
goodness_permuted,18,30,22,9497.76216996224,137.212
goodness_permuted,18,30,23,15501.466712976893,97.426
goodness_permuted,18,30,24,15251.026447364173,143.493
goodness_permuted,18,30,25,7541.238520784991,239.484
goodness_permuted,18,30,26,476.96483105918196,112.926
goodness_permuted,18,30,27,12389.624525275942,111.797
goodness_permuted,18,30,28,5958.229616976938,249.71
goodness_permuted,18,30,29,4961.688367512179,125.936
goodness_permuted,18,30,3,9947.762933380229,93.788
goodness_permuted,18,30,4,10336.11244162556,93.724
goodness_permuted,18,30,5,607.1411414037693,97.903
goodness_permuted,18,30,6,354.6479904975249,94.563
goodness_permuted,18,30,7,224.38628151970534,105.21
goodness_permuted,18,30,8,12968.453556418564,97.252
goodness_permuted,18,30,9,1142.3473587417438,96.728
goodness_permuted,19,30,0,242.6403279063111,467.213
goodness_permuted,19,30,1,39.84067937918644,470.139
goodness_permuted,19,30,10,247.90776163999362,165.095
goodness_permuted,19,30,11,243.44882534909812,470.936
goodness_permuted,19,30,12,244.60596963423814,193.133
goodness_permuted,19,30,13,250.73978118546938,241.586
goodness_permuted,19,30,14,462.5139334122796,289.811
goodness_permuted,19,30,15,245.1690491656118,300.6
goodness_permuted,19,30,16,251.6826598185212,242.369
goodness_permuted,19,30,17,242.66598388329294,195.879
goodness_permuted,19,30,18,28.066118504365704,277.596
goodness_permuted,19,30,19,251.2682124966841,344.781
goodness_permuted,19,30,2,28.831659475413744,309.936
goodness_permuted,19,30,20,246.7900057819811,230.157
goodness_permuted,19,30,21,44.80113972937238,228.982
goodness_permuted,19,30,22,26.744326818671425,343.356
goodness_permuted,19,30,23,36.426371908379,239.585
goodness_permuted,19,30,24,244.11124772298535,292.708
goodness_permuted,19,30,25,244.93990370790516,192.61
goodness_permuted,19,30,26,25.02779403418549,325.443
goodness_permuted,19,30,27,462.2624490037847,321.35
goodness_permuted,19,30,28,30.670333123511227,195.092
goodness_permuted,19,30,29,251.41058807465424,346.412
goodness_permuted,19,30,3,251.5967731816463,301.806
goodness_permuted,19,30,4,33.316575731091234,465.952
goodness_permuted,19,30,5,30.456016185912176,392.2
goodness_permuted,19,30,6,54.981570433987144,382.071
goodness_permuted,19,30,7,28.672082353547466,193.757
goodness_permuted,19,30,8,26.753889207496513,480.318
goodness_permuted,19,30,9,31.300185760686873,482.908
goodness_permuted,1,30,0,88.48251608682278,14.779
goodness_permuted,1,30,1,5108.927653090406,14.208
goodness_permuted,1,30,10,1968.1600856352316,14.415
goodness_permuted,1,30,11,99.37465005824475,15.436
goodness_permuted,1,30,12,10289.810406507333,14.785
goodness_permuted,1,30,13,70.60050956418064,16.015
goodness_permuted,1,30,14,390.59073992395304,15.812
goodness_permuted,1,30,15,12016.714951200074,15.072
goodness_permuted,1,30,16,3432.611242841436,15.155
goodness_permuted,1,30,17,798.8730108938746,14.906
goodness_permuted,1,30,18,6406.718445269489,14.972
goodness_permuted,1,30,19,1352.3244475060676,15.333
goodness_permuted,1,30,2,2463.819208293146,15.095
goodness_permuted,1,30,20,200.6906205368823,14.731
goodness_permuted,1,30,21,903.1871076444384,15.535
goodness_permuted,1,30,22,886.8177764268072,14.687
goodness_permuted,1,30,23,11745.22979180802,14.412
goodness_permuted,1,30,24,6750.571902272796,15.372
goodness_permuted,1,30,25,31.443618778758918,14.558
goodness_permuted,1,30,26,1403.835013811222,14.167
goodness_permuted,1,30,27,6.044491970872116,14.413
goodness_permuted,1,30,28,574.1627477580804,14.8
goodness_permuted,1,30,29,1521.992383927475,14.816
goodness_permuted,1,30,3,16801.892084457242,14.969
goodness_permuted,1,30,4,2823.994557258012,14.201
goodness_permuted,1,30,5,35.3243452946283,14.096
goodness_permuted,1,30,6,5727.22438580774,14.691
goodness_permuted,1,30,7,174.78796087394323,14.215
goodness_permuted,1,30,8,676.1440988228965,14.905
goodness_permuted,1,30,9,9255.797777014594,15.127
goodness_permuted,20,30,0,329.6783894308596,33.781
goodness_permuted,20,30,1,339.21711728314585,34.975
goodness_permuted,20,30,10,354.9100576291512,33.653
goodness_permuted,20,30,11,348.16233482353346,34.995
goodness_permuted,20,30,12,309.3301836380315,34.304
goodness_permuted,20,30,13,361.8126555769286,33.574
goodness_permuted,20,30,14,298.65362335979125,33.922
goodness_permuted,20,30,15,314.87910396594725,33.088
goodness_permuted,20,30,16,339.20116096681613,33.859
goodness_permuted,20,30,17,483.3143278338471,34.365
goodness_permuted,20,30,18,346.79539293172,34.828
goodness_permuted,20,30,19,314.7345139152867,34.475
goodness_permuted,20,30,2,349.38439461312737,29.959
goodness_permuted,20,30,20,268.62015113346206,35.001
goodness_permuted,20,30,21,378.6804401067975,35.084
goodness_permuted,20,30,22,353.06489794818754,34.869
goodness_permuted,20,30,23,319.025943878014,34.536
goodness_permuted,20,30,24,410.0539014065189,35.379
goodness_permuted,20,30,25,338.05081308435547,34.635
goodness_permuted,20,30,26,119.79804308899111,33.914
goodness_permuted,20,30,27,351.74982069399357,33.95
goodness_permuted,20,30,28,346.25517969831435,33.994
goodness_permuted,20,30,29,366.7667714046488,34.415
goodness_permuted,20,30,3,298.30501969184525,34.319
goodness_permuted,20,30,4,337.2428310810651,35.464
goodness_permuted,20,30,5,344.10853098670214,32.196
goodness_permuted,20,30,6,358.3879873976225,34.244
goodness_permuted,20,30,7,338.35786454213076,34.707
goodness_permuted,20,30,8,331.7059316888767,60.703
goodness_permuted,20,30,9,237.89381756370085,62.343
goodness_permuted,21,30,0,170.3016441277714,44.62
goodness_permuted,21,30,1,170.23962604486087,44.472
goodness_permuted,21,30,10,171.76074319115196,44.475
goodness_permuted,21,30,11,173.9202108836298,46.048
goodness_permuted,21,30,12,171.79225915323286,45.108
goodness_permuted,21,30,13,172.92062181396523,44.548
goodness_permuted,21,30,14,169.16837487342036,46.28
goodness_permuted,21,30,15,172.56237612332825,45.809
goodness_permuted,21,30,16,170.3016441277714,44.673
goodness_permuted,21,30,17,168.50400312041984,44.343
goodness_permuted,21,30,18,169.52896997362996,44.207
goodness_permuted,21,30,19,170.43911565906228,45.938
goodness_permuted,21,30,2,170.73417705355223,45.438
goodness_permuted,21,30,20,170.79881003036235,44.384
goodness_permuted,21,30,21,172.61696010544847,44.994
goodness_permuted,21,30,22,169.31501919599623,45.831
goodness_permuted,21,30,23,170.88195271663153,46.092
goodness_permuted,21,30,24,168.62885787066898,44.619
goodness_permuted,21,30,25,171.3451502261055,46.185
goodness_permuted,21,30,26,172.23504635064774,45.726
goodness_permuted,21,30,27,174.10114873278235,45.615
goodness_permuted,21,30,28,170.43911565906228,46.652
goodness_permuted,21,30,29,170.22319685905723,44.903
goodness_permuted,21,30,3,169.47960530589762,45.096
goodness_permuted,21,30,4,172.82053368532706,44.356
goodness_permuted,21,30,5,172.74502364376167,46.031
goodness_permuted,21,30,6,169.31501919599623,45.57
goodness_permuted,21,30,7,165.97036679591065,44.192
goodness_permuted,21,30,8,171.26221928395444,45.849
goodness_permuted,21,30,9,171.62292295221732,46.354
goodness_permuted,22,30,0,200.00000000000364,50.894
goodness_permuted,22,30,1,200.0,51.913
goodness_permuted,22,30,10,457.47245880005266,51.673
goodness_permuted,22,30,11,200.0,50.585
goodness_permuted,22,30,12,200.0,52.282
goodness_permuted,22,30,13,200.0,50.242
goodness_permuted,22,30,14,200.0,50.43
goodness_permuted,22,30,15,200.0,50.346
goodness_permuted,22,30,16,200.0,50.563
goodness_permuted,22,30,17,200.0,52.261
goodness_permuted,22,30,18,200.00000000261252,50.485
goodness_permuted,22,30,19,200.0,52.097
goodness_permuted,22,30,2,200.00000000001637,51.15
goodness_permuted,22,30,20,200.0,51.526
goodness_permuted,22,30,21,200.00000000000045,52.015
goodness_permuted,22,30,22,200.0,52.664
goodness_permuted,22,30,23,200.0,52.641
goodness_permuted,22,30,24,200.0,50.318
goodness_permuted,22,30,25,200.00000000017099,53.755
goodness_permuted,22,30,26,200.0,52.041
goodness_permuted,22,30,27,200.0,51.953
goodness_permuted,22,30,28,200.0,53.333
goodness_permuted,22,30,29,200.0,50.913
goodness_permuted,22,30,3,200.0,51.248
goodness_permuted,22,30,4,200.0000000000009,50.564
goodness_permuted,22,30,5,200.00000000000045,50.229
goodness_permuted,22,30,6,200.0,52.043
goodness_permuted,22,30,7,200.0000000000009,50.365
goodness_permuted,22,30,8,200.0,49.982
goodness_permuted,22,30,9,200.0,50.382
goodness_permuted,23,30,0,200.00000000001455,39.248
goodness_permuted,23,30,1,200.00000000000045,39.875
goodness_permuted,23,30,10,200.0,39.348
goodness_permuted,23,30,11,200.0,39.365
goodness_permuted,23,30,12,200.0,42.267
goodness_permuted,23,30,13,200.0,39.363
goodness_permuted,23,30,14,200.0,39.186
goodness_permuted,23,30,15,200.0,39.119
goodness_permuted,23,30,16,200.00000000000045,39.358
goodness_permuted,23,30,17,200.0,39.379
goodness_permuted,23,30,18,200.00000000155387,40.198
goodness_permuted,23,30,19,200.0,39.22
goodness_permuted,23,30,2,200.00000000003,40.806
goodness_permuted,23,30,20,200.0,39.31
goodness_permuted,23,30,21,200.00000000000045,39.37
goodness_permuted,23,30,22,200.0,39.615
goodness_permuted,23,30,23,200.00000000000045,41.571
goodness_permuted,23,30,24,200.0,39.542
goodness_permuted,23,30,25,200.00000000032514,39.287
goodness_permuted,23,30,26,200.0,40.014
goodness_permuted,23,30,27,200.0,39.919
goodness_permuted,23,30,28,200.0,39.771
goodness_permuted,23,30,29,200.00000000000045,42.256
goodness_permuted,23,30,3,200.0,40.458
goodness_permuted,23,30,4,200.00000000000045,40.154
goodness_permuted,23,30,5,200.00000000000045,39.499
goodness_permuted,23,30,6,200.0,41.27
goodness_permuted,23,30,7,200.0000000000009,39.421
goodness_permuted,23,30,8,200.0,39.332
goodness_permuted,23,30,9,200.0,39.462
goodness_permuted,24,30,0,420.50428394733945,44.526
goodness_permuted,24,30,1,420.44305152855895,45.068
goodness_permuted,24,30,10,420.49986914009787,44.745
goodness_permuted,24,30,11,420.4202555166139,44.855
goodness_permuted,24,30,12,420.4204847095016,44.909
goodness_permuted,24,30,13,420.56531024885817,44.661
goodness_permuted,24,30,14,420.459883337664,44.716
goodness_permuted,24,30,15,420.4912167782004,44.929
goodness_permuted,24,30,16,420.4711781661613,44.488
goodness_permuted,24,30,17,420.62995523831614,44.714
goodness_permuted,24,30,18,420.612904235486,44.748
goodness_permuted,24,30,19,420.62919989964075,44.736
goodness_permuted,24,30,2,420.43382997215303,47.49
goodness_permuted,24,30,20,420.54609230159986,44.618
goodness_permuted,24,30,21,420.49565063483806,44.68
goodness_permuted,24,30,22,420.5137393767859,45.461
goodness_permuted,24,30,23,420.7354793792183,45.365
goodness_permuted,24,30,24,420.5080271435818,44.805
goodness_permuted,24,30,25,420.5453686988658,44.886
goodness_permuted,24,30,26,420.604973612516,44.892
goodness_permuted,24,30,27,420.48876500878805,44.627
goodness_permuted,24,30,28,420.4898527393211,45.187
goodness_permuted,24,30,29,420.52670723476785,45.166
goodness_permuted,24,30,3,420.49672163948253,47.359
goodness_permuted,24,30,4,420.8230837643059,44.614
goodness_permuted,24,30,5,420.43640120904865,45.17
goodness_permuted,24,30,6,420.5766774281574,44.93
goodness_permuted,24,30,7,420.5931360793802,44.522
goodness_permuted,24,30,8,420.4634677476115,46.381
goodness_permuted,24,30,9,420.5654644711358,46.52
goodness_permuted,25,30,0,827.9143362425875,160.331
goodness_permuted,25,30,1,827.8812704963966,160.229
goodness_permuted,25,30,10,828.0104460349453,159.397
goodness_permuted,25,30,11,828.0243845198193,161.222
goodness_permuted,25,30,12,827.8738360392449,159.484
goodness_permuted,25,30,13,827.8889571214768,158.873
goodness_permuted,25,30,14,828.0104460349453,160.297
goodness_permuted,25,30,15,828.0104460349448,160.97
goodness_permuted,25,30,16,827.9362655748637,159.06
goodness_permuted,25,30,17,828.0045864829644,161.62
goodness_permuted,25,30,18,827.9167495784254,159.389
goodness_permuted,25,30,19,827.9251820011759,158.565
goodness_permuted,25,30,2,827.8720375658968,159.677
goodness_permuted,25,30,20,828.0243845198193,159.099
goodness_permuted,25,30,21,827.8979827973444,159.744
goodness_permuted,25,30,22,828.0243845198193,159.678
goodness_permuted,25,30,23,828.0104460349448,161.151
goodness_permuted,25,30,24,828.0084303478679,158.75
goodness_permuted,25,30,25,827.9917945034249,160.24
goodness_permuted,25,30,26,827.9844480637075,158.889
goodness_permuted,25,30,27,827.926701972046,159.444
goodness_permuted,25,30,28,827.9167495784254,160.992
goodness_permuted,25,30,29,828.0243845198193,161.187
goodness_permuted,25,30,3,827.9254765199148,160.603
goodness_permuted,25,30,4,827.9251820011755,160.584
goodness_permuted,25,30,5,827.9087446874114,161.514
goodness_permuted,25,30,6,828.0326068140203,161.785
goodness_permuted,25,30,7,827.9851117173566,158.943
goodness_permuted,25,30,8,827.8862100086731,159.672
goodness_permuted,25,30,9,827.9052482525112,159.877
goodness_permuted,26,30,0,510.97022202825747,165.596
goodness_permuted,26,30,1,510.437916441756,164.093
goodness_permuted,26,30,10,508.91727093959526,349.101
goodness_permuted,26,30,11,543.9749872978814,165.677
goodness_permuted,26,30,12,522.5216670409845,357.805
goodness_permuted,26,30,13,520.929614629943,362.631
goodness_permuted,26,30,14,504.6541098394714,185.321
goodness_permuted,26,30,15,540.8931243848774,186.651
goodness_permuted,26,30,16,499.932327339342,361.826
goodness_permuted,26,30,17,511.1966436097805,298.352
goodness_permuted,26,30,18,505.1275165468969,418.852
goodness_permuted,26,30,19,508.15079573529056,335.324
goodness_permuted,26,30,2,507.49612413318937,163.732
goodness_permuted,26,30,20,497.92748310793377,368.956
goodness_permuted,26,30,21,506.1850581123017,367.981
goodness_permuted,26,30,22,504.459311228929,335.454
goodness_permuted,26,30,23,510.914279441738,364.048
goodness_permuted,26,30,24,522.0460921580548,323.368
goodness_permuted,26,30,25,513.9724320837418,387.489
goodness_permuted,26,30,26,513.6368678235444,408.594
goodness_permuted,26,30,27,511.76109584473215,407.123
goodness_permuted,26,30,28,505.92988086653486,376.774
goodness_permuted,26,30,29,514.2981576390516,336.275
goodness_permuted,26,30,3,519.940094970158,163.863
goodness_permuted,26,30,4,509.09073397123393,163.85
goodness_permuted,26,30,5,526.8276237837213,165.897
goodness_permuted,26,30,6,524.7361224302458,164.771
goodness_permuted,26,30,7,515.8044459889634,312.869
goodness_permuted,26,30,8,535.6599107490897,165.438
goodness_permuted,26,30,9,522.0510465754646,165.621
goodness_permuted,27,30,0,5.775291356258094e-11,328.937
goodness_permuted,27,30,1,4.547473508864641e-13,176.237
goodness_permuted,27,30,10,9.094947017729282e-13,183.877
goodness_permuted,27,30,11,4.547473508864641e-13,202.021
goodness_permuted,27,30,12,4.547473508864641e-13,188.114
goodness_permuted,27,30,13,4.547473508864641e-13,174.449
goodness_permuted,27,30,14,4.547473508864641e-13,152.057
goodness_permuted,27,30,15,4.547473508864641e-13,152.458
goodness_permuted,27,30,16,4.547473508864641e-13,160.924
goodness_permuted,27,30,17,4.547473508864641e-13,169.99
goodness_permuted,27,30,18,2.3160282580647618e-09,160.522
goodness_permuted,27,30,19,4.547473508864641e-13,155.788
goodness_permuted,27,30,2,1.000444171950221e-11,289.039
goodness_permuted,27,30,20,4.547473508864641e-13,186.925
goodness_permuted,27,30,21,9.094947017729282e-13,187.125
goodness_permuted,27,30,22,4.547473508864641e-13,168.738
goodness_permuted,27,30,23,4.547473508864641e-13,174.791
goodness_permuted,27,30,24,4.547473508864641e-13,189.851
goodness_permuted,27,30,25,4.501998773775995e-11,204.684
goodness_permuted,27,30,26,4.547473508864641e-13,159.511
goodness_permuted,27,30,27,4.547473508864641e-13,160.042
goodness_permuted,27,30,28,4.547473508864641e-13,192.196
goodness_permuted,27,30,29,4.547473508864641e-13,157.954
goodness_permuted,27,30,3,156.305050162297,289.324
goodness_permuted,27,30,4,4.547473508864641e-13,152.732
goodness_permuted,27,30,5,9.094947017729282e-13,370.441
goodness_permuted,27,30,6,4.547473508864641e-13,152.294
goodness_permuted,27,30,7,1.3642420526593924e-12,168.022
goodness_permuted,27,30,8,4.547473508864641e-13,318.02
goodness_permuted,27,30,9,4.547473508864641e-13,317.584
goodness_permuted,28,30,0,2571.0354767358303,309.599
goodness_permuted,28,30,1,2659.112454759759,356.355
goodness_permuted,28,30,10,3095.4099853188745,362.866
goodness_permuted,28,30,11,3240.130573051736,460.586
goodness_permuted,28,30,12,4923.063688784814,276.655
goodness_permuted,28,30,13,2471.032830091919,270.773
goodness_permuted,28,30,14,3181.3161631431767,378.196
goodness_permuted,28,30,15,5457.254337569131,377.158
goodness_permuted,28,30,16,2447.3802473882643,276.189
goodness_permuted,28,30,17,2795.8163770028295,296.805
goodness_permuted,28,30,18,3428.993637030132,268.128
goodness_permuted,28,30,19,1553.2901044144583,260.542
goodness_permuted,28,30,2,2047.0620933618893,312.425
goodness_permuted,28,30,20,2027.2888587174057,274.225
goodness_permuted,28,30,21,2708.381707950918,275.32
goodness_permuted,28,30,22,3280.693763403795,283.015
goodness_permuted,28,30,23,2612.2491967101996,276.632
goodness_permuted,28,30,24,4877.520414175421,453.476
goodness_permuted,28,30,25,4871.362466125094,493.515
goodness_permuted,28,30,26,2023.6036000212898,267.836
goodness_permuted,28,30,27,3555.9016079915064,271.057
goodness_permuted,28,30,28,7407.517551892413,496.534
goodness_permuted,28,30,29,2117.5103433773183,387.813
goodness_permuted,28,30,3,3517.059791851646,312.2
goodness_permuted,28,30,4,1651.1918251614843,393.794
goodness_permuted,28,30,5,1710.728717812577,314.99
goodness_permuted,28,30,6,1879.292974693124,457.521
goodness_permuted,28,30,7,2800.3231209103506,406.227
goodness_permuted,28,30,8,1749.4875676611846,380.03
goodness_permuted,28,30,9,2072.47693230983,380.419
goodness_permuted,29,30,0,25810.506496214708,203.783
goodness_permuted,29,30,1,30645.2559732585,145.453
goodness_permuted,29,30,10,7894.016062335446,147.711
goodness_permuted,29,30,11,3817.04393165495,150.111
goodness_permuted,29,30,12,37001.80146966656,183.294
goodness_permuted,29,30,13,7948.147392871688,163.956
goodness_permuted,29,30,14,10774.240920582584,118.513
goodness_permuted,29,30,15,9387.732824503224,118.126
goodness_permuted,29,30,16,6021.482522487935,164.945
goodness_permuted,29,30,17,10639.78485669952,136.785
goodness_permuted,29,30,18,15423.538295433096,163.852
goodness_permuted,29,30,19,29604.43144744808,285.766
goodness_permuted,29,30,2,2515.963421943955,326.714
goodness_permuted,29,30,20,3086.0648343736502,163.501
goodness_permuted,29,30,21,12978.743321983564,162.193
goodness_permuted,29,30,22,1619.442152341835,287.734
goodness_permuted,29,30,23,36299.710953278,165.36
goodness_permuted,29,30,24,5496.790141333535,284.377
goodness_permuted,29,30,25,19310.32965033335,299.375
goodness_permuted,29,30,26,7996.708818814228,167.299
goodness_permuted,29,30,27,5074.036449833396,165.072
goodness_permuted,29,30,28,3127.910184892935,297.129
goodness_permuted,29,30,29,8867.249381155241,287.328
goodness_permuted,29,30,3,14019.76217652249,323.977
goodness_permuted,29,30,4,2757.726102067061,116.342
goodness_permuted,29,30,5,24226.196523919545,242.113
goodness_permuted,29,30,6,3380.1242049020184,123.668
goodness_permuted,29,30,7,4588.006538644819,139.244
goodness_permuted,29,30,8,5148.677297711473,201.497
goodness_permuted,29,30,9,2370.314617198337,200.905
goodness_permuted,3,30,0,76.96584638413162,18.258
goodness_permuted,3,30,1,31.810711664705195,17.531
goodness_permuted,3,30,10,31.81071166470508,17.859
goodness_permuted,3,30,11,31.810711664705195,18.695
goodness_permuted,3,30,12,31.810711664705195,18.191
goodness_permuted,3,30,13,77.50280941195723,17.14
goodness_permuted,3,30,14,31.810711664705195,18.212
goodness_permuted,3,30,15,31.810711664705195,16.723
goodness_permuted,3,30,16,31.810711664705195,17.711
goodness_permuted,3,30,17,31.810711664705195,18.613
goodness_permuted,3,30,18,31.810711664705195,17.943
goodness_permuted,3,30,19,31.81071166470531,17.592
goodness_permuted,3,30,2,31.810711664705195,18.549
goodness_permuted,3,30,20,31.810711664705195,18.494
goodness_permuted,3,30,21,31.810711664705195,18.911
goodness_permuted,3,30,22,31.810711664705195,17.907
goodness_permuted,3,30,23,31.81071166470514,17.694
goodness_permuted,3,30,24,31.81071166470514,17.532
goodness_permuted,3,30,25,31.810711664705195,17.664
goodness_permuted,3,30,26,31.81071166470531,19.161
goodness_permuted,3,30,27,77.21400194912593,18.54
goodness_permuted,3,30,28,31.810711664705252,18.328
goodness_permuted,3,30,29,31.810711664705195,18.529
goodness_permuted,3,30,3,31.810711664705195,18.149
goodness_permuted,3,30,4,31.810711664705195,18.593
goodness_permuted,3,30,5,31.81071166470514,18.332
goodness_permuted,3,30,6,31.81071166470514,18.375
goodness_permuted,3,30,7,31.81071166470514,17.89
goodness_permuted,3,30,8,31.810711664705252,18.198
goodness_permuted,3,30,9,31.810711664705195,17.18
goodness_permuted,4,30,0,87.10877921543818,16.064
goodness_permuted,4,30,1,148.21735037109704,17.293
goodness_permuted,4,30,10,136.11557055082187,18.202
goodness_permuted,4,30,11,103.02527774920219,15.871
goodness_permuted,4,30,12,101.63229939672226,15.916
goodness_permuted,4,30,13,143.7959192610465,17.357
goodness_permuted,4,30,14,117.22677416856254,17.052
goodness_permuted,4,30,15,126.7489738229317,16.338
goodness_permuted,4,30,16,120.58520685420967,18.629
goodness_permuted,4,30,17,122.433385123427,15.988
goodness_permuted,4,30,18,118.3952080037501,16.079
goodness_permuted,4,30,19,95.20590603790549,18.339
goodness_permuted,4,30,2,130.7538697342634,16.557
goodness_permuted,4,30,20,147.58417336972457,16.793
goodness_permuted,4,30,21,116.38585036937025,16.459
goodness_permuted,4,30,22,120.12081793716891,14.8
goodness_permuted,4,30,23,130.9252677393223,15.642
goodness_permuted,4,30,24,92.85656881563227,17.143
goodness_permuted,4,30,25,90.44848247347761,14.483
goodness_permuted,4,30,26,68.88012349808798,16.265
goodness_permuted,4,30,27,129.97134352081616,16.197
goodness_permuted,4,30,28,105.14209259449876,13.623
goodness_permuted,4,30,29,151.52479095586693,15.81
goodness_permuted,4,30,3,148.5717195275903,17.256
goodness_permuted,4,30,4,72.30985992044816,16.947
goodness_permuted,4,30,5,133.6888992015747,16.907
goodness_permuted,4,30,6,111.91939213127148,15.869
goodness_permuted,4,30,7,149.98968059336187,17.931
goodness_permuted,4,30,8,98.05395551608223,17.208
goodness_permuted,4,30,9,118.13516876130325,17.007
goodness_permuted,5,30,0,1.0248935154777428e-05,38.13
goodness_permuted,5,30,1,8.519367611370399e-08,30.967
goodness_permuted,5,30,10,6.480376271156274e-06,35.245
goodness_permuted,5,30,11,4.326352609496098e-09,37.777
goodness_permuted,5,30,12,1.4013608051755e-09,38.492
goodness_permuted,5,30,13,8.714096111361869e-11,38.954
goodness_permuted,5,30,14,1.2454194120437023e-07,38.095
goodness_permuted,5,30,15,2.1288826701493235e-08,39.247
goodness_permuted,5,30,16,1.575808710185811e-07,41.517
goodness_permuted,5,30,17,1.3857477767942328e-05,36.598
goodness_permuted,5,30,18,6.598253889933403e-07,42.325
goodness_permuted,5,30,19,5.453273388411617e-09,44.122
goodness_permuted,5,30,2,6.758365486803086e-06,39.06
goodness_permuted,5,30,20,2.580691216280684e-11,38.306
goodness_permuted,5,30,21,2.755128775788762e-06,37.643
goodness_permuted,5,30,22,1.5889489759501885e-06,40.926
goodness_permuted,5,30,23,3.5493030736688524e-10,37.593
goodness_permuted,5,30,24,4.8024945158431365e-06,37.982
goodness_permuted,5,30,25,1.618460379404496e-05,33.959
goodness_permuted,5,30,26,8.105871529551223e-11,37.346
goodness_permuted,5,30,27,3.108275450358633e-07,37.889
goodness_permuted,5,30,28,1.134594640461728e-09,33.911
goodness_permuted,5,30,29,1.1855496495627449e-07,41.667
goodness_permuted,5,30,3,3.968949044974579e-07,39.316
goodness_permuted,5,30,4,2.6708124778451747e-07,32.225
goodness_permuted,5,30,5,6.448018439186853e-07,38.405
goodness_permuted,5,30,6,1.1622660167631693e-08,37.964
goodness_permuted,5,30,7,5.725594007799373e-06,34.506
goodness_permuted,5,30,8,8.421920938417315e-10,38.531
goodness_permuted,5,30,9,4.584454245559755e-06,37.997
goodness_permuted,6,30,0,160.14854004739084,16.812
goodness_permuted,6,30,1,164.22221168351086,18.622
goodness_permuted,6,30,10,182.9917739109476,18.914
goodness_permuted,6,30,11,163.41758026383127,17.771
goodness_permuted,6,30,12,163.3458470783388,19.373
goodness_permuted,6,30,13,140.3145954307431,18.911
goodness_permuted,6,30,14,159.70017363853458,23.022
goodness_permuted,6,30,15,180.7812002537927,22.461
goodness_permuted,6,30,16,169.51255197408227,18.631
goodness_permuted,6,30,17,175.32082894820292,16.335
goodness_permuted,6,30,18,168.28233044494232,20.43
goodness_permuted,6,30,19,178.65099892112448,18.634
goodness_permuted,6,30,2,165.53747890911643,21.991
goodness_permuted,6,30,20,153.9542704075236,20.069
goodness_permuted,6,30,21,158.72400003835833,21.709
goodness_permuted,6,30,22,174.15219596855127,18.752
goodness_permuted,6,30,23,175.16209749372467,18.768
goodness_permuted,6,30,24,181.7165984862138,21.368
goodness_permuted,6,30,25,135.55189670941877,18.568
goodness_permuted,6,30,26,161.88085226842804,17.364
goodness_permuted,6,30,27,151.33078096408462,17.838
goodness_permuted,6,30,28,109.68738465503668,18.406
goodness_permuted,6,30,29,181.6576739731878,19.32
goodness_permuted,6,30,3,168.9532598846281,21.13
goodness_permuted,6,30,4,106.2579375687103,18.71
goodness_permuted,6,30,5,164.64444565389044,22.289
goodness_permuted,6,30,6,176.2711330618929,17.806
goodness_permuted,6,30,7,184.0778716566963,18.809
goodness_permuted,6,30,8,127.31913577114142,23.189
goodness_permuted,6,30,9,138.88781465233888,22.723
goodness_permuted,7,30,0,221.15242326772568,39.138
goodness_permuted,7,30,1,245.80354062589686,27.575
goodness_permuted,7,30,10,239.22028075163644,27.827
goodness_permuted,7,30,11,238.88721481121456,37.344
goodness_permuted,7,30,12,231.55921192107235,27.915
goodness_permuted,7,30,13,244.2728826112791,27.576
goodness_permuted,7,30,14,232.44764554593985,31.435
goodness_permuted,7,30,15,236.388804224081,31.64
goodness_permuted,7,30,16,246.02150133351495,28.144
goodness_permuted,7,30,17,286.19232563572155,30.507
goodness_permuted,7,30,18,237.6915967299051,28.18
goodness_permuted,7,30,19,204.678174156659,27.954
goodness_permuted,7,30,2,272.82608291332974,26.838
goodness_permuted,7,30,20,257.60959166691475,38.568
goodness_permuted,7,30,21,237.11752237212386,39.133
goodness_permuted,7,30,22,237.9863114236075,27.648
goodness_permuted,7,30,23,290.34124581582057,27.822
goodness_permuted,7,30,24,254.10564625142683,27.91
goodness_permuted,7,30,25,264.23550164001585,27.897
goodness_permuted,7,30,26,202.5279978572736,28.134
goodness_permuted,7,30,27,262.5142793200564,29.081
goodness_permuted,7,30,28,207.9163705496693,27.644
goodness_permuted,7,30,29,232.14475684964202,28.034
goodness_permuted,7,30,3,256.1390930231597,26.046
goodness_permuted,7,30,4,267.19632461277547,27.931
goodness_permuted,7,30,5,225.80760302643796,30.726
goodness_permuted,7,30,6,164.72153720211668,28.029
goodness_permuted,7,30,7,238.0552748060943,27.87
goodness_permuted,7,30,8,232.071069280718,28.568
goodness_permuted,7,30,9,217.99344778397972,28.7
goodness_permuted,8,30,0,1.1368683772161603e-13,19.367
goodness_permuted,8,30,1,1.1368683772161603e-13,18.922
goodness_permuted,8,30,10,1.1368683772161603e-13,19.033
goodness_permuted,8,30,11,1.1368683772161603e-13,18.999
goodness_permuted,8,30,12,1.1368683772161603e-13,18.797
goodness_permuted,8,30,13,0.0,19.053
goodness_permuted,8,30,14,1.1368683772161603e-13,19.403
goodness_permuted,8,30,15,0.0,19.104
goodness_permuted,8,30,16,0.0,18.729
goodness_permuted,8,30,17,0.0,19.138
goodness_permuted,8,30,18,0.0,18.906
goodness_permuted,8,30,19,0.0,18.957
goodness_permuted,8,30,2,1.1368683772161603e-13,18.938
goodness_permuted,8,30,20,1.1368683772161603e-13,18.937
goodness_permuted,8,30,21,1.1368683772161603e-13,19.181
goodness_permuted,8,30,22,1.1368683772161603e-13,19.156
goodness_permuted,8,30,23,1.1368683772161603e-13,18.884
goodness_permuted,8,30,24,1.1368683772161603e-13,18.675
goodness_permuted,8,30,25,1.1368683772161603e-13,19.899
goodness_permuted,8,30,26,1.1368683772161603e-13,19.193
goodness_permuted,8,30,27,1.1368683772161603e-13,19.052
goodness_permuted,8,30,28,1.1368683772161603e-13,21.072
goodness_permuted,8,30,29,1.1368683772161603e-13,19.116
goodness_permuted,8,30,3,0.0,18.728
goodness_permuted,8,30,4,1.1368683772161603e-13,18.66
goodness_permuted,8,30,5,1.1368683772161603e-13,19.391
goodness_permuted,8,30,6,1.1368683772161603e-13,18.898
goodness_permuted,8,30,7,1.1368683772161603e-13,18.785
goodness_permuted,8,30,8,1.1368683772161603e-13,18.833
goodness_permuted,8,30,9,1.1368683772161603e-13,18.971
goodness_permuted,9,30,0,5444.776741758105,28.443
goodness_permuted,9,30,1,6508.868207123311,31.815
goodness_permuted,9,30,10,6051.370551156027,67.035
goodness_permuted,9,30,11,6299.222017753455,28.238
goodness_permuted,9,30,12,6184.9549342610835,27.947
goodness_permuted,9,30,13,6297.265116212213,66.69
goodness_permuted,9,30,14,6399.275945630361,27.884
goodness_permuted,9,30,15,6100.52405042777,28.101
goodness_permuted,9,30,16,6131.695448184301,66.595
goodness_permuted,9,30,17,5580.368322500066,27.457
goodness_permuted,9,30,18,6207.32257650471,27.929
goodness_permuted,9,30,19,5301.562556502246,49.051
goodness_permuted,9,30,2,5893.28987806153,28.194
goodness_permuted,9,30,20,5713.359180308867,28.287
goodness_permuted,9,30,21,5869.517209527604,28.398
goodness_permuted,9,30,22,5296.939253126406,35.933
goodness_permuted,9,30,23,5562.01267836383,27.55
goodness_permuted,9,30,24,5753.174699261977,28.203
goodness_permuted,9,30,25,5144.529941337986,49.503
goodness_permuted,9,30,26,5658.793016303904,27.908
goodness_permuted,9,30,27,6674.955962173241,27.787
goodness_permuted,9,30,28,5535.073306501123,47.444
goodness_permuted,9,30,29,6106.606499850022,27.732
goodness_permuted,9,30,3,5201.58075126777,27.577
goodness_permuted,9,30,4,5101.286105076428,40.869
goodness_permuted,9,30,5,6227.58500639223,27.968
goodness_permuted,9,30,6,5718.591153476231,27.542
goodness_permuted,9,30,7,6146.814613433432,60.372
goodness_permuted,9,30,8,5235.345142427812,27.994
goodness_permuted,9,30,9,5703.115333558817,27.909
permuted,10,30,0,2337.8691932283264,20.731
permuted,10,30,1,4993.048418446735,21.465
permuted,10,30,10,8718.589721019878,31.425
permuted,10,30,11,12384.665049964566,21.521
permuted,10,30,12,17850.36615662127,22.137
permuted,10,30,13,1718.907899892205,22.495
permuted,10,30,14,6366.039537419664,22.138
permuted,10,30,15,4052.435668108803,21.782
permuted,10,30,16,4895.590676395081,16.879
permuted,10,30,17,4122.744131561785,21.82
permuted,10,30,18,6271.269834039281,21.336
permuted,10,30,19,6223.639512920294,21.677
permuted,10,30,2,2690.878505669194,20.773
permuted,10,30,20,886.8932129594132,21.322
permuted,10,30,21,3470.2875555804103,21.271
permuted,10,30,22,7695.878540763959,22.216
permuted,10,30,23,183.7034075962938,21.234
permuted,10,30,24,11537.796327006597,22.701
permuted,10,30,25,992.9356721249073,23.076
permuted,10,30,26,5583.261472131254,22.858
permuted,10,30,27,11164.436973067795,23.424
permuted,10,30,28,3366.166728513921,20.811
permuted,10,30,29,9487.40841229434,23.203
permuted,10,30,3,1430.5839674195363,20.875
permuted,10,30,4,2987.514211341185,74.346
permuted,10,30,5,15212.096015992527,20.823
permuted,10,30,6,4069.182143396032,21.338
permuted,10,30,7,961.1220046761277,22.337
permuted,10,30,8,1517.2119685105663,21.812
permuted,10,30,9,1570.2728287538034,22.006
permuted,11,30,0,4825.288876324195,54.766
permuted,11,30,1,3542.5944111015997,75.994
permuted,11,30,10,2996.9233520735906,33.878
permuted,11,30,11,2374.3316503383835,106.466
permuted,11,30,12,7138.968697693232,92.867
permuted,11,30,13,7924.826709986768,70.567
permuted,11,30,14,2835.6727722007263,91.324
permuted,11,30,15,3165.9811202656456,81.791
permuted,11,30,16,2108.9979231603797,75.739
permuted,11,30,17,3293.802397940761,86.91
permuted,11,30,18,12404.626658051551,27.043
permuted,11,30,19,7118.171468586743,31.501
permuted,11,30,2,4886.38130250218,60.097
permuted,11,30,20,2950.3809335713013,27.605
permuted,11,30,21,2455.8948003272485,27.869
permuted,11,30,22,11060.515783741077,30.954
permuted,11,30,23,3927.187767037167,27.885
permuted,11,30,24,8867.698910478166,33.246
permuted,11,30,25,2158.0302825333874,34.627
permuted,11,30,26,3108.614946520581,35.338
permuted,11,30,27,1941.7582438741342,34.956
permuted,11,30,28,3549.4279537013927,55.094
permuted,11,30,29,3607.2894960604253,34.905
permuted,11,30,3,8208.789165364178,66.853
permuted,11,30,4,6367.781755638715,34.46
permuted,11,30,5,2730.8853108567446,59.197
permuted,11,30,6,6853.688669498702,105.854
permuted,11,30,7,3412.0485622373344,106.804
permuted,11,30,8,2484.404221890948,100.528
permuted,11,30,9,4082.7122887640526,100.432
permuted,12,30,0,2643.463621495285,23.652
permuted,12,30,1,7372.805000106204,24.554
permuted,12,30,10,8289.87567318642,60.392
permuted,12,30,11,3237.4714314377297,24.234
permuted,12,30,12,8370.207445135047,23.24
permuted,12,30,13,5497.073902474733,50.536
permuted,12,30,14,4267.823074215203,23.123
permuted,12,30,15,9664.160966719488,23.227
permuted,12,30,16,2992.721381316098,30.804
permuted,12,30,17,1942.0433677462906,23.017
permuted,12,30,18,6140.177634248383,64.613
permuted,12,30,19,1285.304767555322,40.757
permuted,12,30,2,716.3214368395229,23.66
permuted,12,30,20,3357.654207635833,70.853
permuted,12,30,21,862.9225510696424,70.442
permuted,12,30,22,1799.2430654983336,83.365
permuted,12,30,23,10804.266137421242,70.639
permuted,12,30,24,2384.216701401381,24.546
permuted,12,30,25,10815.461928488627,22.489
permuted,12,30,26,9891.842929929628,18.368
permuted,12,30,27,6785.340111965889,18.435
permuted,12,30,28,332.8230030458062,40.202
permuted,12,30,29,3495.3045141126313,18.512
permuted,12,30,3,185.70292596319632,23.611
permuted,12,30,4,13122.63356840739,21.461
permuted,12,30,5,1052.059887105389,23.625
permuted,12,30,6,6089.369586597785,24.251
permuted,12,30,7,1346.5357825245683,24.352
permuted,12,30,8,590.4714970254017,24.191
permuted,12,30,9,4288.397492013043,24.214
permuted,13,30,0,142765.7705699071,27.672
permuted,13,30,1,155626.80257208817,30.745
permuted,13,30,10,46220.0471187916,32.758
permuted,13,30,11,43278.49852976415,49.285
permuted,13,30,12,17581.810151360423,26.259
permuted,13,30,13,98979.79752843527,67.095
permuted,13,30,14,74567.95858138248,30.324
permuted,13,30,15,106078.38297217662,32.261
permuted,13,30,16,71974.23475610554,31.619
permuted,13,30,17,30508.449747150513,30.371
permuted,13,30,18,48168.54685039309,63.471
permuted,13,30,19,38846.131253563675,51.247
permuted,13,30,2,26147.272842910592,27.721
permuted,13,30,20,41830.06360018044,60.456
permuted,13,30,21,113045.78393326586,58.784
permuted,13,30,22,14643.738613459393,37.187
permuted,13,30,23,8760.892750559491,60.382
permuted,13,30,24,4619.841026100489,68.499
permuted,13,30,25,13349.289895481557,88.051
permuted,13,30,26,293853.90723934147,86.177
permuted,13,30,27,97867.04787026803,88.57
permuted,13,30,28,71843.1756781908,75.903
permuted,13,30,29,32149.740377597518,86.739
permuted,13,30,3,41387.34960927946,27.956
permuted,13,30,4,101324.67481923476,32.503
permuted,13,30,5,53557.81059984995,27.712
permuted,13,30,6,50089.66735979913,50.631
permuted,13,30,7,97433.6804352684,45.765
permuted,13,30,8,48286.11477298493,49.413
permuted,13,30,9,33713.36147636655,49.187
permuted,14,30,0,6454.491197531237,66.79
permuted,14,30,1,7440.07637291036,28.58
permuted,14,30,10,3814.8712827747513,52.264
permuted,14,30,11,4798.648793914272,26.961
permuted,14,30,12,6374.9423301197385,25.991
permuted,14,30,13,1610.6270898714592,27.209
permuted,14,30,14,2684.253672915291,27.793
permuted,14,30,15,2870.168096095601,28.051
permuted,14,30,16,10934.681154940063,52.106
permuted,14,30,17,4756.985290671628,27.891
permuted,14,30,18,5630.114523419348,27.397
permuted,14,30,19,7994.125153951762,26.647
permuted,14,30,2,8702.517397389302,52.287
permuted,14,30,20,23552.204999833728,26.43
permuted,14,30,21,1405.9964538537902,26.082
permuted,14,30,22,15800.779628625001,51.979
permuted,14,30,23,10364.949931063647,25.485
permuted,14,30,24,5865.147704610725,26.776
permuted,14,30,25,4247.377546304694,32.95
permuted,14,30,26,2802.901594108609,31.891
permuted,14,30,27,2185.965983026064,31.421
permuted,14,30,28,9529.359318640325,52.291
permuted,14,30,29,7984.532254463451,31.879
permuted,14,30,3,9613.245085429102,49.843
permuted,14,30,4,15276.269724690323,52.226
permuted,14,30,5,1858.2823746514669,51.506
permuted,14,30,6,5285.250315087588,28.873
permuted,14,30,7,5057.9900348678,27.459
permuted,14,30,8,6143.8499784700525,26.995
permuted,14,30,9,4709.352390606167,26.567
permuted,15,30,0,7.883652042971562,123.199
permuted,15,30,1,6.26156264236306,141.267
permuted,15,30,10,9.242913759721205,134.649
permuted,15,30,11,9.776957426985291,129.722
permuted,15,30,12,452.04357554369494,128.269
permuted,15,30,13,282.2508332899256,129.311
permuted,15,30,14,11.049241383102753,128.57
permuted,15,30,15,26.163254683315927,130.043
permuted,15,30,16,9.427502905870824,133.42
permuted,15,30,17,291.4364004788856,128.774
permuted,15,30,18,8.124429398503707,127.755
permuted,15,30,19,406.0040902645949,132.369
permuted,15,30,2,696.3438226169119,126.603
permuted,15,30,20,628.8486740992848,129.387
permuted,15,30,21,60.44500847761424,128.784
permuted,15,30,22,87.13784432060652,136.122
permuted,15,30,23,10.033308109835161,128.338
permuted,15,30,24,226.45492056494368,133.577
permuted,15,30,25,9.660167721943253,134.849
permuted,15,30,26,9.281174180213611,133.736
permuted,15,30,27,58.70541665246628,133.88
permuted,15,30,28,9.340707098217536,134.201
permuted,15,30,29,10.643652987675068,133.984
permuted,15,30,3,225.5390241701566,124.657
permuted,15,30,4,9.38054002587046,125.587
permuted,15,30,5,32.79443055501633,124.731
permuted,15,30,6,70.08299637095661,128.611
permuted,15,30,7,9.227196997073179,129.644
permuted,15,30,8,13.66521178608491,128.538
permuted,15,30,9,316.4047196149618,129.979
permuted,16,30,0,118.70667641525142,460.435
permuted,16,30,1,324.62660100883113,461.143
permuted,16,30,10,210.65358657381944,443.795
permuted,16,30,11,120.17704150487043,456.73
permuted,16,30,12,397.6381100822732,440.171
permuted,16,30,13,277.46611783554704,444.898
permuted,16,30,14,74.11470662574675,444.455
permuted,16,30,15,631.4329466004974,438.936
permuted,16,30,16,259.5059733563294,452.767
permuted,16,30,17,125.0941254220711,442.956
permuted,16,30,18,552.027650769111,455.521
permuted,16,30,19,140.02873992460263,456.391
permuted,16,30,2,141.69169045951753,459.282
permuted,16,30,20,642.7254831161981,457.898
permuted,16,30,21,118.58964226726721,462.122
permuted,16,30,22,159.77329578167155,457.752
permuted,16,30,23,176.44951679274345,456.158
permuted,16,30,24,119.47159361671538,454.497
permuted,16,30,25,151.29763990429365,454.63
permuted,16,30,26,109.43280132508653,459.763
permuted,16,30,27,119.7354598296356,456.814
permuted,16,30,28,846.111229546681,445.909
permuted,16,30,29,122.92991744121036,454.59
permuted,16,30,3,326.55330095337035,457.818
permuted,16,30,4,116.5727377381188,459.41
permuted,16,30,5,787.4605591889249,457.529
permuted,16,30,6,146.18721892840085,453.985
permuted,16,30,7,107.06491159353118,454.825
permuted,16,30,8,108.03249308617387,459.7
permuted,16,30,9,79.98881135314059,454.803
permuted,17,30,0,20412.335285872767,65.829
permuted,17,30,1,18420.651430287486,67.402
permuted,17,30,10,42895.718104895735,62.322
permuted,17,30,11,35576.798374750506,65.1
permuted,17,30,12,31881.879857051812,62.313
permuted,17,30,13,7865.2479922682705,63.998
permuted,17,30,14,11358.394367017489,62.845
permuted,17,30,15,20836.516194568885,62.751
permuted,17,30,16,36997.45164620617,62.078
permuted,17,30,17,40506.180814891806,62.699
permuted,17,30,18,19266.751201989096,62.507
permuted,17,30,19,11949.177613695705,63.648
permuted,17,30,2,57185.30058114632,66.47
permuted,17,30,20,4108.544549317308,62.812
permuted,17,30,21,42831.01685283272,62.665
permuted,17,30,22,18809.45241040362,62.019
permuted,17,30,23,11881.896465708534,62.598
permuted,17,30,24,9854.264558505796,62.127
permuted,17,30,25,25293.676935867552,63.202
permuted,17,30,26,8218.578570260664,62.129
permuted,17,30,27,77959.26194665575,61.952
permuted,17,30,28,11364.340079452293,62.548
permuted,17,30,29,41987.89781865293,62.071
permuted,17,30,3,16653.664190457876,66.373
permuted,17,30,4,103012.30062243417,62.107
permuted,17,30,5,94917.98513708178,66.325
permuted,17,30,6,18145.483521534414,65.905
permuted,17,30,7,24805.16585079541,63.87
permuted,17,30,8,43101.239179920114,64.017
permuted,17,30,9,21552.44991293619,64.676
permuted,18,30,0,13049.30939098322,215.118
permuted,18,30,1,2086.667384596806,216.915
permuted,18,30,10,2524.9801341777675,226.484
permuted,18,30,11,108.09808884927838,215.832
permuted,18,30,12,7637.167615084185,215.119
permuted,18,30,13,3110.5307189997156,220.769
permuted,18,30,14,10550.765810036168,217.847
permuted,18,30,15,28.691195940544503,216.587
permuted,18,30,16,198.87406978686113,229.363
permuted,18,30,17,1573.771746433239,215.79
permuted,18,30,18,1623.303031036543,226.991
permuted,18,30,19,14317.676011139678,229.136
permuted,18,30,2,8021.559088209313,215.914
permuted,18,30,20,20843.086122721917,228.778
permuted,18,30,21,561.7397599398923,228.23
permuted,18,30,22,1273.9125329840153,229.178
permuted,18,30,23,972.4128447313133,227.903
permuted,18,30,24,1106.1773458835814,227.675
permuted,18,30,25,2226.6145183155577,229.226
permuted,18,30,26,5181.935905305992,228.243
permuted,18,30,27,4684.970477077723,227.886
permuted,18,30,28,77.86898498045207,226.451
permuted,18,30,29,32942.19061374515,227.512
permuted,18,30,3,17559.27317837136,215.629
permuted,18,30,4,36878.732287476334,217.169
permuted,18,30,5,1174.7967875430486,215.084
permuted,18,30,6,33297.019251178426,215.36
permuted,18,30,7,9266.951960757178,217.586
permuted,18,30,8,2548.3017072905204,216.572
permuted,18,30,9,31.192190687308766,215.94
permuted,19,30,0,33.64743496604706,465.413
permuted,19,30,1,467.0789243263953,463.75
permuted,19,30,10,506.7056666037679,471.641
permuted,19,30,11,48.984154664265134,469.645
permuted,19,30,12,112.35545289259721,468.682
permuted,19,30,13,94.45711257905305,471.489
permuted,19,30,14,34.73436366061492,469.965
permuted,19,30,15,246.37475229292613,471.488
permuted,19,30,16,95.22932015907622,469.268
permuted,19,30,17,75.56717038811644,469.346
permuted,19,30,18,29.842199257314633,463.148
permuted,19,30,19,255.06858815105898,469.137
permuted,19,30,2,61.35649236474251,466.82
permuted,19,30,20,263.21967642289883,468.74
permuted,19,30,21,280.72386011325943,468.464
permuted,19,30,22,313.68889870932253,452.412
permuted,19,30,23,498.5055701722149,466.958
permuted,19,30,24,247.21120231787518,448.952
permuted,19,30,25,253.49376338632192,444.927
permuted,19,30,26,277.862773149036,448.674
permuted,19,30,27,489.34366531899286,448.499
permuted,19,30,28,88.01074998085323,459.921
permuted,19,30,29,461.9146604736825,448.202
permuted,19,30,3,263.3171421806737,465.149
permuted,19,30,4,39.653541523337026,473.588
permuted,19,30,5,37.33939102857539,461.826
permuted,19,30,6,264.23879197118913,468.048
permuted,19,30,7,31.358345120927424,468.345
permuted,19,30,8,257.2729558818164,469.128
permuted,19,30,9,59.70967549011152,468.378
permuted,1,30,0,24.645472437548733,20.535
permuted,1,30,1,321.5985996353756,20.437
permuted,1,30,10,5013.366224018322,21.686
permuted,1,30,11,13411.041953483531,16.86
permuted,1,30,12,666.870694911316,7.039
permuted,1,30,13,414.8729296632389,7.366
permuted,1,30,14,312.8899417501098,6.936
permuted,1,30,15,13460.047464844767,6.944
permuted,1,30,16,88.50695535600863,21.137
permuted,1,30,17,5799.758677817885,6.805
permuted,1,30,18,346.75770928388374,7.921
permuted,1,30,19,7.606782393451226,7.66
permuted,1,30,2,509.34608052687577,20.993
permuted,1,30,20,10464.70505644568,7.828
permuted,1,30,21,3516.348949949527,7.923
permuted,1,30,22,6575.74469536016,18.139
permuted,1,30,23,4301.396222967161,7.726
permuted,1,30,24,21.193176582526462,7.38
permuted,1,30,25,473.15869993195474,7.619
permuted,1,30,26,6.646613972451334,7.314
permuted,1,30,27,2918.706177968222,7.457
permuted,1,30,28,3677.2063427197786,18.256
permuted,1,30,29,1188.6195572092088,7.493
permuted,1,30,3,12802.502176504413,20.489
permuted,1,30,4,8180.630959850538,21.488
permuted,1,30,5,120.55162313500603,20.697
permuted,1,30,6,13.459654593152862,13.038
permuted,1,30,7,2142.2026340888942,9.485
permuted,1,30,8,3254.2272578180555,15.947
permuted,1,30,9,353.2330963923297,10.179
permuted,20,30,0,246.81146654254053,73.511
permuted,20,30,1,244.1580530674023,76.164
permuted,20,30,10,224.3268065352322,78.897
permuted,20,30,11,448.4608807257114,76.375
permuted,20,30,12,494.91949620146306,77.751
permuted,20,30,13,230.12025685137496,77.833
permuted,20,30,14,216.0530095337017,77.723
permuted,20,30,15,255.43992139466172,77.537
permuted,20,30,16,258.3259582274027,78.844
permuted,20,30,17,223.61250677142652,77.833
permuted,20,30,18,220.1149018627948,77.82
permuted,20,30,19,447.4851322814229,77.948
permuted,20,30,2,279.42746399704674,74.444
permuted,20,30,20,296.1447636784783,78.244
permuted,20,30,21,216.1161256594928,78.21
permuted,20,30,22,249.66604956222727,73.898
permuted,20,30,23,244.18065042552325,77.57
permuted,20,30,24,100.00000000000045,77.964
permuted,20,30,25,287.7805782227979,78.106
permuted,20,30,26,237.96081869212412,77.916
permuted,20,30,27,683.4639222078104,77.927
permuted,20,30,28,232.3985896682143,73.846
permuted,20,30,29,229.6662413691738,77.734
permuted,20,30,3,856.3207650819008,74.122
permuted,20,30,4,434.8321353480237,78.513
permuted,20,30,5,384.6283918684285,73.793
permuted,20,30,6,1397.9812100297104,75.252
permuted,20,30,7,217.06792156421807,77.974
permuted,20,30,8,236.32325758727802,77.789
permuted,20,30,9,100.00000000001137,77.35
permuted,21,30,0,173.0756609217874,100.8
permuted,21,30,1,193.7638532161668,101.776
permuted,21,30,10,173.4345008058399,95.816
permuted,21,30,11,170.18633431329454,101.856
permuted,21,30,12,175.6728632112863,99.954
permuted,21,30,13,171.97050294775408,95.169
permuted,21,30,14,172.07290123256234,96.553
permuted,21,30,15,172.52391384975135,97.555
permuted,21,30,16,174.68757890809047,95.792
permuted,21,30,17,170.59934098692247,98.216
permuted,21,30,18,173.32294424200745,95.146
permuted,21,30,19,175.0418907468329,95.75
permuted,21,30,2,172.39635470039775,101.513
permuted,21,30,20,172.0729012325628,95.368
permuted,21,30,21,172.87984205510293,95.382
permuted,21,30,22,171.7082258613559,95.67
permuted,21,30,23,171.23528197801397,95.205
permuted,21,30,24,174.81273315037834,95.212
permuted,21,30,25,172.7455294349661,95.151
permuted,21,30,26,169.16837487342036,95.311
permuted,21,30,27,171.68061110174813,95.227
permuted,21,30,28,167.10838603972752,95.863
permuted,21,30,29,174.71125629759308,95.042
permuted,21,30,3,171.6234812031703,101.33
permuted,21,30,4,175.20969364930352,95.624
permuted,21,30,5,171.7383269179495,101.158
permuted,21,30,6,172.35251372240918,101.767
permuted,21,30,7,170.25096706019622,100.958
permuted,21,30,8,173.3008726066896,102.217
permuted,21,30,9,170.3016441277714,102.001
permuted,22,30,0,200.0,109.7
permuted,22,30,1,200.0,110.334
permuted,22,30,10,339.164356667482,113.366
permuted,22,30,11,200.0,110.035
permuted,22,30,12,200.00000000000455,109.696
permuted,22,30,13,200.0,110.162
permuted,22,30,14,200.0,109.757
permuted,22,30,15,359.44033657962746,112.774
permuted,22,30,16,2005.0569353951687,120.791
permuted,22,30,17,200.0,109.654
permuted,22,30,18,200.00000000000682,109.896
permuted,22,30,19,200.0,109.895
permuted,22,30,2,200.00000000000682,110.165
permuted,22,30,20,200.0,110.313
permuted,22,30,21,200.0,110.312
permuted,22,30,22,200.0,117.858
permuted,22,30,23,200.0,110.024
permuted,22,30,24,200.0,109.661
permuted,22,30,25,200.00000000000637,109.984
permuted,22,30,26,200.0,110.084
permuted,22,30,27,2387.1079004357834,111.99
permuted,22,30,28,200.0,116.86
permuted,22,30,29,341.5665600633556,112.786
permuted,22,30,3,200.0,110.141
permuted,22,30,4,200.00000000000045,110.514
permuted,22,30,5,200.0,109.851
permuted,22,30,6,200.0,109.928
permuted,22,30,7,200.0,110.079
permuted,22,30,8,200.00000000002683,110.354
permuted,22,30,9,200.00000000000728,110.415
permuted,23,30,0,200.0,88.851
permuted,23,30,1,200.0,94.594
permuted,23,30,10,200.0,95.277
permuted,23,30,11,200.0,95.115
permuted,23,30,12,200.00000000000227,94.848
permuted,23,30,13,200.0,94.551
permuted,23,30,14,200.0,94.362
permuted,23,30,15,200.00000000001046,94.373
permuted,23,30,16,200.00000000000273,94.987
permuted,23,30,17,200.0,94.612
permuted,23,30,18,200.00000000000773,94.407
permuted,23,30,19,200.0,93.993
permuted,23,30,2,200.00000000000455,91.99
permuted,23,30,20,200.0,93.629
permuted,23,30,21,200.0,93.685
permuted,23,30,22,200.0,95.198
permuted,23,30,23,200.0,93.822
permuted,23,30,24,200.0,93.762
permuted,23,30,25,200.00000000000045,95.382
permuted,23,30,26,200.0,95.53
permuted,23,30,27,200.0,95.332
permuted,23,30,28,200.0,95.087
permuted,23,30,29,200.0,94.616
permuted,23,30,3,200.0,91.51
permuted,23,30,4,200.0,95.642
permuted,23,30,5,200.0,90.029
permuted,23,30,6,200.0,94.809
permuted,23,30,7,200.0,95.285
permuted,23,30,8,200.00000000001728,95.472
permuted,23,30,9,200.0000000000041,95.414
permuted,24,30,0,420.5946072515958,110.622
permuted,24,30,1,420.86424132710454,110.412
permuted,24,30,10,421.03872009672887,109.803
permuted,24,30,11,420.6426328160255,109.828
permuted,24,30,12,420.8238021992438,110.094
permuted,24,30,13,420.92991099810706,110.347
permuted,24,30,14,420.6953412903704,110.093
permuted,24,30,15,420.94582389422794,110.189
permuted,24,30,16,421.06219780165657,110.453
permuted,24,30,17,420.7868556324988,110.385
permuted,24,30,18,420.98779532776234,110.043
permuted,24,30,19,421.32243752370823,110.509
permuted,24,30,2,420.8841673775496,110.554
permuted,24,30,20,420.8644896063347,110.266
permuted,24,30,21,421.1590995833021,110.298
permuted,24,30,22,421.06485094482696,105.875
permuted,24,30,23,420.77878222030904,110.126
permuted,24,30,24,421.14614483648984,110.325
permuted,24,30,25,420.68571448867624,110.239
permuted,24,30,26,420.9337931239543,110.143
permuted,24,30,27,420.64112607586003,110.274
permuted,24,30,28,420.8504802169282,104.784
permuted,24,30,29,420.9264270466433,110.37
permuted,24,30,3,420.80491567389663,110.542
permuted,24,30,4,420.7642296465656,110.722
permuted,24,30,5,420.738819560358,110.604
permuted,24,30,6,420.6933734614772,109.801
permuted,24,30,7,420.65729679098786,110.146
permuted,24,30,8,420.80408008806944,109.911
permuted,24,30,9,420.8129809943521,109.844
permuted,25,30,0,827.9097034047263,402.586
permuted,25,30,1,828.0104460349453,399.177
permuted,25,30,10,828.0104460349453,406.573
permuted,25,30,11,828.0443213037197,393.467
permuted,25,30,12,827.9435123554913,403.713
permuted,25,30,13,827.934429398907,405.309
permuted,25,30,14,827.967840198633,404.468
permuted,25,30,15,827.9648727207773,405.01
permuted,25,30,16,827.9888209965857,408.429
permuted,25,30,17,827.9620330538792,404.975
permuted,25,30,18,827.9265671423273,406.516
permuted,25,30,19,827.9383295150624,403.682
permuted,25,30,2,828.0104460349457,399.538
permuted,25,30,20,827.9267019720455,404.344
permuted,25,30,21,828.083814412731,405.788
permuted,25,30,22,827.9295978594632,391.75
permuted,25,30,23,827.9097034047263,406.645
permuted,25,30,24,827.965423541094,388.281
permuted,25,30,25,827.9301496944327,387.787
permuted,25,30,26,828.0104460349457,387.771
permuted,25,30,27,828.0104460349453,389.019
permuted,25,30,28,827.9792902673307,390.041
permuted,25,30,29,828.0104460349453,389.527
permuted,25,30,3,827.8923460904707,402.167
permuted,25,30,4,827.9268707579859,395.278
permuted,25,30,5,827.9880508356941,403.043
permuted,25,30,6,827.9226479669378,390.562
permuted,25,30,7,828.0243845198197,395.196
permuted,25,30,8,827.9888209965848,393.166
permuted,25,30,9,827.931670158499,393.614
permuted,26,30,0,536.2036509572977,396.713
permuted,26,30,1,520.5210592936533,397.71
permuted,26,30,10,525.0886312634029,399.637
permuted,26,30,11,519.1607048808023,399.352
permuted,26,30,12,525.0299973732763,396.504
permuted,26,30,13,530.6085559366211,397.367
permuted,26,30,14,539.5550472596169,397.083
permuted,26,30,15,543.7586543364578,397.372
permuted,26,30,16,534.4857995304233,398.956
permuted,26,30,17,529.7367163213767,397.926
permuted,26,30,18,552.566458705227,396.791
permuted,26,30,19,515.1176281512885,397.231
permuted,26,30,2,527.1634618219127,396.764
permuted,26,30,20,512.6899241105766,396.696
permuted,26,30,21,516.5109645840821,397.56
permuted,26,30,22,522.4184281294929,399.541
permuted,26,30,23,518.5076081759707,397.959
permuted,26,30,24,526.4449299025209,396.625
permuted,26,30,25,544.9023743797129,398.082
permuted,26,30,26,537.924223629223,396.988
permuted,26,30,27,510.45798562772416,397.376
permuted,26,30,28,517.0342353794349,400.375
permuted,26,30,29,525.9244460078821,398.921
permuted,26,30,3,511.1260052319162,397.405
permuted,26,30,4,510.5878462493765,399.891
permuted,26,30,5,539.5595588636302,397.762
permuted,26,30,6,536.8251021090746,397.404
permuted,26,30,7,513.7321525135353,398.28
permuted,26,30,8,506.95005262782115,397.978
permuted,26,30,9,540.368849354244,398.993
permuted,27,30,0,9.094947017729282e-13,374.568
permuted,27,30,1,152.0864023918657,375.749
permuted,27,30,10,4.547473508864641e-13,378.413
permuted,27,30,11,4.547473508864641e-13,376.782
permuted,27,30,12,9.094947017729282e-13,374.863
permuted,27,30,13,152.44788685324284,376.163
permuted,27,30,14,4.547473508864641e-13,375.301
permuted,27,30,15,1.318767317570746e-11,375.379
permuted,27,30,16,1.9690560293383896e-10,377.773
permuted,27,30,17,4.547473508864641e-13,377.014
permuted,27,30,18,8.139977580867708e-11,374.987
permuted,27,30,19,4.547473508864641e-13,375.886
permuted,27,30,2,9.094947017729282e-13,375.062
permuted,27,30,20,4.547473508864641e-13,374.534
permuted,27,30,21,4.547473508864641e-13,375.31
permuted,27,30,22,43.510995363390066,322.186
permuted,27,30,23,4.547473508864641e-13,376.516
permuted,27,30,24,4.547473508864641e-13,375.209
permuted,27,30,25,9.094947017729282e-13,319.55
permuted,27,30,26,152.9213032976818,345.459
permuted,27,30,27,4.547473508864641e-13,345.055
permuted,27,30,28,447.23368101679216,204.361
permuted,27,30,29,9.094947017729282e-13,352.299
permuted,27,30,3,3.192326403222978e-10,375.814
permuted,27,30,4,4.547473508864641e-13,377.805
permuted,27,30,5,146.25984103553037,376.865
permuted,27,30,6,4.547473508864641e-13,375.816
permuted,27,30,7,4.547473508864641e-13,376.003
permuted,27,30,8,1.9826984498649836e-10,375.516
permuted,27,30,9,1.318767317570746e-11,375.426
permuted,28,30,0,7972.783499201283,395.388
permuted,28,30,1,3788.675706582242,405.893
permuted,28,30,10,2529.031971647829,535.154
permuted,28,30,11,2822.0415828721025,541.543
permuted,28,30,12,3259.0565580955117,532.292
permuted,28,30,13,8045.435318588647,537.008
permuted,28,30,14,4445.104413475693,537.143
permuted,28,30,15,2244.5608487884874,535.753
permuted,28,30,16,9940.855980001523,608.44
permuted,28,30,17,5587.058448253501,535.334
permuted,28,30,18,3337.3304215879425,602.157
permuted,28,30,19,1776.682251595471,605.662
permuted,28,30,2,2127.123157701436,411.756
permuted,28,30,20,4261.277312568573,605.066
permuted,28,30,21,4456.457515993027,604.759
permuted,28,30,22,3196.335570519448,566.67
permuted,28,30,23,2916.8100078929047,603.987
permuted,28,30,24,2332.141802205776,563.448
permuted,28,30,25,1565.865808705741,570.559
permuted,28,30,26,2235.752272590369,567.296
permuted,28,30,27,4299.597649191561,564.859
permuted,28,30,28,3299.791279850818,615.743
permuted,28,30,29,2525.2979698877443,564.972
permuted,28,30,3,1622.96119269082,410.953
permuted,28,30,4,3277.84222243339,529.466
permuted,28,30,5,3205.472744771424,411.761
permuted,28,30,6,2311.394136689496,527.039
permuted,28,30,7,2903.6250551922867,581.413
permuted,28,30,8,3398.6906309430296,547.122
permuted,28,30,9,3166.460304618845,545.214
permuted,29,30,0,10595.12852153453,324.384
permuted,29,30,1,10628.542223106953,328.239
permuted,29,30,10,20216.081376440477,325.668
permuted,29,30,11,14022.023909470889,324.732
permuted,29,30,12,25421.640077028744,323.504
permuted,29,30,13,7216.530991978223,327.809
permuted,29,30,14,20556.604485586293,325.4
permuted,29,30,15,4719.785078022788,324.27
permuted,29,30,16,10457.691323890129,325.183
permuted,29,30,17,2614.0768121722595,324.678
permuted,29,30,18,3442.392780823063,323.7
permuted,29,30,19,26360.841350372553,327.076
permuted,29,30,2,11377.672027959634,326.185
permuted,29,30,20,3520.7159106905874,325.072
permuted,29,30,21,38359.49387777013,324.372
permuted,29,30,22,15234.79861903306,326.533
permuted,29,30,23,19891.395941584688,324.109
permuted,29,30,24,3197.331046061614,323.464
permuted,29,30,25,36761.07041720876,327.909
permuted,29,30,26,17707.2173247255,325.352
permuted,29,30,27,29303.359467208902,323.808
permuted,29,30,28,13318.28047627841,326.536
permuted,29,30,29,11111.503841542062,323.82
permuted,29,30,3,13790.208640165089,325.442
permuted,29,30,4,18202.30825011937,325.82
permuted,29,30,5,24682.622564968475,324.985
permuted,29,30,6,3169.3948092327955,324.117
permuted,29,30,7,9532.981761676172,328.587
permuted,29,30,8,4440.194807434993,325.797
permuted,29,30,9,24404.908705254074,324.326
permuted,3,30,0,31.810711664705593,10.201
permuted,3,30,1,31.810711664705707,10.394
permuted,3,30,10,31.810711664705593,27.372
permuted,3,30,11,31.810711664712016,10.583
permuted,3,30,12,31.810711664706048,12.798
permuted,3,30,13,31.810711664752034,14.261
permuted,3,30,14,78.45204181153139,11.616
permuted,3,30,15,31.810711664881524,13.499
permuted,3,30,16,31.810711664766757,24.63
permuted,3,30,17,31.810711664705423,10.678
permuted,3,30,18,31.810714008553532,19.994
permuted,3,30,19,31.810711664705707,19.747
permuted,3,30,2,31.810711664726966,10.406
permuted,3,30,20,40.07552718130347,19.262
permuted,3,30,21,31.81071166470565,20.522
permuted,3,30,22,31.810711664705593,21.981
permuted,3,30,23,31.826631884651704,19.652
permuted,3,30,24,31.810711664712358,21.01
permuted,3,30,25,31.810711729861282,22.135
permuted,3,30,26,31.81071166470565,20.41
permuted,3,30,27,33.554773728729856,21.415
permuted,3,30,28,31.810711664705423,19.458
permuted,3,30,29,34.29616050790264,19.605
permuted,3,30,3,31.811839523254037,10.409
permuted,3,30,4,75.26164772911977,25.54
permuted,3,30,5,31.810711664722703,10.044
permuted,3,30,6,31.810711664705536,10.692
permuted,3,30,7,31.810711664705593,10.658
permuted,3,30,8,31.81071166471287,10.811
permuted,3,30,9,31.810711664934843,10.588
permuted,4,30,0,20.485212355330248,21.829
permuted,4,30,1,20.894130123320963,22.108
permuted,4,30,10,15.67292251361232,14.761
permuted,4,30,11,34.36119221939413,22.628
permuted,4,30,12,24.87396635169415,21.522
permuted,4,30,13,41.577980796252916,20.949
permuted,4,30,14,16.19576260862857,22.998
permuted,4,30,15,23.945431078193963,22.715
permuted,4,30,16,26.105637921564437,15.436
permuted,4,30,17,21.137816781627123,23.099
permuted,4,30,18,14.924380829386905,17.987
permuted,4,30,19,34.83156390214043,19.547
permuted,4,30,2,17.811828628455544,21.824
permuted,4,30,20,44.84047707304586,16.125
permuted,4,30,21,23.879002256781746,20.639
permuted,4,30,22,23.81283466035069,13.445
permuted,4,30,23,11.488156687837886,25.474
permuted,4,30,24,63.67719783695799,18.778
permuted,4,30,25,23.97957705960647,23.906
permuted,4,30,26,18.10307438343051,16.228
permuted,4,30,27,30.30443057226711,24.432
permuted,4,30,28,28.655602877290733,13.747
permuted,4,30,29,35.31054495323821,20.841
permuted,4,30,3,90.85566502243364,21.841
permuted,4,30,4,57.51346840505431,16.581
permuted,4,30,5,27.85883848515499,21.4
permuted,4,30,6,47.88728109552676,22.645
permuted,4,30,7,34.88053027507601,22.765
permuted,4,30,8,28.527777018782785,22.223
permuted,4,30,9,38.353621250969866,22.535
permuted,5,30,0,2.5086678533625673e-05,67.545
permuted,5,30,1,6.628535004438163e-06,67.543
permuted,5,30,10,2.6245511435263325e-06,64.545
permuted,5,30,11,9.410595112058218e-07,60.666
permuted,5,30,12,6.3222664323348e-05,63.641
permuted,5,30,13,3.177660573783214e-06,61.033
permuted,5,30,14,2.3567241782984638e-05,65.424
permuted,5,30,15,0.00010895463566384933,61.866
permuted,5,30,16,3.4897167552117025e-05,46.757
permuted,5,30,17,1.0723456341565907e-05,60.884
permuted,5,30,18,3.146274138998706e-07,46.495
permuted,5,30,19,4.553977134946763e-06,47.322
permuted,5,30,2,4.7677025293069164e-05,68.236
permuted,5,30,20,2.3533272440090514e-05,46.454
permuted,5,30,21,1.0351975504363509e-05,47.501
permuted,5,30,22,1.5873237089181202e-06,43.019
permuted,5,30,23,5.331398710950452e-06,47.636
permuted,5,30,24,1.0406057526779477e-07,39.822
permuted,5,30,25,4.3916035679103516e-06,39.934
permuted,5,30,26,6.114037773841119e-07,39.606
permuted,5,30,27,7.147252858885622e-06,40.098
permuted,5,30,28,3.4256648291375313e-06,37.647
permuted,5,30,29,0.00012097723021042839,40.006
permuted,5,30,3,7.558760785286722e-06,67.394
permuted,5,30,4,0.0001464919938030107,60.927
permuted,5,30,5,6.305060537670215e-06,67.676
permuted,5,30,6,3.025639898623922e-07,60.336
permuted,5,30,7,5.375151204134454e-06,57.221
permuted,5,30,8,2.916635821748059e-10,62.461
permuted,5,30,9,1.4820651301761245e-05,59.769
permuted,6,30,0,113.27148766995197,27.596
permuted,6,30,1,60.62739558649275,28.564
permuted,6,30,10,50.42388085016489,17.903
permuted,6,30,11,64.11434367308107,63.273
permuted,6,30,12,75.55408351394044,18.814
permuted,6,30,13,64.79132133183191,15.329
permuted,6,30,14,44.39241127822129,19.59
permuted,6,30,15,51.455217583967055,16.123
permuted,6,30,16,181.3473685914887,30.1
permuted,6,30,17,74.99780004733657,15.513
permuted,6,30,18,49.11466068936443,16.459
permuted,6,30,19,70.1229682107438,17.281
permuted,6,30,2,62.665580307091204,27.658
permuted,6,30,20,52.3412681835797,16.307
permuted,6,30,21,66.37275909126947,16.775
permuted,6,30,22,65.03052383331806,27.189
permuted,6,30,23,72.02042331840414,17.038
permuted,6,30,24,61.393848502717105,20.286
permuted,6,30,25,50.84442157407625,21.004
permuted,6,30,26,49.38105569148104,20.349
permuted,6,30,27,51.98698834115976,20.535
permuted,6,30,28,111.79771524449802,24.461
permuted,6,30,29,56.50641319854685,20.828
permuted,6,30,3,102.20787091191187,27.549
permuted,6,30,4,57.23560669917822,16.792
permuted,6,30,5,58.24671421901894,28.49
permuted,6,30,6,57.92932776529801,60.954
permuted,6,30,7,92.4253733128021,63.532
permuted,6,30,8,104.05340048979758,60.306
permuted,6,30,9,65.05008302108558,63.235
permuted,7,30,0,36.45851937475436,38.993
permuted,7,30,1,46.00000382572159,38.732
permuted,7,30,10,42.00434187159624,42.869
permuted,7,30,11,61.27218164619762,31.333
permuted,7,30,12,106.6477782782431,28.435
permuted,7,30,13,72.00282647737924,28.747
permuted,7,30,14,130.6303612357683,28.838
permuted,7,30,15,62.33326821031585,28.498
permuted,7,30,16,149.9676721397052,50.998
permuted,7,30,17,67.62667275933063,28.391
permuted,7,30,18,54.05595241300455,28.874
permuted,7,30,19,62.24313048513386,29.326
permuted,7,30,2,73.4376291238982,39.149
permuted,7,30,20,116.52335735551276,28.398
permuted,7,30,21,49.69291262437923,29.561
permuted,7,30,22,78.77724292943321,46.584
permuted,7,30,23,55.71964034070197,29.366
permuted,7,30,24,50.0,45.85
permuted,7,30,25,94.80600677346035,49.318
permuted,7,30,26,105.78768947161677,46.586
permuted,7,30,27,130.7518501507908,48.818
permuted,7,30,28,150.04636281426747,45.214
permuted,7,30,29,82.986330120292,48.107
permuted,7,30,3,154.29791058843398,39.451
permuted,7,30,4,86.85749878763795,50.507
permuted,7,30,5,52.34735410479277,38.76
permuted,7,30,6,60.16257964635781,31.768
permuted,7,30,7,176.77483108772685,31.956
permuted,7,30,8,134.49154322692243,32.136
permuted,7,30,9,210.01318254730393,31.831
permuted,8,30,0,1.1368683772161603e-13,24.502
permuted,8,30,1,3.410605131648481e-13,23.994
permuted,8,30,10,1.1368683772161603e-13,17.307
permuted,8,30,11,1.1368683772161603e-13,31.909
permuted,8,30,12,1.1368683772161603e-13,28.717
permuted,8,30,13,2.2737367544323206e-13,28.245
permuted,8,30,14,2.2737367544323206e-13,29.611
permuted,8,30,15,2.2737367544323206e-13,28.546
permuted,8,30,16,1.1368683772161603e-13,18.34
permuted,8,30,17,1.1368683772161603e-13,29.488
permuted,8,30,18,2.2737367544323206e-13,21.877
permuted,8,30,19,2.2737367544323206e-13,24.534
permuted,8,30,2,1.1368683772161603e-13,23.941
permuted,8,30,20,2.2737367544323206e-13,23.184
permuted,8,30,21,2.2737367544323206e-13,22.81
permuted,8,30,22,2.2737367544323206e-13,16.886
permuted,8,30,23,1.1368683772161603e-13,22.96
permuted,8,30,24,2.2737367544323206e-13,30.778
permuted,8,30,25,2.2737367544323206e-13,31.846
permuted,8,30,26,1.1368683772161603e-13,31.71
permuted,8,30,27,1.1368683772161603e-13,31.941
permuted,8,30,28,2.2737367544323206e-13,17.437
permuted,8,30,29,2.2737367544323206e-13,31.752
permuted,8,30,3,1.1368683772161603e-13,24.223
permuted,8,30,4,2.2737367544323206e-13,17.323
permuted,8,30,5,2.2737367544323206e-13,24.116
permuted,8,30,6,1.1368683772161603e-13,31.272
permuted,8,30,7,2.2737367544323206e-13,32.8
permuted,8,30,8,2.2737367544323206e-13,32.303
permuted,8,30,9,2.2737367544323206e-13,32.544
permuted,9,30,0,4794.84343616557,46.685
permuted,9,30,1,2265.6943633732863,44.626
permuted,9,30,10,5308.855712576289,28.53
permuted,9,30,11,5367.067668414064,45.209
permuted,9,30,12,3965.0169624303308,45.833
permuted,9,30,13,1322.4597522436488,39.354
permuted,9,30,14,4085.2591613223867,42.687
permuted,9,30,15,4017.1191410050506,39.817
permuted,9,30,16,3692.7536416705298,30.123
permuted,9,30,17,5363.268311731368,41.28
permuted,9,30,18,1590.2279840255615,27.211
permuted,9,30,19,4112.714454643859,28.563
permuted,9,30,2,4423.257121737877,46.792
permuted,9,30,20,5704.1427914381975,28.231
permuted,9,30,21,4535.7809786120215,28.371
permuted,9,30,22,2696.7421175873096,59.478
permuted,9,30,23,646.4427384225673,27.307
permuted,9,30,24,2425.916848817924,28.999
permuted,9,30,25,5028.76097596096,28.893
permuted,9,30,26,4406.221783747054,28.956
permuted,9,30,27,5001.625346071803,29.404
permuted,9,30,28,5623.2903091141125,84.398
permuted,9,30,29,4672.852257727972,28.74
permuted,9,30,3,4487.764664135027,46.461
permuted,9,30,4,5666.209713972166,29.496
permuted,9,30,5,4068.395765882404,45.763
permuted,9,30,6,3973.989237422249,43.006
permuted,9,30,7,4949.255219685909,46.606
permuted,9,30,8,5187.032922580878,44.15
permuted,9,30,9,3712.1733156950886,46.267
uniform,10,30,0,4753.5770733783165,44.427
uniform,10,30,1,712.7257918848163,45.686
uniform,10,30,10,2936.2880992018977,44.608
uniform,10,30,11,607.9128918771257,44.706
uniform,10,30,12,5306.866853792171,44.394
uniform,10,30,13,1124.0574067354169,45.581
uniform,10,30,14,10137.607759658982,44.622
uniform,10,30,15,6253.506545682632,44.564
uniform,10,30,16,11683.143137467652,44.811
uniform,10,30,17,3797.6696451835296,44.624
uniform,10,30,18,3924.856551967451,44.634
uniform,10,30,19,7040.661591823915,45.347
uniform,10,30,2,974.0405234862687,44.721
uniform,10,30,20,6858.891667585583,44.766
uniform,10,30,21,1941.0913441689318,44.622
uniform,10,30,22,3550.110321163733,44.876
uniform,10,30,23,379.8595285953352,44.67
uniform,10,30,24,4322.858336995519,44.518
uniform,10,30,25,895.0554376608798,45.625
uniform,10,30,26,2698.3093296101933,44.597
uniform,10,30,27,942.8243151667898,44.572
uniform,10,30,28,10060.689161112514,44.875
uniform,10,30,29,851.9154294688374,44.758
uniform,10,30,3,343.72602167479045,44.49
uniform,10,30,4,556.197656652284,44.55
uniform,10,30,5,6669.588674328098,44.421
uniform,10,30,6,620.2187737407744,44.267
uniform,10,30,7,3778.240653973565,45.324
uniform,10,30,8,1851.2379821215204,44.707
uniform,10,30,9,2154.9079867844293,44.609
uniform,11,30,0,2025.4063214194412,64.535
uniform,11,30,1,2719.7808260074407,64.576
uniform,11,30,10,3513.486368276578,65.392
uniform,11,30,11,3591.4705009870495,64.743
uniform,11,30,12,3348.0237450443165,60.969
uniform,11,30,13,3706.35743223605,64.311
uniform,11,30,14,2752.9730863254026,64.783
uniform,11,30,15,2879.719318971168,60.917
uniform,11,30,16,1999.2327282336682,61.576
uniform,11,30,17,2983.1021542629496,64.455
uniform,11,30,18,2979.882210852951,60.618
uniform,11,30,19,3064.778109350562,65.678
uniform,11,30,2,1996.4564691169207,60.958
uniform,11,30,20,3525.0306893591114,60.74
uniform,11,30,21,2343.4617647364275,60.901
uniform,11,30,22,2180.1428453399394,61.302
uniform,11,30,23,2197.1829284764644,60.724
uniform,11,30,24,1568.6563811873825,64.212
uniform,11,30,25,4165.917945476309,61.767
uniform,11,30,26,5166.104518302507,61.036
uniform,11,30,27,4711.307440273803,64.861
uniform,11,30,28,2512.263244868347,65.09
uniform,11,30,29,2595.025690125264,64.537
uniform,11,30,3,2485.8335820372813,63.448
uniform,11,30,4,2602.5219820894413,61.276
uniform,11,30,5,4670.683482946378,60.538
uniform,11,30,6,3157.020341407323,60.547
uniform,11,30,7,2177.622828637457,65.412
uniform,11,30,8,3238.613147694492,61.049
uniform,11,30,9,3407.8928388495215,61.065
uniform,12,30,0,4628.406596928114,49.87
uniform,12,30,1,5909.594845330712,51.06
uniform,12,30,10,729.288665558523,50.51
uniform,12,30,11,6551.705587236829,50.325
uniform,12,30,12,5977.871471429634,50.299
uniform,12,30,13,841.8758887753024,51.24
uniform,12,30,14,1884.4318555874497,50.252
uniform,12,30,15,772.6787909796717,50.336
uniform,12,30,16,1627.6298592239355,50.458
uniform,12,30,17,5492.462190898471,50.215
uniform,12,30,18,851.7472264808007,50.275
uniform,12,30,19,388.45256959967264,51.431
uniform,12,30,2,884.8495507631646,50.309
uniform,12,30,20,621.0365609283203,50.098
uniform,12,30,21,1773.1834122979535,50.163
uniform,12,30,22,4591.4784939986075,50.295
uniform,12,30,23,2037.136796575047,50.224
uniform,12,30,24,3434.870051082031,50.251
uniform,12,30,25,5280.838998725983,51.173
uniform,12,30,26,3596.2427286763896,50.438
uniform,12,30,27,3005.7987985975888,50.22
uniform,12,30,28,2123.536647751052,50.447
uniform,12,30,29,3502.038626299218,50.177
uniform,12,30,3,4131.553696486018,50.455
uniform,12,30,4,595.4573940633877,50.484
uniform,12,30,5,80.61380730620021,50.44
uniform,12,30,6,6481.747304734461,50.344
uniform,12,30,7,1813.34493268784,51.026
uniform,12,30,8,232.67484023029783,50.22
uniform,12,30,9,3337.3986193723877,50.323
uniform,13,30,0,40567.422139604576,58.352
uniform,13,30,1,73884.19977836574,59.386
uniform,13,30,10,27982.064265514597,58.808
uniform,13,30,11,98433.77389896048,58.422
uniform,13,30,12,26729.351720585633,58.302
uniform,13,30,13,115614.52518403117,59.622
uniform,13,30,14,45129.24684289766,58.48
uniform,13,30,15,84728.44542454761,58.108
uniform,13,30,16,61838.85454366765,58.731
uniform,13,30,17,24226.31018206666,58.251
uniform,13,30,18,57928.298427628775,58.219
uniform,13,30,19,24333.384406941885,59.602
uniform,13,30,2,16641.713847609863,58.616
uniform,13,30,20,27995.49154229885,59.071
uniform,13,30,21,58176.84887962358,58.776
uniform,13,30,22,21924.206557667,58.37
uniform,13,30,23,32582.66273514498,58.531
uniform,13,30,24,23530.23784073468,58.362
uniform,13,30,25,29551.239884418006,59.581
uniform,13,30,26,20041.59320932638,58.777
uniform,13,30,27,67448.88639921116,58.517
uniform,13,30,28,77562.03786290305,58.643
uniform,13,30,29,52842.73745506879,58.576
uniform,13,30,3,35051.520791700146,58.679
uniform,13,30,4,28093.99691951298,58.779
uniform,13,30,5,117618.1062346048,58.61
uniform,13,30,6,62638.626126913485,58.589
uniform,13,30,7,42033.80718905092,59.525
uniform,13,30,8,92321.99613834432,58.404
uniform,13,30,9,59718.389221595506,58.283
uniform,14,30,0,2416.873017526805,51.232
uniform,14,30,1,7143.473587783075,52.445
uniform,14,30,10,6186.568222059412,51.428
uniform,14,30,11,8202.366831839327,51.339
uniform,14,30,12,9946.48346178375,51.238
uniform,14,30,13,4443.453782925952,52.382
uniform,14,30,14,7216.725053669801,51.33
uniform,14,30,15,5400.8779805858585,51.15
uniform,14,30,16,5494.452417314739,51.493
uniform,14,30,17,14594.933247544124,51.22
uniform,14,30,18,2056.0748107246914,51.119
uniform,14,30,19,5618.937052156649,52.394
uniform,14,30,2,12389.551625212182,51.25
uniform,14,30,20,6327.7275701346725,51.684
uniform,14,30,21,1419.9381912772346,51.434
uniform,14,30,22,2080.2184653192044,51.402
uniform,14,30,23,3321.7167194521226,51.483
uniform,14,30,24,10056.902165836427,51.092
uniform,14,30,25,4846.746515013338,52.298
uniform,14,30,26,1393.1868011062816,51.227
uniform,14,30,27,3003.4164789210454,51.297
uniform,14,30,28,4490.273575804766,51.524
uniform,14,30,29,6502.488900019027,51.361
uniform,14,30,3,15205.156880312075,51.129
uniform,14,30,4,8656.046495790375,51.539
uniform,14,30,5,2708.731512500859,51.179
uniform,14,30,6,1749.4457829851663,51.188
uniform,14,30,7,2699.891626189472,52.646
uniform,14,30,8,1522.9987287238982,51.31
uniform,14,30,9,7856.329036194633,51.282
uniform,15,30,0,8.955008259918714,126.107
uniform,15,30,1,223.09093026297796,128.319
uniform,15,30,10,237.82553788950668,127.764
uniform,15,30,11,316.05678752187737,127.539
uniform,15,30,12,400.20026106471596,126.295
uniform,15,30,13,8.962217242075894,124.715
uniform,15,30,14,9.985769002718143,126.318
uniform,15,30,15,227.2398081225981,126.187
uniform,15,30,16,9.505070942733255,127.639
uniform,15,30,17,8.245778272974121,126.404
uniform,15,30,18,9.715296858133797,123.286
uniform,15,30,19,5.261347263959124,127.121
uniform,15,30,2,82.20795096315783,126.04
uniform,15,30,20,10.653731751795931,126.762
uniform,15,30,21,508.5582296757377,127.385
uniform,15,30,22,5.5524812432297495,126.699
uniform,15,30,23,9.315842092675666,126.749
uniform,15,30,24,9.510227344316945,126.07
uniform,15,30,25,6.93508994863555,127.302
uniform,15,30,26,10.000705583629951,126.001
uniform,15,30,27,9.040484194974852,125.938
uniform,15,30,28,7.391389130327752,126.468
uniform,15,30,29,9.470102375888246,123.304
uniform,15,30,3,7.394644392728878,123.3
uniform,15,30,4,9.34642787715984,127.044
uniform,15,30,5,9.144899047152421,126.135
uniform,15,30,6,9.42716688704354,125.782
uniform,15,30,7,229.31047355039436,127.135
uniform,15,30,8,460.59871620749846,126.295
uniform,15,30,9,86.05121969087872,126.335
uniform,16,30,0,383.8474992258898,431.964
uniform,16,30,1,1408.9043243095539,435.464
uniform,16,30,10,73.98952929971801,433.348
uniform,16,30,11,104.50145862431509,432.841
uniform,16,30,12,256.0597424038999,436.396
uniform,16,30,13,351.37601092440605,436.147
uniform,16,30,14,756.2898819890929,432.875
uniform,16,30,15,39.330756246669125,432.584
uniform,16,30,16,372.1843110373218,433.831
uniform,16,30,17,64.07408670787981,431.984
uniform,16,30,18,835.4724834479348,432.427
uniform,16,30,19,398.4724444327935,434.024
uniform,16,30,2,86.6520405824524,433.453
uniform,16,30,20,31.80414335738942,434.295
uniform,16,30,21,829.285795843818,437.824
uniform,16,30,22,202.59302492455095,434.073
uniform,16,30,23,301.03909319342756,433.437
uniform,16,30,24,128.66243016663498,432.05
uniform,16,30,25,38.01913642942668,434.028
uniform,16,30,26,268.7740053312441,432.82
uniform,16,30,27,281.6724890026503,432.66
uniform,16,30,28,422.80199220512304,435.727
uniform,16,30,29,608.0052017930011,433.919
uniform,16,30,3,178.6726761463715,434.062
uniform,16,30,4,198.3736947746304,439.655
uniform,16,30,5,481.4330916938111,437.072
uniform,16,30,6,230.21608310978422,431.93
uniform,16,30,7,169.12967660187223,433.35
uniform,16,30,8,70.64934904133747,434.057
uniform,16,30,9,159.35535076157385,437.404
uniform,17,30,0,23368.096652579334,61.607
uniform,17,30,1,13065.492841405336,63.329
uniform,17,30,10,30797.236332175416,62.423
uniform,17,30,11,25404.43098670783,62.34
uniform,17,30,12,27134.72101316267,62.173
uniform,17,30,13,28059.825579069562,63.755
uniform,17,30,14,13044.533444056648,62.448
uniform,17,30,15,22218.631430480582,62.257
uniform,17,30,16,21252.661116878477,62.48
uniform,17,30,17,20997.678567395662,62.277
uniform,17,30,18,28433.470500943215,61.905
uniform,17,30,19,8740.911492058682,63.35
uniform,17,30,2,15251.525545232515,62.605
uniform,17,30,20,13159.862986714465,62.457
uniform,17,30,21,10246.856578554749,62.204
uniform,17,30,22,12755.840957808969,62.191
uniform,17,30,23,14020.1231884011,62.12
uniform,17,30,24,8395.552078545916,61.947
uniform,17,30,25,18932.7933090894,63.329
uniform,17,30,26,11443.823218132238,62.49
uniform,17,30,27,18733.562046898987,62.359
uniform,17,30,28,18477.111965610045,62.53
uniform,17,30,29,26603.81718685835,62.319
uniform,17,30,3,6742.861768308159,62.299
uniform,17,30,4,18222.25019857307,62.865
uniform,17,30,5,19660.17364621498,62.267
uniform,17,30,6,15679.075235154276,62.154
uniform,17,30,7,20527.130179419342,63.523
uniform,17,30,8,18391.540983164326,62.418
uniform,17,30,9,19402.24981456806,62.26
uniform,18,30,0,3514.7966774497872,215.74
uniform,18,30,1,2234.7170543424772,217.865
uniform,18,30,10,1903.1951727018259,216.977
uniform,18,30,11,9351.837902888079,215.608
uniform,18,30,12,4560.5200170355265,215.43
uniform,18,30,13,5550.375874653844,216.852
uniform,18,30,14,10137.309271165092,215.725
uniform,18,30,15,2801.8632749362914,215.604
uniform,18,30,16,11440.812642843055,216.858
uniform,18,30,17,12047.041917108007,215.615
uniform,18,30,18,12585.717848931323,215.137
uniform,18,30,19,9860.286029757073,216.636
uniform,18,30,2,16050.311084713387,216.742
uniform,18,30,20,9662.883544408038,216.086
uniform,18,30,21,9662.418840734785,215.361
uniform,18,30,22,14360.07753503616,216.768
uniform,18,30,23,19899.4042980492,215.641
uniform,18,30,24,45.41307845831443,215.096
uniform,18,30,25,2396.5316606804927,216.715
uniform,18,30,26,8542.464297893679,215.776
uniform,18,30,27,11758.723507423209,215.594
uniform,18,30,28,10.358277180560663,216.314
uniform,18,30,29,29398.722354207843,215.531
uniform,18,30,3,1687.7490457076174,216.23
uniform,18,30,4,13701.699977627879,216.891
uniform,18,30,5,11440.391991011407,216.023
uniform,18,30,6,8650.482226277734,216.171
uniform,18,30,7,8766.826446747287,217.173
uniform,18,30,8,4321.897809078365,216.445
uniform,18,30,9,547.1610011723287,215.681
uniform,19,30,0,28.956500785372555,438.594
uniform,19,30,1,479.5198862589036,443.178
uniform,19,30,10,274.5240588715701,446.271
uniform,19,30,11,30.83826674698662,440.776
uniform,19,30,12,247.57200237114012,442.148
uniform,19,30,13,242.61933261328977,444.68
uniform,19,30,14,251.59061999937148,442.072
uniform,19,30,15,33.51476162848803,444.3
uniform,19,30,16,483.90351051428524,441.978
uniform,19,30,17,249.99938494898106,443.429
uniform,19,30,18,245.16859204696493,441.515
uniform,19,30,19,274.0158777065103,443.251
uniform,19,30,2,52.93632991228924,445.296
uniform,19,30,20,245.16833720554723,442.771
uniform,19,30,21,264.0949026850726,444.835
uniform,19,30,22,289.85251378260455,442.547
uniform,19,30,23,245.42508077825278,442.387
uniform,19,30,24,30.32313460406658,443.551
uniform,19,30,25,242.5905196860731,444.761
uniform,19,30,26,25.082770191519103,442.915
uniform,19,30,27,364.45561910805327,442.65
uniform,19,30,28,258.91479944749926,445.488
uniform,19,30,29,253.73797659212323,443.347
uniform,19,30,3,466.66103495649986,446.762
uniform,19,30,4,251.74709812299125,446.935
uniform,19,30,5,472.97275468827866,441.48
uniform,19,30,6,244.02245642694152,442.123
uniform,19,30,7,30.04583977571724,444.652
uniform,19,30,8,244.2095773775377,443.144
uniform,19,30,9,254.1912229363752,443.456
uniform,1,30,0,5163.962542540402,21.152
uniform,1,30,1,5108.115371622588,21.638
uniform,1,30,10,373.6956012144803,21.227
uniform,1,30,11,4257.769054613541,21.374
uniform,1,30,12,1785.5061145870102,21.383
uniform,1,30,13,3898.601652662991,21.527
uniform,1,30,14,110.60967602559575,21.469
uniform,1,30,15,5845.735051572185,21.369
uniform,1,30,16,2849.1583489958225,21.276
uniform,1,30,17,987.9396567161393,21.344
uniform,1,30,18,59.85283269691965,21.397
uniform,1,30,19,5122.493979096568,21.525
uniform,1,30,2,51.021538532960335,21.479
uniform,1,30,20,758.8248784091561,21.481
uniform,1,30,21,789.854617958673,21.398
uniform,1,30,22,814.9698762134244,21.292
uniform,1,30,23,1268.4658327375057,21.337
uniform,1,30,24,1191.4509962707132,21.355
uniform,1,30,25,511.4485311928386,21.476
uniform,1,30,26,225.9447425222512,21.486
uniform,1,30,27,750.0969063299829,21.419
uniform,1,30,28,1739.6714601565575,21.206
uniform,1,30,29,5158.029260576928,21.371
uniform,1,30,3,3512.7214545634574,21.509
uniform,1,30,4,1327.6394378909488,21.178
uniform,1,30,5,1325.1073594050108,21.498
uniform,1,30,6,474.9583725799149,21.334
uniform,1,30,7,3162.3273324866805,21.616
uniform,1,30,8,166.59324267542684,21.424
uniform,1,30,9,3962.29351773641,21.401
uniform,20,30,0,231.6538547840937,73.376
uniform,20,30,1,213.1422479297412,73.886
uniform,20,30,10,223.0870782480588,74.039
uniform,20,30,11,227.7564021706612,73.745
uniform,20,30,12,230.70045296036415,73.845
uniform,20,30,13,220.9701852956291,73.959
uniform,20,30,14,226.98817716260737,73.992
uniform,20,30,15,228.89056939478905,73.937
uniform,20,30,16,214.04372847732566,73.875
uniform,20,30,17,237.75138353431748,73.766
uniform,20,30,18,1994.6785398268894,73.895
uniform,20,30,19,218.12479526081688,73.691
uniform,20,30,2,214.10566580592513,74.017
uniform,20,30,20,226.97816141864314,74.251
uniform,20,30,21,215.21914511142495,74.361
uniform,20,30,22,100.0,74.348
uniform,20,30,23,221.18484517176785,74.135
uniform,20,30,24,238.61374062112372,74.3
uniform,20,30,25,221.9460919852968,74.508
uniform,20,30,26,267.55212562079305,73.961
uniform,20,30,27,224.10329101825982,74.008
uniform,20,30,28,226.75941011269288,74.068
uniform,20,30,29,228.05366608851455,73.888
uniform,20,30,3,213.17605607128644,73.894
uniform,20,30,4,229.02606553550686,74.168
uniform,20,30,5,229.02951597694846,73.873
uniform,20,30,6,100.0,74.076
uniform,20,30,7,218.04701536078755,74.309
uniform,20,30,8,223.02105301224583,73.759
uniform,20,30,9,231.6134562595189,73.804
uniform,21,30,0,173.17448649089465,95.293
uniform,21,30,1,176.01763456934486,95.446
uniform,21,30,10,174.18563382798538,96.313
uniform,21,30,11,172.20928789746722,95.403
uniform,21,30,12,172.53508055541488,95.497
uniform,21,30,13,171.92015784651176,95.701
uniform,21,30,14,174.75041838930565,95.472
uniform,21,30,15,169.5159086824724,95.438
uniform,21,30,16,170.4059717914197,95.997
uniform,21,30,17,171.74921023713887,95.17
uniform,21,30,18,170.44554973902223,95.174
uniform,21,30,19,174.59666062006863,95.374
uniform,21,30,2,171.548335936091,95.8
uniform,21,30,20,171.72489631878398,95.648
uniform,21,30,21,170.9143219214643,95.832
uniform,21,30,22,173.4487249189956,95.917
uniform,21,30,23,172.32475547570175,95.238
uniform,21,30,24,174.09801486033257,95.2
uniform,21,30,25,171.61361656265126,95.541
uniform,21,30,26,173.4487249189956,95.403
uniform,21,30,27,170.94822094826804,95.378
uniform,21,30,28,171.76074319115196,96.168
uniform,21,30,29,171.55684212022197,95.318
uniform,21,30,3,173.48409342720697,95.828
uniform,21,30,4,170.23962604486132,95.642
uniform,21,30,5,170.3016441277714,95.578
uniform,21,30,6,173.70838448851737,95.441
uniform,21,30,7,172.53508055541488,95.259
uniform,21,30,8,167.90680538189054,95.523
uniform,21,30,9,172.67410352671732,95.586
uniform,22,30,0,200.0,109.91
uniform,22,30,1,200.0,110.043
uniform,22,30,10,200.0,111.431
uniform,22,30,11,4338.798724151594,113.012
uniform,22,30,12,200.0,110.268
uniform,22,30,13,200.0,110.326
uniform,22,30,14,200.0,109.985
uniform,22,30,15,200.0,109.77
uniform,22,30,16,200.0,110.899
uniform,22,30,17,200.0,109.614
uniform,22,30,18,200.0,109.554
uniform,22,30,19,200.0,110.84
uniform,22,30,2,200.0,110.039
uniform,22,30,20,200.0,110.327
uniform,22,30,21,398.02930679572273,113.182
uniform,22,30,22,200.0,111.004
uniform,22,30,23,200.0,110.128
uniform,22,30,24,200.0,110.197
uniform,22,30,25,200.00000000000045,110.622
uniform,22,30,26,200.0,110.985
uniform,22,30,27,200.0,110.723
uniform,22,30,28,200.0,110.811
uniform,22,30,29,200.0,110.394
uniform,22,30,3,322.07962150106414,112.912
uniform,22,30,4,200.0,111.144
uniform,22,30,5,200.0,109.697
uniform,22,30,6,200.0,110.111
uniform,22,30,7,200.0,110.068
uniform,22,30,8,200.0,110.215
uniform,22,30,9,200.0,110.498
uniform,23,30,0,200.0,89.387
uniform,23,30,1,200.0,89.242
uniform,23,30,10,200.0,89.694
uniform,23,30,11,200.0,89.34
uniform,23,30,12,200.0,89.331
uniform,23,30,13,200.0,89.178
uniform,23,30,14,200.0,89.122
uniform,23,30,15,200.0,88.949
uniform,23,30,16,200.0,89.248
uniform,23,30,17,200.0,88.808
uniform,23,30,18,200.00000000000136,88.764
uniform,23,30,19,200.0,89.05
uniform,23,30,2,200.0,89.574
uniform,23,30,20,200.0,89.305
uniform,23,30,21,200.0,89.388
uniform,23,30,22,200.0,90.034
uniform,23,30,23,200.0,89.218
uniform,23,30,24,200.0,89.375
uniform,23,30,25,200.0,89.206
uniform,23,30,26,200.0,89.151
uniform,23,30,27,200.0,88.986
uniform,23,30,28,200.0,89.7
uniform,23,30,29,200.0,89.029
uniform,23,30,3,200.0,89.881
uniform,23,30,4,200.0,89.193
uniform,23,30,5,200.0,89.814
uniform,23,30,6,200.0,90.048
uniform,23,30,7,200.0,89.57
uniform,23,30,8,200.0,89.366
uniform,23,30,9,200.0,89.371
uniform,24,30,0,420.6619652829295,103.146
uniform,24,30,1,421.12667585903864,103.479
uniform,24,30,10,420.79901228518884,103.845
uniform,24,30,11,420.621751111948,103.343
uniform,24,30,12,420.69717091527855,103.632
uniform,24,30,13,420.5819794021113,103.841
uniform,24,30,14,420.67878152649337,103.471
uniform,24,30,15,420.6381330083923,103.594
uniform,24,30,16,420.9329405949129,103.66
uniform,24,30,17,420.51335781111857,103.451
uniform,24,30,18,420.7095511753314,103.612
uniform,24,30,19,421.20811352451256,103.477
uniform,24,30,2,420.9177376715852,103.338
uniform,24,30,20,420.9531212234551,103.655
uniform,24,30,21,420.8587650906238,103.812
uniform,24,30,22,420.75772832760003,104.255
uniform,24,30,23,420.9392690873842,103.989
uniform,24,30,24,421.045170502216,103.791
uniform,24,30,25,420.5317249196096,103.792
uniform,24,30,26,420.9758321222639,103.016
uniform,24,30,27,420.75416843040784,102.907
uniform,24,30,28,420.82489740761594,103.714
uniform,24,30,29,420.8067903697374,103.296
uniform,24,30,3,420.5357679824547,103.581
uniform,24,30,4,420.7919356014081,103.853
uniform,24,30,5,420.6619012946271,103.132
uniform,24,30,6,420.55939065423627,103.326
uniform,24,30,7,420.7686608304484,103.508
uniform,24,30,8,420.8245002972126,103.145
uniform,24,30,9,420.8054018862599,103.216
uniform,25,30,0,828.0104460349453,389.107
uniform,25,30,1,827.9897244758217,390.19
uniform,25,30,10,828.0229163700697,390.581
uniform,25,30,11,827.9267019720464,388.107
uniform,25,30,12,827.9191045972566,387.218
uniform,25,30,13,827.8874318173375,388.524
uniform,25,30,14,828.0796487341272,387.324
uniform,25,30,15,827.9888209965848,388.42
uniform,25,30,16,827.9987138765641,390.881
uniform,25,30,17,827.9385120882594,388.627
uniform,25,30,18,827.9435911873738,387.787
uniform,25,30,19,827.9143479098325,388.14
uniform,25,30,2,827.9414770648191,389.131
uniform,25,30,20,827.9897244758217,387.605
uniform,25,30,21,827.9987387641513,388.903
uniform,25,30,22,827.9383873078277,390.356
uniform,25,30,23,828.0104460349453,389.244
uniform,25,30,24,828.0104460349457,387.529
uniform,25,30,25,827.9267019720464,388.58
uniform,25,30,26,827.9261634294148,387.292
uniform,25,30,27,828.0104460349453,387.771
uniform,25,30,28,827.934429398907,397.118
uniform,25,30,29,827.9888209965848,388.32
uniform,25,30,3,828.0104460349453,389.499
uniform,25,30,4,827.9880508356946,390.155
uniform,25,30,5,827.9168790841136,389.764
uniform,25,30,6,827.9519112553121,387.652
uniform,25,30,7,827.9209535789037,388.737
uniform,25,30,8,827.94799038978,387.243
uniform,25,30,9,827.9292185382005,387.534
uniform,26,30,0,522.8016647750246,398.325
uniform,26,30,1,519.318706652055,409.416
uniform,26,30,10,543.0031909902023,401.984
uniform,26,30,11,519.0059081461277,409.78
uniform,26,30,12,515.8452736107256,398.153
uniform,26,30,13,529.5710208045466,398.698
uniform,26,30,14,513.058261935093,397.555
uniform,26,30,15,527.7283880023292,397.791
uniform,26,30,16,510.89500205840886,401.006
uniform,26,30,17,521.1822878052449,398.752
uniform,26,30,18,508.9654616484231,398.334
uniform,26,30,19,519.7457174859392,398.074
uniform,26,30,2,519.2446288935648,398.625
uniform,26,30,20,509.3950863270229,398.519
uniform,26,30,21,513.4223001060691,398.999
uniform,26,30,22,526.9076186737998,400.729
uniform,26,30,23,513.66879128754,399.097
uniform,26,30,24,515.8132190501715,398.014
uniform,26,30,25,540.2383514595858,398.818
uniform,26,30,26,538.5680939223844,398.446
uniform,26,30,27,506.5365770858821,398.267
uniform,26,30,28,517.4831641612404,401.074
uniform,26,30,29,553.7278125905914,398.958
uniform,26,30,3,519.228861871411,398.778
uniform,26,30,4,522.6459144625987,404.697
uniform,26,30,5,515.1380473318195,399.079
uniform,26,30,6,536.4420314948652,408.278
uniform,26,30,7,514.523511843483,397.842
uniform,26,30,8,534.04746081841,407.935
uniform,26,30,9,535.7957089573038,408.681
uniform,27,30,0,9.094947017729282e-13,375.942
uniform,27,30,1,4.547473508864641e-13,377.09
uniform,27,30,10,4.547473508864641e-13,378.901
uniform,27,30,11,4.547473508864641e-13,377.647
uniform,27,30,12,4.547473508864641e-13,376.002
uniform,27,30,13,4.547473508864641e-13,376.906
uniform,27,30,14,4.547473508864641e-13,375.555
uniform,27,30,15,4.547473508864641e-13,375.934
uniform,27,30,16,4.547473508864641e-13,378.571
uniform,27,30,17,4.547473508864641e-13,376.933
uniform,27,30,18,1.3642420526593924e-12,377.012
uniform,27,30,19,4.547473508864641e-13,377.429
uniform,27,30,2,1.3642420526593924e-12,375.477
uniform,27,30,20,4.547473508864641e-13,376.333
uniform,27,30,21,4.547473508864641e-13,376.403
uniform,27,30,22,4.547473508864641e-13,378.405
uniform,27,30,23,4.547473508864641e-13,377.787
uniform,27,30,24,4.547473508864641e-13,376.025
uniform,27,30,25,9.094947017729282e-13,376.131
uniform,27,30,26,4.547473508864641e-13,376.173
uniform,27,30,27,152.2247118823052,376.498
uniform,27,30,28,4.547473508864641e-13,377.415
uniform,27,30,29,4.547473508864641e-13,377.099
uniform,27,30,3,0.0,376.331
uniform,27,30,4,9.094947017729282e-13,378.152
uniform,27,30,5,4.547473508864641e-13,377.644
uniform,27,30,6,4.547473508864641e-13,375.688
uniform,27,30,7,4.547473508864641e-13,376.831
uniform,27,30,8,4.547473508864641e-13,375.371
uniform,27,30,9,4.547473508864641e-13,376.323
uniform,28,30,0,3324.748382043981,612.128
uniform,28,30,1,2602.0597765884604,616.701
uniform,28,30,10,5550.508035146895,549.402
uniform,28,30,11,3466.5786263080954,7120.975
uniform,28,30,12,11883.159828044649,553.227
uniform,28,30,13,2047.3569488725116,488.047
uniform,28,30,14,2120.77152774813,550.774
uniform,28,30,15,1900.1358765892492,549.766
uniform,28,30,16,3146.152497140638,486.586
uniform,28,30,17,2661.8935996465298,549.705
uniform,28,30,18,3441.973928178476,506.477
uniform,28,30,19,2681.7278899343,595.23
uniform,28,30,2,3738.7496620350275,613.478
uniform,28,30,20,2979.7490418709367,491.492
uniform,28,30,21,2239.7897206336575,489.442
uniform,28,30,22,3780.168435173927,596.437
uniform,28,30,23,1944.1732513280158,492.021
uniform,28,30,24,3324.7636993746446,583.446
uniform,28,30,25,4967.705218421619,433.715
uniform,28,30,26,5712.393255830455,592.29
uniform,28,30,27,3701.976676332547,594.467
uniform,28,30,28,4295.991352779604,432.753
uniform,28,30,29,2479.7982370996797,592.7
uniform,28,30,3,724.1111215765877,609.156
uniform,28,30,4,2682.0005376321624,616.2
uniform,28,30,5,3364.8799588349602,610.434
uniform,28,30,6,2377.684451471405,609.131
uniform,28,30,7,3823.450604199358,549.77
uniform,28,30,8,714.6234159492287,7113.727
uniform,28,30,9,3479.07018965357,7113.616
uniform,29,30,0,24530.835641547073,308.217
uniform,29,30,1,20668.119072399488,134.654
uniform,29,30,10,12120.777830413323,148.156
uniform,29,30,11,18636.09953999595,166.842
uniform,29,30,12,25185.021911333934,138.825
uniform,29,30,13,25927.72892298931,153.554
uniform,29,30,14,29710.31756282969,135.976
uniform,29,30,15,21302.390506068063,137.131
uniform,29,30,16,24371.441278000668,155.346
uniform,29,30,17,6542.348518242621,137.81
uniform,29,30,18,18352.459076276227,146.525
uniform,29,30,19,25442.283970590095,125.512
uniform,29,30,2,15931.691133158663,277.06
uniform,29,30,20,2771.966290387699,147.872
uniform,29,30,21,2299.660771183673,147.624
uniform,29,30,22,6982.487159079037,125.33
uniform,29,30,23,17831.175610397033,148.876
uniform,29,30,24,11963.400983039828,157.54
uniform,29,30,25,16539.413232121253,129.023
uniform,29,30,26,20631.69997066306,155.202
uniform,29,30,27,19646.448726690694,155.948
uniform,29,30,28,18162.489354925834,130.146
uniform,29,30,29,14453.189462888426,156.349
uniform,29,30,3,24607.711978436346,273.954
uniform,29,30,4,29690.98558825614,135.004
uniform,29,30,5,30128.644432905072,278.967
uniform,29,30,6,7602.194028935353,143.213
uniform,29,30,7,7340.316757752464,146.476
uniform,29,30,8,10577.610361419736,166.418
uniform,29,30,9,11919.421981338168,169.588
uniform,3,30,0,31.810711664705707,27.834
uniform,3,30,1,31.81071166470565,28.196
uniform,3,30,10,31.810711664705764,27.636
uniform,3,30,11,31.810711664705536,27.8
uniform,3,30,12,31.810711664705707,27.766
uniform,3,30,13,31.810711664705536,28.156
uniform,3,30,14,31.810711664705536,27.883
uniform,3,30,15,31.81071166470565,27.72
uniform,3,30,16,31.81071166470548,27.712
uniform,3,30,17,31.810711664705536,27.679
uniform,3,30,18,31.81071166470548,27.8
uniform,3,30,19,31.810711664705536,28.178
uniform,3,30,2,31.810711664705764,28.034
uniform,3,30,20,31.810711664705764,28.103
uniform,3,30,21,31.810711664705536,27.89
uniform,3,30,22,31.8107116647094,27.661
uniform,3,30,23,31.810711664705593,27.796
uniform,3,30,24,31.81071166470565,27.656
uniform,3,30,25,31.810711664705593,28.038
uniform,3,30,26,31.810711664705707,28.054
uniform,3,30,27,31.81071166470548,28.013
uniform,3,30,28,31.81071166470565,27.684
uniform,3,30,29,31.810711664705764,27.919
uniform,3,30,3,31.810711664705707,27.864
uniform,3,30,4,31.810711664705764,27.779
uniform,3,30,5,31.81071166470565,27.854
uniform,3,30,6,31.810711664705593,27.825
uniform,3,30,7,31.810711664705536,28.181
uniform,3,30,8,31.810711664705536,27.791
uniform,3,30,9,31.81071166470565,27.751
uniform,4,30,0,17.90925798986018,24.651
uniform,4,30,1,13.929421761486992,24.925
uniform,4,30,10,23.879141879295275,24.738
uniform,4,30,11,23.879007294600854,24.722
uniform,4,30,12,16.914298932766883,24.755
uniform,4,30,13,15.919339875673586,24.71
uniform,4,30,14,10.94454962802621,24.774
uniform,4,30,15,13.929421761486992,24.689
uniform,4,30,16,19.899171066227666,24.855
uniform,4,30,17,12.934467742212803,24.73
uniform,4,30,18,12.934467742212803,24.694
uniform,4,30,19,20.89413516114007,24.674
uniform,4,30,2,15.919339875673586,24.846
uniform,4,30,20,13.9294267993061,24.769
uniform,4,30,21,23.879002256781746,24.724
uniform,4,30,22,14.924380818580289,24.711
uniform,4,30,23,9.949590570932912,24.67
uniform,4,30,24,14.92438585639934,24.671
uniform,4,30,25,18.904217046953477,24.745
uniform,4,30,26,12.934467742212803,24.641
uniform,4,30,27,7.959672456746318,24.646
uniform,4,30,28,20.894130123320963,24.864
uniform,4,30,29,17.909252952041072,24.623
uniform,4,30,3,15.919334837854535,24.741
uniform,4,30,4,13.9294267993061,24.497
uniform,4,30,5,11.939508685119506,24.76
uniform,4,30,6,12.934462704393695,24.71
uniform,4,30,7,14.924380818580289,24.852
uniform,4,30,8,12.934462704393695,24.777
uniform,4,30,9,12.934467742212803,24.704
uniform,5,30,0,4.4032729704213125e-05,67.198
uniform,5,30,1,1.690921180852456e-09,67.139
uniform,5,30,10,1.3143056776243611e-06,67.088
uniform,5,30,11,4.1950443119276315e-11,66.66
uniform,5,30,12,2.155362426492502e-05,66.701
uniform,5,30,13,5.005177854400245e-07,66.885
uniform,5,30,14,1.3017142919125035e-09,66.611
uniform,5,30,15,4.860867193201557e-07,66.759
uniform,5,30,16,1.9474555301712826e-10,67.559
uniform,5,30,17,2.761215682767215e-07,66.677
uniform,5,30,18,6.390109774656594e-09,66.67
uniform,5,30,19,4.951301662003971e-06,67.311
uniform,5,30,2,3.069544618483633e-11,66.469
uniform,5,30,20,1.8812426105796476e-07,66.358
uniform,5,30,21,4.2809824662981555e-07,66.533
uniform,5,30,22,2.1114072410455265e-06,67.277
uniform,5,30,23,2.861668235709658e-08,66.309
uniform,5,30,24,8.973870535555761e-07,66.634
uniform,5,30,25,8.388636274503369e-07,67.81
uniform,5,30,26,5.508288893452118e-06,66.921
uniform,5,30,27,9.36857588840212e-07,66.585
uniform,5,30,28,2.193349928347743e-07,67.572
uniform,5,30,29,2.5920599000528455e-11,66.251
uniform,5,30,3,4.7000202130220714e-07,66.504
uniform,5,30,4,1.3580097402154934e-07,67.029
uniform,5,30,5,7.87281351222191e-11,66.618
uniform,5,30,6,1.467240053898422e-07,66.377
uniform,5,30,7,2.408879424820043e-05,66.945
uniform,5,30,8,4.847788659390062e-08,66.657
uniform,5,30,9,1.961520865734201e-07,66.727
uniform,6,30,0,39.860138711159834,34.806
uniform,6,30,1,47.293531871457844,35.584
uniform,6,30,10,41.47540517214941,35.656
uniform,6,30,11,43.2965700169467,35.598
uniform,6,30,12,43.9806524959547,35.385
uniform,6,30,13,45.63709324225249,35.546
uniform,6,30,14,44.705942809316866,35.413
uniform,6,30,15,43.25536218259265,35.32
uniform,6,30,16,40.832461312311125,35.638
uniform,6,30,17,42.406558082929905,35.334
uniform,6,30,18,46.60941351029942,35.426
uniform,6,30,19,90.09557056202777,35.745
uniform,6,30,2,50.0128531926473,35.515
uniform,6,30,20,44.87063335877042,35.443
uniform,6,30,21,54.80925932183072,35.302
uniform,6,30,22,44.99414702482022,35.547
uniform,6,30,23,51.191213237357374,35.415
uniform,6,30,24,40.914802930396036,35.165
uniform,6,30,25,57.19099770950095,35.773
uniform,6,30,26,52.345186523835196,35.32
uniform,6,30,27,42.44772529545594,35.212
uniform,6,30,28,48.30702628007259,35.418
uniform,6,30,29,42.32421150915536,35.315
uniform,6,30,3,45.67826305287417,35.455
uniform,6,30,4,51.45521770421783,35.444
uniform,6,30,5,49.675262931117686,35.443
uniform,6,30,6,46.444727771795215,35.07
uniform,6,30,7,39.258364541692345,35.604
uniform,6,30,8,44.25371376546275,35.583
uniform,6,30,9,50.97695931790679,35.534
uniform,7,30,0,40.90969982871286,58.39
uniform,7,30,1,58.00514648492572,58.723
uniform,7,30,10,44.09708733944842,59.144
uniform,7,30,11,62.07107803773533,58.75
uniform,7,30,12,30.461150931156112,58.556
uniform,7,30,13,36.000000001269086,58.808
uniform,7,30,14,54.000000000047294,58.529
uniform,7,30,15,48.0000001607242,58.832
uniform,7,30,16,60.00000000001285,59.043
uniform,7,30,17,42.0,58.283
uniform,7,30,18,52.0194411583268,58.296
uniform,7,30,19,22.0,58.88
uniform,7,30,2,42.90598064090295,58.674
uniform,7,30,20,42.0,58.648
uniform,7,30,21,44.0,58.977
uniform,7,30,22,64.0,59.122
uniform,7,30,23,96.5613480403315,58.575
uniform,7,30,24,50.0,58.313
uniform,7,30,25,64.02465986677555,58.893
uniform,7,30,26,74.0000002208626,58.575
uniform,7,30,27,28.0,58.91
uniform,7,30,28,48.0,59.091
uniform,7,30,29,46.0,58.432
uniform,7,30,3,56.01024892201235,58.954
uniform,7,30,4,48.000000005737206,58.914
uniform,7,30,5,40.002472119519894,58.341
uniform,7,30,6,46.0,58.264
uniform,7,30,7,109.76523983034849,58.697
uniform,7,30,8,59.475849685401954,58.614
uniform,7,30,9,54.0,59.1
uniform,8,30,0,2.2737367544323206e-13,35.244
uniform,8,30,1,2.2737367544323206e-13,35.336
uniform,8,30,10,2.2737367544323206e-13,35.325
uniform,8,30,11,2.2737367544323206e-13,35.136
uniform,8,30,12,2.2737367544323206e-13,35.195
uniform,8,30,13,3.410605131648481e-13,35.274
uniform,8,30,14,2.2737367544323206e-13,35.331
uniform,8,30,15,1.1368683772161603e-13,35.152
uniform,8,30,16,2.2737367544323206e-13,35.34
uniform,8,30,17,2.2737367544323206e-13,35.117
uniform,8,30,18,1.1368683772161603e-13,35.032
uniform,8,30,19,0.08952825041660617,35.242
uniform,8,30,2,2.2737367544323206e-13,35.429
uniform,8,30,20,0.45432401859102356,35.172
uniform,8,30,21,1.1368683772161603e-13,35.096
uniform,8,30,22,2.2737367544323206e-13,35.36
uniform,8,30,23,2.2737367544323206e-13,34.963
uniform,8,30,24,1.1368683772161603e-13,35.118
uniform,8,30,25,3.410605131648481e-13,35.653
uniform,8,30,26,2.2737367544323206e-13,35.198
uniform,8,30,27,2.2737367544323206e-13,35.099
uniform,8,30,28,2.2737367544323206e-13,35.332
uniform,8,30,29,1.1368683772161603e-13,35.13
uniform,8,30,3,2.2737367544323206e-13,35.359
uniform,8,30,4,2.2737367544323206e-13,35.14
uniform,8,30,5,2.2737367544323206e-13,35.247
uniform,8,30,6,2.2737367544323206e-13,35.088
uniform,8,30,7,2.2737367544323206e-13,35.211
uniform,8,30,8,2.2737367544323206e-13,35.218
uniform,8,30,9,2.2737367544323206e-13,35.099
uniform,9,30,0,2863.672120179557,51.819
uniform,9,30,1,1985.8830205542781,51.741
uniform,9,30,10,1741.2865843137242,50.523
uniform,9,30,11,4227.0506592905895,51.674
uniform,9,30,12,2392.884162642791,52.047
uniform,9,30,13,4983.326592213231,50.397
uniform,9,30,14,1199.064828593584,52.285
uniform,9,30,15,5171.567250737294,50.067
uniform,9,30,16,1534.379311017672,52.519
uniform,9,30,17,2365.4165458435327,49.967
uniform,9,30,18,3347.221657080261,52.067
uniform,9,30,19,3864.0931751337903,50.494
uniform,9,30,2,1210.935214181618,50.062
uniform,9,30,20,2452.690407726943,51.807
uniform,9,30,21,2076.975046299778,49.948
uniform,9,30,22,1375.9858997418687,49.119
uniform,9,30,23,1702.7713322902346,49.144
uniform,9,30,24,1702.3145717997304,49.643
uniform,9,30,25,1860.8005087262754,50.365
uniform,9,30,26,1993.5152100755695,51.004
uniform,9,30,27,2273.7630551531383,49.664
uniform,9,30,28,2150.9570861294087,52.547
uniform,9,30,29,4728.598436405775,51.409
uniform,9,30,3,3554.1952434850737,49.297
uniform,9,30,4,1048.9811397677295,50.874
uniform,9,30,5,4557.302203004739,51.485
uniform,9,30,6,3112.8905359279725,49.167
uniform,9,30,7,4392.461017994138,49.717
uniform,9,30,8,4618.979294777385,49.977
uniform,9,30,9,4728.709954492699,52.479
