function,dim,K,seed,best,evals,seconds
Ackley,10,16,0,0.052324349360866496,35000,4.178
Ackley,10,16,1,0.007829829590502602,35000,4.174
Ackley,10,16,10,2.3168652025328744,35000,4.133
Ackley,10,16,11,2.013329183844537,35000,4.168
Ackley,10,16,12,0.04939243640835089,35000,4.158
Ackley,10,16,13,0.7246802472868059,35000,4.145
Ackley,10,16,14,2.317629180746405,35000,4.132
Ackley,10,16,15,0.8142327186173799,35000,4.173
Ackley,10,16,16,0.0019703703974127684,35000,4.136
Ackley,10,16,17,1.1551640761498096,35000,4.14
Ackley,10,16,18,0.06722125621784203,35000,4.128
Ackley,10,16,19,2.3168669408118316,35000,4.156
Ackley,10,16,2,2.0134078260687045,35000,4.162
Ackley,10,16,20,0.01939614745665752,35000,4.196
Ackley,10,16,21,2.013341532382747,35000,4.137
Ackley,10,16,22,2.8143643420508337,35000,4.135
Ackley,10,16,23,0.2180802827254209,35000,4.175
Ackley,10,16,24,0.27862237117264543,35000,4.163
Ackley,10,16,25,0.003624420844648757,35000,4.172
Ackley,10,16,26,0.04916695383101599,35000,4.184
Ackley,10,16,27,0.44452334923406456,35000,4.166
Ackley,10,16,28,1.140760019495517,35000,4.154
Ackley,10,16,29,0.019477631084090508,35000,4.159
Ackley,10,16,3,2.5799667984982695,35000,4.141
Ackley,10,16,4,0.2925915240172725,35000,4.167
Ackley,10,16,5,1.6462405435022736,35000,4.13
Ackley,10,16,6,0.2156855187387312,35000,4.161
Ackley,10,16,7,0.7543982282760173,35000,4.145
Ackley,10,16,8,0.3360381383912885,35000,4.155
Ackley,10,16,9,0.19203210914641788,35000,4.154
Ackley,10,32,0,0.19754318502164425,35000,5.889
Ackley,10,32,1,0.2467870972886712,35000,5.857
Ackley,10,32,10,1.6463236107652865,35000,5.748
Ackley,10,32,11,0.010015749331643509,35000,5.889
Ackley,10,32,12,1.6463772255066016,35000,5.778
Ackley,10,32,13,0.07199213081981926,35000,5.875
Ackley,10,32,14,0.00480293225902928,35000,5.936
Ackley,10,32,15,1.155200508828067,35000,5.8
Ackley,10,32,16,3.574130116635953,35000,5.833
Ackley,10,32,17,0.06770855075876314,35000,5.888
Ackley,10,32,18,0.026726331280372495,35000,5.939
Ackley,10,32,19,0.520497215712258,35000,5.882
Ackley,10,32,2,0.002432495898450515,35000,5.766
Ackley,10,32,20,0.09278075278463804,35000,5.872
Ackley,10,32,21,0.5724307311936809,35000,5.9
Ackley,10,32,22,0.2949672812164974,35000,5.86
Ackley,10,32,23,0.027233961009429652,35000,5.872
Ackley,10,32,24,1.6462773526386134,35000,5.77
Ackley,10,32,25,2.3169088672403686,35000,5.728
Ackley,10,32,26,1.6462705083141,35000,5.774
Ackley,10,32,27,1.6462457673363429,35000,5.784
Ackley,10,32,28,1.6463060452657605,35000,5.745
Ackley,10,32,29,2.813629017067147,35000,5.762
Ackley,10,32,3,2.31685759146426,35000,5.767
Ackley,10,32,4,0.0038929255905917337,35000,5.887
Ackley,10,32,5,0.02965474878790575,35000,5.891
Ackley,10,32,6,2.3169771325115573,35000,5.809
Ackley,10,32,7,2.013370784155154,35000,5.771
Ackley,10,32,8,0.13856430608369097,35000,5.906
Ackley,10,32,9,2.0133545953545178,35000,5.79
Ackley,10,4,0,2.8143515324481716,35000,3.178
Ackley,10,4,1,2.8143522613499106,35000,3.201
Ackley,10,4,10,0.0473236314061265,35000,3.219
Ackley,10,4,11,3.026597534072508,35000,3.201
Ackley,10,4,12,1.1551638824712183,35000,3.195
Ackley,10,4,13,0.189370817889579,35000,3.209
Ackley,10,4,14,3.574029188531132,35000,3.193
Ackley,10,4,15,2.112467688368064,35000,3.208
Ackley,10,4,16,2.3168531281568687,35000,3.198
Ackley,10,4,17,3.222384680677561,35000,3.177
Ackley,10,4,18,0.010036558980332178,35000,3.2
Ackley,10,4,19,2.0133166830731075,35000,3.2
Ackley,10,4,2,2.013317176716591,35000,3.18
Ackley,10,4,20,0.8312367448935238,35000,3.209
Ackley,10,4,21,0.01608192767533767,35000,3.216
Ackley,10,4,22,2.01331710475974,35000,3.237
Ackley,10,4,23,0.038666308790283654,35000,3.211
Ackley,10,4,24,2.5799301242202017,35000,3.196
Ackley,10,4,25,1.6462270840553157,35000,3.211
Ackley,10,4,26,3.8857602093959938,35000,3.208
Ackley,10,4,27,1.155174375993408,35000,3.213
Ackley,10,4,28,2.0133199668688886,35000,3.206
Ackley,10,4,29,2.5799317941012743,35000,3.203
Ackley,10,4,3,2.316849979932624,35000,3.195
Ackley,10,4,4,0.030022120462018353,35000,3.207
Ackley,10,4,5,1.6462270026989576,35000,3.202
Ackley,10,4,6,2.013327892598174,35000,3.203
Ackley,10,4,7,1.155156401806814,35000,3.201
Ackley,10,4,8,0.3946955428418666,35000,3.21
Ackley,10,4,9,0.000854089097306332,35000,3.22
Ackley,10,59,0,0.4262230148173676,35000,5.8
Ackley,10,59,1,0.0971637109387129,35000,5.828
Ackley,10,59,10,0.20928392175453014,35000,5.797
Ackley,10,59,11,2.813679414307359,35000,5.725
Ackley,10,59,12,2.260900483342589,35000,5.721
Ackley,10,59,13,1.6464702419662598,35000,5.727
Ackley,10,59,14,2.8146332081219296,35000,5.701
Ackley,10,59,15,0.15281674756906982,35000,5.802
Ackley,10,59,16,2.813650552942104,35000,5.727
Ackley,10,59,17,0.34048424184071324,35000,5.833
Ackley,10,59,18,2.316889160624371,35000,5.736
Ackley,10,59,19,0.1778460037086913,35000,5.817
Ackley,10,59,2,1.1990501074041338,35000,5.876
Ackley,10,59,20,0.03748179786949324,35000,5.834
Ackley,10,59,21,0.5886890069565323,35000,5.812
Ackley,10,59,22,2.5800376584333518,35000,5.661
Ackley,10,59,23,2.580109812268273,35000,5.645
Ackley,10,59,24,1.646927223168046,35000,5.574
Ackley,10,59,25,0.014690918325609648,35000,5.673
Ackley,10,59,26,2.8145652333066704,35000,5.558
Ackley,10,59,27,0.2955706884281324,35000,5.768
Ackley,10,59,28,2.3170798745972303,35000,5.73
Ackley,10,59,29,3.026718282768091,35000,5.727
Ackley,10,59,3,0.019001769766731957,35000,5.794
Ackley,10,59,4,0.008812800740646498,35000,5.721
Ackley,10,59,5,2.3170132972798716,35000,5.723
Ackley,10,59,6,2.31757206982708,35000,5.741
Ackley,10,59,7,0.01635856835163496,35000,5.802
Ackley,10,59,8,2.8138537556815924,35000,5.704
Ackley,10,59,9,2.0134360557640787,35000,5.736
Ackley,10,8,0,1.6462444995194585,35000,3.54
Ackley,10,8,1,2.3168627075476924,35000,3.537
Ackley,10,8,10,0.0026742488917688156,35000,3.524
Ackley,10,8,11,0.004642989326395952,35000,3.563
Ackley,10,8,12,3.026605752214579,35000,3.544
Ackley,10,8,13,3.2224101812646144,35000,3.567
Ackley,10,8,14,2.3168591666524887,35000,3.547
Ackley,10,8,15,0.001312192980603033,35000,3.551
Ackley,10,8,16,2.579936322387909,35000,3.554
Ackley,10,8,17,4.029805701417146,35000,3.553
Ackley,10,8,18,0.0016185102436492294,35000,3.547
Ackley,10,8,19,0.014322472649013651,35000,3.552
Ackley,10,8,2,0.003339657628771864,35000,3.554
Ackley,10,8,20,2.0133673187581818,35000,3.542
Ackley,10,8,21,0.30102604481572515,35000,3.573
Ackley,10,8,22,2.0133291211942574,35000,3.547
Ackley,10,8,23,2.025204433760234,35000,3.555
Ackley,10,8,24,2.8143698600251246,35000,3.559
Ackley,10,8,25,0.003871811176268114,35000,3.558
Ackley,10,8,26,0.04549762886783215,35000,3.56
Ackley,10,8,27,0.028053694433591847,35000,3.569
Ackley,10,8,28,0.045328575151757367,35000,3.558
Ackley,10,8,29,3.026600872749239,35000,3.556
Ackley,10,8,3,1.155153942771261,35000,3.536
Ackley,10,8,4,3.027116270065751,35000,3.559
Ackley,10,8,5,2.013334913499126,35000,3.523
Ackley,10,8,6,2.5822946364489003,35000,3.545
Ackley,10,8,7,4.167147081940524,35000,3.554
Ackley,10,8,8,2.813628261554211,35000,3.547
Ackley,10,8,9,2.3168539959143826,35000,3.555
Ackley,30,16,0,0.0358006552383654,105000,12.544
Ackley,30,16,1,1.343872399730206,105000,12.525
Ackley,30,16,10,6.964426624535289,105000,12.437
Ackley,30,16,11,0.07215918133052712,105000,12.538
Ackley,30,16,12,0.036710476364089306,105000,12.479
Ackley,30,16,13,0.08446790928527337,105000,12.446
Ackley,30,16,14,4.254977097900788,105000,12.439
Ackley,30,16,15,0.8845660354795339,105000,12.5
Ackley,30,16,16,1.034203262683587,105000,12.507
Ackley,30,16,17,4.298463761795766,105000,12.444
Ackley,30,16,18,0.8415076765190688,105000,12.499
Ackley,30,16,19,0.2753598003679909,105000,12.506
Ackley,30,16,2,1.0185287023563032,105000,12.497
Ackley,30,16,20,1.130998771896103,105000,12.476
Ackley,30,16,21,0.18074348508283622,105000,12.518
Ackley,30,16,22,0.16521810366053957,105000,12.497
Ackley,30,16,23,0.42913725652091417,105000,12.514
Ackley,30,16,24,0.14044267790335896,105000,12.559
Ackley,30,16,25,6.1573303570946685,105000,12.44
Ackley,30,16,26,0.7001030861136965,105000,12.478
Ackley,30,16,27,5.125309898973388,105000,12.464
Ackley,30,16,28,0.007243623746916672,105000,12.573
Ackley,30,16,29,4.42451314166167,105000,12.419
Ackley,30,16,3,0.3463931098358981,105000,12.553
Ackley,30,16,4,0.09812084214078398,105000,12.532
Ackley,30,16,5,3.9161208960556775,105000,12.472
Ackley,30,16,6,5.734577687481096,105000,12.425
Ackley,30,16,7,1.213604361282766,105000,12.446
Ackley,30,16,8,0.010806346369179654,105000,12.514
Ackley,30,16,9,0.08384152617340535,105000,12.522
Ackley,30,32,0,5.35104602956655,105000,17.429
Ackley,30,32,1,5.125839252195828,105000,17.387
Ackley,30,32,10,0.2963575597353736,105000,17.238
Ackley,30,32,11,7.024743040588703,105000,17.222
Ackley,30,32,12,2.7388958744019303,105000,17.088
Ackley,30,32,13,4.167256072457235,105000,17.03
Ackley,30,32,14,6.352111052265368,105000,17.142
Ackley,30,32,15,0.57018194018988,105000,17.142
Ackley,30,32,16,0.009760340444245674,105000,17.458
Ackley,30,32,17,0.23249725487433226,105000,17.224
Ackley,30,32,18,0.15216288632412445,105000,17.177
Ackley,30,32,19,0.08738145248036533,105000,17.165
Ackley,30,32,2,0.009870061312121425,105000,17.326
Ackley,30,32,20,5.898934304101555,105000,17.075
Ackley,30,32,21,0.010682777151445055,105000,17.347
Ackley,30,32,22,0.12574193089288288,105000,17.202
Ackley,30,32,23,1.0610742102812023,105000,17.181
Ackley,30,32,24,0.6685561636420343,105000,17.226
Ackley,30,32,25,3.0941342195761945,105000,17.084
Ackley,30,32,26,0.2747253262646159,105000,17.19
Ackley,30,32,27,0.013106600416517455,105000,17.371
Ackley,30,32,28,0.02947719316526376,105000,17.313
Ackley,30,32,29,0.058586680690464465,105000,17.069
Ackley,30,32,3,4.624103248427371,105000,17.422
Ackley,30,32,4,0.20664036747921388,105000,17.559
Ackley,30,32,5,0.022970550101487408,105000,17.663
Ackley,30,32,6,0.14958209815403167,105000,17.232
Ackley,30,32,7,0.6683005911785576,105000,17.22
Ackley,30,32,8,4.382957135370692,105000,17.191
Ackley,30,32,9,0.26384653947214476,105000,17.317
Ackley,30,4,0,2.81412893799487,105000,9.701
Ackley,30,4,1,6.375562645098324,105000,9.692
Ackley,30,4,10,5.503244672056542,105000,9.715
Ackley,30,4,11,6.03030764314547,105000,9.737
Ackley,30,4,12,7.06429626469879,105000,9.741
Ackley,30,4,13,4.737885946554709,105000,9.76
Ackley,30,4,14,4.584193375177559,105000,9.701
Ackley,30,4,15,6.0044083780540625,105000,9.783
Ackley,30,4,16,0.2573302200037628,105000,9.758
Ackley,30,4,17,5.255952327784886,105000,9.736
Ackley,30,4,18,5.1912358024627,105000,9.714
Ackley,30,4,19,4.883930882902504,105000,9.703
Ackley,30,4,2,5.533083321815422,105000,9.721
Ackley,30,4,20,0.09829979336817773,105000,9.764
Ackley,30,4,21,0.03155502027767598,105000,9.712
Ackley,30,4,22,4.700336797354119,105000,9.727
Ackley,30,4,23,1.7204403463194713,105000,9.779
Ackley,30,4,24,6.231423135041442,105000,9.744
Ackley,30,4,25,4.465277385328406,105000,9.771
Ackley,30,4,26,4.029588041125358,105000,9.741
Ackley,30,4,27,5.158319161016063,105000,9.748
Ackley,30,4,28,5.734494213328219,105000,9.796
Ackley,30,4,29,3.7342856253070704,105000,9.788
Ackley,30,4,3,5.951985291840376,105000,9.682
Ackley,30,4,4,0.013340308643443155,105000,9.729
Ackley,30,4,5,4.919512195105614,105000,9.7
Ackley,30,4,6,4.989420189620841,105000,9.693
Ackley,30,4,7,4.919366248469746,105000,9.743
Ackley,30,4,8,5.871915201540208,105000,9.693
Ackley,30,4,9,4.623880596411336,105000,9.736
Ackley,30,59,0,0.38129211844436073,105000,17.541
Ackley,30,59,1,3.3462333528997985,105000,17.362
Ackley,30,59,10,0.04471725637008506,105000,17.627
Ackley,30,59,11,0.04065640828288197,105000,17.588
Ackley,30,59,12,0.0290827820802666,105000,17.543
Ackley,30,59,13,3.2238933964404812,105000,17.497
Ackley,30,59,14,4.299794341401256,105000,17.49
Ackley,30,59,15,0.05639734252259787,105000,17.622
Ackley,30,59,16,0.025310624611443178,105000,17.553
Ackley,30,59,17,0.051694897927522465,105000,17.616
Ackley,30,59,18,0.02379164188663596,105000,17.543
Ackley,30,59,19,0.032526022224186324,105000,17.759
Ackley,30,59,2,0.035170685051955974,105000,17.483
Ackley,30,59,20,0.45657717230420447,105000,17.627
Ackley,30,59,21,3.6829793625507574,105000,17.532
Ackley,30,59,22,3.2860451823801538,105000,17.523
Ackley,30,59,23,0.03590106608400889,105000,17.584
Ackley,30,59,24,0.020839121640321867,105000,17.54
Ackley,30,59,25,0.024212700703647005,105000,17.483
Ackley,30,59,26,0.03576277834891117,105000,17.572
Ackley,30,59,27,4.212571926133091,105000,17.502
Ackley,30,59,28,0.035324573291991346,105000,17.552
Ackley,30,59,29,0.06809309626927318,105000,17.61
Ackley,30,59,3,0.028903967062227753,105000,17.626
Ackley,30,59,4,6.735904730518925,105000,17.496
Ackley,30,59,5,0.04047612787827903,105000,17.544
Ackley,30,59,6,0.5562855515747036,105000,17.591
Ackley,30,59,7,0.044597312021931845,105000,17.553
Ackley,30,59,8,3.2854141468575837,105000,17.477
Ackley,30,59,9,5.443799303232769,105000,17.567
Ackley,30,8,0,0.0250623953456679,105000,10.816
Ackley,30,8,1,5.952011996575607,105000,10.766
Ackley,30,8,10,5.319312888011385,105000,10.829
Ackley,30,8,11,4.16706478139854,105000,10.808
Ackley,30,8,12,5.223674896473039,105000,10.796
Ackley,30,8,13,7.458394209159289,105000,10.785
Ackley,30,8,14,3.681937738888245,105000,10.808
Ackley,30,8,15,0.011679257276302923,105000,10.822
Ackley,30,8,16,0.023976185127882577,105000,10.876
Ackley,30,8,17,3.8362259818841804,105000,10.797
Ackley,30,8,18,0.4165576850901904,105000,10.774
Ackley,30,8,19,5.412627766181348,105000,10.718
Ackley,30,8,2,6.799187754699851,105000,10.79
Ackley,30,8,20,1.5048874423485548,105000,10.792
Ackley,30,8,21,0.16996537775213882,105000,10.803
Ackley,30,8,22,3.5184876277234634,105000,10.749
Ackley,30,8,23,5.381895935234372,105000,10.759
Ackley,30,8,24,4.62400160540647,105000,10.743
Ackley,30,8,25,4.662352786919563,105000,10.743
Ackley,30,8,26,0.30292162874076256,105000,10.806
Ackley,30,8,27,0.045472217627811506,105000,10.794
Ackley,30,8,28,4.737944453681418,105000,10.756
Ackley,30,8,29,4.6623842276987375,105000,10.783
Ackley,30,8,3,7.458426214754999,105000,10.806
Ackley,30,8,4,0.01646647630777709,105000,10.855
Ackley,30,8,5,0.7221908375715889,105000,10.771
Ackley,30,8,6,0.3335760867925477,105000,10.806
Ackley,30,8,7,0.008529805798020096,105000,10.769
Ackley,30,8,8,0.012807934211946037,105000,10.823
Ackley,30,8,9,5.473258377633993,105000,10.823
Ackley,50,16,0,0.05313511030448881,175000,21.104
Ackley,50,16,1,6.992776271606996,175000,21.114
Ackley,50,16,10,5.8505695041383134,175000,21.147
Ackley,50,16,11,0.007690756841512769,175000,21.216
Ackley,50,16,12,0.8331609249583498,175000,21.198
Ackley,50,16,13,0.11009307351439945,175000,21.209
Ackley,50,16,14,0.10408605125295312,175000,21.106
Ackley,50,16,15,0.24971762763718575,175000,21.149
Ackley,50,16,16,1.4246587702455789,175000,21.166
Ackley,50,16,17,0.0031550975701759576,175000,20.996
Ackley,50,16,18,5.1719176042046975,175000,20.982
Ackley,50,16,19,0.0035775202236121295,175000,21.2
Ackley,50,16,2,0.010854650591096249,175000,21.086
Ackley,50,16,20,0.03412923256584621,175000,21.08
Ackley,50,16,21,6.280228327255127,175000,21.051
Ackley,50,16,22,0.5502085145289048,175000,21.123
Ackley,50,16,23,0.9742496587033789,175000,21.138
Ackley,50,16,24,0.010032833024205434,175000,21.171
Ackley,50,16,25,0.952421785432183,175000,21.154
Ackley,50,16,26,0.22290929323395803,175000,21.042
Ackley,50,16,27,0.12991903434556606,175000,21.081
Ackley,50,16,28,0.048613579051015154,175000,20.973
Ackley,50,16,29,0.6118783305858391,175000,21.182
Ackley,50,16,3,0.008955673559949862,175000,21.203
Ackley,50,16,4,0.02144028697060607,175000,20.644
Ackley,50,16,5,0.0349674373792479,175000,21.24
Ackley,50,16,6,0.02760946175154233,175000,21.111
Ackley,50,16,7,1.0907710660228251,175000,21.119
Ackley,50,16,8,0.29558887388861566,175000,21.186
Ackley,50,16,9,0.010313149572479308,175000,21.287
Ackley,50,32,0,0.12877448526043667,175000,29.002
Ackley,50,32,1,0.017084630962447722,175000,29.286
Ackley,50,32,10,0.05917251750399233,175000,28.947
Ackley,50,32,11,0.01432704647443872,175000,29.444
Ackley,50,32,12,0.08455916429987242,175000,28.938
Ackley,50,32,13,0.5642124015363206,175000,28.664
Ackley,50,32,14,0.04504220824658178,175000,28.78
Ackley,50,32,15,0.013383857049675374,175000,29.386
Ackley,50,32,16,7.250508078627512,175000,28.742
Ackley,50,32,17,0.01629802517722867,175000,29.058
Ackley,50,32,18,0.07667874433891742,175000,28.521
Ackley,50,32,19,0.2045787654426623,175000,28.599
Ackley,50,32,2,6.993034798606324,175000,28.72
Ackley,50,32,20,0.20293473194286493,175000,28.85
Ackley,50,32,21,0.8795159506401586,175000,29.287
Ackley,50,32,22,0.036346546265207724,175000,29.008
Ackley,50,32,23,0.017683146467668553,175000,29.182
Ackley,50,32,24,0.12155224387561647,175000,28.907
Ackley,50,32,25,0.08867203728473116,175000,29.106
Ackley,50,32,26,0.012842384674371932,175000,29.376
Ackley,50,32,27,0.021568120400662583,175000,29.32
Ackley,50,32,28,0.046714525488589675,175000,29.19
Ackley,50,32,29,0.11987655046517931,175000,28.995
Ackley,50,32,3,0.18314951687157732,175000,28.962
Ackley,50,32,4,5.250150551481536,175000,28.812
Ackley,50,32,5,0.011865623555824545,175000,29.121
Ackley,50,32,6,0.2221105785532811,175000,28.797
Ackley,50,32,7,0.17904837080067226,175000,28.84
Ackley,50,32,8,4.569592570727043,175000,28.819
Ackley,50,32,9,0.01641730557931398,175000,29.281
Ackley,50,4,0,0.09561149319269235,175000,16.427
Ackley,50,4,1,5.700824030352656,175000,16.412
Ackley,50,4,10,5.9465768512058865,175000,16.424
Ackley,50,4,11,7.260574328314393,175000,16.47
Ackley,50,4,12,7.203763823781637,175000,16.449
Ackley,50,4,13,8.092051974311032,175000,16.426
Ackley,50,4,14,0.1201131920637839,175000,16.343
Ackley,50,4,15,7.616073643532969,175000,16.419
Ackley,50,4,16,6.5052004579090905,175000,16.511
Ackley,50,4,17,7.584997924566398,175000,16.449
Ackley,50,4,18,0.16972283243168862,175000,16.435
Ackley,50,4,19,6.450253713349355,175000,16.444
Ackley,50,4,2,8.046011750563308,175000,16.399
Ackley,50,4,20,6.408386115619614,175000,16.375
Ackley,50,4,21,5.882578555362112,175000,16.447
Ackley,50,4,22,0.07739147803143398,175000,16.383
Ackley,50,4,23,4.685268253838807,175000,16.516
Ackley,50,4,24,0.03637951196005007,175000,16.522
Ackley,50,4,25,1.1998553200794153,175000,16.413
Ackley,50,4,26,6.769395674759439,175000,16.497
Ackley,50,4,27,7.511631579406986,175000,16.468
Ackley,50,4,28,0.5705615996610018,175000,16.51
Ackley,50,4,29,0.0910988658722478,175000,16.488
Ackley,50,4,3,0.23534484918527854,175000,16.451
Ackley,50,4,4,4.8408195033855925,175000,16.454
Ackley,50,4,5,0.10977693691430135,175000,16.468
Ackley,50,4,6,7.7378708481874,175000,16.37
Ackley,50,4,7,7.894849360513666,175000,16.445
Ackley,50,4,8,4.521788050875397,175000,16.405
Ackley,50,4,9,6.236370735694813,175000,16.474
Ackley,50,59,0,0.04861010058397186,175000,29.644
Ackley,50,59,1,0.034934155558624,175000,29.657
Ackley,50,59,10,0.1245907445417882,175000,29.569
Ackley,50,59,11,0.027701811955826106,175000,29.624
Ackley,50,59,12,0.05198261874323551,175000,29.441
Ackley,50,59,13,0.054977837970956234,175000,29.49
Ackley,50,59,14,0.034237942126531085,175000,29.6
Ackley,50,59,15,0.24301645892767398,175000,29.579
Ackley,50,59,16,0.07578739336807461,175000,29.538
Ackley,50,59,17,0.02178117911993782,175000,29.691
Ackley,50,59,18,0.026501129976129523,175000,29.39
Ackley,50,59,19,0.05623365401383085,175000,29.507
Ackley,50,59,2,0.2888195014431081,175000,29.693
Ackley,50,59,20,0.02785347801800997,175000,29.893
Ackley,50,59,21,0.04702681949234888,175000,29.592
Ackley,50,59,22,0.044303378495989865,175000,29.728
Ackley,50,59,23,0.31454391549183613,175000,29.611
Ackley,50,59,24,0.03409443753155772,175000,29.805
Ackley,50,59,25,0.23159498752960106,175000,29.523
Ackley,50,59,26,0.04452485244150184,175000,29.639
Ackley,50,59,27,0.04340114650585436,175000,29.54
Ackley,50,59,28,0.025233823195016658,175000,29.766
Ackley,50,59,29,0.028109561447927423,175000,29.661
Ackley,50,59,3,0.02799022964493192,175000,29.693
Ackley,50,59,4,0.7082218819545436,175000,29.682
Ackley,50,59,5,0.05582879912937999,175000,29.748
Ackley,50,59,6,0.03986263500562304,175000,29.608
Ackley,50,59,7,0.02910033231988196,175000,29.638
Ackley,50,59,8,0.17627078205572433,175000,29.596
Ackley,50,59,9,0.028562414643474643,175000,30.015
Ackley,50,8,0,0.007994802881729601,175000,18.29
Ackley,50,8,1,6.956441400490849,175000,18.156
Ackley,50,8,10,0.31054996769728804,175000,18.086
Ackley,50,8,11,8.392556502770326,175000,18.105
Ackley,50,8,12,5.801266752156167,175000,18.056
Ackley,50,8,13,8.493583055168807,175000,18.086
Ackley,50,8,14,0.2831640016770547,175000,18.015
Ackley,50,8,15,0.11471122530995759,175000,18.104
Ackley,50,8,16,0.8793179184136517,175000,18.174
Ackley,50,8,17,0.8201654157868039,175000,18.118
Ackley,50,8,18,0.8979287844651904,175000,18.156
Ackley,50,8,19,8.209732492305807,175000,18.189
Ackley,50,8,2,1.6464578546296882,175000,18.25
Ackley,50,8,20,0.4508533563556658,175000,18.162
Ackley,50,8,21,6.807496723849324,175000,18.109
Ackley,50,8,22,0.24112635726993448,175000,18.234
Ackley,50,8,23,0.15502239585939792,175000,18.138
Ackley,50,8,24,0.2901779043068271,175000,18.256
Ackley,50,8,25,0.16533218635089897,175000,18.316
Ackley,50,8,26,0.16049749543385206,175000,18.262
Ackley,50,8,27,0.11259645976067079,175000,18.218
Ackley,50,8,28,0.4418058812962973,175000,18.302
Ackley,50,8,29,5.527103787562108,175000,18.31
Ackley,50,8,3,5.580254484548949,175000,18.188
Ackley,50,8,4,4.592935755097535,175000,18.214
Ackley,50,8,5,6.807597259687757,175000,18.213
Ackley,50,8,6,6.491750030752957,175000,18.139
Ackley,50,8,7,0.41891954080575333,175000,18.039
Ackley,50,8,8,6.6922228959275,175000,18.108
Ackley,50,8,9,5.962593624588383,175000,18.135
Branin,2,16,0,0.3978873581995508,7000,0.689
Branin,2,16,1,0.39788735788776464,7000,0.686
Branin,2,16,10,0.39788737626084014,7000,0.71
Branin,2,16,11,0.39797237291045207,7000,0.707
Branin,2,16,12,0.3978873609460649,7000,0.699
Branin,2,16,13,0.3978873580375719,7000,0.698
Branin,2,16,14,0.3978873578449722,7000,0.697
Branin,2,16,15,0.3978873771490079,7000,0.688
Branin,2,16,16,0.39788735989704804,7000,0.685
Branin,2,16,17,0.3978873582894451,7000,0.692
Branin,2,16,18,0.39788735778096296,7000,0.685
Branin,2,16,19,0.39788735808473596,7000,0.724
Branin,2,16,2,0.3978873580118467,7000,0.711
Branin,2,16,20,0.39788735787607266,7000,0.687
Branin,2,16,21,0.39788735898208394,7000,0.695
Branin,2,16,22,0.3978873619621339,7000,0.676
Branin,2,16,23,0.3978873581416327,7000,0.691
Branin,2,16,24,0.3978873611765916,7000,0.687
Branin,2,16,25,0.39788735866722647,7000,0.685
Branin,2,16,26,0.3978873581164848,7000,0.682
Branin,2,16,27,0.3978873581057538,7000,0.686
Branin,2,16,28,0.397887358371781,7000,0.707
Branin,2,16,29,0.3978873589568792,7000,0.672
Branin,2,16,3,0.39788735830227395,7000,0.686
Branin,2,16,4,0.3978873586281555,7000,0.705
Branin,2,16,5,0.3978873579884574,7000,0.707
Branin,2,16,6,0.3978873605925326,7000,0.741
Branin,2,16,7,0.39788735791136176,7000,0.707
Branin,2,16,8,0.3978873586111149,7000,0.697
Branin,2,16,9,0.3978873581461606,7000,0.708
Branin,2,32,0,0.39788735908026673,7000,1.107
Branin,2,32,1,0.3978877280635835,7000,1.104
Branin,2,32,10,0.3978873584047182,7000,1.083
Branin,2,32,11,0.39801106406056697,7000,1.077
Branin,2,32,12,0.39791364994613687,7000,1.094
Branin,2,32,13,0.39788735813290543,7000,1.096
Branin,2,32,14,0.3978873578263826,7000,1.079
Branin,2,32,15,0.397887363027964,7000,1.112
Branin,2,32,16,0.3978874904588068,7000,1.107
Branin,2,32,17,0.39788736026980587,7000,1.105
Branin,2,32,18,0.397887358763219,7000,1.101
Branin,2,32,19,0.3978873584810074,7000,1.103
Branin,2,32,2,0.3978873594819188,7000,1.113
Branin,2,32,20,0.3978873577302515,7000,1.113
Branin,2,32,21,0.39788735773983674,7000,1.102
Branin,2,32,22,0.3978873583538274,7000,1.096
Branin,2,32,23,0.39788735773443484,7000,1.085
Branin,2,32,24,0.3979080019236143,7000,1.102
Branin,2,32,25,0.39788736005048264,7000,1.11
Branin,2,32,26,0.39788735934864583,7000,1.113
Branin,2,32,27,0.3978873591435246,7000,1.098
Branin,2,32,28,0.39788735990614654,7000,1.099
Branin,2,32,29,0.39788735921829144,7000,1.118
Branin,2,32,3,0.3978873577491928,7000,1.118
Branin,2,32,4,0.39788735947086096,7000,1.139
Branin,2,32,5,0.39788735874085823,7000,1.123
Branin,2,32,6,0.39788735947137077,7000,1.102
Branin,2,32,7,0.3978873609417164,7000,1.097
Branin,2,32,8,0.39788735875329984,7000,1.114
Branin,2,32,9,0.39788736062271823,7000,1.195
Branin,2,4,0,0.39788735794086705,7000,0.448
Branin,2,4,1,0.39788735786555485,7000,0.467
Branin,2,4,10,0.3978873578989077,7000,0.47
Branin,2,4,11,0.3980321588327733,7000,0.47
Branin,2,4,12,0.3978873577376767,7000,0.461
Branin,2,4,13,0.39788735802315145,7000,0.454
Branin,2,4,14,0.3978873592580996,7000,0.466
Branin,2,4,15,0.3978873581281963,7000,0.467
Branin,2,4,16,0.39788735809104203,7000,0.468
Branin,2,4,17,0.39788735781510454,7000,0.468
Branin,2,4,18,0.3978873582112019,7000,0.483
Branin,2,4,19,0.39788735814959253,7000,0.459
Branin,2,4,2,0.3978873579362734,7000,0.465
Branin,2,4,20,0.39788735773813677,7000,0.47
Branin,2,4,21,0.39788735780966,7000,0.457
Branin,2,4,22,0.397887357732051,7000,0.464
Branin,2,4,23,0.39788735773040607,7000,0.473
Branin,2,4,24,0.39788735959899846,7000,0.463
Branin,2,4,25,0.397887357888159,7000,0.467
Branin,2,4,26,0.397887357761574,7000,0.455
Branin,2,4,27,0.39788735780763496,7000,0.463
Branin,2,4,28,0.39788735773055883,7000,0.452
Branin,2,4,29,0.39788735788190266,7000,0.473
Branin,2,4,3,0.3978873590818601,7000,0.462
Branin,2,4,4,0.3978873581872975,7000,0.454
Branin,2,4,5,0.3978873578862583,7000,0.467
Branin,2,4,6,0.39788735779607975,7000,0.452
Branin,2,4,7,0.3978873578041249,7000,0.457
Branin,2,4,8,0.39861910067759077,7000,0.464
Branin,2,4,9,0.3978873578336284,7000,0.471
Branin,2,59,0,0.39788735903348105,7000,0.967
Branin,2,59,1,0.3978874171445863,7000,0.953
Branin,2,59,10,0.3978873615292766,7000,0.949
Branin,2,59,11,0.3995723574939003,7000,0.949
Branin,2,59,12,0.39788739747038804,7000,0.948
Branin,2,59,13,0.3978873832202243,7000,0.954
Branin,2,59,14,0.39788735962472543,7000,1.068
Branin,2,59,15,0.39788735879079873,7000,0.958
Branin,2,59,16,0.39788741917645964,7000,0.95
Branin,2,59,17,0.3978873970311412,7000,0.95
Branin,2,59,18,0.3978873595607162,7000,0.96
Branin,2,59,19,0.39788735882810755,7000,0.949
Branin,2,59,2,0.39788746789865215,7000,0.957
Branin,2,59,20,0.39788735903772476,7000,1.065
Branin,2,59,21,0.3978873864305985,7000,0.948
Branin,2,59,22,0.39788736819237336,7000,0.953
Branin,2,59,23,0.3978873594793608,7000,0.942
Branin,2,59,24,0.39788768532700125,7000,0.948
Branin,2,59,25,0.39788735818410004,7000,0.955
Branin,2,59,26,0.39788757507074735,7000,0.95
Branin,2,59,27,0.3978873589303973,7000,0.953
Branin,2,59,28,0.39788735774305195,7000,0.953
Branin,2,59,29,0.39788735993773194,7000,0.952
Branin,2,59,3,0.39788739039552823,7000,0.959
Branin,2,59,4,0.39788735775635686,7000,0.956
Branin,2,59,5,0.3978873617265126,7000,0.954
Branin,2,59,6,0.3978873577951685,7000,0.959
Branin,2,59,7,0.3978873599134509,7000,1.06
Branin,2,59,8,0.3978877321368053,7000,0.944
Branin,2,59,9,0.3978873605496922,7000,0.947
Branin,2,8,0,0.3978873578427109,7000,0.54
Branin,2,8,1,0.39788735801798936,7000,0.547
Branin,2,8,10,0.3978873578085125,7000,0.549
Branin,2,8,11,0.3979916719677714,7000,0.546
Branin,2,8,12,0.3978873587937386,7000,0.546
Branin,2,8,13,0.3978873597815422,7000,0.542
Branin,2,8,14,0.3978873580116584,7000,0.54
Branin,2,8,15,0.39788735778103934,7000,0.544
Branin,2,8,16,0.3978873584736622,7000,0.546
Branin,2,8,17,0.3978873578359874,7000,0.538
Branin,2,8,18,0.3978873577902835,7000,0.541
Branin,2,8,19,0.39788735864716074,7000,0.544
Branin,2,8,2,0.3978873583316602,7000,0.548
Branin,2,8,20,0.3978873577593145,7000,0.537
Branin,2,8,21,0.3978873578796982,7000,0.549
Branin,2,8,22,0.39788735807147013,7000,0.545
Branin,2,8,23,0.39788735888151194,7000,0.548
Branin,2,8,24,0.39788735906918227,7000,0.543
Branin,2,8,25,0.39788735784604334,7000,0.551
Branin,2,8,26,0.39788735803199415,7000,0.56
Branin,2,8,27,0.3978873578959412,7000,0.554
Branin,2,8,28,0.3978873625095094,7000,0.559
Branin,2,8,29,0.39788735830192046,7000,0.591
Branin,2,8,3,0.3978873595864858,7000,0.546
Branin,2,8,4,0.39788735822062016,7000,0.542
Branin,2,8,5,0.3978873590846703,7000,0.545
Branin,2,8,6,0.3978873577892603,7000,0.543
Branin,2,8,7,0.39788746821946575,7000,0.542
Branin,2,8,8,0.39788735825067256,7000,0.545
Branin,2,8,9,0.39788735843768386,7000,0.544
Camel-Back,2,16,0,-1.0316284529075095,7000,0.668
Camel-Back,2,16,1,-1.0316284500395094,7000,0.666
Camel-Back,2,16,10,-1.0316284521990895,7000,0.655
Camel-Back,2,16,11,-1.031628452780579,7000,0.652
Camel-Back,2,16,12,-1.0316284527455022,7000,0.651
Camel-Back,2,16,13,-1.0316284516446297,7000,0.646
Camel-Back,2,16,14,-1.0316284513767686,7000,0.627
Camel-Back,2,16,15,-1.0316284509330143,7000,0.649
Camel-Back,2,16,16,-1.0316284301027436,7000,0.637
Camel-Back,2,16,17,-1.0316284510970881,7000,0.653
Camel-Back,2,16,18,-1.0316284519815262,7000,0.675
Camel-Back,2,16,19,-1.031628452271745,7000,0.677
Camel-Back,2,16,2,-1.0316284526354305,7000,0.655
Camel-Back,2,16,20,-1.0316284517681193,7000,0.662
Camel-Back,2,16,21,-1.0316284459825629,7000,0.641
Camel-Back,2,16,22,-1.0316284530113664,7000,0.634
Camel-Back,2,16,23,-1.0316284529843558,7000,0.651
Camel-Back,2,16,24,-1.0316284402024392,7000,0.686
Camel-Back,2,16,25,-1.0316284524147314,7000,0.677
Camel-Back,2,16,26,-1.0316284531855582,7000,0.643
Camel-Back,2,16,27,-1.0316284526402524,7000,0.648
Camel-Back,2,16,28,-1.0316284528213413,7000,0.655
Camel-Back,2,16,29,-1.0316284517002146,7000,0.64
Camel-Back,2,16,3,-1.031628434039397,7000,0.661
Camel-Back,2,16,4,-1.0316284532175362,7000,0.705
Camel-Back,2,16,5,-1.0316284514772622,7000,0.695
Camel-Back,2,16,6,-1.031628453302073,7000,0.66
Camel-Back,2,16,7,-1.0316284522400723,7000,0.663
Camel-Back,2,16,8,-1.0316284494230605,7000,0.659
Camel-Back,2,16,9,-1.0316284524298718,7000,0.675
Camel-Back,2,32,0,-1.0316284450629563,7000,1.082
Camel-Back,2,32,1,-1.0316284531536453,7000,1.081
Camel-Back,2,32,10,-1.031628453207616,7000,1.056
Camel-Back,2,32,11,-1.0316284494453634,7000,1.08
Camel-Back,2,32,12,-1.0316284533280442,7000,1.069
Camel-Back,2,32,13,-1.0316284532645283,7000,1.079
Camel-Back,2,32,14,-1.031628452270736,7000,1.066
Camel-Back,2,32,15,-1.0316284530692033,7000,1.166
Camel-Back,2,32,16,-1.0316284472381534,7000,1.041
Camel-Back,2,32,17,-1.0316284526975321,7000,1.081
Camel-Back,2,32,18,-1.031628453057883,7000,1.074
Camel-Back,2,32,19,-1.0316284478252464,7000,1.07
Camel-Back,2,32,2,-1.0316284514488818,7000,1.059
Camel-Back,2,32,20,-1.0316284513668381,7000,1.074
Camel-Back,2,32,21,-1.0316284531842685,7000,1.082
Camel-Back,2,32,22,-1.0316284529257604,7000,1.052
Camel-Back,2,32,23,-1.0316284527655306,7000,1.063
Camel-Back,2,32,24,-1.031628451598893,7000,1.072
Camel-Back,2,32,25,-1.0316284530553326,7000,1.085
Camel-Back,2,32,26,-1.0316284523926893,7000,1.067
Camel-Back,2,32,27,-1.031628452940375,7000,1.058
Camel-Back,2,32,28,-1.0316284529620665,7000,1.071
Camel-Back,2,32,29,-1.0316284501005866,7000,1.094
Camel-Back,2,32,3,-1.031627691920609,7000,1.156
Camel-Back,2,32,4,-1.0316284415458532,7000,1.056
Camel-Back,2,32,5,-1.0316284532543973,7000,1.085
Camel-Back,2,32,6,-1.0316284522456856,7000,1.072
Camel-Back,2,32,7,-1.031628450355466,7000,1.082
Camel-Back,2,32,8,-1.0316284515672511,7000,1.055
Camel-Back,2,32,9,-1.0316284525593697,7000,1.112
Camel-Back,2,4,0,-1.0316284534876299,7000,0.436
Camel-Back,2,4,1,-1.031628453259639,7000,0.443
Camel-Back,2,4,10,-1.031628453222092,7000,0.441
Camel-Back,2,4,11,-1.0316284534472884,7000,0.446
Camel-Back,2,4,12,-1.0316284522893728,7000,0.439
Camel-Back,2,4,13,-1.0316284534890976,7000,0.428
Camel-Back,2,4,14,-1.0316284533788154,7000,0.425
Camel-Back,2,4,15,-1.0316284534555302,7000,0.427
Camel-Back,2,4,16,-1.0316284532351354,7000,0.442
Camel-Back,2,4,17,-1.031628453348674,7000,0.437
Camel-Back,2,4,18,-1.0316284533459616,7000,0.449
Camel-Back,2,4,19,-1.0316284534698554,7000,0.45
Camel-Back,2,4,2,-1.0316284533972027,7000,0.443
Camel-Back,2,4,20,-1.031628453443074,7000,0.452
Camel-Back,2,4,21,-1.0316284534700395,7000,0.449
Camel-Back,2,4,22,-1.0316284533419275,7000,0.447
Camel-Back,2,4,23,-1.0316284534479063,7000,0.443
Camel-Back,2,4,24,-1.0316284533958522,7000,0.439
Camel-Back,2,4,25,-1.0316284523222135,7000,0.442
Camel-Back,2,4,26,-1.0316284531900792,7000,0.455
Camel-Back,2,4,27,-1.0316284534551399,7000,0.439
Camel-Back,2,4,28,-1.0316284531191708,7000,0.466
Camel-Back,2,4,29,-1.0316284530232724,7000,0.452
Camel-Back,2,4,3,-1.0316284534292446,7000,0.44
Camel-Back,2,4,4,-1.0316284530078281,7000,0.443
Camel-Back,2,4,5,-1.0316284533265652,7000,0.432
Camel-Back,2,4,6,-1.0316284532687625,7000,0.438
Camel-Back,2,4,7,-1.0316284529593018,7000,0.443
Camel-Back,2,4,8,-1.0316284533316327,7000,0.447
Camel-Back,2,4,9,-1.0316284532751712,7000,0.434
Camel-Back,2,59,0,-1.0316284248067658,7000,1.043
Camel-Back,2,59,1,-1.0316284320688551,7000,0.932
Camel-Back,2,59,10,-1.0316284493100638,7000,0.923
Camel-Back,2,59,11,-1.0316284073522375,7000,0.919
Camel-Back,2,59,12,-1.0316284533323363,7000,0.918
Camel-Back,2,59,13,-1.031628452177903,7000,0.932
Camel-Back,2,59,14,-1.0316284326074614,7000,0.925
Camel-Back,2,59,15,-1.0316284297129725,7000,0.925
Camel-Back,2,59,16,-1.031628429980573,7000,0.933
Camel-Back,2,59,17,-1.0316284528123376,7000,0.905
Camel-Back,2,59,18,-1.0316284530034894,7000,0.925
Camel-Back,2,59,19,-1.031628452118934,7000,0.922
Camel-Back,2,59,2,-1.0316283733722116,7000,1.045
Camel-Back,2,59,20,-1.0316284416609982,7000,0.922
Camel-Back,2,59,21,-1.0316284411928645,7000,0.917
Camel-Back,2,59,22,-1.0316284369136968,7000,0.926
Camel-Back,2,59,23,-1.031628438501136,7000,0.931
Camel-Back,2,59,24,-1.031628382775699,7000,1.004
Camel-Back,2,59,25,-1.03162845128817,7000,0.925
Camel-Back,2,59,26,-1.0316284533523352,7000,0.93
Camel-Back,2,59,27,-1.0316284474378663,7000,0.929
Camel-Back,2,59,28,-1.0316284484996265,7000,0.93
Camel-Back,2,59,29,-1.0316284489551724,7000,0.92
Camel-Back,2,59,3,-1.031628416634737,7000,1.05
Camel-Back,2,59,4,-1.0316283619994426,7000,1.01
Camel-Back,2,59,5,-1.0316284520695662,7000,0.934
Camel-Back,2,59,6,-1.0316284339443818,7000,0.931
Camel-Back,2,59,7,-1.0316284337125659,7000,0.941
Camel-Back,2,59,8,-1.031628453478607,7000,0.937
Camel-Back,2,59,9,-1.0316283188817055,7000,1.048
Camel-Back,2,8,0,-1.031628452383279,7000,0.525
Camel-Back,2,8,1,-1.031628453418958,7000,0.516
Camel-Back,2,8,10,-1.0316284518925758,7000,0.517
Camel-Back,2,8,11,-1.0316284533765532,7000,0.548
Camel-Back,2,8,12,-1.031628453197886,7000,0.512
Camel-Back,2,8,13,-1.031628453312241,7000,0.522
Camel-Back,2,8,14,-1.0316284534172036,7000,0.526
Camel-Back,2,8,15,-1.0316284531680608,7000,0.485
Camel-Back,2,8,16,-1.031628453394142,7000,0.513
Camel-Back,2,8,17,-1.031628452431038,7000,0.527
Camel-Back,2,8,18,-1.0316284533121782,7000,0.497
Camel-Back,2,8,19,-1.031628448243726,7000,0.527
Camel-Back,2,8,2,-1.0316284534214444,7000,0.523
Camel-Back,2,8,20,-1.031628453350809,7000,0.52
Camel-Back,2,8,21,-1.0316284492755396,7000,0.542
Camel-Back,2,8,22,-1.031628452393442,7000,0.546
Camel-Back,2,8,23,-1.03162845346383,7000,0.543
Camel-Back,2,8,24,-1.031628453151739,7000,0.522
Camel-Back,2,8,25,-1.0316284501916306,7000,0.521
Camel-Back,2,8,26,-1.0316284534617641,7000,0.522
Camel-Back,2,8,27,-1.0316284534638145,7000,0.527
Camel-Back,2,8,28,-1.0316284526806871,7000,0.528
Camel-Back,2,8,29,-1.0316284534803875,7000,0.534
Camel-Back,2,8,3,-1.0316284533737858,7000,0.523
Camel-Back,2,8,4,-1.0316284480193925,7000,0.518
Camel-Back,2,8,5,-1.031628452712839,7000,0.525
Camel-Back,2,8,6,-1.0316284528007407,7000,0.524
Camel-Back,2,8,7,-1.0316284530072484,7000,0.531
Camel-Back,2,8,8,-1.0316284528257322,7000,0.531
Camel-Back,2,8,9,-1.0316284527514072,7000,0.532
Foxholes,2,16,0,0.4722058237309429,7000,1.132
Foxholes,2,16,1,0.4722058237500929,7000,1.142
Foxholes,2,16,10,0.4722058237836229,7000,1.15
Foxholes,2,16,11,0.4722058238116289,7000,1.154
Foxholes,2,16,12,0.47220582378574577,7000,1.145
Foxholes,2,16,13,0.472205823909007,7000,1.151
Foxholes,2,16,14,0.47220582430867647,7000,1.149
Foxholes,2,16,15,0.47220582393860666,7000,1.14
Foxholes,2,16,16,0.47220582374341774,7000,1.151
Foxholes,2,16,17,0.47220585971733486,7000,1.146
Foxholes,2,16,18,0.4722058237314404,7000,1.139
Foxholes,2,16,19,0.47220582427897007,7000,1.151
Foxholes,2,16,2,0.47220582372872966,7000,1.145
Foxholes,2,16,20,0.4722058240077778,7000,1.137
Foxholes,2,16,21,0.47220582386843324,7000,1.125
Foxholes,2,16,22,0.4722058237309488,7000,1.145
Foxholes,2,16,23,0.4722058241126405,7000,1.14
Foxholes,2,16,24,0.47220582372765335,7000,1.13
Foxholes,2,16,25,0.4722058237298483,7000,1.154
Foxholes,2,16,26,0.4722058408842772,7000,1.139
Foxholes,2,16,27,0.47220582372763814,7000,1.131
Foxholes,2,16,28,0.4722058251055508,7000,1.178
Foxholes,2,16,29,0.4722058265414682,7000,1.122
Foxholes,2,16,3,0.47220582754775176,7000,1.159
Foxholes,2,16,4,0.472205824103425,7000,1.149
Foxholes,2,16,5,0.4722058237354776,7000,1.174
Foxholes,2,16,6,0.4722059499803669,7000,1.153
Foxholes,2,16,7,0.4722058246018952,7000,1.141
Foxholes,2,16,8,0.47220583295213536,7000,1.144
Foxholes,2,16,9,0.47220582433084773,7000,1.161
Foxholes,2,32,0,0.4722058268318991,7000,1.573
Foxholes,2,32,1,0.4722058239452348,7000,1.597
Foxholes,2,32,10,0.47220582378372145,7000,1.536
Foxholes,2,32,11,0.4722058244183047,7000,1.684
Foxholes,2,32,12,0.4722059483646299,7000,1.586
Foxholes,2,32,13,0.47220582808603584,7000,1.588
Foxholes,2,32,14,0.47220582891656343,7000,1.559
Foxholes,2,32,15,0.4722058249296929,7000,1.66
Foxholes,2,32,16,0.47220582383082743,7000,1.557
Foxholes,2,32,17,0.4722058338032979,7000,1.56
Foxholes,2,32,18,0.4722058237290517,7000,1.564
Foxholes,2,32,19,0.4722058237281728,7000,1.65
Foxholes,2,32,2,0.4722058237528641,7000,1.569
Foxholes,2,32,20,0.4722060193366712,7000,1.536
Foxholes,2,32,21,0.47220582376518716,7000,1.557
Foxholes,2,32,22,0.47220582398244,7000,1.569
Foxholes,2,32,23,0.4722058250539051,7000,1.569
Foxholes,2,32,24,0.4722058237284841,7000,1.661
Foxholes,2,32,25,0.4722058237277725,7000,1.573
Foxholes,2,32,26,0.4722058237277519,7000,1.597
Foxholes,2,32,27,0.47220582372849734,7000,1.577
Foxholes,2,32,28,0.472205859752173,7000,1.586
Foxholes,2,32,29,0.4722058237343929,7000,1.692
Foxholes,2,32,3,0.4722058237283264,7000,1.599
Foxholes,2,32,4,0.4722058237763448,7000,1.605
Foxholes,2,32,5,0.4722058240801837,7000,1.591
Foxholes,2,32,6,0.47220582373440334,7000,1.554
Foxholes,2,32,7,0.4722058237278851,7000,1.587
Foxholes,2,32,8,0.47220599494780585,7000,1.579
Foxholes,2,32,9,0.4722058272782148,7000,1.593
Foxholes,2,4,0,0.47220582381483744,7000,0.929
Foxholes,2,4,1,0.4722058237413752,7000,0.923
Foxholes,2,4,10,0.4722058280055964,7000,0.928
Foxholes,2,4,11,0.4722058237315296,7000,0.934
Foxholes,2,4,12,0.4722058243001791,7000,0.934
Foxholes,2,4,13,0.4722058237307799,7000,0.932
Foxholes,2,4,14,0.47220582385600196,7000,0.929
Foxholes,2,4,15,0.4722058310370148,7000,0.939
Foxholes,2,4,16,0.4722058263784993,7000,0.937
Foxholes,2,4,17,0.47220582372792014,7000,0.945
Foxholes,2,4,18,0.47220582676866024,7000,0.932
Foxholes,2,4,19,0.47220582396577954,7000,0.926
Foxholes,2,4,2,0.47220582398497396,7000,0.914
Foxholes,2,4,20,0.4722058237276322,7000,0.92
Foxholes,2,4,21,0.4722058246341284,7000,0.927
Foxholes,2,4,22,0.47220582678871065,7000,0.923
Foxholes,2,4,23,0.4722058237775059,7000,0.936
Foxholes,2,4,24,0.4722058237440362,7000,0.937
Foxholes,2,4,25,0.47220582982128523,7000,0.938
Foxholes,2,4,26,0.4722058296163501,7000,0.924
Foxholes,2,4,27,0.4722058244117427,7000,0.926
Foxholes,2,4,28,0.4722058308928295,7000,0.934
Foxholes,2,4,29,0.4722058237381941,7000,0.943
Foxholes,2,4,3,0.472205823953855,7000,0.933
Foxholes,2,4,4,0.472205823851233,7000,0.929
Foxholes,2,4,5,0.4722058237276924,7000,0.932
Foxholes,2,4,6,0.4722058238020346,7000,0.94
Foxholes,2,4,7,0.47220582573869485,7000,0.935
Foxholes,2,4,8,0.4722058237544904,7000,0.932
Foxholes,2,4,9,0.4722058244080166,7000,0.933
Foxholes,2,59,0,0.4722058239345418,7000,1.439
Foxholes,2,59,1,0.4722058347741511,7000,1.523
Foxholes,2,59,10,0.47220587446898726,7000,1.412
Foxholes,2,59,11,0.4722058286954356,7000,1.449
Foxholes,2,59,12,0.4722058240612865,7000,1.453
Foxholes,2,59,13,0.4722058267880104,7000,1.536
Foxholes,2,59,14,0.4722059674563586,7000,1.459
Foxholes,2,59,15,0.4722058242821287,7000,1.452
Foxholes,2,59,16,0.47220582393520305,7000,1.433
Foxholes,2,59,17,0.47220583775784025,7000,1.45
Foxholes,2,59,18,0.47220999537999553,7000,1.425
Foxholes,2,59,19,0.47220582374412967,7000,1.416
Foxholes,2,59,2,0.47220582504444497,7000,1.421
Foxholes,2,59,20,0.4722058237475304,7000,1.422
Foxholes,2,59,21,0.4722058239580447,7000,1.419
Foxholes,2,59,22,0.47220607128297903,7000,1.422
Foxholes,2,59,23,0.47220582475873457,7000,1.395
Foxholes,2,59,24,0.4722058237296227,7000,1.408
Foxholes,2,59,25,0.47220589396445406,7000,1.414
Foxholes,2,59,26,0.4722058240494027,7000,1.423
Foxholes,2,59,27,0.47220582434804614,7000,1.537
Foxholes,2,59,28,0.4722060748303535,7000,1.41
Foxholes,2,59,29,0.4722058243314153,7000,1.433
Foxholes,2,59,3,0.4722058238869921,7000,1.43
Foxholes,2,59,4,0.4722058534073036,7000,1.424
Foxholes,2,59,5,0.4722062088040304,7000,1.511
Foxholes,2,59,6,0.47220582390328036,7000,1.428
Foxholes,2,59,7,0.4722060461797142,7000,1.421
Foxholes,2,59,8,0.47220582525967564,7000,1.407
Foxholes,2,59,9,0.47220582376999537,7000,1.43
Foxholes,2,8,0,0.4722058237374347,7000,1.001
Foxholes,2,8,1,0.4722058237280428,7000,1.004
Foxholes,2,8,10,0.47220582373181824,7000,1.031
Foxholes,2,8,11,0.4722058520034069,7000,1.001
Foxholes,2,8,12,0.4722058239086861,7000,1.006
Foxholes,2,8,13,0.4722058237372342,7000,1.025
Foxholes,2,8,14,0.4722058237780217,7000,1.011
Foxholes,2,8,15,0.4722058245968658,7000,1.019
Foxholes,2,8,16,0.47220582421989143,7000,1.02
Foxholes,2,8,17,0.4722058237389228,7000,1.009
Foxholes,2,8,18,0.47220582372844516,7000,1.001
Foxholes,2,8,19,0.4722058237286756,7000,1.021
Foxholes,2,8,2,0.4722058264744372,7000,1.005
Foxholes,2,8,20,0.4722058239003606,7000,1.004
Foxholes,2,8,21,0.4722058240783273,7000,1.014
Foxholes,2,8,22,0.47220582373928593,7000,1.006
Foxholes,2,8,23,0.47220582451064796,7000,1.014
Foxholes,2,8,24,0.4722058237358562,7000,1.007
Foxholes,2,8,25,0.4722058239220678,7000,1.004
Foxholes,2,8,26,0.4722058237277525,7000,1.016
Foxholes,2,8,27,0.4722058237739337,7000,1.01
Foxholes,2,8,28,0.4722058237291615,7000,1.016
Foxholes,2,8,29,0.4722058237356427,7000,1.024
Foxholes,2,8,3,0.47220582375590325,7000,1.012
Foxholes,2,8,4,0.4722058564566288,7000,1.006
Foxholes,2,8,5,0.47220582374140313,7000,1.021
Foxholes,2,8,6,0.47220582711791326,7000,1.012
Foxholes,2,8,7,0.4722058237550303,7000,1.023
Foxholes,2,8,8,0.47220582375772713,7000,1.035
Foxholes,2,8,9,0.4722058237560607,7000,1.004
Goldstein-Price,2,16,0,3.0000000022732176,7000,0.638
Goldstein-Price,2,16,1,3.0000000319855524,7000,0.676
Goldstein-Price,2,16,10,3.0000000400652787,7000,0.694
Goldstein-Price,2,16,11,3.00000000163073,7000,0.657
Goldstein-Price,2,16,12,3.16834214321829,7000,0.661
Goldstein-Price,2,16,13,3.0000001104466714,7000,0.687
Goldstein-Price,2,16,14,3.0000000665800224,7000,0.666
Goldstein-Price,2,16,15,3.000000014629645,7000,0.659
Goldstein-Price,2,16,16,3.00000000708923,7000,0.679
Goldstein-Price,2,16,17,3.000000254678764,7000,0.676
Goldstein-Price,2,16,18,3.0000000000908873,7000,0.675
Goldstein-Price,2,16,19,3.0000000170340124,7000,0.642
Goldstein-Price,2,16,2,3.000000112813606,7000,0.678
Goldstein-Price,2,16,20,3.0000000854781597,7000,0.675
Goldstein-Price,2,16,21,3.0000000018492945,7000,0.7
Goldstein-Price,2,16,22,3.0000002768145637,7000,0.675
Goldstein-Price,2,16,23,3.0000001429892964,7000,0.651
Goldstein-Price,2,16,24,3.0000000279209913,7000,0.678
Goldstein-Price,2,16,25,3.000000076093914,7000,0.638
Goldstein-Price,2,16,26,3.0000000299458156,7000,0.687
Goldstein-Price,2,16,27,3.0000000058366356,7000,0.676
Goldstein-Price,2,16,28,3.0000002568220103,7000,0.63
Goldstein-Price,2,16,29,3.000000013090848,7000,0.681
Goldstein-Price,2,16,3,3.000000049109732,7000,0.684
Goldstein-Price,2,16,4,3.0000000010392154,7000,0.687
Goldstein-Price,2,16,5,3.0000000507455775,7000,0.677
Goldstein-Price,2,16,6,3.0000000263453015,7000,0.669
Goldstein-Price,2,16,7,3.0000000062611267,7000,0.665
Goldstein-Price,2,16,8,3.000000006760378,7000,0.672
Goldstein-Price,2,16,9,3.000000001663337,7000,0.653
Goldstein-Price,2,32,0,3.0000000241247617,7000,1.113
Goldstein-Price,2,32,1,3.000000026818837,7000,1.114
Goldstein-Price,2,32,10,3.000000327928238,7000,1.189
Goldstein-Price,2,32,11,3.0000001879095994,7000,1.1
Goldstein-Price,2,32,12,3.00000003657878,7000,1.11
Goldstein-Price,2,32,13,3.000000050854571,7000,1.078
Goldstein-Price,2,32,14,3.0000000048405338,7000,1.09
Goldstein-Price,2,32,15,3.0000000366393884,7000,1.088
Goldstein-Price,2,32,16,3.000000080210621,7000,1.087
Goldstein-Price,2,32,17,3.0000001004466923,7000,1.102
Goldstein-Price,2,32,18,3.000000003559632,7000,1.221
Goldstein-Price,2,32,19,3.000000056121838,7000,1.103
Goldstein-Price,2,32,2,3.000000715882628,7000,1.204
Goldstein-Price,2,32,20,3.000000322979377,7000,1.079
Goldstein-Price,2,32,21,3.0000000111530882,7000,1.113
Goldstein-Price,2,32,22,3.0000002311830696,7000,1.206
Goldstein-Price,2,32,23,3.000000003568788,7000,1.208
Goldstein-Price,2,32,24,3.0000004128427094,7000,1.097
Goldstein-Price,2,32,25,3.000000113883299,7000,1.102
Goldstein-Price,2,32,26,3.0000000191647973,7000,1.099
Goldstein-Price,2,32,27,3.000000007892426,7000,1.104
Goldstein-Price,2,32,28,3.000000146586235,7000,1.098
Goldstein-Price,2,32,29,3.0000003184705224,7000,1.117
Goldstein-Price,2,32,3,3.0000000082847236,7000,1.113
Goldstein-Price,2,32,4,3.000000010416105,7000,1.111
Goldstein-Price,2,32,5,3.0000003158237107,7000,1.092
Goldstein-Price,2,32,6,3.0000000009176135,7000,1.096
Goldstein-Price,2,32,7,3.000000041076222,7000,1.09
Goldstein-Price,2,32,8,3.000000023956302,7000,1.079
Goldstein-Price,2,32,9,3.000000018900986,7000,1.106
Goldstein-Price,2,4,0,3.0000000004653393,7000,0.453
Goldstein-Price,2,4,1,3.0000000019669915,7000,0.459
Goldstein-Price,2,4,10,3.0000000023716282,7000,0.46
Goldstein-Price,2,4,11,3.000000000591217,7000,0.449
Goldstein-Price,2,4,12,3.000000002328901,7000,0.451
Goldstein-Price,2,4,13,3.00000000164857,7000,0.453
Goldstein-Price,2,4,14,3.0000000106805063,7000,0.458
Goldstein-Price,2,4,15,3.0000000094195944,7000,0.454
Goldstein-Price,2,4,16,3.0000000006824714,7000,0.458
Goldstein-Price,2,4,17,3.0000000002844134,7000,0.464
Goldstein-Price,2,4,18,3.00000000176905,7000,0.452
Goldstein-Price,2,4,19,3.00000000059038,7000,0.471
Goldstein-Price,2,4,2,3.0000000000327023,7000,0.439
Goldstein-Price,2,4,20,3.000000001663091,7000,0.452
Goldstein-Price,2,4,21,3.0000000082939846,7000,0.471
Goldstein-Price,2,4,22,3.000000002323376,7000,0.457
Goldstein-Price,2,4,23,3.0000000034818313,7000,0.466
Goldstein-Price,2,4,24,3.000000020634006,7000,0.483
Goldstein-Price,2,4,25,3.0000000129385977,7000,0.494
Goldstein-Price,2,4,26,3.0000000039469925,7000,0.471
Goldstein-Price,2,4,27,3.000000004279016,7000,0.468
Goldstein-Price,2,4,28,3.000000002681088,7000,0.472
Goldstein-Price,2,4,29,3.000000000229854,7000,0.467
Goldstein-Price,2,4,3,3.0000000006019905,7000,0.435
Goldstein-Price,2,4,4,3.0000000058653664,7000,0.481
Goldstein-Price,2,4,5,3.000000001087616,7000,0.473
Goldstein-Price,2,4,6,3.000000001379875,7000,0.475
Goldstein-Price,2,4,7,3.000000000447128,7000,0.477
Goldstein-Price,2,4,8,3.000000001616625,7000,0.46
Goldstein-Price,2,4,9,3.000000000439875,7000,0.457
Goldstein-Price,2,59,0,3.0000020265511,7000,0.963
Goldstein-Price,2,59,1,3.0000005580934106,7000,0.955
Goldstein-Price,2,59,10,3.0000003273734,7000,0.932
Goldstein-Price,2,59,11,3.000004498867553,7000,0.959
Goldstein-Price,2,59,12,3.000000361337702,7000,0.957
Goldstein-Price,2,59,13,3.000001924245391,7000,0.951
Goldstein-Price,2,59,14,3.000002644423289,7000,0.949
Goldstein-Price,2,59,15,3.0000059348098507,7000,0.958
Goldstein-Price,2,59,16,3.0000000657772277,7000,0.95
Goldstein-Price,2,59,17,3.000000214380011,7000,0.949
Goldstein-Price,2,59,18,3.0000000169811822,7000,0.956
Goldstein-Price,2,59,19,3.0000001360737043,7000,0.95
Goldstein-Price,2,59,2,3.0000001969405594,7000,0.958
Goldstein-Price,2,59,20,3.0000049019051875,7000,0.952
Goldstein-Price,2,59,21,3.000000283378031,7000,0.941
Goldstein-Price,2,59,22,3.000000603540057,7000,0.948
Goldstein-Price,2,59,23,3.0000001677219803,7000,0.954
Goldstein-Price,2,59,24,3.000002592325921,7000,1.077
Goldstein-Price,2,59,25,3.0000003752886837,7000,0.954
Goldstein-Price,2,59,26,3.0000000857987925,7000,0.934
Goldstein-Price,2,59,27,3.000000093361267,7000,0.95
Goldstein-Price,2,59,28,3.0000001038590742,7000,0.943
Goldstein-Price,2,59,29,3.0000000028538656,7000,0.963
Goldstein-Price,2,59,3,3.0000001731048482,7000,1.066
Goldstein-Price,2,59,4,3.000001316510159,7000,0.947
Goldstein-Price,2,59,5,3.0000003003877205,7000,0.958
Goldstein-Price,2,59,6,3.0000002009495432,7000,0.962
Goldstein-Price,2,59,7,3.000000632108003,7000,0.954
Goldstein-Price,2,59,8,3.000002568998604,7000,0.943
Goldstein-Price,2,59,9,3.000000639619922,7000,0.965
Goldstein-Price,2,8,0,3.0000000000165086,7000,0.54
Goldstein-Price,2,8,1,3.000000017500701,7000,0.545
Goldstein-Price,2,8,10,3.000000037229952,7000,0.539
Goldstein-Price,2,8,11,3.0000000190461504,7000,0.54
Goldstein-Price,2,8,12,3.000000004374856,7000,0.537
Goldstein-Price,2,8,13,3.0000000544902266,7000,0.525
Goldstein-Price,2,8,14,3.0000000032090735,7000,0.517
Goldstein-Price,2,8,15,3.0000000034042,7000,0.536
Goldstein-Price,2,8,16,3.000000003786102,7000,0.533
Goldstein-Price,2,8,17,3.0000000007190897,7000,0.544
Goldstein-Price,2,8,18,3.0000000222546164,7000,0.539
Goldstein-Price,2,8,19,3.0000000159832907,7000,0.548
Goldstein-Price,2,8,2,3.000000057161389,7000,0.544
Goldstein-Price,2,8,20,3.00000002758596,7000,0.564
Goldstein-Price,2,8,21,3.000000004491924,7000,0.554
Goldstein-Price,2,8,22,3.0000000034650127,7000,0.56
Goldstein-Price,2,8,23,3.000000071762723,7000,0.54
Goldstein-Price,2,8,24,3.000000000589798,7000,0.542
Goldstein-Price,2,8,25,3.000000006289253,7000,0.564
Goldstein-Price,2,8,26,3.0000000299766234,7000,0.539
Goldstein-Price,2,8,27,3.000000000677252,7000,0.537
Goldstein-Price,2,8,28,3.0000000480014033,7000,0.503
Goldstein-Price,2,8,29,3.0000000289869115,7000,0.541
Goldstein-Price,2,8,3,3.00000000630271,7000,0.569
Goldstein-Price,2,8,4,3.000000007382579,7000,0.547
Goldstein-Price,2,8,5,3.000000035658424,7000,0.563
Goldstein-Price,2,8,6,3.0000000688834234,7000,0.546
Goldstein-Price,2,8,7,3.000000010502873,7000,0.545
Goldstein-Price,2,8,8,3.0000002043656298,7000,0.547
Goldstein-Price,2,8,9,3.0000000201244017,7000,0.547
Griewank,10,16,0,0.2805271538892937,35000,3.954
Griewank,10,16,1,0.5664341722883082,35000,3.944
Griewank,10,16,10,0.8168972093829567,35000,3.945
Griewank,10,16,11,0.2142557051292331,35000,3.984
Griewank,10,16,12,0.2786169407861454,35000,3.932
Griewank,10,16,13,0.12571436130880143,35000,3.926
Griewank,10,16,14,0.3442308381869923,35000,3.944
Griewank,10,16,15,0.2242909515444491,35000,3.996
Griewank,10,16,16,0.45048139029844325,35000,3.94
Griewank,10,16,17,0.1748146487877691,35000,3.989
Griewank,10,16,18,0.3053179572638861,35000,3.934
Griewank,10,16,19,0.7087895264441959,35000,3.946
Griewank,10,16,2,0.4731830098361878,35000,3.973
Griewank,10,16,20,0.030384566831899718,35000,3.99
Griewank,10,16,21,0.38134457734083194,35000,3.959
Griewank,10,16,22,0.3887763186848443,35000,3.95
Griewank,10,16,23,0.16513695257612648,35000,3.969
Griewank,10,16,24,0.42592477472550305,35000,3.955
Griewank,10,16,25,0.1257115104487041,35000,3.982
Griewank,10,16,26,0.7338861867858623,35000,3.938
Griewank,10,16,27,0.6690292849277418,35000,3.982
Griewank,10,16,28,0.1851957248322621,35000,3.95
Griewank,10,16,29,0.8586993275239087,35000,3.957
Griewank,10,16,3,0.32762064277016045,35000,3.947
Griewank,10,16,4,0.19965989163426656,35000,3.96
Griewank,10,16,5,0.38644425135109195,35000,3.962
Griewank,10,16,6,0.8471751858343342,35000,3.938
Griewank,10,16,7,0.18010993948745357,35000,3.935
Griewank,10,16,8,0.2804543082479771,35000,3.931
Griewank,10,16,9,0.45094626635226476,35000,3.953
Griewank,10,32,0,0.37917519614957085,35000,5.888
Griewank,10,32,1,0.4625021358467467,35000,5.714
Griewank,10,32,10,0.5344681075209939,35000,5.688
Griewank,10,32,11,0.12322101782876527,35000,5.578
Griewank,10,32,12,0.16277340532788187,35000,5.624
Griewank,10,32,13,0.041674366234325744,35000,5.579
Griewank,10,32,14,0.19208396700895713,35000,5.631
Griewank,10,32,15,0.36100559034620416,35000,5.577
Griewank,10,32,16,0.42851985904569134,35000,5.688
Griewank,10,32,17,0.4211447657295506,35000,5.562
Griewank,10,32,18,0.5043783431320127,35000,5.797
Griewank,10,32,19,0.41620743356668344,35000,5.833
Griewank,10,32,2,0.5882769289973838,35000,5.862
Griewank,10,32,20,0.48573113148890157,35000,5.701
Griewank,10,32,21,0.34237204145920197,35000,5.609
Griewank,10,32,22,0.18214484547218657,35000,5.689
Griewank,10,32,23,0.032466922548593624,35000,5.791
Griewank,10,32,24,0.6721688562012669,35000,5.629
Griewank,10,32,25,0.17257580473171186,35000,5.74
Griewank,10,32,26,0.29134231627318063,35000,5.865
Griewank,10,32,27,0.6298358122290996,35000,5.611
Griewank,10,32,28,0.2025040094093381,35000,5.619
Griewank,10,32,29,0.025855745669697283,35000,5.803
Griewank,10,32,3,0.6178372305018057,35000,5.945
Griewank,10,32,4,0.1012063733673414,35000,5.697
Griewank,10,32,5,0.3588678476878905,35000,5.713
Griewank,10,32,6,0.1948843715537425,35000,5.552
Griewank,10,32,7,0.43671411059990173,35000,5.616
Griewank,10,32,8,0.4074906315396518,35000,5.733
Griewank,10,32,9,0.09653400983043547,35000,5.592
Griewank,10,4,0,0.4895356878636956,35000,2.996
Griewank,10,4,1,0.5704277817580039,35000,3.017
Griewank,10,4,10,0.23884668151844202,35000,3.014
Griewank,10,4,11,0.4035813753955695,35000,3.039
Griewank,10,4,12,0.3740107379125964,35000,3.035
Griewank,10,4,13,0.283199522996888,35000,3.01
Griewank,10,4,14,0.31532082945246853,35000,3.023
Griewank,10,4,15,0.34670590473336405,35000,3.03
Griewank,10,4,16,0.5899140165170785,35000,3.025
Griewank,10,4,17,0.2462465082692975,35000,3.034
Griewank,10,4,18,0.3915489099796845,35000,3.034
Griewank,10,4,19,0.3864420322405333,35000,3.028
Griewank,10,4,2,0.6964079187932385,35000,3.022
Griewank,10,4,20,0.6206315976975907,35000,3.02
Griewank,10,4,21,0.4032489133016892,35000,3.014
Griewank,10,4,22,0.401253292229778,35000,3.026
Griewank,10,4,23,0.5266697312217418,35000,3.016
Griewank,10,4,24,0.32237889622156013,35000,3.035
Griewank,10,4,25,0.8682072206931541,35000,3.022
Griewank,10,4,26,1.2991267562232158,35000,3.013
Griewank,10,4,27,0.3740489054332451,35000,3.015
Griewank,10,4,28,0.5390581076929001,35000,2.998
Griewank,10,4,29,0.5789953870962437,35000,3.006
Griewank,10,4,3,0.592929110553884,35000,3.016
Griewank,10,4,4,0.11078671326149803,35000,3.017
Griewank,10,4,5,0.5285903360411782,35000,3.018
Griewank,10,4,6,0.359608792387755,35000,3.013
Griewank,10,4,7,0.41080110721929863,35000,3.014
Griewank,10,4,8,0.8489049403918518,35000,3.03
Griewank,10,4,9,0.728408889108241,35000,3.002
Griewank,10,59,0,0.523939177811201,35000,5.594
Griewank,10,59,1,0.19965127556091233,35000,5.587
Griewank,10,59,10,0.21538245657302735,35000,5.694
Griewank,10,59,11,0.16636899452091858,35000,5.597
Griewank,10,59,12,0.38889738506554283,35000,5.69
Griewank,10,59,13,0.33451765535746847,35000,5.762
Griewank,10,59,14,0.4460892660098188,35000,5.602
Griewank,10,59,15,0.22530039061543528,35000,5.584
Griewank,10,59,16,0.28806328745808685,35000,5.582
Griewank,10,59,17,0.2928047592737273,35000,5.571
Griewank,10,59,18,0.16535571146699612,35000,5.645
Griewank,10,59,19,0.6923147969399522,35000,5.587
Griewank,10,59,2,0.3439440760564856,35000,5.652
Griewank,10,59,20,0.1318147157091658,35000,5.601
Griewank,10,59,21,0.2026201890292314,35000,5.686
Griewank,10,59,22,0.3057254175657629,35000,5.79
Griewank,10,59,23,0.3726755418926162,35000,5.603
Griewank,10,59,24,0.3649270659062175,35000,5.66
Griewank,10,59,25,0.2913534530276355,35000,5.698
Griewank,10,59,26,0.32314744460519307,35000,5.611
Griewank,10,59,27,0.3222904238808193,35000,5.72
Griewank,10,59,28,0.3435693816077192,35000,5.716
Griewank,10,59,29,0.30155700796410534,35000,5.765
Griewank,10,59,3,0.16757260217938352,35000,5.724
Griewank,10,59,4,0.1952355722753828,35000,5.561
Griewank,10,59,5,0.5054272739801032,35000,5.702
Griewank,10,59,6,0.2588350363811259,35000,5.556
Griewank,10,59,7,0.34980855566669455,35000,5.574
Griewank,10,59,8,0.3461348714538073,35000,5.576
Griewank,10,59,9,0.20035909607552904,35000,5.565
Griewank,10,8,0,0.5438556070616314,35000,3.362
Griewank,10,8,1,0.8898092202753272,35000,3.332
Griewank,10,8,10,0.7092114735672066,35000,3.351
Griewank,10,8,11,1.107873024573864,35000,3.363
Griewank,10,8,12,0.8408888563557513,35000,3.358
Griewank,10,8,13,0.8957117296699505,35000,3.344
Griewank,10,8,14,0.723629645608666,35000,3.357
Griewank,10,8,15,0.31768480848996994,35000,3.355
Griewank,10,8,16,0.13089387882900527,35000,3.375
Griewank,10,8,17,0.34483178636823575,35000,3.364
Griewank,10,8,18,0.21668727701944868,35000,3.355
Griewank,10,8,19,0.4750652707666152,35000,3.387
Griewank,10,8,2,0.03587773692154761,35000,3.379
Griewank,10,8,20,0.2832852248606803,35000,3.361
Griewank,10,8,21,0.462544303412741,35000,3.368
Griewank,10,8,22,0.01801240243548008,35000,3.372
Griewank,10,8,23,0.5219230958765485,35000,3.356
Griewank,10,8,24,0.5142192960003628,35000,3.353
Griewank,10,8,25,0.4180664447779836,35000,3.369
Griewank,10,8,26,1.0558889580857427,35000,3.366
Griewank,10,8,27,0.5440170223319257,35000,3.361
Griewank,10,8,28,0.22179244535192733,35000,3.347
Griewank,10,8,29,0.7139257676045069,35000,3.349
Griewank,10,8,3,0.6452825542867414,35000,3.349
Griewank,10,8,4,0.4825745091467111,35000,3.346
Griewank,10,8,5,0.30522495558355933,35000,3.333
Griewank,10,8,6,0.8486627788105562,35000,3.373
Griewank,10,8,7,0.4385665701280954,35000,3.358
Griewank,10,8,8,0.22970208692813832,35000,3.342
Griewank,10,8,9,0.6490620654444305,35000,3.358
Griewank,30,16,0,0.008036849898106047,105000,11.933
Griewank,30,16,1,0.02458560497930573,105000,11.984
Griewank,30,16,10,0.03004016533521281,105000,12.006
Griewank,30,16,11,0.006396460084717059,105000,12.017
Griewank,30,16,12,0.01722753758930118,105000,11.916
Griewank,30,16,13,0.027986817284032628,105000,11.919
Griewank,30,16,14,0.009137031281957197,105000,11.891
Griewank,30,16,15,0.004686668628094082,105000,11.982
Griewank,30,16,16,0.006884216002908228,105000,11.956
Griewank,30,16,17,0.018093421762968243,105000,11.956
Griewank,30,16,18,0.020069361471906855,105000,11.968
Griewank,30,16,19,0.016211422198978642,105000,12.049
Griewank,30,16,2,0.0028615069853792363,105000,11.941
Griewank,30,16,20,0.014398257245224477,105000,11.904
Griewank,30,16,21,0.012985983024710546,105000,11.974
Griewank,30,16,22,0.010939656121245145,105000,11.966
Griewank,30,16,23,0.022805103517229197,105000,11.962
Griewank,30,16,24,0.00754904902027409,105000,11.893
Griewank,30,16,25,0.0020516780107515675,105000,11.845
Griewank,30,16,26,0.009230063259829335,105000,11.854
Griewank,30,16,27,0.009995903247009608,105000,11.89
Griewank,30,16,28,0.006073453114639471,105000,11.864
Griewank,30,16,29,0.02314762534682724,105000,11.877
Griewank,30,16,3,0.010269489264241538,105000,11.973
Griewank,30,16,4,0.0036143438399236505,105000,11.925
Griewank,30,16,5,0.0035404452960062782,105000,11.952
Griewank,30,16,6,0.008341969226902779,105000,12.026
Griewank,30,16,7,0.042319091675376175,105000,11.935
Griewank,30,16,8,0.01662837970634734,105000,11.993
Griewank,30,16,9,0.0032492133301469384,105000,11.945
Griewank,30,32,0,0.008858600174601716,105000,16.49
Griewank,30,32,1,0.026759127127503834,105000,16.534
Griewank,30,32,10,0.019179967225804284,105000,16.504
Griewank,30,32,11,0.016102270153321885,105000,16.516
Griewank,30,32,12,0.0301248151367155,105000,16.692
Griewank,30,32,13,0.029171343240105396,105000,16.648
Griewank,30,32,14,0.005089353327238144,105000,16.615
Griewank,30,32,15,0.1120841509824394,105000,16.67
Griewank,30,32,16,0.01708898570738826,105000,16.639
Griewank,30,32,17,0.012933538499264041,105000,16.751
Griewank,30,32,18,0.03102908481497413,105000,16.65
Griewank,30,32,19,0.054319849319038216,105000,16.589
Griewank,30,32,2,0.05403920399462803,105000,16.495
Griewank,30,32,20,0.09631941007658873,105000,17.223
Griewank,30,32,21,0.023909337486492266,105000,16.659
Griewank,30,32,22,0.005001804862305836,105000,16.66
Griewank,30,32,23,0.01522377875487535,105000,16.666
Griewank,30,32,24,0.03156035023024828,105000,16.629
Griewank,30,32,25,0.01918040734816262,105000,16.666
Griewank,30,32,26,0.026250909807581158,105000,16.672
Griewank,30,32,27,0.008968390297088513,105000,16.701
Griewank,30,32,28,0.013994077125325854,105000,16.612
Griewank,30,32,29,0.009266924323395043,105000,16.676
Griewank,30,32,3,0.03256902035646969,105000,16.547
Griewank,30,32,4,0.014265098843432966,105000,16.666
Griewank,30,32,5,0.030132133057545474,105000,16.622
Griewank,30,32,6,0.01618080660344756,105000,16.516
Griewank,30,32,7,0.014589963983670518,105000,16.817
Griewank,30,32,8,0.01159745525063316,105000,16.643
Griewank,30,32,9,0.029506793386430696,105000,16.611
Griewank,30,4,0,0.029189061551303075,105000,9.249
Griewank,30,4,1,0.023938181820264637,105000,9.237
Griewank,30,4,10,0.009279989887482909,105000,9.227
Griewank,30,4,11,0.028507910092966826,105000,9.236
Griewank,30,4,12,0.028060873059353675,105000,9.232
Griewank,30,4,13,0.029727454949137755,105000,9.237
Griewank,30,4,14,0.04120023010192653,105000,9.199
Griewank,30,4,15,0.005444296608100863,105000,9.242
Griewank,30,4,16,0.02210237519674174,105000,9.224
Griewank,30,4,17,0.008812478944883573,105000,9.179
Griewank,30,4,18,0.05241258527873305,105000,9.174
Griewank,30,4,19,0.03305634027678339,105000,9.196
Griewank,30,4,2,0.019495689240920377,105000,9.257
Griewank,30,4,20,0.0024626242446523783,105000,9.216
Griewank,30,4,21,0.04294603447210177,105000,9.232
Griewank,30,4,22,0.023338471021196683,105000,9.181
Griewank,30,4,23,0.023465079704718228,105000,9.208
Griewank,30,4,24,0.0022952378946227148,105000,9.221
Griewank,30,4,25,0.01978999612573573,105000,9.231
Griewank,30,4,26,0.02309104068037182,105000,9.261
Griewank,30,4,27,0.0016420422016689695,105000,9.227
Griewank,30,4,28,0.005046857847239572,105000,9.187
Griewank,30,4,29,0.02550153077597539,105000,9.174
Griewank,30,4,3,0.011175042514643407,105000,9.239
Griewank,30,4,4,0.044261620579439054,105000,9.213
Griewank,30,4,5,0.023496034305590108,105000,9.23
Griewank,30,4,6,0.02663954168697047,105000,9.306
Griewank,30,4,7,0.010651248831818894,105000,9.25
Griewank,30,4,8,0.0056565175411513735,105000,9.231
Griewank,30,4,9,0.015291626887149357,105000,9.251
Griewank,30,59,0,0.03819554072772835,105000,16.984
Griewank,30,59,1,0.03350888267806551,105000,17.003
Griewank,30,59,10,0.11074328780804221,105000,16.96
Griewank,30,59,11,0.03159794723579368,105000,16.933
Griewank,30,59,12,0.047546981507655794,105000,17.007
Griewank,30,59,13,0.05703164821882667,105000,16.999
Griewank,30,59,14,0.026614347350042422,105000,17.004
Griewank,30,59,15,0.03565625729835986,105000,16.944
Griewank,30,59,16,0.04546416877897663,105000,16.906
Griewank,30,59,17,0.05309669720680399,105000,17.035
Griewank,30,59,18,0.04876572728375583,105000,16.884
Griewank,30,59,19,0.06336077867442669,105000,16.919
Griewank,30,59,2,0.0841139878004461,105000,16.992
Griewank,30,59,20,0.02146944693421915,105000,16.849
Griewank,30,59,21,0.06240150790981602,105000,16.925
Griewank,30,59,22,0.030662114801733642,105000,16.913
Griewank,30,59,23,0.059441110566878064,105000,17.127
Griewank,30,59,24,0.04308817714863444,105000,16.913
Griewank,30,59,25,0.01909025261074393,105000,17.09
Griewank,30,59,26,0.06382416134438251,105000,17.016
Griewank,30,59,27,0.04578864569614183,105000,16.864
Griewank,30,59,28,0.01693681407246428,105000,17.158
Griewank,30,59,29,0.0795656250498461,105000,17.04
Griewank,30,59,3,0.04129364574021532,105000,16.969
Griewank,30,59,4,0.07401596021696666,105000,17.114
Griewank,30,59,5,0.048693541896949855,105000,17.019
Griewank,30,59,6,0.08342131368955674,105000,16.944
Griewank,30,59,7,0.035863393842531455,105000,16.963
Griewank,30,59,8,0.06310755824839731,105000,16.934
Griewank,30,59,9,0.020289284412359443,105000,16.916
Griewank,30,8,0,0.019478783642886688,105000,10.211
Griewank,30,8,1,0.02303112820741604,105000,10.214
Griewank,30,8,10,0.004021114391499991,105000,10.22
Griewank,30,8,11,0.03674682842032617,105000,10.258
Griewank,30,8,12,0.020466608062612357,105000,10.228
Griewank,30,8,13,0.025278181272531897,105000,10.233
Griewank,30,8,14,0.014614446183047192,105000,10.191
Griewank,30,8,15,0.017721591335354225,105000,10.257
Griewank,30,8,16,0.005340787011842707,105000,10.276
Griewank,30,8,17,0.014473243932715318,105000,10.22
Griewank,30,8,18,0.022558975387307223,105000,10.193
Griewank,30,8,19,0.0211729476740804,105000,10.251
Griewank,30,8,2,0.023042292176340573,105000,10.244
Griewank,30,8,20,0.03800093656856596,105000,10.197
Griewank,30,8,21,0.03524041275123502,105000,10.245
Griewank,30,8,22,0.031447083877726545,105000,10.221
Griewank,30,8,23,0.0032958385726169492,105000,10.272
Griewank,30,8,24,0.0031566496117765297,105000,10.234
Griewank,30,8,25,0.02401944192734118,105000,10.239
Griewank,30,8,26,0.02023051961137956,105000,10.218
Griewank,30,8,27,0.01257188893992478,105000,10.231
Griewank,30,8,28,0.013183029697309112,105000,10.236
Griewank,30,8,29,0.003604034215955121,105000,10.228
Griewank,30,8,3,0.015737738778531463,105000,10.222
Griewank,30,8,4,0.014010649340465142,105000,10.196
Griewank,30,8,5,0.032225538830896516,105000,10.195
Griewank,30,8,6,0.01686316424765122,105000,10.217
Griewank,30,8,7,0.04022591486497529,105000,10.264
Griewank,30,8,8,0.0374384789923512,105000,10.225
Griewank,30,8,9,0.017421352993662653,105000,10.282
Griewank,50,16,0,0.0050448499195246965,175000,20.185
Griewank,50,16,1,0.03677417274730532,175000,20.371
Griewank,50,16,10,0.01758762951377124,175000,20.195
Griewank,50,16,11,0.010745214411909787,175000,20.176
Griewank,50,16,12,0.012953504952061934,175000,20.136
Griewank,50,16,13,0.023094608829566265,175000,20.176
Griewank,50,16,14,0.044059080127566874,175000,20.095
Griewank,50,16,15,0.01842847685072946,175000,20.137
Griewank,50,16,16,0.022952304624241027,175000,20.165
Griewank,50,16,17,0.02487095987955512,175000,20.145
Griewank,50,16,18,0.01276749557412915,175000,20.143
Griewank,50,16,19,0.010533346182575176,175000,20.178
Griewank,50,16,2,0.006271711583017314,175000,20.192
Griewank,50,16,20,0.017884854890619306,175000,20.127
Griewank,50,16,21,0.033650001265119855,175000,20.141
Griewank,50,16,22,0.00888880702439998,175000,20.201
Griewank,50,16,23,0.0163439948731936,175000,20.159
Griewank,50,16,24,0.013078745027949812,175000,20.154
Griewank,50,16,25,0.03186580519492421,175000,20.15
Griewank,50,16,26,0.0197433118726561,175000,20.132
Griewank,50,16,27,0.0260049414228245,175000,20.16
Griewank,50,16,28,0.025858842212987287,175000,20.156
Griewank,50,16,29,0.012131325743432675,175000,20.157
Griewank,50,16,3,0.019648391661732822,175000,20.198
Griewank,50,16,4,0.024926007752258728,175000,20.219
Griewank,50,16,5,0.013033574888086319,175000,20.408
Griewank,50,16,6,0.0143528269364811,175000,20.098
Griewank,50,16,7,0.017535868921598752,175000,20.174
Griewank,50,16,8,0.03332274177153671,175000,20.139
Griewank,50,16,9,0.010459997490803397,175000,20.069
Griewank,50,32,0,0.02404385804119591,175000,27.874
Griewank,50,32,1,0.06130220896739724,175000,27.888
Griewank,50,32,10,0.034232284136565205,175000,27.668
Griewank,50,32,11,0.03310361953235885,175000,27.863
Griewank,50,32,12,0.028051353210514995,175000,27.869
Griewank,50,32,13,0.02904403234375097,175000,27.447
Griewank,50,32,14,0.0504652020975318,175000,27.782
Griewank,50,32,15,0.028505822229278444,175000,27.792
Griewank,50,32,16,0.028837119409507617,175000,27.926
Griewank,50,32,17,0.037970102907712855,175000,27.948
Griewank,50,32,18,0.018259909728407853,175000,27.908
Griewank,50,32,19,0.03434772716843093,175000,27.791
Griewank,50,32,2,0.01732626228316836,175000,27.928
Griewank,50,32,20,0.02722650574807184,175000,27.864
Griewank,50,32,21,0.028276520317258247,175000,27.919
Griewank,50,32,22,0.03593204520598603,175000,27.875
Griewank,50,32,23,0.02217085207684022,175000,27.858
Griewank,50,32,24,0.019583655481066775,175000,27.93
Griewank,50,32,25,0.040655249817850514,175000,27.916
Griewank,50,32,26,0.058183967354237254,175000,28.007
Griewank,50,32,27,0.04029390647549935,175000,27.883
Griewank,50,32,28,0.033608207392273104,175000,27.964
Griewank,50,32,29,0.018365353999278744,175000,27.979
Griewank,50,32,3,0.006243670370889132,175000,27.977
Griewank,50,32,4,0.014021485667981781,175000,28.175
Griewank,50,32,5,0.04622722971106252,175000,27.98
Griewank,50,32,6,0.04552626428494644,175000,27.693
Griewank,50,32,7,0.07149373889842647,175000,27.989
Griewank,50,32,8,0.04436516646601607,175000,27.661
Griewank,50,32,9,0.05457321479021238,175000,28.218
Griewank,50,4,0,0.011622687394679865,175000,15.57
Griewank,50,4,1,0.027461123289068134,175000,15.61
Griewank,50,4,10,0.019628749816283375,175000,15.647
Griewank,50,4,11,0.02985168546562833,175000,15.605
Griewank,50,4,12,0.00972433756064317,175000,15.569
Griewank,50,4,13,0.016969043900772696,175000,15.565
Griewank,50,4,14,0.017694221332517746,175000,15.587
Griewank,50,4,15,0.012399729929397085,175000,15.574
Griewank,50,4,16,0.02742674497090114,175000,15.581
Griewank,50,4,17,0.007343497937065124,175000,15.561
Griewank,50,4,18,0.025572887125468458,175000,15.57
Griewank,50,4,19,0.024763391378003097,175000,15.573
Griewank,50,4,2,0.02093787867499619,175000,15.546
Griewank,50,4,20,0.0073046805134198145,175000,15.541
Griewank,50,4,21,0.0188768437461313,175000,15.55
Griewank,50,4,22,0.03745796240258381,175000,15.562
Griewank,50,4,23,0.011208359296714931,175000,15.527
Griewank,50,4,24,0.009721227937293131,175000,15.539
Griewank,50,4,25,0.03167635491276677,175000,15.458
Griewank,50,4,26,0.012684821756476228,175000,15.54
Griewank,50,4,27,0.015206221803461428,175000,15.538
Griewank,50,4,28,0.02348442583435817,175000,15.543
Griewank,50,4,29,0.0059916481274570055,175000,15.471
Griewank,50,4,3,0.018677891524123025,175000,15.557
Griewank,50,4,4,0.017152604749750444,175000,15.567
Griewank,50,4,5,0.015178242996406133,175000,15.565
Griewank,50,4,6,0.00967885719724948,175000,15.647
Griewank,50,4,7,0.0065195742822170555,175000,15.647
Griewank,50,4,8,0.012271252522019882,175000,15.623
Griewank,50,4,9,0.012873715829450738,175000,15.67
Griewank,50,59,0,0.07853150050319335,175000,28.68
Griewank,50,59,1,0.09346293113568838,175000,28.831
Griewank,50,59,10,0.0745149012422528,175000,28.829
Griewank,50,59,11,0.06550806039780022,175000,28.776
Griewank,50,59,12,0.07852363310191135,175000,28.527
Griewank,50,59,13,0.09418447727575308,175000,28.627
Griewank,50,59,14,0.1048708485804738,175000,28.521
Griewank,50,59,15,0.07147186258887661,175000,28.703
Griewank,50,59,16,0.045146065913859834,175000,28.635
Griewank,50,59,17,0.06556788515054623,175000,28.618
Griewank,50,59,18,0.04809931166208259,175000,28.599
Griewank,50,59,19,0.038200609938882635,175000,28.5
Griewank,50,59,2,0.03267273904029444,175000,28.881
Griewank,50,59,20,0.10397402733713257,175000,28.789
Griewank,50,59,21,0.08772985191611615,175000,28.675
Griewank,50,59,22,0.0734917990734989,175000,28.546
Griewank,50,59,23,0.06175083887542698,175000,28.555
Griewank,50,59,24,0.09134734905186448,175000,28.601
Griewank,50,59,25,0.052737956874876035,175000,28.636
Griewank,50,59,26,0.03649079288851509,175000,28.418
Griewank,50,59,27,0.07934568760221627,175000,28.508
Griewank,50,59,28,0.06450772107340474,175000,28.518
Griewank,50,59,29,0.08670337017172591,175000,28.535
Griewank,50,59,3,0.05735387411906767,175000,28.836
Griewank,50,59,4,0.060302595088423505,175000,28.881
Griewank,50,59,5,0.06832759653829967,175000,28.773
Griewank,50,59,6,0.05767016263947533,175000,28.687
Griewank,50,59,7,0.08539095742049074,175000,28.731
Griewank,50,59,8,0.08551540965822746,175000,28.925
Griewank,50,59,9,0.08044980035964644,175000,28.895
Griewank,50,8,0,0.021063051973955305,175000,17.255
Griewank,50,8,1,0.02630791781484787,175000,17.233
Griewank,50,8,10,0.016447154371292294,175000,17.235
Griewank,50,8,11,0.014177245696987084,175000,17.271
Griewank,50,8,12,0.01324171403797958,175000,17.312
Griewank,50,8,13,0.013581976867986012,175000,17.303
Griewank,50,8,14,0.027420870465940106,175000,17.328
Griewank,50,8,15,0.01575241108313341,175000,17.287
Griewank,50,8,16,0.011203912284288853,175000,17.367
Griewank,50,8,17,0.018768459281508942,175000,17.347
Griewank,50,8,18,0.0210409295317997,175000,17.335
Griewank,50,8,19,0.008506447748996226,175000,17.355
Griewank,50,8,2,0.010001235810528919,175000,17.242
Griewank,50,8,20,0.011172872847901472,175000,17.317
Griewank,50,8,21,0.020594281939248393,175000,17.364
Griewank,50,8,22,0.02554628422219396,175000,17.351
Griewank,50,8,23,0.016523131281840464,175000,17.357
Griewank,50,8,24,0.015312014594168089,175000,17.354
Griewank,50,8,25,0.013143526458886168,175000,17.381
Griewank,50,8,26,0.02805157750145093,175000,17.355
Griewank,50,8,27,0.016938442158736078,175000,17.329
Griewank,50,8,28,0.014141407534444705,175000,17.339
Griewank,50,8,29,0.03570430576802641,175000,17.346
Griewank,50,8,3,0.014959345146363101,175000,17.269
Griewank,50,8,4,0.027782703786842,175000,17.181
Griewank,50,8,5,0.03186944410387493,175000,17.231
Griewank,50,8,6,0.013437648582971362,175000,17.25
Griewank,50,8,7,0.009111658861617467,175000,17.31
Griewank,50,8,8,0.019683436226228146,175000,17.231
Griewank,50,8,9,0.013647489156144887,175000,17.271
Hartman,3,16,0,-3.841250977752959,10500,1.794
Hartman,3,16,1,-3.856927003138124,10500,1.819
Hartman,3,16,10,-3.8356012431036257,10500,1.801
Hartman,3,16,11,-3.859383403732047,10500,1.797
Hartman,3,16,12,-3.8524729463755616,10500,1.794
Hartman,3,16,13,-3.8444918197057696,10500,1.801
Hartman,3,16,14,-3.839169736615091,10500,1.807
Hartman,3,16,15,-3.791983278382837,10500,1.794
Hartman,3,16,16,-3.8491567579433044,10500,1.822
Hartman,3,16,17,-3.8331238753636647,10500,1.792
Hartman,3,16,18,-3.8573077070520445,10500,1.767
Hartman,3,16,19,-3.8554736582384375,10500,1.807
Hartman,3,16,2,-3.8309872987888096,10500,1.811
Hartman,3,16,20,-3.8446931213241937,10500,1.784
Hartman,3,16,21,-3.8609266279899783,10500,1.812
Hartman,3,16,22,-3.7581287957502814,10500,1.813
Hartman,3,16,23,-3.83603377844427,10500,1.795
Hartman,3,16,24,-3.862565197025289,10500,1.811
Hartman,3,16,25,-3.839427893275174,10500,1.81
Hartman,3,16,26,-3.85799699767158,10500,1.781
Hartman,3,16,27,-3.8249194440243564,10500,1.785
Hartman,3,16,28,-3.7766330881959274,10500,1.816
Hartman,3,16,29,-3.8604947903612774,10500,1.802
Hartman,3,16,3,-3.8601449878420837,10500,1.809
Hartman,3,16,4,-3.854421155189426,10500,1.806
Hartman,3,16,5,-3.8588970965534477,10500,1.805
Hartman,3,16,6,-3.8470558550191014,10500,1.794
Hartman,3,16,7,-3.8393199979515193,10500,1.81
Hartman,3,16,8,-3.774698737445267,10500,1.813
Hartman,3,16,9,-3.8175093774042113,10500,1.812
Hartman,3,32,0,-3.84509220710502,10500,2.366
Hartman,3,32,1,-3.861706601269722,10500,2.384
Hartman,3,32,10,-3.828431633810794,10500,2.384
Hartman,3,32,11,-3.861076887640527,10500,2.392
Hartman,3,32,12,-3.8601531997523404,10500,2.401
Hartman,3,32,13,-3.8408098180170125,10500,2.408
Hartman,3,32,14,-3.8459255367167753,10500,2.401
Hartman,3,32,15,-3.8127862803543966,10500,2.393
Hartman,3,32,16,-3.857591054191759,10500,2.407
Hartman,3,32,17,-3.861683269370745,10500,2.39
Hartman,3,32,18,-3.847678590875537,10500,2.397
Hartman,3,32,19,-3.8562728748093287,10500,2.401
Hartman,3,32,2,-3.8004503186186596,10500,2.405
Hartman,3,32,20,-3.856733775781248,10500,2.389
Hartman,3,32,21,-3.8576723303283753,10500,2.396
Hartman,3,32,22,-3.8071301947659055,10500,2.399
Hartman,3,32,23,-3.8419567459434933,10500,2.427
Hartman,3,32,24,-3.8622690548284586,10500,2.522
Hartman,3,32,25,-3.8285594822207853,10500,2.399
Hartman,3,32,26,-3.8571285544674923,10500,2.389
Hartman,3,32,27,-3.822948541742019,10500,2.395
Hartman,3,32,28,-3.797714130526186,10500,2.395
Hartman,3,32,29,-3.861557746696261,10500,2.391
Hartman,3,32,3,-3.861068477022771,10500,2.405
Hartman,3,32,4,-3.8513439940547882,10500,2.417
Hartman,3,32,5,-3.8539405741752297,10500,2.383
Hartman,3,32,6,-3.844182041781952,10500,2.382
Hartman,3,32,7,-3.8342340087757316,10500,2.375
Hartman,3,32,8,-3.8406876944080257,10500,2.376
Hartman,3,32,9,-3.840395213048721,10500,2.387
Hartman,3,4,0,-3.836285858733686,10500,1.486
Hartman,3,4,1,-3.8603513940183145,10500,1.497
Hartman,3,4,10,-3.8353023254256957,10500,1.502
Hartman,3,4,11,-3.849967798253785,10500,1.482
Hartman,3,4,12,-3.861521366498576,10500,1.489
Hartman,3,4,13,-3.844840790413509,10500,1.504
Hartman,3,4,14,-3.838610538831988,10500,1.491
Hartman,3,4,15,-3.781485824601681,10500,1.503
Hartman,3,4,16,-3.8465830427325463,10500,1.497
Hartman,3,4,17,-3.860479924225608,10500,1.5
Hartman,3,4,18,-3.847231508899795,10500,1.496
Hartman,3,4,19,-3.856375696229363,10500,1.5
Hartman,3,4,2,-3.8447539499382803,10500,1.48
Hartman,3,4,20,-3.8217458419222963,10500,1.507
Hartman,3,4,21,-3.8513598565288474,10500,1.485
Hartman,3,4,22,-3.74464754597118,10500,1.483
Hartman,3,4,23,-3.7897362486446005,10500,1.479
Hartman,3,4,24,-3.8627053775161264,10500,1.477
Hartman,3,4,25,-3.840596042534719,10500,1.497
Hartman,3,4,26,-3.858984906308697,10500,1.495
Hartman,3,4,27,-3.8608076517065135,10500,1.51
Hartman,3,4,28,-3.812210364235935,10500,1.478
Hartman,3,4,29,-3.829621393128864,10500,1.489
Hartman,3,4,3,-3.856079850177239,10500,1.495
Hartman,3,4,4,-3.8489391478829726,10500,1.507
Hartman,3,4,5,-3.859854698622799,10500,1.503
Hartman,3,4,6,-3.8429214539085588,10500,1.473
Hartman,3,4,7,-3.83696356312125,10500,1.476
Hartman,3,4,8,-3.811539417276708,10500,1.5
Hartman,3,4,9,-3.8333343802065216,10500,1.485
Hartman,3,59,0,-3.823080973824563,10500,2.271
Hartman,3,59,1,-3.862683835033354,10500,2.384
Hartman,3,59,10,-3.8364882043764483,10500,2.238
Hartman,3,59,11,-3.8603054029421546,10500,2.374
Hartman,3,59,12,-3.8605864187073267,10500,2.226
Hartman,3,59,13,-3.840847089360674,10500,2.244
Hartman,3,59,14,-3.842677158869763,10500,2.266
Hartman,3,59,15,-3.8089525825564317,10500,2.265
Hartman,3,59,16,-3.8175997526954895,10500,2.252
Hartman,3,59,17,-3.860189124924532,10500,2.261
Hartman,3,59,18,-3.8553867096835726,10500,2.258
Hartman,3,59,19,-3.8564775559390587,10500,2.241
Hartman,3,59,2,-3.8118231737761272,10500,2.253
Hartman,3,59,20,-3.849456480340103,10500,2.274
Hartman,3,59,21,-3.8570212725764037,10500,2.256
Hartman,3,59,22,-3.7992684410885054,10500,2.26
Hartman,3,59,23,-3.8342854952321357,10500,2.263
Hartman,3,59,24,-3.862615365377328,10500,2.252
Hartman,3,59,25,-3.835226178189869,10500,2.26
Hartman,3,59,26,-3.857200672979445,10500,2.261
Hartman,3,59,27,-3.8550159499908325,10500,2.288
Hartman,3,59,28,-3.785147327193066,10500,2.253
Hartman,3,59,29,-3.862183089880731,10500,2.269
Hartman,3,59,3,-3.856455487007607,10500,2.265
Hartman,3,59,4,-3.8500206369122436,10500,2.254
Hartman,3,59,5,-3.8615311639586447,10500,2.255
Hartman,3,59,6,-3.84289477299353,10500,2.258
Hartman,3,59,7,-3.8308844197630947,10500,2.252
Hartman,3,59,8,-3.8290712387013843,10500,2.255
Hartman,3,59,9,-3.8324107773013045,10500,2.259
Hartman,3,8,0,-3.8339784537419233,10500,1.605
Hartman,3,8,1,-3.8611493134409534,10500,1.606
Hartman,3,8,10,-3.83394926758249,10500,1.596
Hartman,3,8,11,-3.852997265546855,10500,1.6
Hartman,3,8,12,-3.8583571127470297,10500,1.575
Hartman,3,8,13,-3.8452221488928036,10500,1.629
Hartman,3,8,14,-3.8475033721855443,10500,1.591
Hartman,3,8,15,-3.8568758555358715,10500,1.585
Hartman,3,8,16,-3.842348519056942,10500,1.594
Hartman,3,8,17,-3.8592337153906073,10500,1.598
Hartman,3,8,18,-3.8598576758958565,10500,1.614
Hartman,3,8,19,-3.8452150836452494,10500,1.605
Hartman,3,8,2,-3.835165395540549,10500,1.611
Hartman,3,8,20,-3.807220525522448,10500,1.61
Hartman,3,8,21,-3.8567227580123777,10500,1.601
Hartman,3,8,22,-3.744371600693258,10500,1.622
Hartman,3,8,23,-3.8491668444892606,10500,1.609
Hartman,3,8,24,-3.862560153320183,10500,1.596
Hartman,3,8,25,-3.8178726826217777,10500,1.618
Hartman,3,8,26,-3.85704073075787,10500,1.618
Hartman,3,8,27,-3.8534787416219345,10500,1.611
Hartman,3,8,28,-3.794682717030609,10500,1.617
Hartman,3,8,29,-3.861407723577003,10500,1.603
Hartman,3,8,3,-3.8573621191506136,10500,1.614
Hartman,3,8,4,-3.849672390977342,10500,1.611
Hartman,3,8,5,-3.8618863012949323,10500,1.609
Hartman,3,8,6,-3.8532477440495794,10500,1.644
Hartman,3,8,7,-3.840523338364182,10500,1.612
Hartman,3,8,8,-3.7248981000153956,10500,1.587
Hartman,3,8,9,-3.8328290824811577,10500,1.628
Kowalik,4,16,0,0.0021767269211702767,14000,1.637
Kowalik,4,16,1,0.0023290283600107637,14000,1.67
Kowalik,4,16,10,0.0018568496707856864,14000,1.673
Kowalik,4,16,11,0.008115551229137466,14000,1.671
Kowalik,4,16,12,0.07388733708302246,14000,1.665
Kowalik,4,16,13,0.002165246596114123,14000,1.668
Kowalik,4,16,14,0.0013482384567317309,14000,1.671
Kowalik,4,16,15,0.003060104317030782,14000,1.661
Kowalik,4,16,16,0.0017904650365420467,14000,1.673
Kowalik,4,16,17,0.0052017601798340345,14000,1.655
Kowalik,4,16,18,0.002222611951382125,14000,1.657
Kowalik,4,16,19,0.0022154189282221075,14000,1.667
Kowalik,4,16,2,0.0059787130760274795,14000,1.675
Kowalik,4,16,20,0.0026574723554260915,14000,1.651
Kowalik,4,16,21,0.0010962267964296905,14000,1.679
Kowalik,4,16,22,0.002191056361133656,14000,1.657
Kowalik,4,16,23,0.0021938387434349924,14000,1.661
Kowalik,4,16,24,0.002170693238698176,14000,1.658
Kowalik,4,16,25,0.0022932075599898035,14000,1.675
Kowalik,4,16,26,0.0010576822295576458,14000,1.662
Kowalik,4,16,27,0.002631150012159947,14000,1.665
Kowalik,4,16,28,0.0024692338941251562,14000,1.662
Kowalik,4,16,29,0.004745869859960783,14000,1.674
Kowalik,4,16,3,0.0010538932302229132,14000,1.699
Kowalik,4,16,4,0.0021872961745183755,14000,1.667
Kowalik,4,16,5,0.004630841261772942,14000,1.656
Kowalik,4,16,6,0.013665611233134842,14000,1.676
Kowalik,4,16,7,0.004958174780578219,14000,1.668
Kowalik,4,16,8,0.006659807223795748,14000,1.668
Kowalik,4,16,9,0.001278059563126316,14000,1.668
Kowalik,4,32,0,0.002187667037591876,14000,2.407
Kowalik,4,32,1,0.0023078169898066384,14000,2.411
Kowalik,4,32,10,0.002270551963205995,14000,2.414
Kowalik,4,32,11,0.002451070978207326,14000,2.393
Kowalik,4,32,12,0.0028208944203413884,14000,2.41
Kowalik,4,32,13,0.002258818490438016,14000,2.416
Kowalik,4,32,14,0.004460199985747039,14000,2.418
Kowalik,4,32,15,0.0031320367185063104,14000,2.406
Kowalik,4,32,16,0.0019053280620325859,14000,2.447
Kowalik,4,32,17,0.002619286192420084,14000,2.417
Kowalik,4,32,18,0.00220082866437826,14000,2.393
Kowalik,4,32,19,0.002189913809600514,14000,2.374
Kowalik,4,32,2,0.0021208513511020138,14000,2.396
Kowalik,4,32,20,0.002494624238220178,14000,2.406
Kowalik,4,32,21,0.009073998064005112,14000,2.399
Kowalik,4,32,22,0.002190510875285966,14000,2.395
Kowalik,4,32,23,0.0015713157450341195,14000,2.39
Kowalik,4,32,24,0.002312787272193654,14000,2.398
Kowalik,4,32,25,0.0021766828617579112,14000,2.416
Kowalik,4,32,26,0.0025189100430003065,14000,2.424
Kowalik,4,32,27,0.0023856634183461924,14000,2.403
Kowalik,4,32,28,0.0024687779895414185,14000,2.408
Kowalik,4,32,29,0.0050988189138459015,14000,2.426
Kowalik,4,32,3,0.00109798849819787,14000,2.394
Kowalik,4,32,4,0.002277781831932292,14000,2.415
Kowalik,4,32,5,0.005242073499079042,14000,2.378
Kowalik,4,32,6,0.002746408782165863,14000,2.404
Kowalik,4,32,7,0.0012126252065370346,14000,2.396
Kowalik,4,32,8,0.0010771736563125963,14000,2.411
Kowalik,4,32,9,0.0021700362391700863,14000,2.408
Kowalik,4,4,0,0.0021908257264858936,14000,1.268
Kowalik,4,4,1,0.0024380762572030405,14000,1.272
Kowalik,4,4,10,0.001810029158312021,14000,1.27
Kowalik,4,4,11,0.007514589099071436,14000,1.275
Kowalik,4,4,12,0.0029124818746907523,14000,1.27
Kowalik,4,4,13,0.0021571312056906716,14000,1.25
Kowalik,4,4,14,0.0021906903639446473,14000,1.256
Kowalik,4,4,15,0.002355336809813,14000,1.277
Kowalik,4,4,16,0.001892918572780324,14000,1.265
Kowalik,4,4,17,0.0056905613845061745,14000,1.262
Kowalik,4,4,18,0.002193562065817995,14000,1.262
Kowalik,4,4,19,0.004796627225282131,14000,1.278
Kowalik,4,4,2,0.0021991922525095866,14000,1.258
Kowalik,4,4,20,0.0045249760727299766,14000,1.274
Kowalik,4,4,21,0.0013149888642992524,14000,1.256
Kowalik,4,4,22,0.0017886274476798557,14000,1.246
Kowalik,4,4,23,0.0021760269054305428,14000,1.256
Kowalik,4,4,24,0.0022062421073052794,14000,1.263
Kowalik,4,4,25,0.0018986987199450848,14000,1.265
Kowalik,4,4,26,0.003233340163571913,14000,1.272
Kowalik,4,4,27,0.002191359992657632,14000,1.26
Kowalik,4,4,28,0.0023607738102643275,14000,1.269
Kowalik,4,4,29,0.0021883477935934347,14000,1.264
Kowalik,4,4,3,0.010643782668916519,14000,1.275
Kowalik,4,4,4,0.005229174519940171,14000,1.273
Kowalik,4,4,5,0.0029853530175867893,14000,1.276
Kowalik,4,4,6,0.0030676440627618127,14000,1.26
Kowalik,4,4,7,0.0013049753763378375,14000,1.278
Kowalik,4,4,8,0.0019077602416879694,14000,1.273
Kowalik,4,4,9,0.002182860526404745,14000,1.252
Kowalik,4,59,0,0.0025922319703465756,14000,2.263
Kowalik,4,59,1,0.0024468444749988485,14000,2.264
Kowalik,4,59,10,0.0018352230057389588,14000,2.359
Kowalik,4,59,11,0.0023282651020991177,14000,2.27
Kowalik,4,59,12,0.002935487448032881,14000,2.354
Kowalik,4,59,13,0.0023345825783778525,14000,2.262
Kowalik,4,59,14,0.005025832848066063,14000,2.258
Kowalik,4,59,15,0.0031123115667416506,14000,2.262
Kowalik,4,59,16,0.005049970600096317,14000,2.252
Kowalik,4,59,17,0.0021928580884147675,14000,2.242
Kowalik,4,59,18,0.002218586241736123,14000,2.263
Kowalik,4,59,19,0.002182916251939065,14000,2.278
Kowalik,4,59,2,0.0021817267240391517,14000,2.352
Kowalik,4,59,20,0.0022411682100285223,14000,2.276
Kowalik,4,59,21,0.0028719830580587456,14000,2.273
Kowalik,4,59,22,0.0022152864758557805,14000,2.283
Kowalik,4,59,23,0.0019513212582061763,14000,2.268
Kowalik,4,59,24,0.0021919578302231225,14000,2.271
Kowalik,4,59,25,0.002221144823414728,14000,2.28
Kowalik,4,59,26,0.0029247385064908333,14000,2.272
Kowalik,4,59,27,0.0029722405572079657,14000,2.281
Kowalik,4,59,28,0.0035374109182991116,14000,2.278
Kowalik,4,59,29,0.005380756966619434,14000,2.266
Kowalik,4,59,3,0.0010838671970830292,14000,2.282
Kowalik,4,59,4,0.0022530717884786436,14000,2.288
Kowalik,4,59,5,0.004547545475900888,14000,2.271
Kowalik,4,59,6,0.0037406312333237435,14000,2.276
Kowalik,4,59,7,0.0018930755156350626,14000,2.339
Kowalik,4,59,8,0.00514299574222981,14000,2.283
Kowalik,4,59,9,0.002168107117450447,14000,2.345
Kowalik,4,8,0,0.00219825468866087,14000,1.411
Kowalik,4,8,1,0.0024598114838204855,14000,1.415
Kowalik,4,8,10,0.0018029039566378193,14000,1.417
Kowalik,4,8,11,0.004819020431780076,14000,1.411
Kowalik,4,8,12,0.06752624412713071,14000,1.417
Kowalik,4,8,13,0.0021562290229581375,14000,1.415
Kowalik,4,8,14,0.002502607038281845,14000,1.407
Kowalik,4,8,15,0.002116551394093586,14000,1.428
Kowalik,4,8,16,0.0018233329534621217,14000,1.421
Kowalik,4,8,17,0.0018799306939693127,14000,1.421
Kowalik,4,8,18,0.0022118544006120783,14000,1.454
Kowalik,4,8,19,0.006621422612835925,14000,1.428
Kowalik,4,8,2,0.0017212417022362137,14000,1.42
Kowalik,4,8,20,0.0023938953094201597,14000,1.424
Kowalik,4,8,21,0.0014911339632133608,14000,1.422
Kowalik,4,8,22,0.0023634039310834794,14000,1.425
Kowalik,4,8,23,0.0021909343103785417,14000,1.409
Kowalik,4,8,24,0.0022087219490315264,14000,1.405
Kowalik,4,8,25,0.00219441631812308,14000,1.418
Kowalik,4,8,26,0.003212698931770631,14000,1.404
Kowalik,4,8,27,0.0014426024927077584,14000,1.419
Kowalik,4,8,28,0.002242544500386907,14000,1.416
Kowalik,4,8,29,0.0049505420558827486,14000,1.392
Kowalik,4,8,3,0.001860358779419219,14000,1.426
Kowalik,4,8,4,0.002180605047250128,14000,1.432
Kowalik,4,8,5,0.007532396553908779,14000,1.423
Kowalik,4,8,6,0.003227907403598471,14000,1.424
Kowalik,4,8,7,0.004949954365108866,14000,1.424
Kowalik,4,8,8,0.004918184159590074,14000,1.426
Kowalik,4,8,9,0.002172334851012977,14000,1.431
Penalized2,10,16,0,2.553139745308474e-06,35000,5.844
Penalized2,10,16,1,0.00014679503800777132,35000,5.839
Penalized2,10,16,10,0.00013753594050417046,35000,5.892
Penalized2,10,16,11,6.194416872302706e-05,35000,5.851
Penalized2,10,16,12,6.990470432251717e-06,35000,5.873
Penalized2,10,16,13,0.021100745847822462,35000,5.858
Penalized2,10,16,14,0.0013983393926248668,35000,5.857
Penalized2,10,16,15,1.6803122828662123e-05,35000,5.854
Penalized2,10,16,16,4.6611672666009995e-06,35000,5.879
Penalized2,10,16,17,0.021235709823711785,35000,5.89
Penalized2,10,16,18,5.1812976014385885e-06,35000,5.843
Penalized2,10,16,19,0.00023056232383272877,35000,5.851
Penalized2,10,16,2,3.4423297513177526e-06,35000,5.886
Penalized2,10,16,20,5.468588065141548e-06,35000,5.831
Penalized2,10,16,21,0.03384610703999177,35000,5.859
Penalized2,10,16,22,0.0070566742570495194,35000,5.832
Penalized2,10,16,23,4.192075601116249e-06,35000,5.828
Penalized2,10,16,24,0.0210376677844507,35000,5.865
Penalized2,10,16,25,0.010992784461778631,35000,5.847
Penalized2,10,16,26,6.874946314628797e-07,35000,5.833
Penalized2,10,16,27,0.0004963234080356267,35000,5.847
Penalized2,10,16,28,0.02109465485064842,35000,5.829
Penalized2,10,16,29,6.679658351950756e-06,35000,5.865
Penalized2,10,16,3,0.011007864017678025,35000,5.856
Penalized2,10,16,4,1.506612498811371e-06,35000,5.895
Penalized2,10,16,5,9.58175131799943e-07,35000,5.896
Penalized2,10,16,6,6.165642056957068e-06,35000,5.874
Penalized2,10,16,7,4.172149099445168e-05,35000,5.885
Penalized2,10,16,8,0.02127273159610526,35000,5.854
Penalized2,10,16,9,0.010991631892738704,35000,5.846
Penalized2,10,32,0,0.00020114378610784005,35000,7.518
Penalized2,10,32,1,2.811365916514129e-05,35000,7.534
Penalized2,10,32,10,0.0006989811470874521,35000,7.464
Penalized2,10,32,11,0.014221260877509355,35000,7.462
Penalized2,10,32,12,0.0007851420262930931,35000,7.479
Penalized2,10,32,13,0.011306048324665339,35000,7.458
Penalized2,10,32,14,0.0022080304481303455,35000,7.433
Penalized2,10,32,15,0.022634089154046397,35000,7.494
Penalized2,10,32,16,9.05919822373637e-06,35000,7.489
Penalized2,10,32,17,2.7950833240691033e-06,35000,7.435
Penalized2,10,32,18,0.000555969108741275,35000,7.478
Penalized2,10,32,19,3.2761250053276845e-05,35000,7.461
Penalized2,10,32,2,0.011004161537759422,35000,7.483
Penalized2,10,32,20,0.011019055481581587,35000,7.47
Penalized2,10,32,21,2.0908780255230593e-06,35000,7.436
Penalized2,10,32,22,3.756194215150875e-05,35000,7.443
Penalized2,10,32,23,0.00010488042821186897,35000,7.457
Penalized2,10,32,24,2.747567047552925e-06,35000,7.551
Penalized2,10,32,25,0.011117046147089533,35000,7.446
Penalized2,10,32,26,0.0017415080521065872,35000,7.46
Penalized2,10,32,27,2.2648616672167904e-05,35000,7.449
Penalized2,10,32,28,5.784474098759825e-05,35000,7.459
Penalized2,10,32,29,3.3049237308505174e-06,35000,7.484
Penalized2,10,32,3,0.021090389714166866,35000,7.491
Penalized2,10,32,4,9.414416232292746e-05,35000,7.498
Penalized2,10,32,5,0.00019629321537123555,35000,7.502
Penalized2,10,32,6,0.013898642709728744,35000,7.461
Penalized2,10,32,7,0.011464377750389802,35000,7.479
Penalized2,10,32,8,0.01102887125413015,35000,7.482
Penalized2,10,32,9,0.005422223038860419,35000,7.451
Penalized2,10,4,0,8.499329158088763e-06,35000,4.8
Penalized2,10,4,1,4.056178979354518e-05,35000,4.813
Penalized2,10,4,10,0.00024510150136724385,35000,4.877
Penalized2,10,4,11,2.6882573958475732e-06,35000,4.868
Penalized2,10,4,12,0.01301543004389098,35000,4.865
Penalized2,10,4,13,0.010996780721801824,35000,4.89
Penalized2,10,4,14,7.380088423399629e-06,35000,4.839
Penalized2,10,4,15,0.00016186972849962524,35000,4.874
Penalized2,10,4,16,3.551397655678181e-06,35000,4.882
Penalized2,10,4,17,9.44118181212654e-05,35000,4.871
Penalized2,10,4,18,1.5044634250544788e-06,35000,4.865
Penalized2,10,4,19,0.010991024340733017,35000,4.868
Penalized2,10,4,2,1.7221290977364604e-06,35000,4.83
Penalized2,10,4,20,4.439545178712336e-06,35000,4.867
Penalized2,10,4,21,3.8550316781588665e-07,35000,4.869
Penalized2,10,4,22,0.02109564325888348,35000,4.879
Penalized2,10,4,23,0.0008737951954314995,35000,4.88
Penalized2,10,4,24,0.0019095245985672827,35000,4.912
Penalized2,10,4,25,0.021065961412852118,35000,4.915
Penalized2,10,4,26,7.236174788414056e-06,35000,4.916
Penalized2,10,4,27,0.01106112753260959,35000,4.897
Penalized2,10,4,28,4.843250808194429e-05,35000,4.93
Penalized2,10,4,29,0.01100352930839845,35000,4.912
Penalized2,10,4,3,1.911366616548322e-05,35000,4.871
Penalized2,10,4,4,0.021042849695351903,35000,4.888
Penalized2,10,4,5,9.104433153456261e-07,35000,4.85
Penalized2,10,4,6,3.047055963982845e-05,35000,4.869
Penalized2,10,4,7,0.001653498758507622,35000,4.873
Penalized2,10,4,8,3.891811540123177e-05,35000,4.887
Penalized2,10,4,9,2.045921857978619e-05,35000,4.873
Penalized2,10,59,0,0.0010405385013063744,35000,7.442
Penalized2,10,59,1,0.0009888408794579155,35000,7.479
Penalized2,10,59,10,0.003297454646692295,35000,7.457
Penalized2,10,59,11,0.011103281059226226,35000,7.512
Penalized2,10,59,12,0.012321622696471302,35000,7.451
Penalized2,10,59,13,0.0006331383277824788,35000,7.452
Penalized2,10,59,14,0.00031579274083826315,35000,7.449
Penalized2,10,59,15,0.021253679810054382,35000,7.556
Penalized2,10,59,16,0.0002586683266643085,35000,7.454
Penalized2,10,59,17,0.025269214149905708,35000,7.538
Penalized2,10,59,18,0.038944750522897864,35000,7.428
Penalized2,10,59,19,0.0022391959521783633,35000,7.443
Penalized2,10,59,2,0.01186921786624811,35000,7.451
Penalized2,10,59,20,0.011205785217453156,35000,7.439
Penalized2,10,59,21,0.02385972947208776,35000,7.423
Penalized2,10,59,22,0.0006386832474281591,35000,7.447
Penalized2,10,59,23,9.84756922022035e-05,35000,7.54
Penalized2,10,59,24,0.0017965420039285102,35000,7.444
Penalized2,10,59,25,0.011326421844670063,35000,7.466
Penalized2,10,59,26,0.011344642302826469,35000,7.427
Penalized2,10,59,27,0.02181799441604479,35000,7.446
Penalized2,10,59,28,0.0002906515710182108,35000,7.465
Penalized2,10,59,29,0.00019522998700396467,35000,7.434
Penalized2,10,59,3,0.0015176518965922773,35000,7.398
Penalized2,10,59,4,7.528916623801695e-05,35000,7.449
Penalized2,10,59,5,0.0006690363978919468,35000,7.444
Penalized2,10,59,6,3.111974050921909e-05,35000,7.412
Penalized2,10,59,7,0.001464472377618078,35000,7.503
Penalized2,10,59,8,0.0016940149683463202,35000,7.426
Penalized2,10,59,9,0.000534317310098928,35000,7.414
Penalized2,10,8,0,8.029269451659569e-05,35000,5.26
Penalized2,10,8,1,0.04264172055478156,35000,5.259
Penalized2,10,8,10,0.013151443497847122,35000,5.256
Penalized2,10,8,11,0.00010635280068246436,35000,5.266
Penalized2,10,8,12,0.00022530175301446422,35000,5.241
Penalized2,10,8,13,1.4835905195299223e-06,35000,5.279
Penalized2,10,8,14,1.0267169264133978e-05,35000,5.239
Penalized2,10,8,15,0.05355138184638199,35000,5.279
Penalized2,10,8,16,2.0206319855931434e-06,35000,5.268
Penalized2,10,8,17,0.000554057569037727,35000,5.263
Penalized2,10,8,18,0.010990688742473574,35000,5.243
Penalized2,10,8,19,0.02103360823439906,35000,5.227
Penalized2,10,8,2,1.3434598387105905e-05,35000,5.258
Penalized2,10,8,20,0.011061751869905842,35000,5.235
Penalized2,10,8,21,8.411992299874139e-06,35000,5.248
Penalized2,10,8,22,0.0013554630689263745,35000,5.251
Penalized2,10,8,23,1.0249554230329304e-05,35000,5.222
Penalized2,10,8,24,0.011188704386082556,35000,5.25
Penalized2,10,8,25,1.253865531497788e-05,35000,5.256
Penalized2,10,8,26,0.011899224192238189,35000,5.273
Penalized2,10,8,27,2.835228195599822e-05,35000,5.235
Penalized2,10,8,28,6.6184616416256544e-06,35000,5.254
Penalized2,10,8,29,0.010997813893515819,35000,5.257
Penalized2,10,8,3,0.010995243549699203,35000,5.258
Penalized2,10,8,4,0.0005105841861527536,35000,5.261
Penalized2,10,8,5,5.6864227942605895e-06,35000,5.24
Penalized2,10,8,6,3.069469290366184e-06,35000,5.252
Penalized2,10,8,7,0.00011544421568804944,35000,5.229
Penalized2,10,8,8,0.022965869983003526,35000,5.253
Penalized2,10,8,9,0.02104639886145515,35000,5.233
Penalized2,30,16,0,5.842101051403226,105000,25.43
Penalized2,30,16,1,0.6920426561032084,105000,25.528
Penalized2,30,16,10,0.2864735753313212,105000,25.543
Penalized2,30,16,11,0.03271427419683309,105000,25.545
Penalized2,30,16,12,0.3839628018616399,105000,25.453
Penalized2,30,16,13,2.7095019239232485,105000,25.456
Penalized2,30,16,14,1.6182004589701577,105000,25.495
Penalized2,30,16,15,0.4038991423784583,105000,25.358
Penalized2,30,16,16,3.1381629186714672,105000,25.358
Penalized2,30,16,17,2.336280404019963,105000,25.401
Penalized2,30,16,18,0.2532642214358219,105000,25.327
Penalized2,30,16,19,0.28345710807723723,105000,25.159
Penalized2,30,16,2,7.277540592911011,105000,25.481
Penalized2,30,16,20,0.022501183947939325,105000,25.394
Penalized2,30,16,21,0.9882961767719417,105000,25.267
Penalized2,30,16,22,2.9575602216549486,105000,25.339
Penalized2,30,16,23,2.658955839419554,105000,25.485
Penalized2,30,16,24,2.94288533997738,105000,25.445
Penalized2,30,16,25,2.8817547796115974,105000,25.404
Penalized2,30,16,26,6.757388029154956,105000,25.41
Penalized2,30,16,27,0.15540086607055165,105000,25.34
Penalized2,30,16,28,0.8695293099119308,105000,25.482
Penalized2,30,16,29,0.3739631835748547,105000,25.553
Penalized2,30,16,3,1.890870070184899,105000,25.467
Penalized2,30,16,4,0.3153777173219406,105000,25.41
Penalized2,30,16,5,2.823827077297154,105000,25.444
Penalized2,30,16,6,0.1307400810272733,105000,25.276
Penalized2,30,16,7,0.09477480160999739,105000,25.538
Penalized2,30,16,8,0.031391268087899694,105000,25.226
Penalized2,30,16,9,0.7334801468420052,105000,25.522
Penalized2,30,32,0,0.8413174624424595,105000,30.205
Penalized2,30,32,1,0.01562378630408967,105000,30.215
Penalized2,30,32,10,3.355237629823769,105000,30.138
Penalized2,30,32,11,0.0001171341494702158,105000,30.558
Penalized2,30,32,12,0.45013692552254203,105000,30.948
Penalized2,30,32,13,7.0584362504348945,105000,30.124
Penalized2,30,32,14,0.8158357839377356,105000,30.037
Penalized2,30,32,15,0.15627227434609736,105000,29.804
Penalized2,30,32,16,1.9643853481783933,105000,30.391
Penalized2,30,32,17,0.15746234304580228,105000,29.841
Penalized2,30,32,18,0.08818575418844603,105000,29.852
Penalized2,30,32,19,2.1525750144275375,105000,30.609
Penalized2,30,32,2,0.6576503847538144,105000,30.488
Penalized2,30,32,20,0.2173837549787702,105000,29.905
Penalized2,30,32,21,0.13342651220459675,105000,30.36
Penalized2,30,32,22,0.05070495706073365,105000,30.47
Penalized2,30,32,23,1.0099614374625163,105000,30.134
Penalized2,30,32,24,0.022938468028884926,105000,30.545
Penalized2,30,32,25,0.23410920036204416,105000,30.102
Penalized2,30,32,26,2.7660722433568345,105000,30.161
Penalized2,30,32,27,0.3386398592731011,105000,30.043
Penalized2,30,32,28,12.37922305563568,105000,30.109
Penalized2,30,32,29,0.11005342346558677,105000,30.424
Penalized2,30,32,3,2.228800390072507,105000,30.303
Penalized2,30,32,4,0.160023687020561,105000,30.529
Penalized2,30,32,5,0.390640373772442,105000,30.54
Penalized2,30,32,6,0.07701164435741532,105000,30.573
Penalized2,30,32,7,0.3682987117876695,105000,29.993
Penalized2,30,32,8,0.687597258844662,105000,30.218
Penalized2,30,32,9,0.03474005322423774,105000,30.54
Penalized2,30,4,0,0.47852542141712706,105000,22.744
Penalized2,30,4,1,1.6507937418344665,105000,22.73
Penalized2,30,4,10,3.7488196046723594,105000,22.696
Penalized2,30,4,11,5.437058268385153,105000,22.688
Penalized2,30,4,12,4.585585202151058,105000,22.679
Penalized2,30,4,13,1.81138673816179,105000,22.668
Penalized2,30,4,14,0.4026770024966075,105000,22.7
Penalized2,30,4,15,2.825282257546492,105000,22.576
Penalized2,30,4,16,1.3983012684964002,105000,22.666
Penalized2,30,4,17,2.1930645010342835,105000,22.659
Penalized2,30,4,18,15.860879880752734,105000,22.616
Penalized2,30,4,19,2.9474880257357197,105000,22.69
Penalized2,30,4,2,0.0006038894130798221,105000,22.753
Penalized2,30,4,20,20.281702207914417,105000,22.686
Penalized2,30,4,21,0.4123509465453338,105000,22.572
Penalized2,30,4,22,5.89802333146025,105000,22.599
Penalized2,30,4,23,6.40745205459987,105000,22.687
Penalized2,30,4,24,26.085993708236774,105000,22.77
Penalized2,30,4,25,2.340886110202146,105000,22.651
Penalized2,30,4,26,3.4505475794943727,105000,22.557
Penalized2,30,4,27,6.212019845993332,105000,22.575
Penalized2,30,4,28,28.612516334247573,105000,22.787
Penalized2,30,4,29,11.314885163359287,105000,22.638
Penalized2,30,4,3,9.659443529191373,105000,22.677
Penalized2,30,4,4,0.36871466327014746,105000,22.768
Penalized2,30,4,5,5.043238743813298,105000,22.745
Penalized2,30,4,6,1.2575764418103557,105000,22.658
Penalized2,30,4,7,1.4982963049637172,105000,22.735
Penalized2,30,4,8,0.8379442830049245,105000,22.677
Penalized2,30,4,9,3.5984509521685597,105000,22.678
Penalized2,30,59,0,0.01994082896995148,105000,30.513
Penalized2,30,59,1,0.4048810216309289,105000,30.349
Penalized2,30,59,10,0.0059127740302784455,105000,30.362
Penalized2,30,59,11,0.26434966445668756,105000,30.474
Penalized2,30,59,12,1.434356832151894,105000,30.404
Penalized2,30,59,13,0.6314409622403665,105000,30.341
Penalized2,30,59,14,0.23692651254445726,105000,30.493
Penalized2,30,59,15,0.25387161704449257,105000,30.442
Penalized2,30,59,16,0.11108515324322832,105000,30.628
Penalized2,30,59,17,0.26438015229603784,105000,30.404
Penalized2,30,59,18,0.48719082941239344,105000,30.563
Penalized2,30,59,19,1.4304399874715923,105000,30.556
Penalized2,30,59,2,0.36506335684915653,105000,30.36
Penalized2,30,59,20,1.1426074270716584,105000,30.742
Penalized2,30,59,21,0.27052692576591764,105000,30.73
Penalized2,30,59,22,0.6338630585540139,105000,30.491
Penalized2,30,59,23,0.8161731518673166,105000,30.624
Penalized2,30,59,24,0.5631086634740237,105000,30.582
Penalized2,30,59,25,0.6565577912409657,105000,30.565
Penalized2,30,59,26,0.11567743407472804,105000,30.512
Penalized2,30,59,27,0.02845691784302728,105000,30.694
Penalized2,30,59,28,0.1000160460695845,105000,30.455
Penalized2,30,59,29,0.24340218015767479,105000,30.514
Penalized2,30,59,3,0.6041822522513609,105000,30.405
Penalized2,30,59,4,0.5287523672679765,105000,30.349
Penalized2,30,59,5,0.28793145825194366,105000,30.319
Penalized2,30,59,6,0.23428524506365578,105000,30.427
Penalized2,30,59,7,0.9161048120488333,105000,30.444
Penalized2,30,59,8,0.1509486878815897,105000,30.596
Penalized2,30,59,9,0.18284873112389843,105000,30.253
Penalized2,30,8,0,5.642947876791548,105000,23.751
Penalized2,30,8,1,9.036301078337328,105000,23.825
Penalized2,30,8,10,16.851860132396574,105000,23.902
Penalized2,30,8,11,2.3563762558939763,105000,23.846
Penalized2,30,8,12,0.2715451626943751,105000,23.64
Penalized2,30,8,13,2.1573809090761404,105000,23.813
Penalized2,30,8,14,1.4914641357763654,105000,23.723
Penalized2,30,8,15,0.09507152557476525,105000,23.847
Penalized2,30,8,16,3.4023062769428507,105000,23.732
Penalized2,30,8,17,0.9387837955235604,105000,23.801
Penalized2,30,8,18,0.7074903487958607,105000,23.724
Penalized2,30,8,19,4.4908107230040875,105000,23.734
Penalized2,30,8,2,0.14103221383249118,105000,23.762
Penalized2,30,8,20,12.672506368394638,105000,23.751
Penalized2,30,8,21,2.491588707804545,105000,23.692
Penalized2,30,8,22,0.26228289605009325,105000,23.75
Penalized2,30,8,23,12.60419441205926,105000,23.829
Penalized2,30,8,24,10.517118936134823,105000,23.77
Penalized2,30,8,25,4.662094772730531,105000,23.793
Penalized2,30,8,26,2.6432987209616186,105000,23.749
Penalized2,30,8,27,0.031762623080300145,105000,23.656
Penalized2,30,8,28,2.975444874742248,105000,23.688
Penalized2,30,8,29,5.342054369276379,105000,23.676
Penalized2,30,8,3,0.028672159202574373,105000,23.8
Penalized2,30,8,4,0.3643886594752327,105000,23.549
Penalized2,30,8,5,3.17834548406042,105000,23.801
Penalized2,30,8,6,0.33839005366080266,105000,23.996
Penalized2,30,8,7,4.69894977929077,105000,23.894
Penalized2,30,8,8,0.24109195087618832,105000,23.865
Penalized2,30,8,9,5.817897346154647,105000,23.82
Penalized2,50,16,0,0.8617429463954581,175000,55.596
Penalized2,50,16,1,1.4868254043286222,175000,55.835
Penalized2,50,16,10,5.785771437482516,175000,55.88
Penalized2,50,16,11,3.332862074697291,175000,55.994
Penalized2,50,16,12,3.1499357039549873,175000,56.271
Penalized2,50,16,13,3.835476001762713,175000,55.864
Penalized2,50,16,14,2.363659736099553,175000,56.125
Penalized2,50,16,15,5.224601093812823,175000,56.086
Penalized2,50,16,16,2.859718869373351,175000,56.321
Penalized2,50,16,17,4.993704208180023,175000,56.334
Penalized2,50,16,18,0.9393890119067948,175000,56.176
Penalized2,50,16,19,4.646551076893163,175000,56.22
Penalized2,50,16,2,2.247544095010558,175000,56.154
Penalized2,50,16,20,1.8122672624950138,175000,55.919
Penalized2,50,16,21,2.5013989626048065,175000,55.993
Penalized2,50,16,22,1.7286938174213782,175000,56.449
Penalized2,50,16,23,3.5720541943724906,175000,56.57
Penalized2,50,16,24,4.083390352271365,175000,56.417
Penalized2,50,16,25,2.93491359813791,175000,55.674
Penalized2,50,16,26,3.4736941581218965,175000,56.473
Penalized2,50,16,27,2.452918248203785,175000,56.217
Penalized2,50,16,28,2.692353080959789,175000,55.36
Penalized2,50,16,29,1.9327912676275034,175000,56.214
Penalized2,50,16,3,1.3538085883536668,175000,55.968
Penalized2,50,16,4,3.610899728723668,175000,56.204
Penalized2,50,16,5,3.608613631781451,175000,56.009
Penalized2,50,16,6,1.325909369979394,175000,55.075
Penalized2,50,16,7,5.413256715363423,175000,55.883
Penalized2,50,16,8,2.752243118559816,175000,55.504
Penalized2,50,16,9,5.39341185096515,175000,55.722
Penalized2,50,32,0,1.4229015009449817,175000,64.239
Penalized2,50,32,1,0.3552542528590787,175000,64.512
Penalized2,50,32,10,4.1286660799530415,175000,64.611
Penalized2,50,32,11,2.0724751993840362,175000,64.093
Penalized2,50,32,12,2.0817928030904853,175000,64.252
Penalized2,50,32,13,2.0127475319659456,175000,65.006
Penalized2,50,32,14,1.1301147517862289,175000,64.265
Penalized2,50,32,15,4.465053158219007,175000,64.453
Penalized2,50,32,16,3.1985470246530174,175000,64.925
Penalized2,50,32,17,1.3049836305962692,175000,64.413
Penalized2,50,32,18,0.49395025515172925,175000,63.565
Penalized2,50,32,19,1.677510508357244,175000,65.031
Penalized2,50,32,2,4.951832923886844,175000,63.314
Penalized2,50,32,20,2.1648951855327248,175000,65.231
Penalized2,50,32,21,2.341911677380221,175000,64.504
Penalized2,50,32,22,3.6602299943405643,175000,64.365
Penalized2,50,32,23,3.47172548024262,175000,65.095
Penalized2,50,32,24,0.7279215949110188,175000,64.208
Penalized2,50,32,25,1.7907526576778954,175000,63.494
Penalized2,50,32,26,3.1956888695577064,175000,64.538
Penalized2,50,32,27,4.5920864530814045,175000,64.122
Penalized2,50,32,28,0.9689106472120973,175000,64.116
Penalized2,50,32,29,4.202234481765109,175000,64.542
Penalized2,50,32,3,4.922782841863103,175000,63.77
Penalized2,50,32,4,2.0176331888866326,175000,64.626
Penalized2,50,32,5,3.7875611530807607,175000,64.288
Penalized2,50,32,6,3.0507326989376504,175000,64.416
Penalized2,50,32,7,1.7771015353446158,175000,65.004
Penalized2,50,32,8,1.8426630042965817,175000,64.336
Penalized2,50,32,9,5.390476034078365,175000,64.305
Penalized2,50,4,0,20.976913925547994,175000,51.465
Penalized2,50,4,1,24.35799273381673,175000,51.231
Penalized2,50,4,10,4.742434806219004,175000,51.372
Penalized2,50,4,11,66.14018056195579,175000,51.739
Penalized2,50,4,12,52.066416709857165,175000,51.582
Penalized2,50,4,13,76.83696944114722,175000,51.667
Penalized2,50,4,14,25.030829787927416,175000,51.198
Penalized2,50,4,15,10.635298950292066,175000,51.277
Penalized2,50,4,16,52.857883475769974,175000,51.598
Penalized2,50,4,17,1.6319146172032675,175000,51.151
Penalized2,50,4,18,4.006038218977078,175000,51.394
Penalized2,50,4,19,3.5202512317696133,175000,51.384
Penalized2,50,4,2,21.877647704403092,175000,51.371
Penalized2,50,4,20,19.20999054039063,175000,51.459
Penalized2,50,4,21,59.437746329744975,175000,51.798
Penalized2,50,4,22,12.622031947744624,175000,51.32
Penalized2,50,4,23,1.9225387395228566,175000,51.49
Penalized2,50,4,24,3.864890849989459,175000,51.605
Penalized2,50,4,25,24.89955211853659,175000,51.191
Penalized2,50,4,26,3.573675829265529,175000,51.828
Penalized2,50,4,27,10.310547531396724,175000,51.463
Penalized2,50,4,28,3.0284458383097714,175000,51.525
Penalized2,50,4,29,38.198952396478525,175000,51.663
Penalized2,50,4,3,4.581942732266885,175000,51.211
Penalized2,50,4,4,1.0692633540480283,175000,51.364
Penalized2,50,4,5,68.47408218377711,175000,51.928
Penalized2,50,4,6,5.335396524391242,175000,51.428
Penalized2,50,4,7,2.2215046705067416,175000,51.053
Penalized2,50,4,8,1.4119651601914565,175000,51.416
Penalized2,50,4,9,4.082567471311858,175000,51.196
Penalized2,50,59,0,0.5434428493829989,175000,64.743
Penalized2,50,59,1,2.9920147810270876,175000,65.156
Penalized2,50,59,10,1.6828385102443058,175000,64.695
Penalized2,50,59,11,1.3568446023378429,175000,64.997
Penalized2,50,59,12,4.227905892886595,175000,64.705
Penalized2,50,59,13,2.2284906013121506,175000,64.862
Penalized2,50,59,14,2.0186072318995194,175000,64.875
Penalized2,50,59,15,2.0197580706644924,175000,64.967
Penalized2,50,59,16,3.3026293584938546,175000,65.069
Penalized2,50,59,17,3.9575691144637397,175000,65.263
Penalized2,50,59,18,0.06058891180934818,175000,64.15
Penalized2,50,59,19,4.342234156170535,175000,64.221
Penalized2,50,59,2,1.9382688394569794,175000,64.817
Penalized2,50,59,20,2.3993636227475634,175000,64.654
Penalized2,50,59,21,0.39129877928036666,175000,64.431
Penalized2,50,59,22,4.074514369115933,175000,64.87
Penalized2,50,59,23,5.5979319649018375,175000,64.74
Penalized2,50,59,24,1.2870964283167154,175000,64.469
Penalized2,50,59,25,3.1731216299557814,175000,64.782
Penalized2,50,59,26,2.7306487008142657,175000,65.426
Penalized2,50,59,27,2.839539861745194,175000,64.969
Penalized2,50,59,28,0.3405451150260549,175000,64.764
Penalized2,50,59,29,2.14372220554672,175000,64.96
Penalized2,50,59,3,3.773323728515571,175000,64.992
Penalized2,50,59,4,0.9947694577118176,175000,64.888
Penalized2,50,59,5,2.33683467137639,175000,64.701
Penalized2,50,59,6,2.203508732171522,175000,64.788
Penalized2,50,59,7,1.7890157830419877,175000,64.585
Penalized2,50,59,8,2.660667797408395,175000,64.353
Penalized2,50,59,9,0.33003590211718503,175000,64.863
Penalized2,50,8,0,1.5434248778373663,175000,53.145
Penalized2,50,8,1,2.815404089260193,175000,52.861
Penalized2,50,8,10,2.4038869066176254,175000,52.806
Penalized2,50,8,11,5.920272478737321,175000,53.032
Penalized2,50,8,12,4.639878675218832,175000,53.262
Penalized2,50,8,13,2.8664617435784367,175000,53.043
Penalized2,50,8,14,4.096313005293212,175000,52.8
Penalized2,50,8,15,3.6982795128013333,175000,53.004
Penalized2,50,8,16,81.95082349638523,175000,53.914
Penalized2,50,8,17,1.3305964306385976,175000,52.747
Penalized2,50,8,18,4.004497774525972,175000,53.454
Penalized2,50,8,19,2.1972096213949293,175000,53.328
Penalized2,50,8,2,2.7227130924216656,175000,53.29
Penalized2,50,8,20,5.93215825858091,175000,53.367
Penalized2,50,8,21,3.332234159592829,175000,53.28
Penalized2,50,8,22,3.1017453309203926,175000,53.385
Penalized2,50,8,23,4.9453042231593285,175000,53.062
Penalized2,50,8,24,4.53433863803127,175000,53.107
Penalized2,50,8,25,12.776003051261359,175000,52.968
Penalized2,50,8,26,2.895832853373408,175000,53.283
Penalized2,50,8,27,1.0411297775606976,175000,52.987
Penalized2,50,8,28,3.768409450799645,175000,53.325
Penalized2,50,8,29,3.919612221204804,175000,53.194
Penalized2,50,8,3,3.5248350570297795,175000,52.939
Penalized2,50,8,4,3.083387107278412,175000,53.243
Penalized2,50,8,5,5.179460044053926,175000,53.162
Penalized2,50,8,6,1.174015352019181,175000,53.073
Penalized2,50,8,7,4.972456481812419,175000,53.09
Penalized2,50,8,8,3.7461628562805545,175000,53.143
Penalized2,50,8,9,6.405333848990458,175000,52.554
Penalized,10,16,0,0.014010296489572397,35000,5.943
Penalized,10,16,1,0.08879791675519776,35000,5.931
Penalized,10,16,10,1.6251575251499641,35000,5.953
Penalized,10,16,11,0.844026318810682,35000,5.913
Penalized,10,16,12,0.8516600424007146,35000,5.934
Penalized,10,16,13,0.9637314327440086,35000,5.957
Penalized,10,16,14,0.9909662887174974,35000,5.935
Penalized,10,16,15,0.06776335610274971,35000,5.945
Penalized,10,16,16,0.04985153053047951,35000,5.957
Penalized,10,16,17,2.278210160275918,35000,5.96
Penalized,10,16,18,0.7406695930158306,35000,5.938
Penalized,10,16,19,1.0493292136015615,35000,5.977
Penalized,10,16,2,0.8950562730655695,35000,5.986
Penalized,10,16,20,0.8082027271813319,35000,5.963
Penalized,10,16,21,0.5818649324388077,35000,5.984
Penalized,10,16,22,1.1485589923519217,35000,5.978
Penalized,10,16,23,0.21968194759303694,35000,5.957
Penalized,10,16,24,0.01399052496104876,35000,5.98
Penalized,10,16,25,0.0013985372410175725,35000,6.025
Penalized,10,16,26,0.01040627754879348,35000,6.126
Penalized,10,16,27,0.6151201407653398,35000,6.201
Penalized,10,16,28,2.104711711289364,35000,6.201
Penalized,10,16,29,0.04656353292026109,35000,6.206
Penalized,10,16,3,0.023636752160107136,35000,5.96
Penalized,10,16,4,1.548136305368833,35000,5.944
Penalized,10,16,5,0.3570839052194457,35000,5.937
Penalized,10,16,6,0.33811932830317587,35000,5.942
Penalized,10,16,7,1.4005398522280388,35000,5.949
Penalized,10,16,8,1.7562991990645764,35000,5.942
Penalized,10,16,9,1.7179929192254848,35000,5.921
Penalized,10,32,0,2.6677750683549744,35000,7.814
Penalized,10,32,1,1.0563839439368161,35000,7.776
Penalized,10,32,10,0.09613973853550245,35000,7.595
Penalized,10,32,11,1.0213365621286006,35000,7.597
Penalized,10,32,12,1.5549393862416692,35000,7.618
Penalized,10,32,13,1.365893619121602,35000,7.593
Penalized,10,32,14,1.1605837559204568,35000,7.593
Penalized,10,32,15,0.033971510024555306,35000,7.594
Penalized,10,32,16,0.0014322740192291732,35000,7.594
Penalized,10,32,17,1.478755494479415,35000,7.582
Penalized,10,32,18,0.43138085824720784,35000,7.58
Penalized,10,32,19,0.5357705505965018,35000,7.592
Penalized,10,32,2,0.5614556041302897,35000,7.682
Penalized,10,32,20,0.7228444083518725,35000,7.592
Penalized,10,32,21,0.3241273687380254,35000,7.628
Penalized,10,32,22,1.2697220344679068,35000,7.597
Penalized,10,32,23,0.8963273445680645,35000,7.582
Penalized,10,32,24,0.02302749344741859,35000,7.545
Penalized,10,32,25,0.3435901718344757,35000,7.568
Penalized,10,32,26,0.355237568328818,35000,7.587
Penalized,10,32,27,0.36994231976019876,35000,7.558
Penalized,10,32,28,1.393953120845555,35000,7.585
Penalized,10,32,29,0.0019082937456006068,35000,7.551
Penalized,10,32,3,0.5832463898948917,35000,7.58
Penalized,10,32,4,0.3807537178344211,35000,7.608
Penalized,10,32,5,0.0035358444761223263,35000,7.597
Penalized,10,32,6,1.304790223250681,35000,7.607
Penalized,10,32,7,1.4202454826691517,35000,7.572
Penalized,10,32,8,0.6462629122311364,35000,7.61
Penalized,10,32,9,0.48316606871384254,35000,7.606
Penalized,10,4,0,1.6527523973790297,35000,4.989
Penalized,10,4,1,1.5144331660486012,35000,4.999
Penalized,10,4,10,0.05978073255023887,35000,5.013
Penalized,10,4,11,0.9751368963999286,35000,5.022
Penalized,10,4,12,0.4496400403411065,35000,5.029
Penalized,10,4,13,1.6959105336863276,35000,5.08
Penalized,10,4,14,2.2726531227949938,35000,5.065
Penalized,10,4,15,2.1782930424288995,35000,5.037
Penalized,10,4,16,0.2074309398914089,35000,5.027
Penalized,10,4,17,1.1989399962513558,35000,5.045
Penalized,10,4,18,0.08288867162434521,35000,5.017
Penalized,10,4,19,0.34525592863229854,35000,4.958
Penalized,10,4,2,0.9205575025994572,35000,4.962
Penalized,10,4,20,0.5165548211889982,35000,4.964
Penalized,10,4,21,0.04127230776878441,35000,4.965
Penalized,10,4,22,0.025748518996143773,35000,4.974
Penalized,10,4,23,1.0464318445518113,35000,4.986
Penalized,10,4,24,0.2318230641061248,35000,4.976
Penalized,10,4,25,1.0154316426891528,35000,5.001
Penalized,10,4,26,0.6249535822369503,35000,5.016
Penalized,10,4,27,2.11295354449885,35000,4.964
Penalized,10,4,28,3.485414093026418,35000,4.962
Penalized,10,4,29,1.242621273328863,35000,4.993
Penalized,10,4,3,0.12128597548300354,35000,5.012
Penalized,10,4,4,0.005125294444429666,35000,4.967
Penalized,10,4,5,1.167823785421976,35000,4.987
Penalized,10,4,6,0.2156332486343736,35000,4.959
Penalized,10,4,7,0.8548292820036277,35000,4.991
Penalized,10,4,8,0.14124784445615599,35000,5.012
Penalized,10,4,9,0.7632344330123864,35000,5.009
Penalized,10,59,0,1.9457370586166292,35000,7.546
Penalized,10,59,1,0.07703851636395784,35000,7.535
Penalized,10,59,10,0.01526221411881348,35000,7.516
Penalized,10,59,11,2.0238989484440326,35000,7.528
Penalized,10,59,12,0.7054297812863667,35000,7.511
Penalized,10,59,13,0.7174067699139434,35000,7.532
Penalized,10,59,14,0.14110129758119572,35000,7.531
Penalized,10,59,15,2.4495297538512295,35000,7.511
Penalized,10,59,16,0.002693317328510675,35000,7.52
Penalized,10,59,17,1.008759855320794,35000,7.531
Penalized,10,59,18,0.342052378178897,35000,7.506
Penalized,10,59,19,1.7144484304815097,35000,7.542
Penalized,10,59,2,0.012576456439315315,35000,7.563
Penalized,10,59,20,0.259604208853881,35000,7.543
Penalized,10,59,21,0.47998541303475384,35000,7.526
Penalized,10,59,22,0.9454703712388726,35000,7.537
Penalized,10,59,23,0.16654010514718232,35000,7.543
Penalized,10,59,24,0.004347537005693839,35000,7.512
Penalized,10,59,25,6.685767717736648e-05,35000,7.533
Penalized,10,59,26,0.6930482680454003,35000,7.538
Penalized,10,59,27,0.8264958947390286,35000,7.618
Penalized,10,59,28,2.8111535964037504,35000,7.543
Penalized,10,59,29,0.022015477151028813,35000,7.554
Penalized,10,59,3,0.09608170394556567,35000,7.552
Penalized,10,59,4,0.31743497853459196,35000,7.576
Penalized,10,59,5,0.00031118973192511916,35000,7.544
Penalized,10,59,6,1.0151023081767516,35000,7.528
Penalized,10,59,7,0.000521924951014101,35000,7.544
Penalized,10,59,8,0.014423046438553678,35000,7.537
Penalized,10,59,9,0.48087488050021937,35000,7.548
Penalized,10,8,0,0.05714299980994392,35000,5.329
Penalized,10,8,1,0.40986827234268247,35000,5.335
Penalized,10,8,10,0.01665546041334679,35000,5.327
Penalized,10,8,11,0.6898342112785367,35000,5.312
Penalized,10,8,12,2.5851253115169386,35000,5.335
Penalized,10,8,13,1.3534447991309089,35000,5.313
Penalized,10,8,14,1.3652499365746833,35000,5.331
Penalized,10,8,15,0.045221988614276086,35000,5.323
Penalized,10,8,16,0.002836672907245664,35000,5.336
Penalized,10,8,17,3.795310606893907,35000,5.319
Penalized,10,8,18,0.5288195594977992,35000,5.333
Penalized,10,8,19,0.4219024963985589,35000,5.337
Penalized,10,8,2,0.32093986620797327,35000,5.325
Penalized,10,8,20,1.9486315733312454,35000,5.346
Penalized,10,8,21,0.09334894873696489,35000,5.358
Penalized,10,8,22,1.549506589520684,35000,5.324
Penalized,10,8,23,1.6849283559670098,35000,5.33
Penalized,10,8,24,0.9255319178374652,35000,5.324
Penalized,10,8,25,0.007563850373552536,35000,5.357
Penalized,10,8,26,1.0243218914025092,35000,5.391
Penalized,10,8,27,0.3234632700725567,35000,5.345
Penalized,10,8,28,1.8395875458219346,35000,5.344
Penalized,10,8,29,0.4160903269052818,35000,5.349
Penalized,10,8,3,0.001976294005156999,35000,5.327
Penalized,10,8,4,0.8886577233987429,35000,5.315
Penalized,10,8,5,0.0021187076091294067,35000,5.328
Penalized,10,8,6,1.3024392923576558,35000,5.322
Penalized,10,8,7,0.04332904670420216,35000,5.34
Penalized,10,8,8,2.1316729606406666,35000,5.324
Penalized,10,8,9,0.3812177212252157,35000,5.352
Penalized,30,16,0,1.8814350275385088,105000,27.081
Penalized,30,16,1,2.7048224360555055,105000,27.17
Penalized,30,16,10,0.914075731391507,105000,27.08
Penalized,30,16,11,2.074610383879676,105000,27.045
Penalized,30,16,12,3.040753357599574,105000,27.0
Penalized,30,16,13,3.8862049266623138,105000,27.12
Penalized,30,16,14,1.8821034960455456,105000,27.078
Penalized,30,16,15,1.4272085623200992,105000,27.042
Penalized,30,16,16,2.8397843308276065,105000,27.051
Penalized,30,16,17,1.9734663439268936,105000,27.056
Penalized,30,16,18,2.5043694939811845,105000,26.834
Penalized,30,16,19,2.6367968649759774,105000,26.988
Penalized,30,16,2,3.555228485261208,105000,27.094
Penalized,30,16,20,2.812875011651154,105000,26.958
Penalized,30,16,21,1.52718930942121,105000,26.952
Penalized,30,16,22,2.0821786683292687,105000,27.019
Penalized,30,16,23,2.3447872186868834,105000,26.943
Penalized,30,16,24,2.58897306941375,105000,26.946
Penalized,30,16,25,3.646971318715277,105000,27.105
Penalized,30,16,26,1.9074960026176997,105000,27.097
Penalized,30,16,27,1.226759428513735,105000,27.031
Penalized,30,16,28,5.664693369273648,105000,27.112
Penalized,30,16,29,2.7402075252096547,105000,27.011
Penalized,30,16,3,2.8084474414675307,105000,27.181
Penalized,30,16,4,1.6772347774326741,105000,27.12
Penalized,30,16,5,1.3824516545936936,105000,27.026
Penalized,30,16,6,0.24577941756348884,105000,26.981
Penalized,30,16,7,1.6893050042123812,105000,27.068
Penalized,30,16,8,1.4066463709804586,105000,27.092
Penalized,30,16,9,2.006224247753547,105000,27.109
Penalized,30,32,0,1.3266915810204702,105000,31.808
Penalized,30,32,1,1.6457607897832345,105000,31.86
Penalized,30,32,10,1.9894627587446296,105000,31.723
Penalized,30,32,11,0.9851015628838632,105000,31.804
Penalized,30,32,12,2.1031362371962836,105000,31.721
Penalized,30,32,13,3.062101779950874,105000,31.767
Penalized,30,32,14,0.0010901137769039337,105000,32.047
Penalized,30,32,15,1.550833688738247,105000,31.703
Penalized,30,32,16,3.7904057704986704,105000,31.749
Penalized,30,32,17,1.3042573501584331,105000,31.741
Penalized,30,32,18,1.9380433304879057,105000,31.721
Penalized,30,32,19,4.030020604031446,105000,31.804
Penalized,30,32,2,2.2319277405142435,105000,31.823
Penalized,30,32,20,2.2173676619094054,105000,31.824
Penalized,30,32,21,2.177013906901946,105000,31.727
Penalized,30,32,22,1.3596577888830634,105000,31.853
Penalized,30,32,23,1.8013640161225435,105000,31.847
Penalized,30,32,24,1.0550113175982305,105000,31.674
Penalized,30,32,25,5.093103778017806,105000,31.81
Penalized,30,32,26,1.8819157757772027,105000,31.822
Penalized,30,32,27,1.4242567089084288,105000,31.734
Penalized,30,32,28,3.6081467399616627,105000,31.774
Penalized,30,32,29,2.307867177154358,105000,31.766
Penalized,30,32,3,2.1525911019785235,105000,31.883
Penalized,30,32,4,2.0087031112987694,105000,31.885
Penalized,30,32,5,1.5577116254702223,105000,31.834
Penalized,30,32,6,1.1828987406872804,105000,31.716
Penalized,30,32,7,1.803324948492754,105000,31.811
Penalized,30,32,8,1.2809478993475145,105000,31.862
Penalized,30,32,9,1.2103780079527644,105000,31.903
Penalized,30,4,0,1.3873071441803932,105000,24.256
Penalized,30,4,1,2.007719733940848,105000,24.336
Penalized,30,4,10,2.6669583801104553,105000,24.332
Penalized,30,4,11,4.273731297178533,105000,24.263
Penalized,30,4,12,2.197626337989731,105000,24.245
Penalized,30,4,13,3.3202932573272834,105000,24.385
Penalized,30,4,14,3.236278674580843,105000,24.346
Penalized,30,4,15,1.19998698105334,105000,24.391
Penalized,30,4,16,6.4013399906182755,105000,24.347
Penalized,30,4,17,0.9570727414002964,105000,24.29
Penalized,30,4,18,5.0276166060548615,105000,24.151
Penalized,30,4,19,3.6185382272488185,105000,24.218
Penalized,30,4,2,3.698501238136482,105000,24.373
Penalized,30,4,20,4.301325177359935,105000,24.187
Penalized,30,4,21,1.8245145146865704,105000,24.182
Penalized,30,4,22,1.6764489720904803,105000,24.22
Penalized,30,4,23,1.0398682441609712,105000,24.118
Penalized,30,4,24,3.7994340584693864,105000,24.146
Penalized,30,4,25,3.879443852282513,105000,24.232
Penalized,30,4,26,1.767724291991716,105000,24.241
Penalized,30,4,27,3.0286423311029873,105000,24.229
Penalized,30,4,28,4.104851585886532,105000,24.249
Penalized,30,4,29,2.247335825001999,105000,24.286
Penalized,30,4,3,3.3297086920599313,105000,24.357
Penalized,30,4,4,4.19712747905428,105000,24.358
Penalized,30,4,5,1.5204213036484222,105000,24.313
Penalized,30,4,6,2.1175249196085875,105000,24.215
Penalized,30,4,7,3.5304099944099048,105000,24.353
Penalized,30,4,8,1.8327859459315778,105000,24.34
Penalized,30,4,9,2.1808648453781103,105000,24.335
Penalized,30,59,0,1.4683107667198854,105000,31.907
Penalized,30,59,1,1.1103561051826667,105000,31.906
Penalized,30,59,10,2.8524457582919607,105000,31.974
Penalized,30,59,11,0.0009952930462386353,105000,31.989
Penalized,30,59,12,1.8624218436339701,105000,32.144
Penalized,30,59,13,2.5660115224446587,105000,32.296
Penalized,30,59,14,2.663381713060896,105000,32.227
Penalized,30,59,15,0.00048236811388810874,105000,32.328
Penalized,30,59,16,0.016991714421113954,105000,32.386
Penalized,30,59,17,1.7988196581649796,105000,32.226
Penalized,30,59,18,2.773681695157473,105000,32.047
Penalized,30,59,19,3.1020448362566655,105000,32.15
Penalized,30,59,2,0.02715713736266731,105000,32.0
Penalized,30,59,20,3.467588198406482,105000,32.13
Penalized,30,59,21,1.922420070010275,105000,32.163
Penalized,30,59,22,2.631515591919843,105000,32.126
Penalized,30,59,23,0.02015646946678324,105000,32.214
Penalized,30,59,24,0.7663491060901111,105000,31.947
Penalized,30,59,25,0.34125013291289646,105000,32.118
Penalized,30,59,26,2.591241244321569,105000,32.042
Penalized,30,59,27,1.4222738475769554,105000,32.063
Penalized,30,59,28,3.2093913573721076,105000,32.002
Penalized,30,59,29,0.000900525810812914,105000,32.154
Penalized,30,59,3,2.1112940441119883,105000,31.873
Penalized,30,59,4,1.9155648024703558,105000,31.864
Penalized,30,59,5,1.6633000180997084,105000,31.879
Penalized,30,59,6,0.007865618438307544,105000,31.942
Penalized,30,59,7,1.5178159798242745,105000,31.92
Penalized,30,59,8,1.442311381601155,105000,31.906
Penalized,30,59,9,1.0717251035570539,105000,31.921
Penalized,30,8,0,1.2663173158436734,105000,25.266
Penalized,30,8,1,1.219616390778097,105000,25.344
Penalized,30,8,10,2.3459690842261907,105000,25.502
Penalized,30,8,11,2.7031785569032936,105000,25.484
Penalized,30,8,12,0.013564793435670183,105000,25.255
Penalized,30,8,13,3.6328497734643883,105000,25.456
Penalized,30,8,14,1.2136069293792373,105000,25.42
Penalized,30,8,15,2.0612543829784786,105000,25.51
Penalized,30,8,16,3.4973135800317334,105000,25.475
Penalized,30,8,17,1.1742174997886474,105000,25.365
Penalized,30,8,18,4.332693353056712,105000,25.241
Penalized,30,8,19,3.6157958898889966,105000,25.363
Penalized,30,8,2,4.5676219096773725,105000,25.352
Penalized,30,8,20,4.140107930619173,105000,25.349
Penalized,30,8,21,1.6814926263278498,105000,25.399
Penalized,30,8,22,2.640665732268987,105000,25.341
Penalized,30,8,23,1.9991265538567613,105000,25.335
Penalized,30,8,24,2.8738814806097603,105000,25.501
Penalized,30,8,25,3.553979077341283,105000,25.552
Penalized,30,8,26,2.498040263437263,105000,25.564
Penalized,30,8,27,0.6576981994691973,105000,25.602
Penalized,30,8,28,4.732066898932848,105000,25.562
Penalized,30,8,29,1.6948601602443334,105000,25.517
Penalized,30,8,3,2.9818264738519247,105000,25.375
Penalized,30,8,4,1.8694754647419656,105000,25.382
Penalized,30,8,5,0.8854609759361759,105000,25.338
Penalized,30,8,6,1.1615576231697884,105000,25.394
Penalized,30,8,7,4.065789335668997,105000,25.492
Penalized,30,8,8,2.572455432416135,105000,25.497
Penalized,30,8,9,1.9068269952121348,105000,25.512
Penalized,50,16,0,2.1901781915677314,175000,60.358
Penalized,50,16,1,3.0353208310374855,175000,60.271
Penalized,50,16,10,0.9439756030192233,175000,60.9
Penalized,50,16,11,0.02859555166706151,175000,61.113
Penalized,50,16,12,3.242420165842817,175000,60.601
Penalized,50,16,13,4.38620095433298,175000,60.701
Penalized,50,16,14,2.8910758240569456,175000,60.828
Penalized,50,16,15,3.1325754348818577,175000,60.855
Penalized,50,16,16,3.1945271009936906,175000,60.894
Penalized,50,16,17,0.07461164828897501,175000,60.941
Penalized,50,16,18,2.9159272640994423,175000,60.582
Penalized,50,16,19,3.497475723607598,175000,60.643
Penalized,50,16,2,3.297414992066074,175000,60.633
Penalized,50,16,20,2.0504478792644796,175000,60.736
Penalized,50,16,21,2.980050484256574,175000,61.001
Penalized,50,16,22,2.9476482794833005,175000,60.729
Penalized,50,16,23,2.3364887999792523,175000,60.786
Penalized,50,16,24,3.0259848381245575,175000,60.369
Penalized,50,16,25,4.283443117697243,175000,60.357
Penalized,50,16,26,4.266785332505599,175000,60.597
Penalized,50,16,27,3.8007028317379494,175000,60.501
Penalized,50,16,28,3.792094209821059,175000,60.519
Penalized,50,16,29,3.6351586962015476,175000,60.601
Penalized,50,16,3,3.707879609204429,175000,60.402
Penalized,50,16,4,2.8499020920257156,175000,60.451
Penalized,50,16,5,2.259624063025413,175000,60.617
Penalized,50,16,6,2.683501406892357,175000,60.746
Penalized,50,16,7,3.329199312166178,175000,60.759
Penalized,50,16,8,1.9956265534025364,175000,60.84
Penalized,50,16,9,3.163122145609094,175000,60.998
Penalized,50,32,0,2.4833083207092654,175000,68.38
Penalized,50,32,1,2.864212531540421,175000,68.481
Penalized,50,32,10,1.2915229060490152,175000,68.372
Penalized,50,32,11,4.106144104940543,175000,68.552
Penalized,50,32,12,0.003416091802885109,175000,67.811
Penalized,50,32,13,0.0017668568627602116,175000,68.606
Penalized,50,32,14,1.9286770307500338,175000,68.293
Penalized,50,32,15,2.3010442058030103,175000,68.239
Penalized,50,32,16,2.184595580070159,175000,68.318
Penalized,50,32,17,4.591842124038598,175000,68.292
Penalized,50,32,18,2.8438000372952676,175000,68.243
Penalized,50,32,19,3.7097862165513935,175000,68.284
Penalized,50,32,2,3.357637467757019,175000,68.518
Penalized,50,32,20,0.020589264017555235,175000,68.789
Penalized,50,32,21,2.9623421893579316,175000,68.503
Penalized,50,32,22,3.50916320485935,175000,68.377
Penalized,50,32,23,2.477398433250714,175000,68.518
Penalized,50,32,24,2.0597086995657543,175000,68.363
Penalized,50,32,25,3.325145894784075,175000,68.426
Penalized,50,32,26,3.726590162344796,175000,68.65
Penalized,50,32,27,3.6089458124327063,175000,68.535
Penalized,50,32,28,3.444017416893173,175000,68.57
Penalized,50,32,29,3.9705528075954386,175000,68.59
Penalized,50,32,3,2.8441527056571494,175000,68.588
Penalized,50,32,4,4.385354362992547,175000,68.644
Penalized,50,32,5,2.772862560835292,175000,68.6
Penalized,50,32,6,2.986925802668716,175000,68.088
Penalized,50,32,7,3.692306855004276,175000,68.333
Penalized,50,32,8,2.722554590240509,175000,68.433
Penalized,50,32,9,0.0024329802190735904,175000,68.822
Penalized,50,4,0,3.700152614223385,175000,56.325
Penalized,50,4,1,3.5716451227415704,175000,56.528
Penalized,50,4,10,1.8143764412242072,175000,56.116
Penalized,50,4,11,4.406185625595165,175000,56.084
Penalized,50,4,12,4.7167168091971385,175000,56.135
Penalized,50,4,13,3.8148040919770994,175000,56.244
Penalized,50,4,14,2.6301487214434567,175000,56.108
Penalized,50,4,15,2.584223603744679,175000,56.047
Penalized,50,4,16,2.9804056657339135,175000,56.211
Penalized,50,4,17,5.090059375116809,175000,56.222
Penalized,50,4,18,2.1060646447779607,175000,56.103
Penalized,50,4,19,3.233638571101311,175000,56.317
Penalized,50,4,2,8.429426180163262,175000,56.753
Penalized,50,4,20,2.938249593119576,175000,56.409
Penalized,50,4,21,6.48881190104945,175000,56.275
Penalized,50,4,22,4.096043943703162,175000,56.33
Penalized,50,4,23,3.0909432072749605,175000,56.313
Penalized,50,4,24,2.4706342072989047,175000,56.027
Penalized,50,4,25,5.2896849294030766,175000,56.409
Penalized,50,4,26,4.154358884067548,175000,56.084
Penalized,50,4,27,3.3575238651350277,175000,56.221
Penalized,50,4,28,4.6911175254035875,175000,56.232
Penalized,50,4,29,4.174137337285715,175000,56.355
Penalized,50,4,3,3.6820679587203995,175000,56.468
Penalized,50,4,4,4.086655713112525,175000,56.587
Penalized,50,4,5,3.586354127716957,175000,56.475
Penalized,50,4,6,2.7587652717936755,175000,55.944
Penalized,50,4,7,4.292714270124375,175000,56.361
Penalized,50,4,8,3.073387975507976,175000,56.02
Penalized,50,4,9,2.8287194709000416,175000,55.951
Penalized,50,59,0,0.0004218356057342071,175000,68.971
Penalized,50,59,1,0.0035950275478940194,175000,69.055
Penalized,50,59,10,0.000896449835156602,175000,69.079
Penalized,50,59,11,4.2163118582517125,175000,68.899
Penalized,50,59,12,3.610670734091574,175000,69.057
Penalized,50,59,13,0.0003357678250122912,175000,69.233
Penalized,50,59,14,0.000703576378097161,175000,69.331
Penalized,50,59,15,0.0006420348687061969,175000,69.361
Penalized,50,59,16,2.6365813692124953,175000,69.234
Penalized,50,59,17,4.2387102378141925,175000,69.294
Penalized,50,59,18,0.00026440616913909413,175000,69.04
Penalized,50,59,19,0.03101141460821351,175000,69.048
Penalized,50,59,2,0.0002174771444029242,175000,69.193
Penalized,50,59,20,1.8844769140204352,175000,69.009
Penalized,50,59,21,0.00013686899965901594,175000,69.16
Penalized,50,59,22,0.002137504690746917,175000,69.191
Penalized,50,59,23,1.45607437042484,175000,69.027
Penalized,50,59,24,2.821392239417689,175000,68.69
Penalized,50,59,25,4.927348352106863,175000,68.867
Penalized,50,59,26,0.025528662259308308,175000,69.006
Penalized,50,59,27,0.009629034099049662,175000,69.034
Penalized,50,59,28,0.00024229094752106482,175000,68.968
Penalized,50,59,29,3.091875987036676,175000,68.944
Penalized,50,59,3,3.6306940735529722,175000,69.047
Penalized,50,59,4,0.0012105667972013,175000,69.145
Penalized,50,59,5,2.6611786794964245,175000,69.141
Penalized,50,59,6,0.04470550730122221,175000,68.828
Penalized,50,59,7,3.22336315840087,175000,68.697
Penalized,50,59,8,0.0018696052498800594,175000,68.871
Penalized,50,59,9,0.00010150113919769358,175000,68.926
Penalized,50,8,0,3.1496365130810653,175000,57.715
Penalized,50,8,1,2.6733023346147338,175000,57.975
Penalized,50,8,10,1.886396714440352,175000,57.65
Penalized,50,8,11,4.750528143479058,175000,57.724
Penalized,50,8,12,2.951974950289333,175000,57.468
Penalized,50,8,13,3.550389725834975,175000,57.893
Penalized,50,8,14,3.6600611040038458,175000,57.636
Penalized,50,8,15,3.3568367255871228,175000,57.731
Penalized,50,8,16,2.5506103738972623,175000,57.967
Penalized,50,8,17,3.641642255647219,175000,57.774
Penalized,50,8,18,2.165153576607183,175000,57.829
Penalized,50,8,19,4.661175066235088,175000,57.868
Penalized,50,8,2,4.99123852186667,175000,57.749
Penalized,50,8,20,2.4283019113820443,175000,57.971
Penalized,50,8,21,4.833399200093324,175000,57.934
Penalized,50,8,22,4.679133765370374,175000,57.953
Penalized,50,8,23,1.9808814986611556,175000,58.031
Penalized,50,8,24,2.7795172970043445,175000,57.661
Penalized,50,8,25,3.344326545843459,175000,57.837
Penalized,50,8,26,5.054851587574807,175000,58.002
Penalized,50,8,27,2.5262965243631292,175000,57.874
Penalized,50,8,28,4.270821030116184,175000,57.84
Penalized,50,8,29,2.53782284388887,175000,57.872
Penalized,50,8,3,2.5742004704207564,175000,57.901
Penalized,50,8,4,3.202007427896202,175000,57.802
Penalized,50,8,5,3.4316215666382495,175000,57.915
Penalized,50,8,6,3.117530014950069,175000,57.465
Penalized,50,8,7,3.7899199064577687,175000,57.712
Penalized,50,8,8,3.390037230943594,175000,57.67
Penalized,50,8,9,3.1407273359981893,175000,57.679
Quartic,10,16,0,7.255313666215986e-13,35000,3.786
Quartic,10,16,1,1.2276837032826983e-14,35000,3.837
Quartic,10,16,10,5.178384056394263e-14,35000,3.79
Quartic,10,16,11,1.1827890874285736e-14,35000,3.804
Quartic,10,16,12,9.199463572903647e-13,35000,3.788
Quartic,10,16,13,2.15134968143767e-13,35000,3.754
Quartic,10,16,14,4.4859787701731056e-13,35000,3.779
Quartic,10,16,15,4.883429845778021e-14,35000,3.784
Quartic,10,16,16,8.838960182847932e-14,35000,3.793
Quartic,10,16,17,5.987971677952823e-14,35000,3.844
Quartic,10,16,18,4.273364510361422e-14,35000,3.811
Quartic,10,16,19,1.5703984673278672e-14,35000,3.767
Quartic,10,16,2,1.4829101676439578e-13,35000,3.815
Quartic,10,16,20,1.220304318933864e-13,35000,3.797
Quartic,10,16,21,7.838766417929056e-15,35000,3.782
Quartic,10,16,22,7.739760748351058e-14,35000,3.793
Quartic,10,16,23,4.869807456848176e-15,35000,3.817
Quartic,10,16,24,1.0387088262572322e-12,35000,3.772
Quartic,10,16,25,2.9443934960868514e-13,35000,3.767
Quartic,10,16,26,9.12328257890395e-13,35000,3.781
Quartic,10,16,27,1.321137260760402e-13,35000,3.787
Quartic,10,16,28,4.2628752036413944e-13,35000,3.81
Quartic,10,16,29,5.6076222869569026e-15,35000,3.786
Quartic,10,16,3,5.629412242764942e-14,35000,3.784
Quartic,10,16,4,7.308958170998286e-14,35000,3.78
Quartic,10,16,5,1.0609827585041581e-14,35000,3.798
Quartic,10,16,6,2.4256722680164174e-14,35000,3.799
Quartic,10,16,7,1.2145263996286363e-12,35000,3.761
Quartic,10,16,8,1.713253932074528e-14,35000,3.791
Quartic,10,16,9,4.087884631632298e-15,35000,3.852
Quartic,10,32,0,1.3143686419879989e-12,35000,5.515
Quartic,10,32,1,5.503067983773618e-13,35000,5.481
Quartic,10,32,10,1.1351060597289505e-12,35000,5.511
Quartic,10,32,11,1.1051019911985502e-12,35000,5.626
Quartic,10,32,12,3.645882254905813e-13,35000,5.421
Quartic,10,32,13,2.6474461503200387e-12,35000,5.412
Quartic,10,32,14,1.7418127766071316e-12,35000,5.493
Quartic,10,32,15,1.4520277340819727e-11,35000,5.477
Quartic,10,32,16,2.206055388999798e-12,35000,5.399
Quartic,10,32,17,8.987939840198008e-13,35000,5.525
Quartic,10,32,18,2.5284235000745204e-12,35000,5.68
Quartic,10,32,19,7.921549586086906e-13,35000,5.533
Quartic,10,32,2,5.244358365574012e-13,35000,5.602
Quartic,10,32,20,1.0540972005349888e-11,35000,5.617
Quartic,10,32,21,2.0227166759722936e-12,35000,5.536
Quartic,10,32,22,2.0520817488736753e-12,35000,5.443
Quartic,10,32,23,5.820903671142667e-13,35000,5.48
Quartic,10,32,24,3.1378256967692984e-12,35000,5.489
Quartic,10,32,25,2.2135296015298114e-13,35000,5.636
Quartic,10,32,26,5.287944353688368e-13,35000,5.396
Quartic,10,32,27,2.624140524618549e-12,35000,5.529
Quartic,10,32,28,3.054735685263331e-13,35000,5.569
Quartic,10,32,29,8.517746199792857e-13,35000,5.57
Quartic,10,32,3,2.058175990038015e-13,35000,5.667
Quartic,10,32,4,7.929782769279469e-13,35000,5.454
Quartic,10,32,5,2.1290504884149298e-13,35000,5.644
Quartic,10,32,6,1.0889260384963106e-13,35000,5.412
Quartic,10,32,7,1.3662426693712492e-12,35000,5.413
Quartic,10,32,8,9.803229342426608e-13,35000,5.57
Quartic,10,32,9,2.2709091804782205e-12,35000,5.419
Quartic,10,4,0,1.1624214302465408e-14,35000,2.792
Quartic,10,4,1,1.613584854649288e-16,35000,2.815
Quartic,10,4,10,3.696465656811387e-15,35000,2.837
Quartic,10,4,11,8.760052734209924e-15,35000,2.829
Quartic,10,4,12,1.1230737861102377e-15,35000,2.835
Quartic,10,4,13,5.073009200816959e-16,35000,2.833
Quartic,10,4,14,2.0866559667290117e-15,35000,2.843
Quartic,10,4,15,2.652584769241256e-14,35000,2.839
Quartic,10,4,16,4.14061287834037e-15,35000,2.834
Quartic,10,4,17,2.314635533958325e-16,35000,2.838
Quartic,10,4,18,1.560395410259455e-16,35000,2.877
Quartic,10,4,19,1.3777698310906103e-14,35000,2.858
Quartic,10,4,2,1.669889387159506e-15,35000,2.832
Quartic,10,4,20,1.568780780574799e-15,35000,2.865
Quartic,10,4,21,5.083420276463789e-16,35000,2.841
Quartic,10,4,22,5.958121228627552e-16,35000,2.836
Quartic,10,4,23,6.520009162557691e-17,35000,2.852
Quartic,10,4,24,2.152354721522066e-14,35000,2.838
Quartic,10,4,25,1.7758627107713485e-15,35000,2.83
Quartic,10,4,26,5.460508191980958e-18,35000,2.841
Quartic,10,4,27,2.188306322143712e-14,35000,2.846
Quartic,10,4,28,1.3847149508957883e-14,35000,2.819
Quartic,10,4,29,5.100769560552565e-16,35000,2.865
Quartic,10,4,3,5.373488168808646e-16,35000,2.813
Quartic,10,4,4,2.222120285827675e-15,35000,2.843
Quartic,10,4,5,4.0258625183016246e-14,35000,2.835
Quartic,10,4,6,3.761416879816655e-16,35000,2.833
Quartic,10,4,7,1.3963292617613308e-15,35000,2.826
Quartic,10,4,8,1.1449517008189633e-14,35000,2.844
Quartic,10,4,9,9.370069289893483e-16,35000,2.849
Quartic,10,59,0,2.0516801545596628e-11,35000,5.465
Quartic,10,59,1,8.611795889834244e-12,35000,5.376
Quartic,10,59,10,2.713088481161242e-13,35000,5.452
Quartic,10,59,11,5.1588547259910606e-11,35000,5.361
Quartic,10,59,12,3.759704353795064e-12,35000,5.447
Quartic,10,59,13,3.51196361297772e-12,35000,5.56
Quartic,10,59,14,3.939574785493333e-12,35000,5.481
Quartic,10,59,15,6.538836575402154e-12,35000,5.423
Quartic,10,59,16,2.3552704372084517e-12,35000,5.359
Quartic,10,59,17,1.0949454632336319e-11,35000,5.567
Quartic,10,59,18,6.075352599584776e-12,35000,5.571
Quartic,10,59,19,1.5273465595913976e-11,35000,5.346
Quartic,10,59,2,8.259423496728831e-12,35000,5.483
Quartic,10,59,20,5.0254955629133195e-12,35000,5.467
Quartic,10,59,21,5.121343615795186e-13,35000,5.511
Quartic,10,59,22,5.290454547063324e-12,35000,5.422
Quartic,10,59,23,4.106486171437378e-11,35000,5.441
Quartic,10,59,24,2.2264390903570355e-11,35000,5.382
Quartic,10,59,25,3.5771960458057224e-12,35000,5.455
Quartic,10,59,26,2.4908168089695915e-11,35000,5.607
Quartic,10,59,27,1.8605889560205174e-12,35000,5.475
Quartic,10,59,28,4.957614560802605e-11,35000,5.391
Quartic,10,59,29,7.332310151851627e-12,35000,5.592
Quartic,10,59,3,3.4481891075055666e-12,35000,5.358
Quartic,10,59,4,4.914917532320212e-12,35000,5.494
Quartic,10,59,5,2.9824602912616053e-11,35000,5.528
Quartic,10,59,6,1.6444066234542108e-11,35000,5.359
Quartic,10,59,7,5.1434659552973404e-11,35000,5.474
Quartic,10,59,8,3.784187747477783e-12,35000,5.521
Quartic,10,59,9,1.0507109160294322e-11,35000,5.505
Quartic,10,8,0,7.966513911636442e-15,35000,3.202
Quartic,10,8,1,1.7365485703569698e-14,35000,3.214
Quartic,10,8,10,4.899428951371137e-15,35000,3.178
Quartic,10,8,11,5.871137880902374e-14,35000,3.192
Quartic,10,8,12,4.141279080392179e-15,35000,3.183
Quartic,10,8,13,8.055356169939523e-15,35000,3.183
Quartic,10,8,14,3.739785727203069e-13,35000,3.168
Quartic,10,8,15,1.0827853372285501e-13,35000,3.202
Quartic,10,8,16,2.9850729882917466e-15,35000,3.199
Quartic,10,8,17,8.662347161940181e-15,35000,3.198
Quartic,10,8,18,4.2912449544105574e-15,35000,3.19
Quartic,10,8,19,1.1173451778427531e-15,35000,3.197
Quartic,10,8,2,1.4907041078855214e-14,35000,3.205
Quartic,10,8,20,2.8069195084063664e-15,35000,3.18
Quartic,10,8,21,4.5585895505277324e-14,35000,3.184
Quartic,10,8,22,3.604287879655696e-14,35000,3.181
Quartic,10,8,23,1.4785516200171882e-14,35000,3.193
Quartic,10,8,24,7.461416034672098e-15,35000,3.22
Quartic,10,8,25,1.9865038255359059e-13,35000,3.152
Quartic,10,8,26,7.220798339797284e-15,35000,3.199
Quartic,10,8,27,5.541295887877736e-16,35000,3.204
Quartic,10,8,28,1.0057416486469228e-13,35000,3.177
Quartic,10,8,29,1.5108966076845549e-13,35000,3.181
Quartic,10,8,3,5.497717985810254e-16,35000,3.238
Quartic,10,8,4,7.804933957056046e-16,35000,3.192
Quartic,10,8,5,1.8925161043869478e-14,35000,3.191
Quartic,10,8,6,3.271963635253045e-15,35000,3.179
Quartic,10,8,7,4.015232121223645e-16,35000,3.162
Quartic,10,8,8,8.353235895358152e-16,35000,3.182
Quartic,10,8,9,1.402985423923689e-15,35000,3.177
Quartic,30,16,0,3.477917697143946e-10,105000,12.228
Quartic,30,16,1,8.827183215060984e-10,105000,12.203
Quartic,30,16,10,9.849974389231318e-10,105000,12.254
Quartic,30,16,11,1.2651726205839942e-10,105000,12.247
Quartic,30,16,12,4.716087221009288e-10,105000,12.178
Quartic,30,16,13,2.0895790097206858e-10,105000,12.176
Quartic,30,16,14,2.7421323571858215e-10,105000,12.193
Quartic,30,16,15,4.3332430473527093e-10,105000,12.182
Quartic,30,16,16,1.1150362182943046e-10,105000,12.214
Quartic,30,16,17,1.7353774331723083e-12,105000,12.268
Quartic,30,16,18,3.265030150897661e-10,105000,12.266
Quartic,30,16,19,1.9729854131003536e-11,105000,12.328
Quartic,30,16,2,1.3646531762252693e-10,105000,12.29
Quartic,30,16,20,3.2097618371504476e-12,105000,12.288
Quartic,30,16,21,7.9500305649889e-11,105000,12.271
Quartic,30,16,22,1.1704001570144065e-09,105000,12.234
Quartic,30,16,23,8.234466164246685e-10,105000,12.248
Quartic,30,16,24,1.4642332698420616e-10,105000,12.255
Quartic,30,16,25,1.595078210495854e-09,105000,12.227
Quartic,30,16,26,1.1869469527174117e-10,105000,12.203
Quartic,30,16,27,2.1422090484434098e-10,105000,12.173
Quartic,30,16,28,9.946424531702074e-11,105000,12.219
Quartic,30,16,29,5.670405650905432e-10,105000,12.197
Quartic,30,16,3,3.6653889143088914e-11,105000,12.164
Quartic,30,16,4,9.806167524440497e-11,105000,12.291
Quartic,30,16,5,4.282729334830231e-10,105000,12.211
Quartic,30,16,6,2.2688875884480442e-10,105000,12.159
Quartic,30,16,7,5.996278931514524e-10,105000,12.21
Quartic,30,16,8,1.3236148401612425e-09,105000,12.155
Quartic,30,16,9,3.6014991614201923e-10,105000,12.219
Quartic,30,32,0,7.014788100798745e-10,105000,17.201
Quartic,30,32,1,1.769284387135913e-09,105000,17.124
Quartic,30,32,10,7.96905472247057e-09,105000,16.858
Quartic,30,32,11,1.1296011610180878e-09,105000,16.954
Quartic,30,32,12,4.979944117065578e-10,105000,17.22
Quartic,30,32,13,1.1728811371087876e-09,105000,17.094
Quartic,30,32,14,1.2682792320381988e-09,105000,17.316
Quartic,30,32,15,2.328030696125787e-09,105000,17.046
Quartic,30,32,16,1.107475663214865e-09,105000,17.035
Quartic,30,32,17,1.3835282070364842e-09,105000,17.048
Quartic,30,32,18,1.2978773612902368e-09,105000,16.997
Quartic,30,32,19,2.074091946851616e-09,105000,16.89
Quartic,30,32,2,5.980397724180924e-10,105000,17.123
Quartic,30,32,20,2.8170596614363862e-09,105000,16.965
Quartic,30,32,21,3.6094321433480797e-10,105000,16.972
Quartic,30,32,22,1.2020867312493726e-09,105000,16.803
Quartic,30,32,23,6.867246373408039e-10,105000,17.083
Quartic,30,32,24,6.205579025785814e-10,105000,17.013
Quartic,30,32,25,4.547130084170767e-09,105000,16.827
Quartic,30,32,26,4.464308017164333e-10,105000,16.872
Quartic,30,32,27,5.281180571437596e-10,105000,16.893
Quartic,30,32,28,3.555293293472075e-10,105000,16.804
Quartic,30,32,29,4.771455464775942e-10,105000,16.884
Quartic,30,32,3,3.89328920932449e-10,105000,16.984
Quartic,30,32,4,2.1239143949752255e-10,105000,17.222
Quartic,30,32,5,1.4646157247274441e-09,105000,17.089
Quartic,30,32,6,5.418749980865501e-10,105000,17.168
Quartic,30,32,7,2.365131247902352e-09,105000,17.007
Quartic,30,32,8,6.991990744654242e-10,105000,17.235
Quartic,30,32,9,4.592529001745682e-10,105000,17.157
Quartic,30,4,0,2.8691977150381226e-11,105000,9.418
Quartic,30,4,1,3.414409811872843e-11,105000,9.391
Quartic,30,4,10,9.559322084984827e-11,105000,9.445
Quartic,30,4,11,2.140388069313964e-11,105000,9.392
Quartic,30,4,12,1.1640294668744042e-12,105000,9.487
Quartic,30,4,13,2.6454443699039497e-12,105000,9.417
Quartic,30,4,14,5.684511499139139e-12,105000,9.44
Quartic,30,4,15,3.3447593741451825e-11,105000,9.391
Quartic,30,4,16,1.1151803602254996e-13,105000,9.438
Quartic,30,4,17,3.813649512962538e-12,105000,9.4
Quartic,30,4,18,3.296877127289386e-12,105000,9.496
Quartic,30,4,19,6.788779026736075e-13,105000,9.494
Quartic,30,4,2,3.282441998589e-12,105000,9.451
Quartic,30,4,20,7.631358790139992e-12,105000,9.532
Quartic,30,4,21,9.567389863817833e-13,105000,9.552
Quartic,30,4,22,6.725837741445027e-12,105000,9.568
Quartic,30,4,23,3.059704275968455e-12,105000,9.525
Quartic,30,4,24,8.429141638226715e-12,105000,9.503
Quartic,30,4,25,1.882921795452614e-11,105000,9.498
Quartic,30,4,26,1.1436165216772241e-11,105000,9.46
Quartic,30,4,27,1.1730313541702688e-11,105000,9.488
Quartic,30,4,28,1.1836119585030308e-11,105000,9.486
Quartic,30,4,29,1.3880840470568604e-11,105000,9.496
Quartic,30,4,3,3.578468488364376e-12,105000,9.397
Quartic,30,4,4,3.707906530444293e-12,105000,9.45
Quartic,30,4,5,3.581514264524416e-12,105000,9.424
Quartic,30,4,6,1.4684087565449528e-12,105000,9.413
Quartic,30,4,7,4.196429906373729e-13,105000,9.446
Quartic,30,4,8,4.299905932985414e-12,105000,9.49
Quartic,30,4,9,2.148472258172891e-12,105000,9.414
Quartic,30,59,0,1.0373296335154903e-09,105000,17.838
Quartic,30,59,1,1.6835743483928325e-09,105000,17.553
Quartic,30,59,10,5.775870055164384e-09,105000,17.367
Quartic,30,59,11,6.3502313602683454e-09,105000,17.668
Quartic,30,59,12,1.0155885050355968e-08,105000,17.317
Quartic,30,59,13,4.542938569274852e-09,105000,17.51
Quartic,30,59,14,4.828402084756356e-09,105000,17.309
Quartic,30,59,15,2.1135638979933247e-09,105000,17.384
Quartic,30,59,16,2.54196842096118e-09,105000,17.39
Quartic,30,59,17,1.891368044157991e-09,105000,17.456
Quartic,30,59,18,1.2205434556044231e-09,105000,17.969
Quartic,30,59,19,6.685917800881991e-09,105000,17.366
Quartic,30,59,2,8.673231881585028e-10,105000,17.357
Quartic,30,59,20,5.38532770720197e-09,105000,17.444
Quartic,30,59,21,3.5745747013007753e-09,105000,17.485
Quartic,30,59,22,1.4852360106958969e-09,105000,17.648
Quartic,30,59,23,3.0522036190232588e-09,105000,17.327
Quartic,30,59,24,1.721211191949482e-09,105000,17.52
Quartic,30,59,25,1.5432947943256523e-09,105000,17.482
Quartic,30,59,26,2.221378513887058e-09,105000,17.424
Quartic,30,59,27,9.682540560665388e-10,105000,17.351
Quartic,30,59,28,4.896498600789528e-09,105000,17.518
Quartic,30,59,29,1.248314798384518e-09,105000,17.414
Quartic,30,59,3,2.165993517486928e-09,105000,17.331
Quartic,30,59,4,2.9877567384222274e-09,105000,17.355
Quartic,30,59,5,4.333082803847608e-09,105000,17.303
Quartic,30,59,6,2.182523038555518e-09,105000,17.337
Quartic,30,59,7,1.4292165375379827e-08,105000,17.456
Quartic,30,59,8,3.6904968228782435e-09,105000,17.557
Quartic,30,59,9,7.979548095477326e-09,105000,17.293
Quartic,30,8,0,6.091179498611963e-11,105000,10.512
Quartic,30,8,1,7.745860802639969e-13,105000,10.5
Quartic,30,8,10,8.898755923707559e-11,105000,10.531
Quartic,30,8,11,2.520048857292497e-11,105000,10.542
Quartic,30,8,12,4.818791104571008e-11,105000,10.511
Quartic,30,8,13,7.808588618550239e-12,105000,10.508
Quartic,30,8,14,9.46505112154863e-12,105000,10.55
Quartic,30,8,15,1.183792258892934e-09,105000,10.501
Quartic,30,8,16,4.626373848211946e-11,105000,10.546
Quartic,30,8,17,8.432886709789543e-13,105000,10.577
Quartic,30,8,18,2.5409346366311722e-11,105000,10.548
Quartic,30,8,19,3.395256348265675e-11,105000,10.56
Quartic,30,8,2,3.741735066110754e-13,105000,10.557
Quartic,30,8,20,1.8175529977401901e-10,105000,10.546
Quartic,30,8,21,2.349307497429946e-13,105000,10.605
Quartic,30,8,22,6.032076230515078e-11,105000,10.546
Quartic,30,8,23,1.4777345414788722e-10,105000,10.547
Quartic,30,8,24,6.376179896303528e-11,105000,10.497
Quartic,30,8,25,1.0276462925175363e-10,105000,10.501
Quartic,30,8,26,5.868045690876706e-13,105000,10.558
Quartic,30,8,27,3.3555185365005665e-12,105000,10.545
Quartic,30,8,28,6.743935101538722e-11,105000,10.504
Quartic,30,8,29,3.907132928812483e-11,105000,10.477
Quartic,30,8,3,5.582035922198764e-11,105000,10.498
Quartic,30,8,4,3.86908439447443e-14,105000,10.64
Quartic,30,8,5,5.91271753385114e-12,105000,10.523
Quartic,30,8,6,1.462868689579287e-10,105000,10.535
Quartic,30,8,7,2.262620570685229e-10,105000,10.523
Quartic,30,8,8,3.453143442119853e-11,105000,10.571
Quartic,30,8,9,2.0498299589435405e-12,105000,10.631
Quartic,50,16,0,1.5201477539752349e-09,175000,22.015
Quartic,50,16,1,2.0170578824467257e-11,175000,22.309
Quartic,50,16,10,4.839019533482909e-09,175000,22.057
Quartic,50,16,11,5.028483022524582e-09,175000,21.92
Quartic,50,16,12,7.349506724908949e-13,175000,22.143
Quartic,50,16,13,4.85730384726937e-09,175000,21.91
Quartic,50,16,14,3.038677797371239e-09,175000,21.954
Quartic,50,16,15,9.146350376851975e-09,175000,22.087
Quartic,50,16,16,3.953875389631432e-09,175000,21.973
Quartic,50,16,17,2.4239489950062666e-10,175000,22.047
Quartic,50,16,18,2.3131393074619172e-09,175000,22.092
Quartic,50,16,19,1.4681067108836166e-11,175000,22.291
Quartic,50,16,2,1.0246426572857471e-11,175000,22.198
Quartic,50,16,20,1.7450561541857403e-09,175000,22.003
Quartic,50,16,21,5.6875386926882896e-09,175000,21.924
Quartic,50,16,22,1.4985593319510949e-09,175000,22.037
Quartic,50,16,23,1.8322636205526725e-09,175000,21.91
Quartic,50,16,24,1.1384719425260161e-11,175000,22.123
Quartic,50,16,25,1.0951497450489393e-10,175000,22.068
Quartic,50,16,26,4.71889837724928e-09,175000,21.913
Quartic,50,16,27,1.05758468977063e-10,175000,21.998
Quartic,50,16,28,7.773489445565884e-09,175000,21.963
Quartic,50,16,29,2.4472787242495143e-12,175000,22.079
Quartic,50,16,3,5.916091999568746e-09,175000,21.933
Quartic,50,16,4,3.137594152525489e-11,175000,22.169
Quartic,50,16,5,1.913485651744826e-09,175000,21.912
Quartic,50,16,6,8.081954642284046e-09,175000,21.969
Quartic,50,16,7,2.7141212921990196e-10,175000,22.045
Quartic,50,16,8,6.122823141962226e-09,175000,21.936
Quartic,50,16,9,9.796255630402387e-11,175000,22.205
Quartic,50,32,0,7.099486028048486e-09,175000,29.728
Quartic,50,32,1,5.798837109496555e-09,175000,29.88
Quartic,50,32,10,5.199608631181634e-09,175000,30.01
Quartic,50,32,11,2.8719651235189075e-09,175000,30.472
Quartic,50,32,12,8.296426440784137e-09,175000,29.676
Quartic,50,32,13,3.6977903656570595e-08,175000,29.559
Quartic,50,32,14,1.0798116451836908e-08,175000,30.07
Quartic,50,32,15,4.067749539717854e-09,175000,30.035
Quartic,50,32,16,8.047434299920654e-09,175000,30.406
Quartic,50,32,17,2.5889158218037158e-08,175000,29.982
Quartic,50,32,18,8.19884526383178e-09,175000,30.255
Quartic,50,32,19,1.1728283317155928e-09,175000,30.082
Quartic,50,32,2,6.950617390260176e-09,175000,29.679
Quartic,50,32,20,7.033749816306221e-09,175000,29.829
Quartic,50,32,21,9.504414400744507e-09,175000,30.001
Quartic,50,32,22,4.704292106472505e-09,175000,30.004
Quartic,50,32,23,4.955615545750462e-09,175000,30.068
Quartic,50,32,24,4.051603727225044e-09,175000,30.532
Quartic,50,32,25,4.602471101467873e-09,175000,30.388
Quartic,50,32,26,4.009513332379973e-09,175000,30.775
Quartic,50,32,27,1.5656152146363197e-08,175000,30.199
Quartic,50,32,28,2.881155276344239e-09,175000,30.528
Quartic,50,32,29,5.826740903191705e-09,175000,30.36
Quartic,50,32,3,4.5826348318168635e-09,175000,29.946
Quartic,50,32,4,1.4021240790293187e-08,175000,29.804
Quartic,50,32,5,3.90112670019173e-09,175000,30.2
Quartic,50,32,6,1.3405996235136301e-08,175000,29.56
Quartic,50,32,7,4.606173861687602e-09,175000,29.858
Quartic,50,32,8,6.856174317313178e-09,175000,29.965
Quartic,50,32,9,6.6371867272692415e-09,175000,29.664
Quartic,50,4,0,3.3500429833067644e-12,175000,17.336
Quartic,50,4,1,4.8138157583993555e-11,175000,17.343
Quartic,50,4,10,1.095522553054989e-10,175000,17.303
Quartic,50,4,11,9.608281389869708e-11,175000,17.298
Quartic,50,4,12,2.4035335056085357e-10,175000,17.349
Quartic,50,4,13,2.28186358115184e-10,175000,17.328
Quartic,50,4,14,7.859248877500852e-11,175000,17.328
Quartic,50,4,15,1.6751224333516604e-10,175000,17.38
Quartic,50,4,16,1.6552744893646906e-10,175000,17.329
Quartic,50,4,17,2.3320783110241324e-10,175000,17.308
Quartic,50,4,18,1.0620899215581204e-10,175000,17.313
Quartic,50,4,19,2.4721373524875193e-10,175000,17.36
Quartic,50,4,2,1.338658015315872e-11,175000,17.396
Quartic,50,4,20,8.030206596606483e-11,175000,17.384
Quartic,50,4,21,7.796141480972038e-11,175000,17.414
Quartic,50,4,22,3.127986698680747e-12,175000,17.395
Quartic,50,4,23,3.528006980184852e-14,175000,17.417
Quartic,50,4,24,1.385552357152706e-10,175000,17.344
Quartic,50,4,25,9.132310307240527e-15,175000,17.344
Quartic,50,4,26,1.830449265206106e-12,175000,17.369
Quartic,50,4,27,1.9154431328131916e-10,175000,17.404
Quartic,50,4,28,3.6303826967253157e-10,175000,17.383
Quartic,50,4,29,9.718664280344547e-12,175000,17.327
Quartic,50,4,3,1.591990852418692e-10,175000,17.414
Quartic,50,4,4,4.79075298652655e-12,175000,17.39
Quartic,50,4,5,4.633495865133147e-10,175000,17.378
Quartic,50,4,6,1.199084440923736e-10,175000,17.322
Quartic,50,4,7,1.1321786268398922e-11,175000,17.36
Quartic,50,4,8,2.818742270821186e-10,175000,17.404
Quartic,50,4,9,3.091392085721333e-12,175000,17.426
Quartic,50,59,0,5.501927600752526e-09,175000,31.21
Quartic,50,59,1,1.1000765152244087e-08,175000,30.868
Quartic,50,59,10,9.566194393905515e-09,175000,31.01
Quartic,50,59,11,6.500950409921166e-09,175000,31.039
Quartic,50,59,12,9.78608259908764e-09,175000,30.873
Quartic,50,59,13,9.140179670914883e-09,175000,31.295
Quartic,50,59,14,4.328159008499658e-09,175000,31.488
Quartic,50,59,15,1.2298624599017946e-08,175000,30.782
Quartic,50,59,16,1.0210481574399809e-08,175000,30.886
Quartic,50,59,17,4.187984520554856e-09,175000,30.979
Quartic,50,59,18,6.38271786670653e-09,175000,30.631
Quartic,50,59,19,8.033736496446662e-09,175000,31.107
Quartic,50,59,2,5.768000919901126e-09,175000,30.833
Quartic,50,59,20,9.205367151117495e-09,175000,30.617
Quartic,50,59,21,5.030042262384038e-09,175000,31.267
Quartic,50,59,22,1.1424366367121976e-08,175000,30.656
Quartic,50,59,23,4.449971467863004e-09,175000,30.481
Quartic,50,59,24,5.391126430252217e-09,175000,31.074
Quartic,50,59,25,1.7654402064938608e-08,175000,30.939
Quartic,50,59,26,2.1930752990551887e-08,175000,30.499
Quartic,50,59,27,6.757156107988574e-09,175000,30.996
Quartic,50,59,28,1.7599800369857156e-08,175000,30.691
Quartic,50,59,29,8.537861254615525e-09,175000,31.362
Quartic,50,59,3,1.2123629179364028e-08,175000,30.521
Quartic,50,59,4,2.027565759593638e-08,175000,30.873
Quartic,50,59,5,1.514039493747306e-08,175000,31.47
Quartic,50,59,6,1.2043401387700085e-08,175000,31.015
Quartic,50,59,7,5.57672200874579e-09,175000,31.901
Quartic,50,59,8,1.3791699756790238e-08,175000,30.935
Quartic,50,59,9,7.205527689980047e-09,175000,31.32
Quartic,50,8,0,5.342267563940392e-10,175000,19.084
Quartic,50,8,1,4.016301552905376e-13,175000,19.083
Quartic,50,8,10,4.672901177861116e-10,175000,20.996
Quartic,50,8,11,1.3889715063965055e-10,175000,21.715
Quartic,50,8,12,1.0555291146349797e-09,175000,20.819
Quartic,50,8,13,2.4422950578455895e-09,175000,20.674
Quartic,50,8,14,8.501837329524477e-11,175000,20.301
Quartic,50,8,15,4.280870184823061e-10,175000,20.16
Quartic,50,8,16,2.1088408949204568e-11,175000,20.057
Quartic,50,8,17,5.136296978369727e-11,175000,19.393
Quartic,50,8,18,4.0977889660259295e-10,175000,18.944
Quartic,50,8,19,3.911104978191652e-15,175000,19.123
Quartic,50,8,2,2.901283461623215e-12,175000,19.088
Quartic,50,8,20,3.279205204991564e-10,175000,19.112
Quartic,50,8,21,2.431327008283194e-11,175000,19.079
Quartic,50,8,22,4.843501140550847e-10,175000,18.999
Quartic,50,8,23,8.780646154182662e-10,175000,18.995
Quartic,50,8,24,1.2650733957018915e-11,175000,19.022
Quartic,50,8,25,2.5986363898321874e-11,175000,19.086
Quartic,50,8,26,6.289838152043421e-10,175000,19.12
Quartic,50,8,27,1.507435517160322e-09,175000,19.062
Quartic,50,8,28,5.478714257046315e-10,175000,19.092
Quartic,50,8,29,8.671600144572887e-10,175000,19.088
Quartic,50,8,3,9.540856243113684e-10,175000,19.111
Quartic,50,8,4,3.9653596886247585e-11,175000,19.075
Quartic,50,8,5,4.227802262913097e-09,175000,19.057
Quartic,50,8,6,3.879726367352225e-10,175000,20.203
Quartic,50,8,7,2.8256988107167546e-12,175000,20.429
Quartic,50,8,8,3.3516363699041784e-10,175000,20.94
Quartic,50,8,9,8.553009983819694e-13,175000,20.979
Rastrigin,10,16,0,4.974848984679966,35000,3.75
Rastrigin,10,16,1,10.944639697150166,35000,3.773
Rastrigin,10,16,10,0.031498588730045185,35000,3.75
Rastrigin,10,16,11,6.9647439564271565,35000,3.737
Rastrigin,10,16,12,5.969959196852329,35000,3.684
Rastrigin,10,16,13,4.974924625992216,35000,3.734
Rastrigin,10,16,14,2.9849009497403642,35000,3.696
Rastrigin,10,16,15,4.974913055730795,35000,3.736
Rastrigin,10,16,16,5.969814526520011,35000,3.736
Rastrigin,10,16,17,0.20395687700386134,35000,3.756
Rastrigin,10,16,18,0.023861374702136118,35000,3.753
Rastrigin,10,16,19,0.9952683169110372,35000,3.779
Rastrigin,10,16,2,0.8599893920700907,35000,3.767
Rastrigin,10,16,20,3.9799340978142794,35000,3.78
Rastrigin,10,16,21,2.9849510982172944,35000,3.725
Rastrigin,10,16,22,6.964737797581279,35000,3.736
Rastrigin,10,16,23,0.04912730225916562,35000,3.756
Rastrigin,10,16,24,4.97486172625274,35000,3.733
Rastrigin,10,16,25,2.985008884547014,35000,3.853
Rastrigin,10,16,26,0.12295782789733778,35000,3.766
Rastrigin,10,16,27,3.979907167393165,35000,3.751
Rastrigin,10,16,28,0.004926046348643354,35000,3.81
Rastrigin,10,16,29,2.9850155264659293,35000,3.772
Rastrigin,10,16,3,0.006160711008703856,35000,3.771
Rastrigin,10,16,4,6.964841410964851,35000,3.736
Rastrigin,10,16,5,0.1292455458225703,35000,3.768
Rastrigin,10,16,6,3.9799125495189998,35000,3.733
Rastrigin,10,16,7,7.960480752470318,35000,3.753
Rastrigin,10,16,8,0.1111279305464592,35000,3.768
Rastrigin,10,16,9,1.9900283966382517,35000,3.756
Rastrigin,10,32,0,0.26496938351627364,35000,5.521
Rastrigin,10,32,1,0.12422089454867091,35000,5.468
Rastrigin,10,32,10,0.017123608796069334,35000,5.591
Rastrigin,10,32,11,2.984977961514062,35000,5.37
Rastrigin,10,32,12,2.9850601323397257,35000,5.481
Rastrigin,10,32,13,2.985079742712827,35000,5.377
Rastrigin,10,32,14,0.07946307904911976,35000,5.434
Rastrigin,10,32,15,3.980120166090586,35000,5.434
Rastrigin,10,32,16,0.13216562123518827,35000,5.525
Rastrigin,10,32,17,1.9900136701257054,35000,5.385
Rastrigin,10,32,18,0.19948894307677278,35000,5.618
Rastrigin,10,32,19,5.970178386859899,35000,5.378
Rastrigin,10,32,2,0.03738713136078786,35000,5.463
Rastrigin,10,32,20,0.008116801128892348,35000,5.576
Rastrigin,10,32,21,0.017544497430122874,35000,5.502
Rastrigin,10,32,22,0.6038857179857047,35000,5.454
Rastrigin,10,32,23,3.9799717926056104,35000,5.368
Rastrigin,10,32,24,4.975067407470107,35000,5.349
Rastrigin,10,32,25,0.2637696814454529,35000,5.455
Rastrigin,10,32,26,1.9308752945760403,35000,5.56
Rastrigin,10,32,27,0.1273022611520389,35000,5.434
Rastrigin,10,32,28,3.9803499716176276,35000,5.482
Rastrigin,10,32,29,2.9849794986969016,35000,5.563
Rastrigin,10,32,3,2.985010113130542,35000,5.449
Rastrigin,10,32,4,5.969963303111328,35000,5.379
Rastrigin,10,32,5,0.03827646806200846,35000,5.446
Rastrigin,10,32,6,4.975266696954321,35000,5.452
Rastrigin,10,32,7,4.975485498396324,35000,5.418
Rastrigin,10,32,8,3.9800710864169417,35000,5.433
Rastrigin,10,32,9,3.979972449421666,35000,5.386
Rastrigin,10,4,0,4.974817215536206,35000,2.76
Rastrigin,10,4,1,5.96977080282295,35000,2.78
Rastrigin,10,4,10,11.939525400958246,35000,2.816
Rastrigin,10,4,11,4.974798483419974,35000,2.816
Rastrigin,10,4,12,5.969773339384261,35000,2.795
Rastrigin,10,4,13,8.954629522576397,35000,2.804
Rastrigin,10,4,14,4.974797511451371,35000,2.827
Rastrigin,10,4,15,9.949608953374508,35000,2.784
Rastrigin,10,4,16,1.9899322153934378,35000,2.817
Rastrigin,10,4,17,8.954637301944842,35000,2.798
Rastrigin,10,4,18,2.9848894683961475,35000,2.781
Rastrigin,10,4,19,6.964740967939818,35000,2.809
Rastrigin,10,4,2,4.9748053804001415,35000,2.79
Rastrigin,10,4,20,9.949603843784445,35000,2.797
Rastrigin,10,4,21,3.9798704120125024,35000,2.799
Rastrigin,10,4,22,2.9848861078893094,35000,2.8
Rastrigin,10,4,23,9.949593770511427,35000,2.786
Rastrigin,10,4,24,6.964727564675684,35000,2.802
Rastrigin,10,4,25,0.9949718964589209,35000,2.807
Rastrigin,10,4,26,5.969758884460262,35000,2.802
Rastrigin,10,4,27,1.9899259519177122,35000,2.794
Rastrigin,10,4,28,5.969829730867346,35000,2.789
Rastrigin,10,4,29,4.974802938180986,35000,2.808
Rastrigin,10,4,3,0.020309549880067834,35000,2.788
Rastrigin,10,4,4,4.974816990569437,35000,2.79
Rastrigin,10,4,5,1.8187716972070689,35000,2.802
Rastrigin,10,4,6,5.969767284053461,35000,2.802
Rastrigin,10,4,7,8.954731677102814,35000,2.81
Rastrigin,10,4,8,0.9950022802173777,35000,2.784
Rastrigin,10,4,9,1.989940477042694,35000,2.788
Rastrigin,10,59,0,2.836670412290502,35000,5.633
Rastrigin,10,59,1,0.06861542420438127,35000,5.452
Rastrigin,10,59,10,3.9802841370928377,35000,5.469
Rastrigin,10,59,11,5.970635061442138,35000,5.393
Rastrigin,10,59,12,1.9910455311902382,35000,5.293
Rastrigin,10,59,13,3.9807582115571307,35000,5.316
Rastrigin,10,59,14,2.985324395952034,35000,5.445
Rastrigin,10,59,15,1.5422780614143932,35000,5.391
Rastrigin,10,59,16,0.03882787268173615,35000,5.504
Rastrigin,10,59,17,4.976636509032019,35000,5.304
Rastrigin,10,59,18,0.05901012147852214,35000,5.436
Rastrigin,10,59,19,2.985251122355095,35000,5.329
Rastrigin,10,59,2,4.976952623399569,35000,5.447
Rastrigin,10,59,20,0.05251177564922216,35000,5.389
Rastrigin,10,59,21,0.028173431483480726,35000,5.436
Rastrigin,10,59,22,0.139317329848609,35000,5.398
Rastrigin,10,59,23,0.11300152128600871,35000,5.509
Rastrigin,10,59,24,5.970307590724687,35000,5.281
Rastrigin,10,59,25,0.0207710013836504,35000,5.391
Rastrigin,10,59,26,5.970953219494646,35000,5.315
Rastrigin,10,59,27,2.9867582530113737,35000,5.388
Rastrigin,10,59,28,1.7165135366661133,35000,5.508
Rastrigin,10,59,29,14.924756342756154,35000,5.397
Rastrigin,10,59,3,4.975666184093512,35000,5.471
Rastrigin,10,59,4,4.975185551746975,35000,5.487
Rastrigin,10,59,5,0.051729634854282835,35000,5.487
Rastrigin,10,59,6,2.985851680842657,35000,5.402
Rastrigin,10,59,7,3.9817815999897164,35000,5.393
Rastrigin,10,59,8,0.9951460826813161,35000,5.386
Rastrigin,10,59,9,2.985376480254118,35000,5.391
Rastrigin,10,8,0,3.979868465677697,35000,3.139
Rastrigin,10,8,1,2.9849704807316186,35000,3.146
Rastrigin,10,8,10,0.41229621565061336,35000,3.171
Rastrigin,10,8,11,5.969808545165662,35000,3.177
Rastrigin,10,8,12,4.974836222286768,35000,3.154
Rastrigin,10,8,13,0.003948333046437824,35000,3.226
Rastrigin,10,8,14,1.9899516048027124,35000,3.199
Rastrigin,10,8,15,0.9950464950294702,35000,3.19
Rastrigin,10,8,16,0.006766393961839867,35000,3.198
Rastrigin,10,8,17,9.949635161409617,35000,3.196
Rastrigin,10,8,18,5.9698157954360624,35000,3.244
Rastrigin,10,8,19,2.3569474222995268e-05,35000,3.229
Rastrigin,10,8,2,1.9899871122146635,35000,3.151
Rastrigin,10,8,20,1.3267134995202383,35000,3.235
Rastrigin,10,8,21,4.9748253338492106,35000,3.218
Rastrigin,10,8,22,0.12018773528717475,35000,3.209
Rastrigin,10,8,23,3.9798420536509127,35000,3.218
Rastrigin,10,8,24,2.9849508333386012,35000,3.203
Rastrigin,10,8,25,0.0008392479913084117,35000,3.13
Rastrigin,10,8,26,8.954659108691516,35000,3.183
Rastrigin,10,8,27,5.24113053625797,35000,3.168
Rastrigin,10,8,28,0.02489663497560457,35000,3.133
Rastrigin,10,8,29,0.12931975845623356,35000,3.166
Rastrigin,10,8,3,0.6114743943880256,35000,3.18
Rastrigin,10,8,4,0.025028559721590682,35000,3.155
Rastrigin,10,8,5,0.16800630932473837,35000,3.177
Rastrigin,10,8,6,7.9597269562493835,35000,3.167
Rastrigin,10,8,7,2.9849719814884565,35000,3.166
Rastrigin,10,8,8,0.708815155854893,35000,3.158
Rastrigin,10,8,9,4.974860446121085,35000,3.163
Rastrigin,30,16,0,0.7927408244430012,105000,11.34
Rastrigin,30,16,1,0.08029771240995842,105000,11.342
Rastrigin,30,16,10,11.941159493989403,105000,11.305
Rastrigin,30,16,11,0.019148840004334033,105000,11.251
Rastrigin,30,16,12,0.24638535338328893,105000,11.296
Rastrigin,30,16,13,9.950855582354734,105000,11.227
Rastrigin,30,16,14,10.94598096862137,105000,11.235
Rastrigin,30,16,15,0.3128727198258616,105000,11.296
Rastrigin,30,16,16,4.977200559171479,105000,11.27
Rastrigin,30,16,17,0.011754014442999505,105000,11.25
Rastrigin,30,16,18,0.19166842959856467,105000,11.348
Rastrigin,30,16,19,0.06269515901789191,105000,11.3
Rastrigin,30,16,2,0.15014537746139922,105000,11.266
Rastrigin,30,16,20,0.22641963850975344,105000,11.363
Rastrigin,30,16,21,0.2057988100093553,105000,11.197
Rastrigin,30,16,22,1.893438815178854,105000,11.257
Rastrigin,30,16,23,7.962585491319942,105000,11.245
Rastrigin,30,16,24,0.2109344871188341,105000,11.53
Rastrigin,30,16,25,7.96190209994711,105000,11.55
Rastrigin,30,16,26,7.9619397761444475,105000,11.474
Rastrigin,30,16,27,14.92605766770538,105000,11.538
Rastrigin,30,16,28,20.896585497528918,105000,11.619
Rastrigin,30,16,29,0.33813949963473533,105000,11.597
Rastrigin,30,16,3,12.935960253876203,105000,11.322
Rastrigin,30,16,4,1.4506661922665671,105000,11.393
Rastrigin,30,16,5,5.860138780984698,105000,11.282
Rastrigin,30,16,6,0.22289702773724684,105000,11.371
Rastrigin,30,16,7,14.926452539765819,105000,11.387
Rastrigin,30,16,8,11.941345489468858,105000,11.261
Rastrigin,30,16,9,12.935806472957779,105000,11.243
Rastrigin,30,32,0,14.934841406911687,105000,15.929
Rastrigin,30,32,1,4.455598958857479,105000,16.07
Rastrigin,30,32,10,11.94902300547335,105000,16.079
Rastrigin,30,32,11,0.8951253122338017,105000,16.16
Rastrigin,30,32,12,10.949584483277647,105000,15.949
Rastrigin,30,32,13,10.949083800930396,105000,15.949
Rastrigin,30,32,14,0.10937039540374371,105000,16.023
Rastrigin,30,32,15,26.867328209919606,105000,16.093
Rastrigin,30,32,16,0.17214064674965357,105000,16.113
Rastrigin,30,32,17,1.9138405871971145,105000,15.995
Rastrigin,30,32,18,0.6093208487502011,105000,15.991
Rastrigin,30,32,19,0.0630047361906918,105000,16.043
Rastrigin,30,32,2,10.948999063514464,105000,15.891
Rastrigin,30,32,20,0.23015681837284774,105000,16.13
Rastrigin,30,32,21,0.060193458467267646,105000,16.102
Rastrigin,30,32,22,0.01740699782970978,105000,16.194
Rastrigin,30,32,23,1.4674106822452018,105000,16.062
Rastrigin,30,32,24,0.05592787649868569,105000,15.961
Rastrigin,30,32,25,7.9639608689666375,105000,15.909
Rastrigin,30,32,26,0.4786315840836437,105000,15.94
Rastrigin,30,32,27,1.2654387739291906,105000,16.077
Rastrigin,30,32,28,0.1643664216559273,105000,15.978
Rastrigin,30,32,29,0.5947332790983637,105000,16.01
Rastrigin,30,32,3,0.1914721532247654,105000,16.076
Rastrigin,30,32,4,0.22523722151476022,105000,16.083
Rastrigin,30,32,5,16.92247066050095,105000,16.069
Rastrigin,30,32,6,6.966893775530252,105000,16.235
Rastrigin,30,32,7,0.6656382372153757,105000,16.018
Rastrigin,30,32,8,0.10065627175379177,105000,16.105
Rastrigin,30,32,9,0.16263553677708842,105000,16.119
Rastrigin,30,4,0,0.07269565022329516,105000,8.416
Rastrigin,30,4,1,9.949737216235576,105000,8.471
Rastrigin,30,4,10,0.11695673039270105,105000,8.482
Rastrigin,30,4,11,11.939717977905389,105000,8.483
Rastrigin,30,4,12,14.924647043595371,105000,8.523
Rastrigin,30,4,13,0.0021340135127161375,105000,8.574
Rastrigin,30,4,14,16.914604600485802,105000,8.469
Rastrigin,30,4,15,0.10014949631641912,105000,8.46
Rastrigin,30,4,16,21.889351631312252,105000,8.501
Rastrigin,30,4,17,15.919533336546749,105000,8.539
Rastrigin,30,4,18,22.884193962954498,105000,8.545
Rastrigin,30,4,19,8.954861712239449,105000,8.553
Rastrigin,30,4,2,1.9164577454976666,105000,8.503
Rastrigin,30,4,20,19.899491645254386,105000,8.568
Rastrigin,30,4,21,20.89440249924013,105000,8.559
Rastrigin,30,4,22,52.73338869933724,105000,8.574
Rastrigin,30,4,23,8.954906635114867,105000,8.614
Rastrigin,30,4,24,0.10997507525695482,105000,8.565
Rastrigin,30,4,25,9.949764637499584,105000,8.537
Rastrigin,30,4,26,2.7048404379510202,105000,8.528
Rastrigin,30,4,27,0.10206184946247276,105000,8.526
Rastrigin,30,4,28,10.945028740153873,105000,8.556
Rastrigin,30,4,29,20.894580003102817,105000,8.515
Rastrigin,30,4,3,8.95482271381178,105000,8.488
Rastrigin,30,4,4,9.949768655162586,105000,8.506
Rastrigin,30,4,5,21.889326080867306,105000,8.492
Rastrigin,30,4,6,15.919468104181021,105000,8.487
Rastrigin,30,4,7,8.954909890802355,105000,8.539
Rastrigin,30,4,8,1.1490209222155272,105000,8.474
Rastrigin,30,4,9,12.93462129294636,105000,8.495
Rastrigin,30,59,0,10.959842077286453,105000,16.35
Rastrigin,30,59,1,2.3559619373845635,105000,16.371
Rastrigin,30,59,10,0.18156968427064157,105000,16.451
Rastrigin,30,59,11,0.0783755210756567,105000,16.327
Rastrigin,30,59,12,0.5440618825562638,105000,16.319
Rastrigin,30,59,13,0.12568679163712204,105000,16.321
Rastrigin,30,59,14,0.22333566537110983,105000,16.458
Rastrigin,30,59,15,4.092531821770933,105000,16.292
Rastrigin,30,59,16,0.2751944386178593,105000,16.406
Rastrigin,30,59,17,0.15483735698364853,105000,16.327
Rastrigin,30,59,18,0.4397627962016486,105000,16.455
Rastrigin,30,59,19,8.970715041501819,105000,16.488
Rastrigin,30,59,2,2.4053859872395265,105000,16.242
Rastrigin,30,59,20,1.7971615468395612,105000,16.666
Rastrigin,30,59,21,2.8109350657759364,105000,16.706
Rastrigin,30,59,22,3.743079976406932,105000,16.718
Rastrigin,30,59,23,0.22350112505961306,105000,16.627
Rastrigin,30,59,24,1.9571508758975256,105000,18.243
Rastrigin,30,59,25,11.956487119998826,105000,18.203
Rastrigin,30,59,26,3.2393345609857533,105000,18.465
Rastrigin,30,59,27,2.3648959889432035,105000,18.536
Rastrigin,30,59,28,11.965905833143552,105000,18.542
Rastrigin,30,59,29,9.955870311092099,105000,18.849
Rastrigin,30,59,3,9.964991444880013,105000,16.192
Rastrigin,30,59,4,15.930987182759793,105000,16.15
Rastrigin,30,59,5,0.3103038607969779,105000,16.276
Rastrigin,30,59,6,0.5551826983032697,105000,16.49
Rastrigin,30,59,7,0.9814327537435474,105000,16.281
Rastrigin,30,59,8,8.977553062888887,105000,16.318
Rastrigin,30,59,9,0.35495403432139483,105000,16.379
Rastrigin,30,8,0,0.9459224768681338,105000,9.542
Rastrigin,30,8,1,13.930504264007197,105000,9.572
Rastrigin,30,8,10,13.930968921453712,105000,9.584
Rastrigin,30,8,11,14.925125705889513,105000,9.558
Rastrigin,30,8,12,15.92054014771145,105000,9.527
Rastrigin,30,8,13,0.11356263527324018,105000,9.58
Rastrigin,30,8,14,18.905571411260212,105000,9.536
Rastrigin,30,8,15,0.20365799724191902,105000,9.583
Rastrigin,30,8,16,4.1339760220884045,105000,9.597
Rastrigin,30,8,17,0.15073561805587588,105000,9.558
Rastrigin,30,8,18,13.930339024699492,105000,9.547
Rastrigin,30,8,19,15.920396814354262,105000,9.561
Rastrigin,30,8,2,26.864510452250897,105000,9.518
Rastrigin,30,8,20,12.935069087705529,105000,9.484
Rastrigin,30,8,21,8.95569779181352,105000,9.592
Rastrigin,30,8,22,9.95046684268857,105000,9.579
Rastrigin,30,8,23,0.029942475696714155,105000,9.6
Rastrigin,30,8,24,11.940489561024947,105000,9.674
Rastrigin,30,8,25,0.008541222620124245,105000,9.579
Rastrigin,30,8,26,0.4892633112457929,105000,9.645
Rastrigin,30,8,27,13.930524525340218,105000,9.551
Rastrigin,30,8,28,21.889472312713792,105000,9.534
Rastrigin,30,8,29,8.95531597991635,105000,9.57
Rastrigin,30,8,3,8.955723879815025,105000,9.546
Rastrigin,30,8,4,11.940919133378202,105000,9.524
Rastrigin,30,8,5,0.002366844362882148,105000,9.606
Rastrigin,30,8,6,18.90536449601956,105000,9.538
Rastrigin,30,8,7,10.945332529665507,105000,9.653
Rastrigin,30,8,8,15.920097956023142,105000,9.577
Rastrigin,30,8,9,6.965718484727802,105000,9.553
Rastrigin,50,16,0,27.86380049472831,175000,21.663
Rastrigin,50,16,1,0.7072879503293166,175000,21.553
Rastrigin,50,16,10,16.924274664942175,175000,20.493
Rastrigin,50,16,11,0.7363162347488128,175000,20.235
Rastrigin,50,16,12,0.14809575331696578,175000,20.18
Rastrigin,50,16,13,1.0295789402640594,175000,19.749
Rastrigin,50,16,14,0.6298469848592276,175000,20.169
Rastrigin,50,16,15,0.231224039130268,175000,20.1
Rastrigin,50,16,16,0.4180617874565655,175000,20.085
Rastrigin,50,16,17,0.8532961453979624,175000,20.15
Rastrigin,50,16,18,0.6165673253697719,175000,21.023
Rastrigin,50,16,19,0.6441361810657327,175000,21.131
Rastrigin,50,16,2,0.13689174242188074,175000,21.985
Rastrigin,50,16,20,5.794912850125797,175000,21.186
Rastrigin,50,16,21,0.5420423493920907,175000,21.156
Rastrigin,50,16,22,0.24324900092705093,175000,21.054
Rastrigin,50,16,23,27.864813111841897,175000,21.157
Rastrigin,50,16,24,2.2862790529544554,175000,20.734
Rastrigin,50,16,25,0.2830302110149887,175000,20.579
Rastrigin,50,16,26,16.92170937192259,175000,20.674
Rastrigin,50,16,27,0.3684655734872422,175000,20.63
Rastrigin,50,16,28,1.9176493552021157,175000,20.649
Rastrigin,50,16,29,0.8215717637805824,175000,20.667
Rastrigin,50,16,3,0.5947197728328888,175000,22.124
Rastrigin,50,16,4,0.513515296249011,175000,21.854
Rastrigin,50,16,5,0.2714993279739133,175000,22.225
Rastrigin,50,16,6,28.85966880068014,175000,20.999
Rastrigin,50,16,7,0.4625856302934608,175000,20.86
Rastrigin,50,16,8,5.574583890816825,175000,20.755
Rastrigin,50,16,9,0.9629405636169963,175000,20.507
Rastrigin,50,32,0,0.16033747181165836,175000,28.437
Rastrigin,50,32,1,0.4376777630111519,175000,28.87
Rastrigin,50,32,10,1.4176331254589627,175000,27.571
Rastrigin,50,32,11,19.90597146041887,175000,27.289
Rastrigin,50,32,12,12.166251226498844,175000,27.285
Rastrigin,50,32,13,24.89914014915388,175000,26.842
Rastrigin,50,32,14,3.0096351754856983,175000,26.915
Rastrigin,50,32,15,7.739877961521415,175000,27.076
Rastrigin,50,32,16,0.5375164465391435,175000,27.448
Rastrigin,50,32,17,1.2322605173893066,175000,26.969
Rastrigin,50,32,18,2.38750916489505,175000,26.823
Rastrigin,50,32,19,0.23115774438156222,175000,26.88
Rastrigin,50,32,2,18.915314214404646,175000,28.827
Rastrigin,50,32,20,0.14049270224194288,175000,27.068
Rastrigin,50,32,21,17.938781390298516,175000,26.883
Rastrigin,50,32,22,0.20539688672545253,175000,27.475
Rastrigin,50,32,23,7.289099289097862,175000,27.475
Rastrigin,50,32,24,0.26371513341280206,175000,27.193
Rastrigin,50,32,25,0.27043496154703917,175000,26.826
Rastrigin,50,32,26,1.7631983657912542,175000,26.763
Rastrigin,50,32,27,23.89523467212871,175000,26.852
Rastrigin,50,32,28,1.88272054515852,175000,26.872
Rastrigin,50,32,29,1.1335125684386753,175000,26.985
Rastrigin,50,32,3,5.885030094991521,175000,28.712
Rastrigin,50,32,4,0.4065976792913375,175000,28.743
Rastrigin,50,32,5,1.0559000613240528,175000,28.726
Rastrigin,50,32,6,0.7179760711128438,175000,27.844
Rastrigin,50,32,7,0.6510460911977134,175000,27.625
Rastrigin,50,32,8,2.0581785957642182,175000,27.745
Rastrigin,50,32,9,0.16137385128200776,175000,27.298
Rastrigin,50,4,0,0.0702751772843726,175000,16.84
Rastrigin,50,4,1,50.74364347928366,175000,16.473
Rastrigin,50,4,10,15.919961830444379,175000,15.597
Rastrigin,50,4,11,22.884607789964036,175000,15.615
Rastrigin,50,4,12,0.2915765155382246,175000,17.715
Rastrigin,50,4,13,22.885095362317998,175000,17.55
Rastrigin,50,4,14,27.859991254858244,175000,17.568
Rastrigin,50,4,15,31.839803106150157,175000,17.738
Rastrigin,50,4,16,21.890505993175054,175000,17.694
Rastrigin,50,4,17,22.884578628220993,175000,17.806
Rastrigin,50,4,18,15.920317935105288,175000,16.902
Rastrigin,50,4,19,23.879746071746297,175000,16.876
Rastrigin,50,4,2,6.231365597148795,175000,16.415
Rastrigin,50,4,20,0.5078167371927975,175000,16.659
Rastrigin,50,4,21,25.87047742129664,175000,16.398
Rastrigin,50,4,22,21.889954021621975,175000,16.351
Rastrigin,50,4,23,0.0036324640373095463,175000,16.484
Rastrigin,50,4,24,0.15680859879182663,175000,15.91
Rastrigin,50,4,25,1.0580491668451941,175000,15.927
Rastrigin,50,4,26,15.920170615655593,175000,16.106
Rastrigin,50,4,27,43.77896586025116,175000,16.168
Rastrigin,50,4,28,30.84463915430075,175000,16.168
Rastrigin,50,4,29,5.236918172825824,175000,16.148
Rastrigin,50,4,3,28.854848238582406,175000,16.377
Rastrigin,50,4,4,8.802417344851335,175000,16.292
Rastrigin,50,4,5,4.795443892440005,175000,16.202
Rastrigin,50,4,6,37.809073940387805,175000,15.235
Rastrigin,50,4,7,0.8508989239451239,175000,15.401
Rastrigin,50,4,8,32.83455045901661,175000,15.56
Rastrigin,50,4,9,22.885214988182895,175000,15.618
Rastrigin,50,59,0,11.118139638944513,175000,27.582
Rastrigin,50,59,1,0.5298397801162764,175000,27.473
Rastrigin,50,59,10,11.986972651425447,175000,27.473
Rastrigin,50,59,11,20.13825811337665,175000,27.393
Rastrigin,50,59,12,3.4448074052685342,175000,27.769
Rastrigin,50,59,13,0.7214579826070349,175000,27.689
Rastrigin,50,59,14,0.1677368694694792,175000,27.659
Rastrigin,50,59,15,0.25729932691149315,175000,27.527
Rastrigin,50,59,16,15.957276400792182,175000,27.584
Rastrigin,50,59,17,0.5101509471228951,175000,27.632
Rastrigin,50,59,18,0.3163590136462062,175000,27.623
Rastrigin,50,59,19,25.917981121085404,175000,27.594
Rastrigin,50,59,2,18.941562725282438,175000,27.448
Rastrigin,50,59,20,0.8300370069497376,175000,27.682
Rastrigin,50,59,21,26.913516360463632,175000,27.399
Rastrigin,50,59,22,12.037391275604023,175000,27.544
Rastrigin,50,59,23,0.5086716049345341,175000,27.613
Rastrigin,50,59,24,0.3059313976963267,175000,27.768
Rastrigin,50,59,25,23.45141223813272,175000,27.94
Rastrigin,50,59,26,13.975381425524574,175000,27.621
Rastrigin,50,59,27,0.39764839000082475,175000,27.833
Rastrigin,50,59,28,0.33879644989440294,175000,27.676
Rastrigin,50,59,29,7.177257754276184,175000,27.715
Rastrigin,50,59,3,1.259108856804687,175000,27.547
Rastrigin,50,59,4,1.3880762202278447,175000,27.379
Rastrigin,50,59,5,25.91877139593595,175000,27.562
Rastrigin,50,59,6,0.5326455503242187,175000,27.54
Rastrigin,50,59,7,0.510468684836269,175000,27.582
Rastrigin,50,59,8,16.005857131764344,175000,27.551
Rastrigin,50,59,9,0.3175353432020529,175000,27.523
Rastrigin,50,8,0,16.91696337561467,175000,18.227
Rastrigin,50,8,1,4.87642812878272,175000,18.118
Rastrigin,50,8,10,6.090862666235694,175000,18.749
Rastrigin,50,8,11,0.7449634991511971,175000,18.632
Rastrigin,50,8,12,3.095904830686891,175000,18.589
Rastrigin,50,8,13,0.07291056860486833,175000,18.448
Rastrigin,50,8,14,0.2828726723396926,175000,18.574
Rastrigin,50,8,15,10.309672592381219,175000,18.497
Rastrigin,50,8,16,11.590953212495776,175000,18.484
Rastrigin,50,8,17,12.017776874219692,175000,18.549
Rastrigin,50,8,18,0.1576862796629257,175000,17.689
Rastrigin,50,8,19,0.0321352627549345,175000,17.644
Rastrigin,50,8,2,24.878229262375328,175000,18.151
Rastrigin,50,8,20,34.82691531094116,175000,17.717
Rastrigin,50,8,21,18.908305293278772,175000,17.744
Rastrigin,50,8,22,6.580958397585391,175000,17.704
Rastrigin,50,8,23,5.7406092912530085,175000,17.705
Rastrigin,50,8,24,0.7854102976110084,175000,17.952
Rastrigin,50,8,25,0.863346021965981,175000,17.86
Rastrigin,50,8,26,10.325511298140839,175000,17.91
Rastrigin,50,8,27,25.872396338835472,175000,17.942
Rastrigin,50,8,28,0.7836967089590416,175000,17.937
Rastrigin,50,8,29,30.846962273571137,175000,18.029
Rastrigin,50,8,3,6.854751279330628,175000,18.185
Rastrigin,50,8,4,18.906498518300623,175000,18.085
Rastrigin,50,8,5,0.26759500021000804,175000,18.127
Rastrigin,50,8,6,5.818086715735092,175000,18.77
Rastrigin,50,8,7,24.880187320927575,175000,18.699
Rastrigin,50,8,8,0.8745023334274151,175000,18.794
Rastrigin,50,8,9,0.0680085886501729,175000,18.784
Rosenbrock,10,16,0,77.40539612094172,35000,4.014
Rosenbrock,10,16,1,6.662796726732013,35000,4.122
Rosenbrock,10,16,10,8.201196452401055,35000,4.03
Rosenbrock,10,16,11,9.21840231194296,35000,4.002
Rosenbrock,10,16,12,7.903618431001743,35000,4.008
Rosenbrock,10,16,13,9.041788302441597,35000,4.007
Rosenbrock,10,16,14,93.43830807063293,35000,4.117
Rosenbrock,10,16,15,9.105105570380015,35000,3.951
Rosenbrock,10,16,16,7.449020517102076,35000,4.02
Rosenbrock,10,16,17,9.543708681323448,35000,4.017
Rosenbrock,10,16,18,0.6864231641493943,35000,4.03
Rosenbrock,10,16,19,81.21446805290694,35000,4.001
Rosenbrock,10,16,2,8.666915480142364,35000,4.032
Rosenbrock,10,16,20,10.217102237541766,35000,4.112
Rosenbrock,10,16,21,53.73992268066539,35000,4.001
Rosenbrock,10,16,22,17.087466009066382,35000,4.005
Rosenbrock,10,16,23,4.775119144387878,35000,4.008
Rosenbrock,10,16,24,6.994595587220607,35000,4.003
Rosenbrock,10,16,25,7.8416005105133495,35000,4.011
Rosenbrock,10,16,26,8.346074377621896,35000,4.002
Rosenbrock,10,16,27,110.79518501837366,35000,4.125
Rosenbrock,10,16,28,7.833762051975609,35000,4.009
Rosenbrock,10,16,29,216.54172849167836,35000,4.03
Rosenbrock,10,16,3,9.498003137098397,35000,4.044
Rosenbrock,10,16,4,9.493770227061855,35000,3.994
Rosenbrock,10,16,5,9.185108950953769,35000,4.01
Rosenbrock,10,16,6,86.21459985276066,35000,4.042
Rosenbrock,10,16,7,8.13941565497064,35000,4.01
Rosenbrock,10,16,8,6.909166705724223,35000,4.126
Rosenbrock,10,16,9,8.523001447864562,35000,4.011
Rosenbrock,10,32,0,78.13668452616788,35000,5.641
Rosenbrock,10,32,1,7.269367071792508,35000,5.696
Rosenbrock,10,32,10,9.400116866330926,35000,5.765
Rosenbrock,10,32,11,8.78816453720168,35000,5.621
Rosenbrock,10,32,12,8.27626716895466,35000,5.678
Rosenbrock,10,32,13,104.96619476341014,35000,5.642
Rosenbrock,10,32,14,77.01643343689928,35000,5.628
Rosenbrock,10,32,15,163.797559491129,35000,5.642
Rosenbrock,10,32,16,10.85872199260714,35000,5.781
Rosenbrock,10,32,17,9.48522559121838,35000,5.617
Rosenbrock,10,32,18,8.247168098593486,35000,5.649
Rosenbrock,10,32,19,150.13575243150495,35000,5.644
Rosenbrock,10,32,2,9.604338825196985,35000,5.729
Rosenbrock,10,32,20,9.529731010431968,35000,5.647
Rosenbrock,10,32,21,8.362730588706036,35000,5.667
Rosenbrock,10,32,22,9.617862357896877,35000,5.745
Rosenbrock,10,32,23,5.0390355478987665,35000,5.646
Rosenbrock,10,32,24,9.453777887431752,35000,5.68
Rosenbrock,10,32,25,6.5532864464239164,35000,5.635
Rosenbrock,10,32,26,8.504771783163006,35000,5.624
Rosenbrock,10,32,27,121.44698686018542,35000,5.653
Rosenbrock,10,32,28,6.4541019979542,35000,5.756
Rosenbrock,10,32,29,350.3478112277995,35000,5.621
Rosenbrock,10,32,3,8.924749515964416,35000,5.656
Rosenbrock,10,32,4,9.057562588872834,35000,5.768
Rosenbrock,10,32,5,9.605820955015021,35000,5.645
Rosenbrock,10,32,6,4.75381691532535,35000,5.638
Rosenbrock,10,32,7,4.9653772072350915,35000,5.65
Rosenbrock,10,32,8,6.354848001948582,35000,5.662
Rosenbrock,10,32,9,8.55289436161073,35000,5.666
Rosenbrock,10,4,0,70.45867388555008,35000,3.078
Rosenbrock,10,4,1,6.33891149323517,35000,3.117
Rosenbrock,10,4,10,9.565147788310568,35000,3.073
Rosenbrock,10,4,11,83.32798221996167,35000,3.098
Rosenbrock,10,4,12,7.567963517037082,35000,3.103
Rosenbrock,10,4,13,9.602605284668515,35000,3.166
Rosenbrock,10,4,14,7.277872312853965,35000,3.099
Rosenbrock,10,4,15,7.9632152005720735,35000,3.079
Rosenbrock,10,4,16,7.185607390294899,35000,3.083
Rosenbrock,10,4,17,9.336521468489135,35000,3.08
Rosenbrock,10,4,18,6.141287059437657,35000,3.094
Rosenbrock,10,4,19,79.75176747634488,35000,3.198
Rosenbrock,10,4,2,8.486409317338701,35000,3.067
Rosenbrock,10,4,20,8.519292712972138,35000,3.092
Rosenbrock,10,4,21,7.906763894659742,35000,3.097
Rosenbrock,10,4,22,7.95694951204597,35000,3.081
Rosenbrock,10,4,23,4.706496011568419,35000,3.091
Rosenbrock,10,4,24,8.50795686831247,35000,3.077
Rosenbrock,10,4,25,9.602250913751423,35000,3.192
Rosenbrock,10,4,26,8.475525942224305,35000,3.084
Rosenbrock,10,4,27,95.0224264826201,35000,3.088
Rosenbrock,10,4,28,3.359324785390916,35000,3.104
Rosenbrock,10,4,29,5.09832543063554,35000,3.082
Rosenbrock,10,4,3,9.496958412277703,35000,3.107
Rosenbrock,10,4,4,128.8314616419842,35000,3.099
Rosenbrock,10,4,5,9.599592671121991,35000,3.089
Rosenbrock,10,4,6,4.5308215192257055,35000,3.073
Rosenbrock,10,4,7,7.687456013797033,35000,3.196
Rosenbrock,10,4,8,7.315255255803804,35000,3.088
Rosenbrock,10,4,9,8.588821823142597,35000,3.104
Rosenbrock,10,59,0,76.42812870722486,35000,5.663
Rosenbrock,10,59,1,8.402653367825106,35000,5.634
Rosenbrock,10,59,10,9.29633873175818,35000,5.741
Rosenbrock,10,59,11,9.465440610823466,35000,5.614
Rosenbrock,10,59,12,7.728570975286826,35000,5.597
Rosenbrock,10,59,13,104.77599530530608,35000,5.609
Rosenbrock,10,59,14,9.333090564869154,35000,5.604
Rosenbrock,10,59,15,137.791567841796,35000,5.6
Rosenbrock,10,59,16,8.542673547020485,35000,5.719
Rosenbrock,10,59,17,8.592955560259263,35000,5.603
Rosenbrock,10,59,18,71.86291469150116,35000,5.615
Rosenbrock,10,59,19,7.063483781371348,35000,5.619
Rosenbrock,10,59,2,8.72576775379025,35000,5.605
Rosenbrock,10,59,20,9.582057361360757,35000,5.693
Rosenbrock,10,59,21,8.622602302589337,35000,5.583
Rosenbrock,10,59,22,8.23062245511118,35000,5.718
Rosenbrock,10,59,23,6.695736990168895,35000,5.594
Rosenbrock,10,59,24,7.601219986071771,35000,5.612
Rosenbrock,10,59,25,7.306411094230746,35000,5.636
Rosenbrock,10,59,26,6.166841578195623,35000,5.632
Rosenbrock,10,59,27,135.80990523247564,35000,5.627
Rosenbrock,10,59,28,7.501415447764762,35000,5.733
Rosenbrock,10,59,29,312.95018315089465,35000,5.639
Rosenbrock,10,59,3,7.359525035771552,35000,5.705
Rosenbrock,10,59,4,7.7144012533326505,35000,5.729
Rosenbrock,10,59,5,9.597646000790341,35000,5.616
Rosenbrock,10,59,6,23.145843476497447,35000,5.628
Rosenbrock,10,59,7,7.314074443183503,35000,5.627
Rosenbrock,10,59,8,5.943135284289427,35000,5.694
Rosenbrock,10,59,9,8.239405546736856,35000,5.61
Rosenbrock,10,8,0,164.90900899092617,35000,3.449
Rosenbrock,10,8,1,7.58297244368983,35000,3.549
Rosenbrock,10,8,10,9.451808621455731,35000,3.446
Rosenbrock,10,8,11,9.592860861876897,35000,3.426
Rosenbrock,10,8,12,9.604767924383673,35000,3.407
Rosenbrock,10,8,13,8.428877608022407,35000,3.553
Rosenbrock,10,8,14,8.237220564597509,35000,3.423
Rosenbrock,10,8,15,73.85612648846319,35000,3.45
Rosenbrock,10,8,16,7.02062513846997,35000,3.433
Rosenbrock,10,8,17,9.487662481349876,35000,3.43
Rosenbrock,10,8,18,3.15685212041925,35000,3.431
Rosenbrock,10,8,19,3.756302271053522,35000,3.555
Rosenbrock,10,8,2,8.693993784994747,35000,3.434
Rosenbrock,10,8,20,7.793650842233842,35000,3.436
Rosenbrock,10,8,21,6.947391218594353,35000,3.464
Rosenbrock,10,8,22,8.645160929809137,35000,3.429
Rosenbrock,10,8,23,6.162229699765251,35000,3.432
Rosenbrock,10,8,24,9.400222574091865,35000,3.428
Rosenbrock,10,8,25,8.014035135252938,35000,3.546
Rosenbrock,10,8,26,8.500922328115896,35000,3.421
Rosenbrock,10,8,27,127.06872849517083,35000,3.432
Rosenbrock,10,8,28,1.5906617621355204,35000,3.417
Rosenbrock,10,8,29,9.485584982816974,35000,3.435
Rosenbrock,10,8,3,9.485737226781996,35000,3.447
Rosenbrock,10,8,4,9.549139532460421,35000,3.441
Rosenbrock,10,8,5,9.600417916059214,35000,3.448
Rosenbrock,10,8,6,261.70457641847287,35000,3.431
Rosenbrock,10,8,7,8.295728318657385,35000,3.54
Rosenbrock,10,8,8,8.067880645935242,35000,3.434
Rosenbrock,10,8,9,8.895770947620392,35000,3.438
Rosenbrock,30,16,0,36.05447155017485,105000,14.715
Rosenbrock,30,16,1,29.046035090801144,105000,14.643
Rosenbrock,30,16,10,29.20890591083269,105000,14.667
Rosenbrock,30,16,11,28.578641308546818,105000,14.694
Rosenbrock,30,16,12,28.257745323556158,105000,15.817
Rosenbrock,30,16,13,83.4329454064059,105000,14.675
Rosenbrock,30,16,14,91.0100932219649,105000,14.658
Rosenbrock,30,16,15,74.51323076953058,105000,14.659
Rosenbrock,30,16,16,222.91872163679454,105000,14.656
Rosenbrock,30,16,17,137.97090809754948,105000,14.665
Rosenbrock,30,16,18,22.90193583887343,105000,14.593
Rosenbrock,30,16,19,253.5605415677183,105000,15.748
Rosenbrock,30,16,2,161.77252048677937,105000,14.672
Rosenbrock,30,16,20,27.131324120991735,105000,14.624
Rosenbrock,30,16,21,29.01332494881824,105000,14.59
Rosenbrock,30,16,22,26.194689813621125,105000,14.629
Rosenbrock,30,16,23,29.395144477809716,105000,14.627
Rosenbrock,30,16,24,230.7439859289982,105000,14.623
Rosenbrock,30,16,25,138.98120402968163,105000,14.621
Rosenbrock,30,16,26,31.479419043697188,105000,14.598
Rosenbrock,30,16,27,29.162943742393526,105000,14.609
Rosenbrock,30,16,28,82.9033383988493,105000,15.717
Rosenbrock,30,16,29,27.567154420795074,105000,14.589
Rosenbrock,30,16,3,55.95906049963213,105000,14.668
Rosenbrock,30,16,4,198.61802302674835,105000,14.606
Rosenbrock,30,16,5,27.938869355748402,105000,15.875
Rosenbrock,30,16,6,31.463344662411423,105000,14.706
Rosenbrock,30,16,7,29.40630465576332,105000,14.66
Rosenbrock,30,16,8,30.314021831522886,105000,14.657
Rosenbrock,30,16,9,29.315919002987215,105000,14.71
Rosenbrock,30,32,0,30.367337651910958,105000,19.33
Rosenbrock,30,32,1,29.35320368528883,105000,19.286
Rosenbrock,30,32,10,32.69103309823377,105000,20.409
Rosenbrock,30,32,11,28.39520440171728,105000,19.271
Rosenbrock,30,32,12,79.69452287426941,105000,19.291
Rosenbrock,30,32,13,111.19536327834858,105000,19.301
Rosenbrock,30,32,14,172.04993726150482,105000,19.302
Rosenbrock,30,32,15,90.29093169078217,105000,19.323
Rosenbrock,30,32,16,113.37063675790412,105000,20.485
Rosenbrock,30,32,17,28.304067396726815,105000,19.287
Rosenbrock,30,32,18,57.7920145477139,105000,19.284
Rosenbrock,30,32,19,199.08446962707058,105000,19.238
Rosenbrock,30,32,2,55.304834976032545,105000,19.313
Rosenbrock,30,32,20,37.637224294418175,105000,19.278
Rosenbrock,30,32,21,93.23629781421901,105000,19.328
Rosenbrock,30,32,22,27.44773449245743,105000,20.405
Rosenbrock,30,32,23,26.7251740674122,105000,19.425
Rosenbrock,30,32,24,81.48700618715634,105000,19.343
Rosenbrock,30,32,25,28.989493661911332,105000,19.376
Rosenbrock,30,32,26,83.05711761006307,105000,19.405
Rosenbrock,30,32,27,57.041599037193464,105000,19.33
Rosenbrock,30,32,28,154.89961693576217,105000,20.435
Rosenbrock,30,32,29,27.41689010244454,105000,19.215
Rosenbrock,30,32,3,157.27667926147748,105000,19.358
Rosenbrock,30,32,4,173.51300906587494,105000,20.523
Rosenbrock,30,32,5,24.945638853609722,105000,19.371
Rosenbrock,30,32,6,39.334145552671544,105000,19.278
Rosenbrock,30,32,7,24.213415345031866,105000,19.307
Rosenbrock,30,32,8,27.957455637396507,105000,19.293
Rosenbrock,30,32,9,44.85858380318255,105000,19.257
Rosenbrock,30,4,0,28.00221325878494,105000,11.848
Rosenbrock,30,4,1,24.56109933176022,105000,11.886
Rosenbrock,30,4,10,31.989411944247117,105000,11.876
Rosenbrock,30,4,11,28.108502243004903,105000,12.957
Rosenbrock,30,4,12,28.271850791004738,105000,11.871
Rosenbrock,30,4,13,143.85708188542543,105000,11.881
Rosenbrock,30,4,14,29.10835849459999,105000,11.879
Rosenbrock,30,4,15,71.49760289723301,105000,11.899
Rosenbrock,30,4,16,295.2747093532649,105000,11.896
Rosenbrock,30,4,17,29.340517953327264,105000,12.989
Rosenbrock,30,4,18,24.705717918366265,105000,11.873
Rosenbrock,30,4,19,89.58052098977824,105000,11.867
Rosenbrock,30,4,2,72.7521596640467,105000,11.919
Rosenbrock,30,4,20,21.71662202225558,105000,11.867
Rosenbrock,30,4,21,29.18776945310183,105000,11.87
Rosenbrock,30,4,22,27.63376566401773,105000,11.873
Rosenbrock,30,4,23,28.816344662971197,105000,12.982
Rosenbrock,30,4,24,138.13264946405488,105000,11.852
Rosenbrock,30,4,25,29.295949665017737,105000,11.762
Rosenbrock,30,4,26,25.63381837150804,105000,11.799
Rosenbrock,30,4,27,29.240490781030868,105000,11.769
Rosenbrock,30,4,28,60.55129213053571,105000,11.835
Rosenbrock,30,4,29,203.83343810463455,105000,12.919
Rosenbrock,30,4,3,336.6512540733961,105000,11.893
Rosenbrock,30,4,4,145.86650313439645,105000,11.871
Rosenbrock,30,4,5,23.346974301031484,105000,12.983
Rosenbrock,30,4,6,27.682197607804127,105000,11.885
Rosenbrock,30,4,7,28.235744980012694,105000,11.868
Rosenbrock,30,4,8,90.31085646878438,105000,11.877
Rosenbrock,30,4,9,28.464162573377422,105000,11.866
Rosenbrock,30,59,0,27.680139322091755,105000,19.475
Rosenbrock,30,59,1,29.0361769495372,105000,19.475
Rosenbrock,30,59,10,29.24084186219841,105000,20.629
Rosenbrock,30,59,11,28.494015267552893,105000,19.527
Rosenbrock,30,59,12,28.675101300871745,105000,19.605
Rosenbrock,30,59,13,176.8054042544587,105000,19.557
Rosenbrock,30,59,14,87.78774837930588,105000,19.534
Rosenbrock,30,59,15,25.214759545482153,105000,19.526
Rosenbrock,30,59,16,99.80301571396124,105000,20.707
Rosenbrock,30,59,17,28.774949026166297,105000,19.709
Rosenbrock,30,59,18,46.42508140620347,105000,19.611
Rosenbrock,30,59,19,28.2460987483771,105000,19.547
Rosenbrock,30,59,2,120.8032611070069,105000,19.488
Rosenbrock,30,59,20,84.99821447329815,105000,19.574
Rosenbrock,30,59,21,98.45124727797301,105000,19.63
Rosenbrock,30,59,22,26.636197075077565,105000,20.828
Rosenbrock,30,59,23,26.26950951574447,105000,19.761
Rosenbrock,30,59,24,28.561785771687113,105000,19.699
Rosenbrock,30,59,25,73.32833191343464,105000,19.689
Rosenbrock,30,59,26,27.700321622700876,105000,19.649
Rosenbrock,30,59,27,88.71676342429953,105000,19.701
Rosenbrock,30,59,28,52.09020607694151,105000,20.867
Rosenbrock,30,59,29,28.68523500752584,105000,19.786
Rosenbrock,30,59,3,121.69871424457506,105000,19.564
Rosenbrock,30,59,4,172.22704021759256,105000,20.635
Rosenbrock,30,59,5,24.465178321181547,105000,19.515
Rosenbrock,30,59,6,29.95255922094699,105000,19.509
Rosenbrock,30,59,7,29.609929857702216,105000,19.511
Rosenbrock,30,59,8,27.502515604966227,105000,19.487
Rosenbrock,30,59,9,39.611715200252526,105000,19.545
Rosenbrock,30,8,0,26.363980390858742,105000,12.793
Rosenbrock,30,8,1,28.7818971686131,105000,12.805
Rosenbrock,30,8,10,28.69627903556445,105000,12.879
Rosenbrock,30,8,11,83.39868417151798,105000,14.0
Rosenbrock,30,8,12,28.472507141085973,105000,12.873
Rosenbrock,30,8,13,85.29940486963442,105000,12.823
Rosenbrock,30,8,14,94.12403725202672,105000,12.858
Rosenbrock,30,8,15,27.10033710976312,105000,12.819
Rosenbrock,30,8,16,105.44232607022406,105000,12.897
Rosenbrock,30,8,17,28.32022148660732,105000,14.011
Rosenbrock,30,8,18,22.38148483667779,105000,12.883
Rosenbrock,30,8,19,176.67161221592457,105000,12.921
Rosenbrock,30,8,2,28.723573894569682,105000,12.825
Rosenbrock,30,8,20,21.31556357630388,105000,12.88
Rosenbrock,30,8,21,91.36552789990749,105000,12.905
Rosenbrock,30,8,22,28.96579713962656,105000,12.89
Rosenbrock,30,8,23,44.16045428971437,105000,14.058
Rosenbrock,30,8,24,158.8684069621176,105000,12.924
Rosenbrock,30,8,25,99.2805302798085,105000,12.917
Rosenbrock,30,8,26,52.69281062920187,105000,12.98
Rosenbrock,30,8,27,27.723395134966758,105000,12.911
Rosenbrock,30,8,28,97.22293817280459,105000,12.927
Rosenbrock,30,8,29,150.79338642321423,105000,14.05
Rosenbrock,30,8,3,49.44541938992421,105000,12.843
Rosenbrock,30,8,4,236.94600471227992,105000,12.836
Rosenbrock,30,8,5,27.55368854072244,105000,13.913
Rosenbrock,30,8,6,31.042577420439937,105000,12.848
Rosenbrock,30,8,7,25.715820161383096,105000,12.806
Rosenbrock,30,8,8,118.20075363431911,105000,12.882
Rosenbrock,30,8,9,28.811246576271728,105000,12.906
Rosenbrock,50,16,0,88.78706071435192,175000,28.967
Rosenbrock,50,16,1,101.82241972303152,175000,28.85
Rosenbrock,50,16,10,52.951975009833085,175000,32.071
Rosenbrock,50,16,11,152.10037507659086,175000,28.814
Rosenbrock,50,16,12,164.35002529100618,175000,28.88
Rosenbrock,50,16,13,102.56755088940744,175000,28.754
Rosenbrock,50,16,14,56.56776534874974,175000,28.842
Rosenbrock,50,16,15,188.0004590232046,175000,28.806
Rosenbrock,50,16,16,242.44694127869886,175000,28.764
Rosenbrock,50,16,17,152.09179417051615,175000,32.089
Rosenbrock,50,16,18,60.95990682340027,175000,28.805
Rosenbrock,50,16,19,51.963992211257924,175000,28.872
Rosenbrock,50,16,2,133.15752707015042,175000,28.836
Rosenbrock,50,16,20,49.141449049639256,175000,28.772
Rosenbrock,50,16,21,126.09659337291447,175000,28.905
Rosenbrock,50,16,22,49.80550622512329,175000,28.76
Rosenbrock,50,16,23,50.527678169822906,175000,31.993
Rosenbrock,50,16,24,75.76308410955485,175000,28.688
Rosenbrock,50,16,25,48.7619586931264,175000,28.75
Rosenbrock,50,16,26,120.47320722762124,175000,28.693
Rosenbrock,50,16,27,74.25031407136544,175000,28.78
Rosenbrock,50,16,28,121.57764290594655,175000,28.666
Rosenbrock,50,16,29,51.09263479858944,175000,28.702
Rosenbrock,50,16,3,49.25112155509446,175000,29.176
Rosenbrock,50,16,4,86.3739090565291,175000,32.321
Rosenbrock,50,16,5,54.57933146925075,175000,29.178
Rosenbrock,50,16,6,101.33510567889623,175000,29.116
Rosenbrock,50,16,7,81.68557263993553,175000,29.133
Rosenbrock,50,16,8,230.78592641725993,175000,29.123
Rosenbrock,50,16,9,106.08172724160853,175000,28.906
Rosenbrock,50,32,0,139.80799676560136,175000,36.558
Rosenbrock,50,32,1,163.11172587087609,175000,36.49
Rosenbrock,50,32,10,100.89532325666877,175000,36.65
Rosenbrock,50,32,11,117.58477006662994,175000,36.686
Rosenbrock,50,32,12,272.38044776697444,175000,36.715
Rosenbrock,50,32,13,157.98507907586455,175000,36.661
Rosenbrock,50,32,14,94.6957135930007,175000,39.851
Rosenbrock,50,32,15,185.20083024522265,175000,36.611
Rosenbrock,50,32,16,187.35166246934003,175000,36.681
Rosenbrock,50,32,17,49.97817991645359,175000,36.531
Rosenbrock,50,32,18,103.35409477245783,175000,36.589
Rosenbrock,50,32,19,50.642553349567294,175000,36.466
Rosenbrock,50,32,2,99.37999017519901,175000,39.66
Rosenbrock,50,32,20,119.04775567722628,175000,39.83
Rosenbrock,50,32,21,102.36001637218854,175000,36.603
Rosenbrock,50,32,22,51.206379168339154,175000,36.489
Rosenbrock,50,32,23,53.653257611289675,175000,36.513
Rosenbrock,50,32,24,53.10527290926796,175000,36.526
Rosenbrock,50,32,25,57.46327793529302,175000,36.452
Rosenbrock,50,32,26,66.9678072438447,175000,36.565
Rosenbrock,50,32,27,49.42488553376045,175000,39.767
Rosenbrock,50,32,28,129.70415637972988,175000,36.489
Rosenbrock,50,32,29,123.51113358430466,175000,36.497
Rosenbrock,50,32,3,51.03161952615795,175000,36.607
Rosenbrock,50,32,4,91.9928986395458,175000,36.651
Rosenbrock,50,32,5,102.26961469840991,175000,36.629
Rosenbrock,50,32,6,65.13883707953218,175000,36.567
Rosenbrock,50,32,7,102.4886943671147,175000,36.647
Rosenbrock,50,32,8,238.09008485400375,175000,39.972
Rosenbrock,50,32,9,101.33593048135131,175000,36.764
Rosenbrock,50,4,0,200.17790824788608,175000,24.317
Rosenbrock,50,4,1,168.6311627293158,175000,24.349
Rosenbrock,50,4,10,85.60214476988664,175000,24.296
Rosenbrock,50,4,11,51.207779775329925,175000,27.538
Rosenbrock,50,4,12,187.19349441631113,175000,24.252
Rosenbrock,50,4,13,48.50994131306755,175000,24.239
Rosenbrock,50,4,14,41.24878104179082,175000,24.254
Rosenbrock,50,4,15,106.8893440889137,175000,24.302
Rosenbrock,50,4,16,290.41317718698815,175000,24.444
Rosenbrock,50,4,17,49.779534897404176,175000,27.5
Rosenbrock,50,4,18,45.435483747152546,175000,24.231
Rosenbrock,50,4,19,104.0221889250773,175000,24.307
Rosenbrock,50,4,2,104.29094042867828,175000,24.33
Rosenbrock,50,4,20,49.24494189319389,175000,24.293
Rosenbrock,50,4,21,103.16355771304929,175000,24.359
Rosenbrock,50,4,22,48.196065377505896,175000,24.423
Rosenbrock,50,4,23,46.48535555945653,175000,27.521
Rosenbrock,50,4,24,253.77187646336017,175000,24.246
Rosenbrock,50,4,25,47.908247091370484,175000,24.319
Rosenbrock,50,4,26,104.42253213810717,175000,24.378
Rosenbrock,50,4,27,103.82527899357922,175000,24.375
Rosenbrock,50,4,28,48.78845816565981,175000,24.361
Rosenbrock,50,4,29,103.18452311475608,175000,24.234
Rosenbrock,50,4,3,48.11137140130605,175000,24.311
Rosenbrock,50,4,4,156.95160650231745,175000,24.361
Rosenbrock,50,4,5,87.25560300418803,175000,27.517
Rosenbrock,50,4,6,143.66314395580653,175000,24.215
Rosenbrock,50,4,7,81.09458429956567,175000,24.303
Rosenbrock,50,4,8,48.775946461000046,175000,24.292
Rosenbrock,50,4,9,82.02438640642241,175000,24.289
Rosenbrock,50,59,0,48.799171101360905,175000,37.258
Rosenbrock,50,59,1,118.14677133980659,175000,37.254
Rosenbrock,50,59,10,99.8530694289041,175000,37.122
Rosenbrock,50,59,11,139.89190803480477,175000,37.109
Rosenbrock,50,59,12,263.23775104476897,175000,37.195
Rosenbrock,50,59,13,131.79208818193987,175000,37.157
Rosenbrock,50,59,14,110.358626184671,175000,37.294
Rosenbrock,50,59,15,106.68911570692819,175000,37.343
Rosenbrock,50,59,16,240.4251156425864,175000,40.613
Rosenbrock,50,59,17,141.46618716220343,175000,37.353
Rosenbrock,50,59,18,114.42963808710333,175000,37.368
Rosenbrock,50,59,19,50.44800590177016,175000,37.389
Rosenbrock,50,59,2,49.99994736216685,175000,37.206
Rosenbrock,50,59,20,164.51827993936465,175000,37.381
Rosenbrock,50,59,21,104.43304812485523,175000,37.268
Rosenbrock,50,59,22,47.83583293818152,175000,40.641
Rosenbrock,50,59,23,48.71306561795034,175000,37.291
Rosenbrock,50,59,24,165.83206397288254,175000,37.202
Rosenbrock,50,59,25,132.03108898525005,175000,37.229
Rosenbrock,50,59,26,55.4754191740373,175000,37.364
Rosenbrock,50,59,27,88.51347298321542,175000,37.395
Rosenbrock,50,59,28,103.35395183487374,175000,37.418
Rosenbrock,50,59,29,111.04495530379059,175000,40.74
Rosenbrock,50,59,3,48.580760438992094,175000,40.304
Rosenbrock,50,59,4,49.01995010931022,175000,37.06
Rosenbrock,50,59,5,105.64067816182656,175000,37.016
Rosenbrock,50,59,6,54.702719219722866,175000,36.967
Rosenbrock,50,59,7,98.11430713721309,175000,36.988
Rosenbrock,50,59,8,49.477088960902464,175000,37.05
Rosenbrock,50,59,9,80.03221365219906,175000,40.31
Rosenbrock,50,8,0,483.2759865999987,175000,25.949
Rosenbrock,50,8,1,136.21057942068603,175000,26.025
Rosenbrock,50,8,10,49.188907947038146,175000,25.991
Rosenbrock,50,8,11,133.0059391986483,175000,25.954
Rosenbrock,50,8,12,42.66397078022308,175000,25.946
Rosenbrock,50,8,13,51.42029852260246,175000,26.022
Rosenbrock,50,8,14,47.96615650640839,175000,25.922
Rosenbrock,50,8,15,101.48101811540259,175000,29.194
Rosenbrock,50,8,16,259.0265589686077,175000,26.026
Rosenbrock,50,8,17,238.35667094609516,175000,26.012
Rosenbrock,50,8,18,48.869570162686394,175000,26.011
Rosenbrock,50,8,19,47.349390436052104,175000,25.997
Rosenbrock,50,8,2,152.6615759587467,175000,25.899
Rosenbrock,50,8,20,84.35911531927397,175000,26.072
Rosenbrock,50,8,21,104.90578825885596,175000,29.295
Rosenbrock,50,8,22,64.80905812883346,175000,26.128
Rosenbrock,50,8,23,45.74448691702217,175000,26.088
Rosenbrock,50,8,24,99.68514979601568,175000,26.094
Rosenbrock,50,8,25,53.53917336093216,175000,26.066
Rosenbrock,50,8,26,162.18100176617844,175000,26.12
Rosenbrock,50,8,27,175.1609065170399,175000,26.133
Rosenbrock,50,8,28,102.96114156150954,175000,29.266
Rosenbrock,50,8,29,49.02606150875161,175000,26.038
Rosenbrock,50,8,3,85.68002284916135,175000,29.104
Rosenbrock,50,8,4,58.94515565754415,175000,25.874
Rosenbrock,50,8,5,81.69468031593696,175000,25.862
Rosenbrock,50,8,6,73.41108467282156,175000,25.91
Rosenbrock,50,8,7,98.25718644733591,175000,25.858
Rosenbrock,50,8,8,277.0347716004029,175000,25.993
Rosenbrock,50,8,9,92.92711149858185,175000,29.176
Schwefel_1_2,10,16,0,2.313254542369036,35000,6.457
Schwefel_1_2,10,16,1,1.31083285032782,35000,6.385
Schwefel_1_2,10,16,10,2.01146050258024,35000,6.596
Schwefel_1_2,10,16,11,1.227237133121215,35000,6.552
Schwefel_1_2,10,16,12,0.3235921285241029,35000,6.441
Schwefel_1_2,10,16,13,0.22835081742566055,35000,6.432
Schwefel_1_2,10,16,14,1.9847201456510295,35000,6.413
Schwefel_1_2,10,16,15,0.08706888401571292,35000,6.447
Schwefel_1_2,10,16,16,0.5370948539884034,35000,6.377
Schwefel_1_2,10,16,17,1.3158818406225694,35000,6.422
Schwefel_1_2,10,16,18,0.6354066853093889,35000,6.476
Schwefel_1_2,10,16,19,0.7839904458502297,35000,6.485
Schwefel_1_2,10,16,2,1.6870172476622973,35000,6.403
Schwefel_1_2,10,16,20,0.22700506700300155,35000,6.49
Schwefel_1_2,10,16,21,0.7686314990587728,35000,6.526
Schwefel_1_2,10,16,22,0.44996141000714,35000,6.52
Schwefel_1_2,10,16,23,1.2355513301270533,35000,6.519
Schwefel_1_2,10,16,24,1.355516247232705,35000,6.57
Schwefel_1_2,10,16,25,0.31480480446131315,35000,6.574
Schwefel_1_2,10,16,26,0.8915743141075158,35000,6.571
Schwefel_1_2,10,16,27,1.4596483485303744,35000,6.589
Schwefel_1_2,10,16,28,6.732535087715055,35000,6.558
Schwefel_1_2,10,16,29,0.5766375969523317,35000,6.537
Schwefel_1_2,10,16,3,0.5051766788158801,35000,6.497
Schwefel_1_2,10,16,4,0.278650873154348,35000,6.468
Schwefel_1_2,10,16,5,0.18505065177745245,35000,6.539
Schwefel_1_2,10,16,6,1.4019294799961606,35000,6.539
Schwefel_1_2,10,16,7,0.7691612483149877,35000,6.532
Schwefel_1_2,10,16,8,0.9917893883106106,35000,6.596
Schwefel_1_2,10,16,9,3.2662673694578115,35000,6.572
Schwefel_1_2,10,32,0,1.8446786714252856,35000,8.238
Schwefel_1_2,10,32,1,0.6772120895292915,35000,8.252
Schwefel_1_2,10,32,10,1.647489555269623,35000,8.3
Schwefel_1_2,10,32,11,1.0273103513793602,35000,8.27
Schwefel_1_2,10,32,12,0.9635321594586755,35000,8.287
Schwefel_1_2,10,32,13,1.3929602853708947,35000,8.205
Schwefel_1_2,10,32,14,1.376335563936909,35000,8.26
Schwefel_1_2,10,32,15,0.18117050188938313,35000,8.296
Schwefel_1_2,10,32,16,1.2120432514105237,35000,8.275
Schwefel_1_2,10,32,17,0.48394007531094163,35000,8.3
Schwefel_1_2,10,32,18,0.21191513197807202,35000,8.253
Schwefel_1_2,10,32,19,0.11892110815303125,35000,8.252
Schwefel_1_2,10,32,2,0.8172458589453836,35000,8.242
Schwefel_1_2,10,32,20,1.9128303470072003,35000,8.253
Schwefel_1_2,10,32,21,0.9002893864140477,35000,8.292
Schwefel_1_2,10,32,22,0.29482301410087597,35000,8.281
Schwefel_1_2,10,32,23,1.635424189488968,35000,8.26
Schwefel_1_2,10,32,24,5.018360330840054,35000,8.25
Schwefel_1_2,10,32,25,0.31407959009343356,35000,8.266
Schwefel_1_2,10,32,26,0.7460334827116639,35000,8.24
Schwefel_1_2,10,32,27,2.8245175150420248,35000,8.269
Schwefel_1_2,10,32,28,3.6880878873563323,35000,8.264
Schwefel_1_2,10,32,29,0.5549876016093073,35000,8.203
Schwefel_1_2,10,32,3,0.4080048105411317,35000,8.3
Schwefel_1_2,10,32,4,0.752469371176493,35000,8.285
Schwefel_1_2,10,32,5,0.12520414931621804,35000,8.247
Schwefel_1_2,10,32,6,1.452581313212736,35000,8.217
Schwefel_1_2,10,32,7,0.9581715332722653,35000,8.24
Schwefel_1_2,10,32,8,0.3491987398777906,35000,8.273
Schwefel_1_2,10,32,9,4.478931046864975,35000,8.309
Schwefel_1_2,10,4,0,1.0805401996297574,35000,3.503
Schwefel_1_2,10,4,1,0.9465293046491796,35000,3.271
Schwefel_1_2,10,4,10,0.531821186908242,35000,2.759
Schwefel_1_2,10,4,11,1.8620214518739922,35000,2.724
Schwefel_1_2,10,4,12,0.1944305870812721,35000,2.749
Schwefel_1_2,10,4,13,1.0525847703885214,35000,2.754
Schwefel_1_2,10,4,14,2.335922566391194,35000,2.746
Schwefel_1_2,10,4,15,1.7971329688143785,35000,2.705
Schwefel_1_2,10,4,16,0.21393794593518048,35000,2.741
Schwefel_1_2,10,4,17,0.43826883847629466,35000,2.735
Schwefel_1_2,10,4,18,1.829205908628289,35000,2.755
Schwefel_1_2,10,4,19,3.7697444941234073,35000,2.741
Schwefel_1_2,10,4,2,0.1629814819677105,35000,3.092
Schwefel_1_2,10,4,20,3.3959768365200653,35000,2.724
Schwefel_1_2,10,4,21,2.400409624011001,35000,2.734
Schwefel_1_2,10,4,22,0.7514029650268068,35000,2.749
Schwefel_1_2,10,4,23,1.159223381237707,35000,2.722
Schwefel_1_2,10,4,24,0.7859609615976132,35000,2.685
Schwefel_1_2,10,4,25,0.7201178949488948,35000,2.721
Schwefel_1_2,10,4,26,3.5790222409286696,35000,2.714
Schwefel_1_2,10,4,27,1.438890408404283,35000,2.683
Schwefel_1_2,10,4,28,0.7462016458383803,35000,2.704
Schwefel_1_2,10,4,29,0.06265720562364027,35000,2.766
Schwefel_1_2,10,4,3,0.0018278575018369058,35000,3.138
Schwefel_1_2,10,4,4,1.143111042001165,35000,3.132
Schwefel_1_2,10,4,5,0.08805383562227043,35000,2.965
Schwefel_1_2,10,4,6,1.9959485614023962,35000,2.894
Schwefel_1_2,10,4,7,0.6698515383618269,35000,2.91
Schwefel_1_2,10,4,8,1.290077035122269,35000,2.883
Schwefel_1_2,10,4,9,0.30700871828872506,35000,2.854
Schwefel_1_2,10,59,0,1.629595655024116,35000,8.239
Schwefel_1_2,10,59,1,1.2708988035735806,35000,8.211
Schwefel_1_2,10,59,10,1.127440582874398,35000,8.225
Schwefel_1_2,10,59,11,1.0485257926727825,35000,8.214
Schwefel_1_2,10,59,12,0.5236126996116427,35000,8.238
Schwefel_1_2,10,59,13,2.1407130152800518,35000,8.205
Schwefel_1_2,10,59,14,0.6936006959731872,35000,8.198
Schwefel_1_2,10,59,15,1.5888330850903305,35000,8.252
Schwefel_1_2,10,59,16,1.2034050693285205,35000,8.244
Schwefel_1_2,10,59,17,1.2539922611332353,35000,8.209
Schwefel_1_2,10,59,18,0.6866539192095553,35000,8.226
Schwefel_1_2,10,59,19,0.6318892252711896,35000,8.226
Schwefel_1_2,10,59,2,2.4134159701239972,35000,8.223
Schwefel_1_2,10,59,20,2.8330557683123962,35000,8.255
Schwefel_1_2,10,59,21,0.8439242000278266,35000,8.238
Schwefel_1_2,10,59,22,1.1322172205723815,35000,8.2
Schwefel_1_2,10,59,23,2.3406000637774813,35000,8.16
Schwefel_1_2,10,59,24,4.199526676173986,35000,8.126
Schwefel_1_2,10,59,25,0.5108465421990005,35000,8.088
Schwefel_1_2,10,59,26,0.22454661627814476,35000,8.167
Schwefel_1_2,10,59,27,1.0739532512248204,35000,8.186
Schwefel_1_2,10,59,28,1.117807247644866,35000,8.159
Schwefel_1_2,10,59,29,0.39761868389235827,35000,8.181
Schwefel_1_2,10,59,3,0.18655191116385436,35000,8.24
Schwefel_1_2,10,59,4,0.11349080113340464,35000,8.223
Schwefel_1_2,10,59,5,0.8353258631653109,35000,8.207
Schwefel_1_2,10,59,6,0.8787849477496286,35000,8.198
Schwefel_1_2,10,59,7,0.7003392813385895,35000,8.226
Schwefel_1_2,10,59,8,1.096452526757844,35000,8.207
Schwefel_1_2,10,59,9,1.8080554757770715,35000,8.238
Schwefel_1_2,10,8,0,1.8084273570711065,35000,3.978
Schwefel_1_2,10,8,1,0.6594631231467293,35000,4.31
Schwefel_1_2,10,8,10,3.11642986965336,35000,5.966
Schwefel_1_2,10,8,11,1.77613395815503,35000,6.026
Schwefel_1_2,10,8,12,0.12858603864937715,35000,6.582
Schwefel_1_2,10,8,13,0.42727969064322324,35000,6.763
Schwefel_1_2,10,8,14,1.548831425435108,35000,6.861
Schwefel_1_2,10,8,15,0.0504018410104615,35000,6.749
Schwefel_1_2,10,8,16,0.30707326703825305,35000,6.948
Schwefel_1_2,10,8,17,1.4295202077297733,35000,7.261
Schwefel_1_2,10,8,18,0.801597586929395,35000,6.309
Schwefel_1_2,10,8,19,3.0381420768392986,35000,6.181
Schwefel_1_2,10,8,2,1.7529609039987468,35000,4.378
Schwefel_1_2,10,8,20,2.375650755345277,35000,6.279
Schwefel_1_2,10,8,21,0.5499066814696635,35000,6.265
Schwefel_1_2,10,8,22,0.6859764706241142,35000,6.121
Schwefel_1_2,10,8,23,2.0122634548492164,35000,5.862
Schwefel_1_2,10,8,24,2.582080921431281,35000,5.903
Schwefel_1_2,10,8,25,0.3997361338108748,35000,5.941
Schwefel_1_2,10,8,26,1.4483522567362155,35000,5.912
Schwefel_1_2,10,8,27,1.7963724217664665,35000,5.933
Schwefel_1_2,10,8,28,3.9135340788383535,35000,5.925
Schwefel_1_2,10,8,29,0.22307210402923114,35000,5.88
Schwefel_1_2,10,8,3,0.772895597408457,35000,4.436
Schwefel_1_2,10,8,4,0.31554237153635417,35000,4.979
Schwefel_1_2,10,8,5,0.13527832017357405,35000,5.697
Schwefel_1_2,10,8,6,4.1058622366477255,35000,5.937
Schwefel_1_2,10,8,7,0.4970704132458218,35000,5.946
Schwefel_1_2,10,8,8,1.9003909268550399,35000,6.038
Schwefel_1_2,10,8,9,1.5526075054753525,35000,5.976
Schwefel_1_2,30,16,0,131.51138208414235,105000,36.506
Schwefel_1_2,30,16,1,178.17894432031255,105000,36.643
Schwefel_1_2,30,16,10,130.34081604880745,105000,36.722
Schwefel_1_2,30,16,11,161.48629599761802,105000,36.817
Schwefel_1_2,30,16,12,181.85933812664982,105000,37.244
Schwefel_1_2,30,16,13,114.97525534828547,105000,37.232
Schwefel_1_2,30,16,14,196.9020153834181,105000,37.305
Schwefel_1_2,30,16,15,78.9578708125763,105000,37.242
Schwefel_1_2,30,16,16,57.25078558263512,105000,37.406
Schwefel_1_2,30,16,17,80.52627629813792,105000,37.457
Schwefel_1_2,30,16,18,83.40770116436286,105000,37.152
Schwefel_1_2,30,16,19,148.43222635371012,105000,37.298
Schwefel_1_2,30,16,2,258.07455863687653,105000,36.652
Schwefel_1_2,30,16,20,122.54441053197921,105000,37.307
Schwefel_1_2,30,16,21,58.765276415513085,105000,37.266
Schwefel_1_2,30,16,22,112.39576671903832,105000,37.388
Schwefel_1_2,30,16,23,74.30298565963945,105000,37.489
Schwefel_1_2,30,16,24,98.21600528182748,105000,37.243
Schwefel_1_2,30,16,25,62.54628528572821,105000,37.261
Schwefel_1_2,30,16,26,102.96587805521521,105000,37.141
Schwefel_1_2,30,16,27,98.06832344936127,105000,37.152
Schwefel_1_2,30,16,28,215.2815488306425,105000,37.31
Schwefel_1_2,30,16,29,148.3508214884233,105000,37.486
Schwefel_1_2,30,16,3,136.37783178721685,105000,36.47
Schwefel_1_2,30,16,4,116.60907565952033,105000,36.7
Schwefel_1_2,30,16,5,70.17053858169167,105000,36.539
Schwefel_1_2,30,16,6,115.12418502164479,105000,36.457
Schwefel_1_2,30,16,7,152.80804964574153,105000,36.518
Schwefel_1_2,30,16,8,53.63550287667888,105000,36.513
Schwefel_1_2,30,16,9,97.39023380455939,105000,36.527
Schwefel_1_2,30,32,0,114.21803958607016,105000,42.147
Schwefel_1_2,30,32,1,149.9063484564377,105000,42.275
Schwefel_1_2,30,32,10,126.44064793395904,105000,42.126
Schwefel_1_2,30,32,11,161.14418549063268,105000,42.234
Schwefel_1_2,30,32,12,137.6110871333115,105000,41.985
Schwefel_1_2,30,32,13,103.9304028845341,105000,41.944
Schwefel_1_2,30,32,14,262.9318971137489,105000,42.018
Schwefel_1_2,30,32,15,52.987765037922,105000,41.927
Schwefel_1_2,30,32,16,42.14041132782136,105000,42.209
Schwefel_1_2,30,32,17,60.072241108005564,105000,42.306
Schwefel_1_2,30,32,18,96.3157193361607,105000,42.206
Schwefel_1_2,30,32,19,127.10919316213568,105000,42.218
Schwefel_1_2,30,32,2,177.50190843665746,105000,42.053
Schwefel_1_2,30,32,20,166.19962922360548,105000,42.249
Schwefel_1_2,30,32,21,58.147547725177695,105000,42.076
Schwefel_1_2,30,32,22,98.40247585561617,105000,42.285
Schwefel_1_2,30,32,23,65.14571572353086,105000,42.285
Schwefel_1_2,30,32,24,89.05914473934051,105000,42.211
Schwefel_1_2,30,32,25,107.23758433640567,105000,42.322
Schwefel_1_2,30,32,26,134.7275338827447,105000,42.365
Schwefel_1_2,30,32,27,60.41606564959821,105000,42.33
Schwefel_1_2,30,32,28,192.0812274440407,105000,42.49
Schwefel_1_2,30,32,29,101.81228298537789,105000,42.615
Schwefel_1_2,30,32,3,113.25797400841131,105000,42.073
Schwefel_1_2,30,32,4,170.98045568953583,105000,42.29
Schwefel_1_2,30,32,5,120.99776266058404,105000,42.382
Schwefel_1_2,30,32,6,44.117291057248224,105000,41.993
Schwefel_1_2,30,32,7,121.38694278461531,105000,42.108
Schwefel_1_2,30,32,8,77.47208722961742,105000,42.159
Schwefel_1_2,30,32,9,92.68297443583775,105000,42.054
Schwefel_1_2,30,4,0,71.05611490758149,105000,34.653
Schwefel_1_2,30,4,1,97.21961757193564,105000,34.627
Schwefel_1_2,30,4,10,103.99278466385084,105000,35.009
Schwefel_1_2,30,4,11,136.08344117150648,105000,34.897
Schwefel_1_2,30,4,12,176.90313281624356,105000,34.642
Schwefel_1_2,30,4,13,163.39341392431183,105000,34.412
Schwefel_1_2,30,4,14,166.18585706138322,105000,34.509
Schwefel_1_2,30,4,15,18.90290500805055,105000,34.707
Schwefel_1_2,30,4,16,34.11311164054589,105000,34.597
Schwefel_1_2,30,4,17,91.91880713877894,105000,34.482
Schwefel_1_2,30,4,18,125.17166653868316,105000,33.353
Schwefel_1_2,30,4,19,110.75308943440021,105000,33.413
Schwefel_1_2,30,4,2,143.92261656158075,105000,34.722
Schwefel_1_2,30,4,20,207.44154491959725,105000,33.428
Schwefel_1_2,30,4,21,39.49811730247568,105000,33.649
Schwefel_1_2,30,4,22,44.27846200961931,105000,33.547
Schwefel_1_2,30,4,23,49.099496456247024,105000,33.322
Schwefel_1_2,30,4,24,106.8073721391308,105000,33.38
Schwefel_1_2,30,4,25,52.28892223556359,105000,33.4
Schwefel_1_2,30,4,26,152.360433748669,105000,33.561
Schwefel_1_2,30,4,27,32.518207614228004,105000,33.705
Schwefel_1_2,30,4,28,151.16178759918986,105000,33.643
Schwefel_1_2,30,4,29,100.47712988170262,105000,33.472
Schwefel_1_2,30,4,3,191.75480682784146,105000,34.915
Schwefel_1_2,30,4,4,188.66588861908258,105000,34.789
Schwefel_1_2,30,4,5,70.56572843852791,105000,34.636
Schwefel_1_2,30,4,6,44.22118012087909,105000,34.953
Schwefel_1_2,30,4,7,68.75256427944686,105000,34.771
Schwefel_1_2,30,4,8,58.17005242775162,105000,34.888
Schwefel_1_2,30,4,9,84.27457904247179,105000,35.067
Schwefel_1_2,30,59,0,130.41733122256093,105000,42.032
Schwefel_1_2,30,59,1,103.75749613508175,105000,42.153
Schwefel_1_2,30,59,10,104.45715143883054,105000,42.557
Schwefel_1_2,30,59,11,125.92059587505159,105000,42.706
Schwefel_1_2,30,59,12,162.8369657089953,105000,42.231
Schwefel_1_2,30,59,13,74.14094814041444,105000,42.322
Schwefel_1_2,30,59,14,212.53847703866833,105000,42.263
Schwefel_1_2,30,59,15,2.868978715288637,105000,42.365
Schwefel_1_2,30,59,16,53.082146969218165,105000,42.347
Schwefel_1_2,30,59,17,40.74628445989868,105000,42.503
Schwefel_1_2,30,59,18,146.5607301171367,105000,42.285
Schwefel_1_2,30,59,19,142.2608843727874,105000,42.307
Schwefel_1_2,30,59,2,134.19398913870194,105000,42.15
Schwefel_1_2,30,59,20,102.80851274772314,105000,42.354
Schwefel_1_2,30,59,21,89.86549497952346,105000,42.334
Schwefel_1_2,30,59,22,99.12198625454899,105000,42.448
Schwefel_1_2,30,59,23,79.96383583179828,105000,42.5
Schwefel_1_2,30,59,24,153.8443140547563,105000,42.298
Schwefel_1_2,30,59,25,93.34342972387591,105000,42.314
Schwefel_1_2,30,59,26,123.92016494003768,105000,42.367
Schwefel_1_2,30,59,27,94.76974862048762,105000,42.381
Schwefel_1_2,30,59,28,170.4985573444088,105000,42.426
Schwefel_1_2,30,59,29,117.14842860118561,105000,42.502
Schwefel_1_2,30,59,3,92.09436107379518,105000,42.033
Schwefel_1_2,30,59,4,121.98783939271985,105000,42.197
Schwefel_1_2,30,59,5,97.52428194057839,105000,42.317
Schwefel_1_2,30,59,6,59.78018098406671,105000,42.34
Schwefel_1_2,30,59,7,78.61876427638954,105000,42.352
Schwefel_1_2,30,59,8,46.20333788114793,105000,42.5
Schwefel_1_2,30,59,9,138.8826974622901,105000,42.447
Schwefel_1_2,30,8,0,126.26638954423699,105000,35.244
Schwefel_1_2,30,8,1,175.6129687311496,105000,35.054
Schwefel_1_2,30,8,10,74.95129468991458,105000,35.255
Schwefel_1_2,30,8,11,115.73154719946082,105000,34.95
Schwefel_1_2,30,8,12,150.66848797000122,105000,34.914
Schwefel_1_2,30,8,13,145.68010711032287,105000,34.829
Schwefel_1_2,30,8,14,190.12364919320447,105000,35.008
Schwefel_1_2,30,8,15,93.68426986096368,105000,35.131
Schwefel_1_2,30,8,16,58.40236743648679,105000,35.046
Schwefel_1_2,30,8,17,89.01924733337404,105000,34.859
Schwefel_1_2,30,8,18,132.09279276117678,105000,35.675
Schwefel_1_2,30,8,19,142.54394183149878,105000,35.657
Schwefel_1_2,30,8,2,144.60088734991587,105000,35.288
Schwefel_1_2,30,8,20,58.82147598538631,105000,35.706
Schwefel_1_2,30,8,21,45.37358598874937,105000,35.892
Schwefel_1_2,30,8,22,52.44256556383031,105000,35.863
Schwefel_1_2,30,8,23,67.62778171135359,105000,35.695
Schwefel_1_2,30,8,24,152.30195495802707,105000,35.199
Schwefel_1_2,30,8,25,41.78984942100515,105000,35.223
Schwefel_1_2,30,8,26,140.78663293580294,105000,35.268
Schwefel_1_2,30,8,27,34.949520321151454,105000,35.179
Schwefel_1_2,30,8,28,206.54552505440824,105000,35.367
Schwefel_1_2,30,8,29,100.77694840973714,105000,35.315
Schwefel_1_2,30,8,3,185.16221267307245,105000,35.412
Schwefel_1_2,30,8,4,62.13367874923423,105000,35.426
Schwefel_1_2,30,8,5,75.84061666622812,105000,35.198
Schwefel_1_2,30,8,6,75.45576934325834,105000,34.966
Schwefel_1_2,30,8,7,187.04605906275492,105000,35.008
Schwefel_1_2,30,8,8,87.0929106154758,105000,35.067
Schwefel_1_2,30,8,9,140.14191341867482,105000,35.301
Schwefel_1_2,50,16,0,273.5356476596368,175000,91.5
Schwefel_1_2,50,16,1,595.6500479468056,175000,91.586
Schwefel_1_2,50,16,10,322.5912425329291,175000,92.197
Schwefel_1_2,50,16,11,489.57796564889975,175000,92.39
Schwefel_1_2,50,16,12,631.1441946033311,175000,91.647
Schwefel_1_2,50,16,13,542.6530197026149,175000,91.918
Schwefel_1_2,50,16,14,416.2213937058986,175000,91.822
Schwefel_1_2,50,16,15,395.7828484155371,175000,91.999
Schwefel_1_2,50,16,16,498.5292214878222,175000,92.196
Schwefel_1_2,50,16,17,414.4306652035143,175000,92.436
Schwefel_1_2,50,16,18,516.4422895839406,175000,91.31
Schwefel_1_2,50,16,19,460.4299838950791,175000,91.435
Schwefel_1_2,50,16,2,447.89583523145336,175000,91.574
Schwefel_1_2,50,16,20,257.38804523318754,175000,91.329
Schwefel_1_2,50,16,21,506.9361913591055,175000,91.586
Schwefel_1_2,50,16,22,596.1776766586845,175000,91.825
Schwefel_1_2,50,16,23,436.5490741169428,175000,92.024
Schwefel_1_2,50,16,24,459.1301157297563,175000,91.691
Schwefel_1_2,50,16,25,682.0110873884611,175000,91.908
Schwefel_1_2,50,16,26,635.1554295468493,175000,91.73
Schwefel_1_2,50,16,27,711.3584444384071,175000,91.963
Schwefel_1_2,50,16,28,435.3878990940258,175000,92.361
Schwefel_1_2,50,16,29,568.9971871092437,175000,92.442
Schwefel_1_2,50,16,3,367.9353543800731,175000,91.705
Schwefel_1_2,50,16,4,251.04199831117884,175000,91.963
Schwefel_1_2,50,16,5,369.96602501503276,175000,92.094
Schwefel_1_2,50,16,6,289.25045397323174,175000,91.554
Schwefel_1_2,50,16,7,330.58807636810786,175000,91.662
Schwefel_1_2,50,16,8,382.2853893215605,175000,91.742
Schwefel_1_2,50,16,9,222.5839148231529,175000,91.711
Schwefel_1_2,50,32,0,374.6288815054053,175000,99.323
Schwefel_1_2,50,32,1,467.49675189406537,175000,99.521
Schwefel_1_2,50,32,10,422.6424728723441,175000,99.833
Schwefel_1_2,50,32,11,491.11610769372385,175000,99.908
Schwefel_1_2,50,32,12,517.0226039487957,175000,99.589
Schwefel_1_2,50,32,13,521.5066688856353,175000,99.677
Schwefel_1_2,50,32,14,430.3714964704495,175000,99.445
Schwefel_1_2,50,32,15,517.984965473525,175000,99.629
Schwefel_1_2,50,32,16,463.87590559968504,175000,100.047
Schwefel_1_2,50,32,17,531.4769440167768,175000,99.996
Schwefel_1_2,50,32,18,410.436313941638,175000,98.908
Schwefel_1_2,50,32,19,392.742259685168,175000,99.059
Schwefel_1_2,50,32,2,526.7173492387954,175000,99.427
Schwefel_1_2,50,32,20,403.16242027387716,175000,99.025
Schwefel_1_2,50,32,21,618.6549935315023,175000,99.334
Schwefel_1_2,50,32,22,378.7054547524549,175000,99.659
Schwefel_1_2,50,32,23,445.2905947268518,175000,99.695
Schwefel_1_2,50,32,24,659.2069736302668,175000,99.422
Schwefel_1_2,50,32,25,482.78317678713927,175000,99.559
Schwefel_1_2,50,32,26,697.8996902632316,175000,99.488
Schwefel_1_2,50,32,27,949.6514649997945,175000,99.512
Schwefel_1_2,50,32,28,338.61385246624627,175000,99.909
Schwefel_1_2,50,32,29,463.5014205754598,175000,99.948
Schwefel_1_2,50,32,3,346.52017517832996,175000,99.474
Schwefel_1_2,50,32,4,573.1524811639739,175000,100.093
Schwefel_1_2,50,32,5,286.26417634513984,175000,100.165
Schwefel_1_2,50,32,6,508.8669382166943,175000,98.982
Schwefel_1_2,50,32,7,481.0505057965168,175000,99.212
Schwefel_1_2,50,32,8,367.37304249224593,175000,99.36
Schwefel_1_2,50,32,9,187.39322525933602,175000,99.352
Schwefel_1_2,50,4,0,470.3356269771083,175000,87.013
Schwefel_1_2,50,4,1,387.8693351626358,175000,87.206
Schwefel_1_2,50,4,10,323.34952087197416,175000,87.641
Schwefel_1_2,50,4,11,631.5825259463658,175000,87.837
Schwefel_1_2,50,4,12,379.5537589647909,175000,86.997
Schwefel_1_2,50,4,13,484.411251468948,175000,87.296
Schwefel_1_2,50,4,14,243.22249409242477,175000,87.156
Schwefel_1_2,50,4,15,492.0039971611656,175000,86.981
Schwefel_1_2,50,4,16,399.7964706253608,175000,87.542
Schwefel_1_2,50,4,17,183.45020793901588,175000,87.694
Schwefel_1_2,50,4,18,449.70647368692977,175000,87.063
Schwefel_1_2,50,4,19,304.48582103804785,175000,87.202
Schwefel_1_2,50,4,2,457.2692794206883,175000,87.381
Schwefel_1_2,50,4,20,333.2468693753528,175000,87.142
Schwefel_1_2,50,4,21,504.0015984155991,175000,87.056
Schwefel_1_2,50,4,22,326.85087720134567,175000,87.564
Schwefel_1_2,50,4,23,370.35914560149445,175000,87.652
Schwefel_1_2,50,4,24,340.20564259537935,175000,87.105
Schwefel_1_2,50,4,25,638.0080908009763,175000,87.392
Schwefel_1_2,50,4,26,493.11060986455146,175000,87.439
Schwefel_1_2,50,4,27,567.725004417254,175000,86.999
Schwefel_1_2,50,4,28,428.8623987972633,175000,87.623
Schwefel_1_2,50,4,29,384.00221252503144,175000,87.595
Schwefel_1_2,50,4,3,657.2068017007895,175000,87.204
Schwefel_1_2,50,4,4,190.57067515507813,175000,87.596
Schwefel_1_2,50,4,5,438.9229808646337,175000,87.741
Schwefel_1_2,50,4,6,304.1346383495538,175000,87.076
Schwefel_1_2,50,4,7,403.8804023782081,175000,87.327
Schwefel_1_2,50,4,8,231.51564108984067,175000,87.411
Schwefel_1_2,50,4,9,271.5673300501805,175000,87.31
Schwefel_1_2,50,59,0,580.5536516944089,175000,99.877
Schwefel_1_2,50,59,1,485.2570640798849,175000,99.818
Schwefel_1_2,50,59,10,319.18380491056644,175000,100.668
Schwefel_1_2,50,59,11,437.41668995117334,175000,100.782
Schwefel_1_2,50,59,12,498.6995673603413,175000,100.02
Schwefel_1_2,50,59,13,514.042965036247,175000,100.179
Schwefel_1_2,50,59,14,488.85790887352675,175000,100.127
Schwefel_1_2,50,59,15,415.36512676290465,175000,100.228
Schwefel_1_2,50,59,16,461.960213275929,175000,100.661
Schwefel_1_2,50,59,17,288.3886942335629,175000,100.782
Schwefel_1_2,50,59,18,705.2192968415912,175000,99.823
Schwefel_1_2,50,59,19,266.01791696746625,175000,99.812
Schwefel_1_2,50,59,2,465.1234035160143,175000,99.875
Schwefel_1_2,50,59,20,434.4605457135355,175000,99.781
Schwefel_1_2,50,59,21,679.7685743242309,175000,99.935
Schwefel_1_2,50,59,22,405.3921016897433,175000,100.431
Schwefel_1_2,50,59,23,371.2707956912834,175000,100.538
Schwefel_1_2,50,59,24,578.6455540734104,175000,100.212
Schwefel_1_2,50,59,25,458.18434784544354,175000,100.158
Schwefel_1_2,50,59,26,600.7687746806107,175000,100.322
Schwefel_1_2,50,59,27,866.539664076038,175000,100.402
Schwefel_1_2,50,59,28,374.0328598607696,175000,100.782
Schwefel_1_2,50,59,29,497.00247302485315,175000,100.9
Schwefel_1_2,50,59,3,445.56750154072586,175000,100.119
Schwefel_1_2,50,59,4,391.3621548226339,175000,100.262
Schwefel_1_2,50,59,5,325.4378827592522,175000,100.471
Schwefel_1_2,50,59,6,521.0918551623791,175000,100.131
Schwefel_1_2,50,59,7,361.4248713198952,175000,100.266
Schwefel_1_2,50,59,8,512.9822295645847,175000,100.178
Schwefel_1_2,50,59,9,205.98731713020348,175000,100.342
Schwefel_1_2,50,8,0,491.4767900822446,175000,88.452
Schwefel_1_2,50,8,1,349.545655337924,175000,88.522
Schwefel_1_2,50,8,10,241.77391562606346,175000,89.363
Schwefel_1_2,50,8,11,501.2668903034526,175000,89.592
Schwefel_1_2,50,8,12,373.44654023733,175000,89.068
Schwefel_1_2,50,8,13,634.5372732981732,175000,89.184
Schwefel_1_2,50,8,14,438.42360169021873,175000,88.909
Schwefel_1_2,50,8,15,559.5105548062016,175000,89.138
Schwefel_1_2,50,8,16,267.0244443963892,175000,89.353
Schwefel_1_2,50,8,17,247.282195495184,175000,89.417
Schwefel_1_2,50,8,18,503.31936375190475,175000,88.271
Schwefel_1_2,50,8,19,371.8931745761275,175000,88.599
Schwefel_1_2,50,8,2,638.0336538062797,175000,88.636
Schwefel_1_2,50,8,20,296.02555752466816,175000,88.441
Schwefel_1_2,50,8,21,726.8290728715305,175000,88.536
Schwefel_1_2,50,8,22,529.9109203624866,175000,88.842
Schwefel_1_2,50,8,23,531.2656807941062,175000,89.155
Schwefel_1_2,50,8,24,404.02736324240965,175000,88.935
Schwefel_1_2,50,8,25,642.4707536841836,175000,89.007
Schwefel_1_2,50,8,26,550.7720264670052,175000,88.985
Schwefel_1_2,50,8,27,778.644053919039,175000,89.199
Schwefel_1_2,50,8,28,408.0847814060205,175000,89.4
Schwefel_1_2,50,8,29,518.0213540550659,175000,89.449
Schwefel_1_2,50,8,3,387.7073272415947,175000,88.344
Schwefel_1_2,50,8,4,441.09663684018494,175000,88.95
Schwefel_1_2,50,8,5,390.98210574670145,175000,89.25
Schwefel_1_2,50,8,6,264.68211717202416,175000,88.801
Schwefel_1_2,50,8,7,334.51920704013577,175000,88.954
Schwefel_1_2,50,8,8,598.3300978560463,175000,89.008
Schwefel_1_2,50,8,9,118.0736557282112,175000,88.882
Schwefel_2_21,10,16,0,0.6885158158984654,35000,3.357
Schwefel_2_21,10,16,1,0.8186046302303165,35000,3.357
Schwefel_2_21,10,16,10,0.2607071308455393,35000,3.353
Schwefel_2_21,10,16,11,1.255376686195542,35000,3.364
Schwefel_2_21,10,16,12,1.9418288204241951,35000,3.369
Schwefel_2_21,10,16,13,2.1585370917750275,35000,3.352
Schwefel_2_21,10,16,14,1.5422803848262336,35000,3.33
Schwefel_2_21,10,16,15,0.2781392204381669,35000,3.336
Schwefel_2_21,10,16,16,0.6588738593349124,35000,3.359
Schwefel_2_21,10,16,17,0.9331963938194472,35000,3.368
Schwefel_2_21,10,16,18,0.4904636666237057,35000,3.342
Schwefel_2_21,10,16,19,2.895307810869783,35000,3.387
Schwefel_2_21,10,16,2,0.81184995083169,35000,3.371
Schwefel_2_21,10,16,20,0.4359097212725543,35000,3.386
Schwefel_2_21,10,16,21,1.1215895203295942,35000,3.329
Schwefel_2_21,10,16,22,1.6329915208850532,35000,3.358
Schwefel_2_21,10,16,23,1.0374649237653968,35000,3.311
Schwefel_2_21,10,16,24,0.09184853590354525,35000,3.374
Schwefel_2_21,10,16,25,0.525836814066125,35000,3.358
Schwefel_2_21,10,16,26,0.936212164011869,35000,3.329
Schwefel_2_21,10,16,27,1.3530601329071836,35000,3.344
Schwefel_2_21,10,16,28,1.2323626645338193,35000,3.342
Schwefel_2_21,10,16,29,0.12973712065578988,35000,3.333
Schwefel_2_21,10,16,3,0.8611565617075416,35000,3.338
Schwefel_2_21,10,16,4,2.0044087730354896,35000,3.361
Schwefel_2_21,10,16,5,1.2345522127922344,35000,3.316
Schwefel_2_21,10,16,6,0.3365296102059675,35000,3.355
Schwefel_2_21,10,16,7,0.9044233544829052,35000,3.34
Schwefel_2_21,10,16,8,0.24556376990000078,35000,3.337
Schwefel_2_21,10,16,9,0.35991924486289006,35000,3.333
Schwefel_2_21,10,32,0,1.221472590978205,35000,5.013
Schwefel_2_21,10,32,1,0.11192830026451953,35000,4.996
Schwefel_2_21,10,32,10,0.6493913388194236,35000,4.985
Schwefel_2_21,10,32,11,1.8777828555529057,35000,4.991
Schwefel_2_21,10,32,12,1.8934379007678015,35000,4.968
Schwefel_2_21,10,32,13,0.4937068797552717,35000,4.968
Schwefel_2_21,10,32,14,0.6627522168335306,35000,4.96
Schwefel_2_21,10,32,15,0.6696903149618931,35000,4.973
Schwefel_2_21,10,32,16,0.7050557250007207,35000,4.957
Schwefel_2_21,10,32,17,0.8290470817205431,35000,4.984
Schwefel_2_21,10,32,18,0.35808110601981713,35000,4.962
Schwefel_2_21,10,32,19,2.4628079157886136,35000,4.931
Schwefel_2_21,10,32,2,2.159408558203609,35000,4.992
Schwefel_2_21,10,32,20,1.2319221477864084,35000,4.963
Schwefel_2_21,10,32,21,1.2314311662752702,35000,4.972
Schwefel_2_21,10,32,22,0.10118723995356066,35000,4.968
Schwefel_2_21,10,32,23,0.6024446934684782,35000,4.96
Schwefel_2_21,10,32,24,0.527733426502906,35000,4.973
Schwefel_2_21,10,32,25,0.5945486813157008,35000,4.988
Schwefel_2_21,10,32,26,0.5645001388564722,35000,4.974
Schwefel_2_21,10,32,27,1.6327467692028725,35000,4.957
Schwefel_2_21,10,32,28,1.069651633939855,35000,4.997
Schwefel_2_21,10,32,29,0.010342722955813158,35000,4.981
Schwefel_2_21,10,32,3,0.2918409995056394,35000,5.009
Schwefel_2_21,10,32,4,0.905578657273439,35000,5.012
Schwefel_2_21,10,32,5,1.737344421432864,35000,4.986
Schwefel_2_21,10,32,6,2.9568862935596716,35000,4.977
Schwefel_2_21,10,32,7,1.5899217214740786,35000,4.992
Schwefel_2_21,10,32,8,0.024933874278244488,35000,4.993
Schwefel_2_21,10,32,9,0.8621248011758937,35000,5.008
Schwefel_2_21,10,4,0,0.35069669216986216,35000,2.404
Schwefel_2_21,10,4,1,1.79515193554399,35000,2.42
Schwefel_2_21,10,4,10,0.048792008940902576,35000,2.405
Schwefel_2_21,10,4,11,1.255077188123784,35000,2.402
Schwefel_2_21,10,4,12,3.768933898960767,35000,2.416
Schwefel_2_21,10,4,13,3.236491387244375,35000,2.403
Schwefel_2_21,10,4,14,1.0979865451706785,35000,2.424
Schwefel_2_21,10,4,15,4.128314223525661,35000,2.422
Schwefel_2_21,10,4,16,0.8125750711340358,35000,2.405
Schwefel_2_21,10,4,17,0.5126298482216609,35000,2.404
Schwefel_2_21,10,4,18,0.003786235667740214,35000,2.414
Schwefel_2_21,10,4,19,1.6328467240590911,35000,2.412
Schwefel_2_21,10,4,2,0.02466275004424399,35000,2.404
Schwefel_2_21,10,4,20,0.3341830993923991,35000,2.433
Schwefel_2_21,10,4,21,1.1522984356341075,35000,2.416
Schwefel_2_21,10,4,22,0.029176519541108066,35000,2.42
Schwefel_2_21,10,4,23,1.428062363487153,35000,2.416
Schwefel_2_21,10,4,24,0.005047771684935095,35000,2.407
Schwefel_2_21,10,4,25,0.0480967410950109,35000,2.407
Schwefel_2_21,10,4,26,0.31166574636650324,35000,2.42
Schwefel_2_21,10,4,27,6.3200871690186196,35000,2.415
Schwefel_2_21,10,4,28,0.46619421568014385,35000,2.413
Schwefel_2_21,10,4,29,1.050100767449287,35000,2.415
Schwefel_2_21,10,4,3,0.20667266160096198,35000,2.406
Schwefel_2_21,10,4,4,1.749970011966093,35000,2.404
Schwefel_2_21,10,4,5,0.09882121925569781,35000,2.397
Schwefel_2_21,10,4,6,3.004245288709914,35000,2.401
Schwefel_2_21,10,4,7,0.47858254838078085,35000,2.415
Schwefel_2_21,10,4,8,0.4998675490547878,35000,2.426
Schwefel_2_21,10,4,9,0.6963426061421343,35000,2.413
Schwefel_2_21,10,59,0,1.1310297582555755,35000,4.943
Schwefel_2_21,10,59,1,0.07628037153066004,35000,5.009
Schwefel_2_21,10,59,10,0.11302526785641383,35000,5.025
Schwefel_2_21,10,59,11,0.27848027754374205,35000,4.946
Schwefel_2_21,10,59,12,0.24035301173876594,35000,4.931
Schwefel_2_21,10,59,13,2.154014259025731,35000,4.923
Schwefel_2_21,10,59,14,0.3472006251698324,35000,4.925
Schwefel_2_21,10,59,15,0.08008375536422027,35000,4.947
Schwefel_2_21,10,59,16,0.03495842310505358,35000,4.927
Schwefel_2_21,10,59,17,2.41385168049202,35000,4.916
Schwefel_2_21,10,59,18,0.5171097936979195,35000,4.944
Schwefel_2_21,10,59,19,0.8695321153968837,35000,4.952
Schwefel_2_21,10,59,2,0.16040628597138315,35000,5.007
Schwefel_2_21,10,59,20,0.05746589504812986,35000,5.024
Schwefel_2_21,10,59,21,0.17322131697760773,35000,4.932
Schwefel_2_21,10,59,22,1.01759204095737,35000,4.963
Schwefel_2_21,10,59,23,0.5413382562960546,35000,4.944
Schwefel_2_21,10,59,24,0.6067951989630798,35000,4.938
Schwefel_2_21,10,59,25,1.634300793676405,35000,4.984
Schwefel_2_21,10,59,26,0.18463177338400347,35000,5.002
Schwefel_2_21,10,59,27,4.26952509556379,35000,4.955
Schwefel_2_21,10,59,28,0.23287279303354305,35000,4.975
Schwefel_2_21,10,59,29,0.46361325174259527,35000,5.069
Schwefel_2_21,10,59,3,0.5596467163893979,35000,4.917
Schwefel_2_21,10,59,4,0.2120375880257566,35000,4.93
Schwefel_2_21,10,59,5,0.15061226375112727,35000,4.976
Schwefel_2_21,10,59,6,0.8932489263181512,35000,4.944
Schwefel_2_21,10,59,7,0.05122248989137804,35000,5.052
Schwefel_2_21,10,59,8,0.15512277655528625,35000,4.944
Schwefel_2_21,10,59,9,2.6140712751858417,35000,4.899
Schwefel_2_21,10,8,0,2.290754397971266,35000,2.774
Schwefel_2_21,10,8,1,0.22832276353364145,35000,2.772
Schwefel_2_21,10,8,10,0.27645193180569594,35000,2.765
Schwefel_2_21,10,8,11,0.6576060840972021,35000,2.781
Schwefel_2_21,10,8,12,2.045078946473429,35000,2.771
Schwefel_2_21,10,8,13,1.1851721397715065,35000,2.809
Schwefel_2_21,10,8,14,0.48082781854573353,35000,2.756
Schwefel_2_21,10,8,15,0.05748721128785013,35000,2.768
Schwefel_2_21,10,8,16,0.09285668515537988,35000,2.751
Schwefel_2_21,10,8,17,0.4679147870913278,35000,2.737
Schwefel_2_21,10,8,18,0.2885882605929314,35000,2.806
Schwefel_2_21,10,8,19,2.231641406421619,35000,2.774
Schwefel_2_21,10,8,2,0.13618207279598232,35000,2.774
Schwefel_2_21,10,8,20,0.6168539067819953,35000,2.767
Schwefel_2_21,10,8,21,1.3137319169713626,35000,2.737
Schwefel_2_21,10,8,22,0.42531134272468807,35000,2.781
Schwefel_2_21,10,8,23,0.7239127026763044,35000,2.765
Schwefel_2_21,10,8,24,2.4447471957425995,35000,2.769
Schwefel_2_21,10,8,25,1.3347172288659581,35000,2.748
Schwefel_2_21,10,8,26,0.011694155271442538,35000,2.771
Schwefel_2_21,10,8,27,3.0617282694957764,35000,2.749
Schwefel_2_21,10,8,28,0.8186870820513393,35000,2.772
Schwefel_2_21,10,8,29,0.6542771303860722,35000,2.744
Schwefel_2_21,10,8,3,0.37496834463041745,35000,2.744
Schwefel_2_21,10,8,4,0.3621809998620531,35000,2.748
Schwefel_2_21,10,8,5,0.09378314863849699,35000,2.762
Schwefel_2_21,10,8,6,0.7396162268295964,35000,2.749
Schwefel_2_21,10,8,7,0.10635598839558408,35000,2.764
Schwefel_2_21,10,8,8,2.5736281224753066,35000,2.741
Schwefel_2_21,10,8,9,0.03354318825169309,35000,2.761
Schwefel_2_21,30,16,0,6.359504814391194,105000,10.137
Schwefel_2_21,30,16,1,7.978033020712436,105000,10.129
Schwefel_2_21,30,16,10,9.768746422058388,105000,10.11
Schwefel_2_21,30,16,11,0.7005892386809894,105000,9.926
Schwefel_2_21,30,16,12,0.1956225893925581,105000,10.079
Schwefel_2_21,30,16,13,0.43265059419670804,105000,9.814
Schwefel_2_21,30,16,14,0.12820616007878372,105000,10.115
Schwefel_2_21,30,16,15,5.996956657260313,105000,10.039
Schwefel_2_21,30,16,16,6.550826482689903,105000,10.077
Schwefel_2_21,30,16,17,6.32000713734686,105000,10.062
Schwefel_2_21,30,16,18,0.5996556915316125,105000,10.016
Schwefel_2_21,30,16,19,7.542286486687528,105000,10.083
Schwefel_2_21,30,16,2,3.926793779257639,105000,10.117
Schwefel_2_21,30,16,20,0.05857616187852656,105000,10.329
Schwefel_2_21,30,16,21,7.062709557679316,105000,10.084
Schwefel_2_21,30,16,22,0.6303295051973727,105000,10.146
Schwefel_2_21,30,16,23,0.13056840380014983,105000,10.073
Schwefel_2_21,30,16,24,0.49477318477473414,105000,10.123
Schwefel_2_21,30,16,25,0.3122840044334033,105000,10.135
Schwefel_2_21,30,16,26,6.013145253936735,105000,10.056
Schwefel_2_21,30,16,27,0.3715729395874027,105000,10.163
Schwefel_2_21,30,16,28,0.633315277725222,105000,10.172
Schwefel_2_21,30,16,29,0.23738081798474506,105000,10.061
Schwefel_2_21,30,16,3,6.064018087107049,105000,10.1
Schwefel_2_21,30,16,4,0.07076542411944495,105000,10.05
Schwefel_2_21,30,16,5,0.10213673424304143,105000,10.245
Schwefel_2_21,30,16,6,0.3506443281662442,105000,10.115
Schwefel_2_21,30,16,7,6.291401599130735,105000,10.069
Schwefel_2_21,30,16,8,0.38435319884707225,105000,10.129
Schwefel_2_21,30,16,9,0.5980777044185968,105000,9.92
Schwefel_2_21,30,32,0,0.4819845266082852,105000,15.015
Schwefel_2_21,30,32,1,8.43779754137556,105000,14.707
Schwefel_2_21,30,32,10,0.46253427614408904,105000,14.954
Schwefel_2_21,30,32,11,0.4869333383455572,105000,14.922
Schwefel_2_21,30,32,12,0.3136181034418918,105000,15.106
Schwefel_2_21,30,32,13,0.3448528931321936,105000,15.138
Schwefel_2_21,30,32,14,7.5929756221437925,105000,14.774
Schwefel_2_21,30,32,15,0.3515653507931995,105000,15.252
Schwefel_2_21,30,32,16,0.3273678657592476,105000,15.222
Schwefel_2_21,30,32,17,7.44001174816381,105000,14.732
Schwefel_2_21,30,32,18,0.13949428559705604,105000,15.094
Schwefel_2_21,30,32,19,0.6034102848240445,105000,14.824
Schwefel_2_21,30,32,2,0.438533251855762,105000,14.593
Schwefel_2_21,30,32,20,0.28907661261431616,105000,14.878
Schwefel_2_21,30,32,21,0.6081636442001583,105000,14.981
Schwefel_2_21,30,32,22,0.18611426845024343,105000,15.166
Schwefel_2_21,30,32,23,0.5690843752612937,105000,14.969
Schwefel_2_21,30,32,24,0.4637881496030021,105000,14.871
Schwefel_2_21,30,32,25,6.912762946217225,105000,14.788
Schwefel_2_21,30,32,26,0.41762360507657487,105000,14.94
Schwefel_2_21,30,32,27,0.32330873560735934,105000,15.333
Schwefel_2_21,30,32,28,8.026499290130648,105000,14.736
Schwefel_2_21,30,32,29,0.07445736434543962,105000,15.797
Schwefel_2_21,30,32,3,0.568452030860348,105000,14.805
Schwefel_2_21,30,32,4,0.286374012926591,105000,15.654
Schwefel_2_21,30,32,5,6.179221177618953,105000,14.756
Schwefel_2_21,30,32,6,0.3231663147819743,105000,15.441
Schwefel_2_21,30,32,7,7.284121694677859,105000,14.754
Schwefel_2_21,30,32,8,3.684926742373154,105000,14.751
Schwefel_2_21,30,32,9,5.092698816969062,105000,14.822
Schwefel_2_21,30,4,0,6.627913476562956,105000,7.358
Schwefel_2_21,30,4,1,7.401477592989604,105000,7.3
Schwefel_2_21,30,4,10,9.348778169665248,105000,7.288
Schwefel_2_21,30,4,11,7.04707470196468,105000,7.26
Schwefel_2_21,30,4,12,8.165501709052277,105000,7.388
Schwefel_2_21,30,4,13,8.385221246211199,105000,7.293
Schwefel_2_21,30,4,14,0.06698108820362046,105000,7.354
Schwefel_2_21,30,4,15,7.094156899528105,105000,7.393
Schwefel_2_21,30,4,16,1.802352233852031,105000,7.373
Schwefel_2_21,30,4,17,0.09150985624091959,105000,7.374
Schwefel_2_21,30,4,18,1.914658969898143,105000,7.321
Schwefel_2_21,30,4,19,7.81420771600673,105000,7.337
Schwefel_2_21,30,4,2,0.2817631786894749,105000,7.335
Schwefel_2_21,30,4,20,7.137476063339137,105000,7.354
Schwefel_2_21,30,4,21,7.9069364862639855,105000,7.387
Schwefel_2_21,30,4,22,2.7903705853579837,105000,7.368
Schwefel_2_21,30,4,23,7.977472067286282,105000,7.359
Schwefel_2_21,30,4,24,9.098015784112008,105000,7.397
Schwefel_2_21,30,4,25,6.102530294843489,105000,7.324
Schwefel_2_21,30,4,26,6.948377646469262,105000,7.321
Schwefel_2_21,30,4,27,4.836024264126872,105000,7.362
Schwefel_2_21,30,4,28,8.120494735480907,105000,7.354
Schwefel_2_21,30,4,29,6.224770302755052,105000,7.345
Schwefel_2_21,30,4,3,6.439506343750197,105000,7.316
Schwefel_2_21,30,4,4,0.04942558168130218,105000,7.373
Schwefel_2_21,30,4,5,4.6821209628913545,105000,7.299
Schwefel_2_21,30,4,6,7.332558176051192,105000,7.355
Schwefel_2_21,30,4,7,0.08782233403993558,105000,7.327
Schwefel_2_21,30,4,8,5.928248947142151,105000,7.318
Schwefel_2_21,30,4,9,5.959661100409523,105000,7.305
Schwefel_2_21,30,59,0,0.3279085666832299,105000,15.438
Schwefel_2_21,30,59,1,0.2926547445623117,105000,15.134
Schwefel_2_21,30,59,10,0.28001776507787124,105000,15.333
Schwefel_2_21,30,59,11,0.4682027008567789,105000,15.036
Schwefel_2_21,30,59,12,0.2498129373145509,105000,15.153
Schwefel_2_21,30,59,13,0.28748142390724124,105000,15.593
Schwefel_2_21,30,59,14,0.306194723365751,105000,15.301
Schwefel_2_21,30,59,15,0.6687504540556709,105000,15.095
Schwefel_2_21,30,59,16,0.24556548387301036,105000,15.407
Schwefel_2_21,30,59,17,0.19353466433178207,105000,15.606
Schwefel_2_21,30,59,18,0.2936912484815524,105000,15.572
Schwefel_2_21,30,59,19,0.6927744054235351,105000,15.152
Schwefel_2_21,30,59,2,0.23021452857973482,105000,15.198
Schwefel_2_21,30,59,20,0.2510265109538796,105000,15.597
Schwefel_2_21,30,59,21,0.2343862427400904,105000,15.607
Schwefel_2_21,30,59,22,0.26462721737143724,105000,15.414
Schwefel_2_21,30,59,23,0.1420302050794664,105000,15.663
Schwefel_2_21,30,59,24,0.31791257438613335,105000,15.592
Schwefel_2_21,30,59,25,0.21477919618139096,105000,15.911
Schwefel_2_21,30,59,26,0.1946902018433443,105000,15.531
Schwefel_2_21,30,59,27,0.27843493388738166,105000,15.525
Schwefel_2_21,30,59,28,0.2764722851588235,105000,15.622
Schwefel_2_21,30,59,29,0.55648384285654,105000,15.206
Schwefel_2_21,30,59,3,0.3549796875517254,105000,15.148
Schwefel_2_21,30,59,4,0.19039299094467546,105000,15.421
Schwefel_2_21,30,59,5,0.2441019388951478,105000,15.509
Schwefel_2_21,30,59,6,0.27717296413334586,105000,15.211
Schwefel_2_21,30,59,7,0.27291343180102756,105000,15.619
Schwefel_2_21,30,59,8,0.21675743006583414,105000,15.844
Schwefel_2_21,30,59,9,0.24600359432502192,105000,15.394
Schwefel_2_21,30,8,0,7.206357410168273,105000,8.406
Schwefel_2_21,30,8,1,0.13194357012579935,105000,8.408
Schwefel_2_21,30,8,10,1.422769036735757,105000,8.532
Schwefel_2_21,30,8,11,0.04233633272326999,105000,8.477
Schwefel_2_21,30,8,12,0.8910388852780557,105000,8.365
Schwefel_2_21,30,8,13,7.6169926409357895,105000,8.385
Schwefel_2_21,30,8,14,8.920381734760927,105000,8.396
Schwefel_2_21,30,8,15,0.15522060101551244,105000,8.433
Schwefel_2_21,30,8,16,0.1603467822063146,105000,8.435
Schwefel_2_21,30,8,17,6.813939260193623,105000,8.411
Schwefel_2_21,30,8,18,8.243873638017645,105000,8.338
Schwefel_2_21,30,8,19,0.04647906725822376,105000,8.485
Schwefel_2_21,30,8,2,0.06431337373674753,105000,8.566
Schwefel_2_21,30,8,20,4.58075475601481,105000,8.367
Schwefel_2_21,30,8,21,5.365797712228058,105000,8.411
Schwefel_2_21,30,8,22,0.3162663391053486,105000,8.464
Schwefel_2_21,30,8,23,0.03610061632090876,105000,8.459
Schwefel_2_21,30,8,24,1.8869320906938654,105000,8.34
Schwefel_2_21,30,8,25,8.9876243156413,105000,8.394
Schwefel_2_21,30,8,26,1.1178610785457774,105000,8.288
Schwefel_2_21,30,8,27,4.466748897934231,105000,8.42
Schwefel_2_21,30,8,28,7.918671391448239,105000,8.412
Schwefel_2_21,30,8,29,0.566741862209009,105000,8.543
Schwefel_2_21,30,8,3,8.715603831441637,105000,8.497
Schwefel_2_21,30,8,4,5.450377687378555,105000,8.543
Schwefel_2_21,30,8,5,0.09776081654673188,105000,8.677
Schwefel_2_21,30,8,6,7.866588808120444,105000,8.66
Schwefel_2_21,30,8,7,0.2723940038164576,105000,8.613
Schwefel_2_21,30,8,8,0.18144224015392596,105000,8.555
Schwefel_2_21,30,8,9,1.3308240460734366,105000,8.596
Schwefel_2_21,50,16,0,0.1122387574631471,175000,17.642
Schwefel_2_21,50,16,1,0.020921809650747577,175000,17.047
Schwefel_2_21,50,16,10,0.058299195939423405,175000,17.418
Schwefel_2_21,50,16,11,0.00791631761962676,175000,17.8
Schwefel_2_21,50,16,12,0.2506770620881066,175000,17.001
Schwefel_2_21,50,16,13,0.4533335532042521,175000,17.181
Schwefel_2_21,50,16,14,0.5810625785594528,175000,17.062
Schwefel_2_21,50,16,15,0.4274361929587602,175000,16.694
Schwefel_2_21,50,16,16,0.23855988339897047,175000,17.299
Schwefel_2_21,50,16,17,0.10484922432741992,175000,17.445
Schwefel_2_21,50,16,18,0.2530223338868486,175000,17.353
Schwefel_2_21,50,16,19,1.0414971646782796,175000,17.035
Schwefel_2_21,50,16,2,0.7374789143423366,175000,17.102
Schwefel_2_21,50,16,20,0.12619945290442833,175000,17.177
Schwefel_2_21,50,16,21,0.062266886608469685,175000,17.379
Schwefel_2_21,50,16,22,0.441320874707003,175000,17.17
Schwefel_2_21,50,16,23,0.4783237945568888,175000,17.26
Schwefel_2_21,50,16,24,0.4642127604372961,175000,16.918
Schwefel_2_21,50,16,25,0.04008123538609497,175000,17.5
Schwefel_2_21,50,16,26,0.40180133376413585,175000,17.135
Schwefel_2_21,50,16,27,0.4120338601297887,175000,17.145
Schwefel_2_21,50,16,28,0.13357511156888027,175000,17.237
Schwefel_2_21,50,16,29,0.5366575332208275,175000,17.099
Schwefel_2_21,50,16,3,0.4817011178780275,175000,17.171
Schwefel_2_21,50,16,4,0.37269093721555274,175000,17.048
Schwefel_2_21,50,16,5,9.727735941816784,175000,16.93
Schwefel_2_21,50,16,6,0.27376422671821465,175000,16.976
Schwefel_2_21,50,16,7,0.3483268750495976,175000,17.392
Schwefel_2_21,50,16,8,0.3093624289254488,175000,17.113
Schwefel_2_21,50,16,9,0.07284396245321115,175000,17.368
Schwefel_2_21,50,32,0,0.17255648272634408,175000,26.001
Schwefel_2_21,50,32,1,0.0306936650582102,175000,26.687
Schwefel_2_21,50,32,10,8.8779691266019,175000,24.758
Schwefel_2_21,50,32,11,0.35275229411940023,175000,25.759
Schwefel_2_21,50,32,12,0.36178345856947,175000,27.095
Schwefel_2_21,50,32,13,0.23028929644398033,175000,25.778
Schwefel_2_21,50,32,14,0.2955687961444186,175000,26.149
Schwefel_2_21,50,32,15,0.22269336083877525,175000,25.928
Schwefel_2_21,50,32,16,0.2574020761956791,175000,25.5
Schwefel_2_21,50,32,17,0.889542601574023,175000,24.879
Schwefel_2_21,50,32,18,0.2853666111550694,175000,25.53
Schwefel_2_21,50,32,19,0.6331718452442585,175000,24.918
Schwefel_2_21,50,32,2,0.20577128070652584,175000,26.129
Schwefel_2_21,50,32,20,0.26946817684776153,175000,25.247
Schwefel_2_21,50,32,21,0.17220296004981236,175000,25.603
Schwefel_2_21,50,32,22,0.21615886459506772,175000,25.457
Schwefel_2_21,50,32,23,0.1966957551917416,175000,26.22
Schwefel_2_21,50,32,24,0.25053402730735447,175000,25.306
Schwefel_2_21,50,32,25,0.0993554573292928,175000,26.158
Schwefel_2_21,50,32,26,0.447201201378531,175000,24.53
Schwefel_2_21,50,32,27,0.31568058774970315,175000,26.247
Schwefel_2_21,50,32,28,0.08515620819407457,175000,25.411
Schwefel_2_21,50,32,29,0.22254559029763527,175000,25.681
Schwefel_2_21,50,32,3,0.39088916116982697,175000,25.865
Schwefel_2_21,50,32,4,0.1703073182933655,175000,26.233
Schwefel_2_21,50,32,5,0.22587823277643398,175000,26.174
Schwefel_2_21,50,32,6,0.26771543127316877,175000,26.736
Schwefel_2_21,50,32,7,0.19141704213915917,175000,25.468
Schwefel_2_21,50,32,8,0.1937043665438095,175000,25.619
Schwefel_2_21,50,32,9,0.26270352965385174,175000,25.928
Schwefel_2_21,50,4,0,0.007163385031999401,175000,12.535
Schwefel_2_21,50,4,1,0.820207440909148,175000,12.474
Schwefel_2_21,50,4,10,8.559107720879581,175000,12.445
Schwefel_2_21,50,4,11,0.05182724187433586,175000,12.553
Schwefel_2_21,50,4,12,0.09214487461847967,175000,12.307
Schwefel_2_21,50,4,13,0.18631882392209653,175000,12.432
Schwefel_2_21,50,4,14,9.27525308671541,175000,12.49
Schwefel_2_21,50,4,15,9.589005244230751,175000,12.456
Schwefel_2_21,50,4,16,10.05989663880887,175000,12.489
Schwefel_2_21,50,4,17,2.18726505543431,175000,12.473
Schwefel_2_21,50,4,18,0.011870297733072388,175000,12.437
Schwefel_2_21,50,4,19,0.13239137123261943,175000,12.461
Schwefel_2_21,50,4,2,1.4616506597091192,175000,12.515
Schwefel_2_21,50,4,20,10.920820248511403,175000,12.467
Schwefel_2_21,50,4,21,0.09405958211602182,175000,12.45
Schwefel_2_21,50,4,22,0.1783129428819122,175000,12.482
Schwefel_2_21,50,4,23,1.3457274069396838,175000,12.308
Schwefel_2_21,50,4,24,10.329017779968236,175000,12.363
Schwefel_2_21,50,4,25,13.606405026198264,175000,12.385
Schwefel_2_21,50,4,26,0.0009387608788576835,175000,12.511
Schwefel_2_21,50,4,27,2.6308945223074134,175000,12.435
Schwefel_2_21,50,4,28,0.23321597558766205,175000,12.369
Schwefel_2_21,50,4,29,2.4897099130260343,175000,12.403
Schwefel_2_21,50,4,3,0.4511344773312283,175000,12.317
Schwefel_2_21,50,4,4,0.07203614386821623,175000,12.389
Schwefel_2_21,50,4,5,0.01080341304749688,175000,12.363
Schwefel_2_21,50,4,6,0.06956901902081461,175000,12.402
Schwefel_2_21,50,4,7,0.0009365385919404633,175000,12.568
Schwefel_2_21,50,4,8,0.0007731752024325082,175000,12.714
Schwefel_2_21,50,4,9,0.004144944085612746,175000,12.53
Schwefel_2_21,50,59,0,0.3023604996820593,175000,26.549
Schwefel_2_21,50,59,1,0.2933607931313675,175000,26.372
Schwefel_2_21,50,59,10,0.29076888815933566,175000,27.15
Schwefel_2_21,50,59,11,0.20464235893238225,175000,26.165
Schwefel_2_21,50,59,12,0.3475051776451434,175000,25.734
Schwefel_2_21,50,59,13,0.2957476366622405,175000,26.411
Schwefel_2_21,50,59,14,0.2791314442107797,175000,26.416
Schwefel_2_21,50,59,15,0.23039754290454523,175000,26.852
Schwefel_2_21,50,59,16,0.1803904701817009,175000,26.32
Schwefel_2_21,50,59,17,0.30757831411675124,175000,26.358
Schwefel_2_21,50,59,18,0.2512101423376333,175000,26.644
Schwefel_2_21,50,59,19,0.3560799958608577,175000,26.473
Schwefel_2_21,50,59,2,0.2779086034510253,175000,25.915
Schwefel_2_21,50,59,20,0.22051324711588083,175000,27.251
Schwefel_2_21,50,59,21,0.2522214678983491,175000,26.668
Schwefel_2_21,50,59,22,0.3005643543265596,175000,26.702
Schwefel_2_21,50,59,23,0.22721533095176527,175000,26.713
Schwefel_2_21,50,59,24,0.20476416513837895,175000,26.792
Schwefel_2_21,50,59,25,0.32594036469025794,175000,26.71
Schwefel_2_21,50,59,26,0.25367146100114685,175000,26.732
Schwefel_2_21,50,59,27,0.17140895180729138,175000,26.777
Schwefel_2_21,50,59,28,0.24448783170836924,175000,27.159
Schwefel_2_21,50,59,29,0.21741182992568725,175000,26.681
Schwefel_2_21,50,59,3,0.20453656823163197,175000,26.234
Schwefel_2_21,50,59,4,0.2616430830203113,175000,27.049
Schwefel_2_21,50,59,5,0.2533306887087427,175000,26.502
Schwefel_2_21,50,59,6,0.2773320332273638,175000,26.461
Schwefel_2_21,50,59,7,0.3533689436685474,175000,27.188
Schwefel_2_21,50,59,8,0.20283828435608678,175000,27.188
Schwefel_2_21,50,59,9,0.2933389724427409,175000,26.828
Schwefel_2_21,50,8,0,0.09212840476383051,175000,14.501
Schwefel_2_21,50,8,1,0.15299504835396113,175000,14.55
Schwefel_2_21,50,8,10,0.17198778648007884,175000,14.1
Schwefel_2_21,50,8,11,0.01619236650329366,175000,14.282
Schwefel_2_21,50,8,12,10.5095878805899,175000,14.073
Schwefel_2_21,50,8,13,0.0004656006062827738,175000,14.521
Schwefel_2_21,50,8,14,0.023410770331611458,175000,14.16
Schwefel_2_21,50,8,15,0.2350605327224396,175000,14.339
Schwefel_2_21,50,8,16,0.03662446062617545,175000,14.42
Schwefel_2_21,50,8,17,0.21381124753773312,175000,14.203
Schwefel_2_21,50,8,18,0.0007171114895161982,175000,14.438
Schwefel_2_21,50,8,19,0.025640585932571888,175000,14.381
Schwefel_2_21,50,8,2,0.9809089177843444,175000,14.394
Schwefel_2_21,50,8,20,0.07832458364735895,175000,14.361
Schwefel_2_21,50,8,21,1.2088850530934026,175000,14.248
Schwefel_2_21,50,8,22,0.0006575545028786574,175000,14.595
Schwefel_2_21,50,8,23,0.001138600319631211,175000,14.548
Schwefel_2_21,50,8,24,0.1300635962341698,175000,14.192
Schwefel_2_21,50,8,25,0.06365936452520042,175000,14.166
Schwefel_2_21,50,8,26,0.09971383227546926,175000,14.232
Schwefel_2_21,50,8,27,1.8092862090480741,175000,14.206
Schwefel_2_21,50,8,28,0.0004258309972861536,175000,14.488
Schwefel_2_21,50,8,29,0.11285423086866374,175000,14.19
Schwefel_2_21,50,8,3,0.6327151198203773,175000,14.537
Schwefel_2_21,50,8,4,0.2184559916136194,175000,14.441
Schwefel_2_21,50,8,5,0.0056544829034866585,175000,14.642
Schwefel_2_21,50,8,6,0.07371836444681398,175000,13.981
Schwefel_2_21,50,8,7,0.00393805129226636,175000,14.249
Schwefel_2_21,50,8,8,1.4334617299369306,175000,14.14
Schwefel_2_21,50,8,9,0.03268779965772836,175000,14.464
Schwefel_2_22,10,16,0,0.17639918910371882,35000,2.248
Schwefel_2_22,10,16,1,0.08491054449950243,35000,2.26
Schwefel_2_22,10,16,10,0.16469512853587598,35000,2.296
Schwefel_2_22,10,16,11,0.32540223324961504,35000,2.257
Schwefel_2_22,10,16,12,0.25215555887872965,35000,2.228
Schwefel_2_22,10,16,13,0.0566666699651627,35000,2.235
Schwefel_2_22,10,16,14,1.0098106025763798,35000,2.248
Schwefel_2_22,10,16,15,0.1622148319577876,35000,2.253
Schwefel_2_22,10,16,16,0.0036620078236706518,35000,2.243
Schwefel_2_22,10,16,17,0.003982475486209439,35000,2.237
Schwefel_2_22,10,16,18,1.0666315251294647,35000,2.225
Schwefel_2_22,10,16,19,0.6798402757525401,35000,2.259
Schwefel_2_22,10,16,2,0.016156605035146553,35000,2.235
Schwefel_2_22,10,16,20,0.44783325515989314,35000,2.23
Schwefel_2_22,10,16,21,0.69447857070723,35000,2.219
Schwefel_2_22,10,16,22,0.20587356912019342,35000,2.238
Schwefel_2_22,10,16,23,0.8927011161414363,35000,2.248
Schwefel_2_22,10,16,24,0.5083387781050321,35000,2.237
Schwefel_2_22,10,16,25,0.34620253375844845,35000,2.262
Schwefel_2_22,10,16,26,0.12658986531752348,35000,2.231
Schwefel_2_22,10,16,27,0.2621637311579527,35000,2.262
Schwefel_2_22,10,16,28,0.483939638507644,35000,2.221
Schwefel_2_22,10,16,29,0.1111928164849386,35000,2.224
Schwefel_2_22,10,16,3,0.0832573514656996,35000,2.242
Schwefel_2_22,10,16,4,0.0947475761483082,35000,2.233
Schwefel_2_22,10,16,5,0.0037993091283403113,35000,2.25
Schwefel_2_22,10,16,6,0.5978723023036645,35000,2.246
Schwefel_2_22,10,16,7,1.3236921178840808,35000,2.249
Schwefel_2_22,10,16,8,1.211848185413272,35000,2.245
Schwefel_2_22,10,16,9,0.6713025699000408,35000,2.297
Schwefel_2_22,10,32,0,0.49344437554306236,35000,3.343
Schwefel_2_22,10,32,1,0.09974905282283356,35000,3.342
Schwefel_2_22,10,32,10,0.21477778478246562,35000,3.32
Schwefel_2_22,10,32,11,0.6489968213398449,35000,3.337
Schwefel_2_22,10,32,12,0.6442895527919347,35000,3.429
Schwefel_2_22,10,32,13,0.4121055898909457,35000,3.395
Schwefel_2_22,10,32,14,0.5906436604267317,35000,3.396
Schwefel_2_22,10,32,15,0.015024082286404193,35000,3.36
Schwefel_2_22,10,32,16,0.16075975302074363,35000,3.416
Schwefel_2_22,10,32,17,0.07896331158532352,35000,3.412
Schwefel_2_22,10,32,18,0.07725748658359907,35000,3.462
Schwefel_2_22,10,32,19,0.41387269470377736,35000,3.413
Schwefel_2_22,10,32,2,0.37897811066123444,35000,3.347
Schwefel_2_22,10,32,20,0.29600657825616267,35000,3.455
Schwefel_2_22,10,32,21,0.23408920447154336,35000,3.407
Schwefel_2_22,10,32,22,0.1417105041880223,35000,3.383
Schwefel_2_22,10,32,23,0.2749523611987845,35000,3.411
Schwefel_2_22,10,32,24,1.4804960298102343,35000,3.377
Schwefel_2_22,10,32,25,0.06924105519306911,35000,3.354
Schwefel_2_22,10,32,26,0.3324230148502006,35000,3.378
Schwefel_2_22,10,32,27,0.06736043827737713,35000,3.351
Schwefel_2_22,10,32,28,0.5331206875690537,35000,3.399
Schwefel_2_22,10,32,29,0.12301742612125433,35000,3.36
Schwefel_2_22,10,32,3,0.33431172660596564,35000,3.347
Schwefel_2_22,10,32,4,1.4180192202213953,35000,3.373
Schwefel_2_22,10,32,5,1.8285600288644028,35000,3.363
Schwefel_2_22,10,32,6,1.0973664462471142,35000,3.378
Schwefel_2_22,10,32,7,1.1906452547879118,35000,3.401
Schwefel_2_22,10,32,8,1.112927285841831,35000,3.38
Schwefel_2_22,10,32,9,0.17584806235846767,35000,3.368
Schwefel_2_22,10,4,0,1.7452455784875736,35000,1.582
Schwefel_2_22,10,4,1,0.8424020859583543,35000,1.564
Schwefel_2_22,10,4,10,0.22860708958805404,35000,1.581
Schwefel_2_22,10,4,11,0.22257750756829967,35000,1.55
Schwefel_2_22,10,4,12,0.1717324925615018,35000,1.561
Schwefel_2_22,10,4,13,0.08155660903092038,35000,1.604
Schwefel_2_22,10,4,14,1.9166887246947757,35000,1.548
Schwefel_2_22,10,4,15,0.8071114867461218,35000,1.571
Schwefel_2_22,10,4,16,0.20901947315590305,35000,1.574
Schwefel_2_22,10,4,17,0.21339700227498912,35000,1.594
Schwefel_2_22,10,4,18,0.04135173886993939,35000,1.594
Schwefel_2_22,10,4,19,0.9275598006490775,35000,1.608
Schwefel_2_22,10,4,2,0.5717547991698814,35000,1.579
Schwefel_2_22,10,4,20,0.06398434073355978,35000,1.58
Schwefel_2_22,10,4,21,0.612275008951627,35000,1.581
Schwefel_2_22,10,4,22,0.5690066370150814,35000,1.595
Schwefel_2_22,10,4,23,0.266110473122896,35000,1.571
Schwefel_2_22,10,4,24,0.6416528418308897,35000,1.562
Schwefel_2_22,10,4,25,0.38456549452295874,35000,1.577
Schwefel_2_22,10,4,26,0.24684858176621097,35000,1.554
Schwefel_2_22,10,4,27,0.7350093373168326,35000,1.571
Schwefel_2_22,10,4,28,0.007891269149744865,35000,1.56
Schwefel_2_22,10,4,29,1.0201556060403822,35000,1.565
Schwefel_2_22,10,4,3,0.13791578440204963,35000,1.574
Schwefel_2_22,10,4,4,0.589560588608231,35000,1.573
Schwefel_2_22,10,4,5,0.2409088908013148,35000,1.564
Schwefel_2_22,10,4,6,0.8161776067104802,35000,1.551
Schwefel_2_22,10,4,7,0.2926823096831398,35000,1.549
Schwefel_2_22,10,4,8,0.5218496188338114,35000,1.548
Schwefel_2_22,10,4,9,0.008702380839298161,35000,1.562
Schwefel_2_22,10,59,0,0.3776611857269555,35000,3.41
Schwefel_2_22,10,59,1,0.33399163661300824,35000,3.429
Schwefel_2_22,10,59,10,0.46274301196204554,35000,3.391
Schwefel_2_22,10,59,11,0.10075254879236933,35000,3.414
Schwefel_2_22,10,59,12,0.09529726434754893,35000,3.434
Schwefel_2_22,10,59,13,0.20899687711172013,35000,3.444
Schwefel_2_22,10,59,14,1.5895206342111734,35000,3.381
Schwefel_2_22,10,59,15,0.14545089434186537,35000,3.411
Schwefel_2_22,10,59,16,0.13298589468479668,35000,3.422
Schwefel_2_22,10,59,17,0.061018939175396206,35000,3.424
Schwefel_2_22,10,59,18,0.03435201596806624,35000,3.483
Schwefel_2_22,10,59,19,0.7243536707284299,35000,3.413
Schwefel_2_22,10,59,2,0.10865928883259283,35000,3.402
Schwefel_2_22,10,59,20,0.15472975087144183,35000,3.409
Schwefel_2_22,10,59,21,0.1207918242041104,35000,3.435
Schwefel_2_22,10,59,22,0.8395940848457955,35000,3.44
Schwefel_2_22,10,59,23,0.4132313335652054,35000,3.431
Schwefel_2_22,10,59,24,1.0003034979195904,35000,3.453
Schwefel_2_22,10,59,25,0.24039564405808142,35000,3.448
Schwefel_2_22,10,59,26,0.5483959831419772,35000,3.466
Schwefel_2_22,10,59,27,0.010654381254790785,35000,3.479
Schwefel_2_22,10,59,28,0.5613330932493831,35000,3.436
Schwefel_2_22,10,59,29,0.5833524255219249,35000,3.444
Schwefel_2_22,10,59,3,0.011491564944891666,35000,3.434
Schwefel_2_22,10,59,4,1.2685788424100664,35000,3.427
Schwefel_2_22,10,59,5,0.5085923024442837,35000,3.441
Schwefel_2_22,10,59,6,0.09164282251523534,35000,3.42
Schwefel_2_22,10,59,7,0.042233899423132305,35000,3.45
Schwefel_2_22,10,59,8,1.3063382223494562,35000,3.413
Schwefel_2_22,10,59,9,0.14081857285036078,35000,3.379
Schwefel_2_22,10,8,0,0.841037602138204,35000,1.875
Schwefel_2_22,10,8,1,0.7762507944770879,35000,1.839
Schwefel_2_22,10,8,10,0.003201034878349856,35000,1.811
Schwefel_2_22,10,8,11,1.0376658516528683,35000,1.801
Schwefel_2_22,10,8,12,1.3186331821749986,35000,1.831
Schwefel_2_22,10,8,13,0.3084177045141412,35000,1.87
Schwefel_2_22,10,8,14,1.1641081068876866,35000,1.859
Schwefel_2_22,10,8,15,0.10536352160865364,35000,1.841
Schwefel_2_22,10,8,16,0.10657373946263599,35000,1.907
Schwefel_2_22,10,8,17,0.5823233339236589,35000,1.875
Schwefel_2_22,10,8,18,0.9216515998416411,35000,1.851
Schwefel_2_22,10,8,19,0.8457459721528157,35000,1.861
Schwefel_2_22,10,8,2,0.2988472014234382,35000,1.838
Schwefel_2_22,10,8,20,0.5590824779548282,35000,1.808
Schwefel_2_22,10,8,21,0.27175924695774295,35000,1.815
Schwefel_2_22,10,8,22,0.47753979325374335,35000,1.841
Schwefel_2_22,10,8,23,0.9061531898316466,35000,1.815
Schwefel_2_22,10,8,24,1.0220528514794114,35000,1.81
Schwefel_2_22,10,8,25,0.1973405238193599,35000,1.863
Schwefel_2_22,10,8,26,0.03006266287729703,35000,1.84
Schwefel_2_22,10,8,27,0.6840730746471001,35000,1.826
Schwefel_2_22,10,8,28,0.13788567441953742,35000,1.813
Schwefel_2_22,10,8,29,0.5828436035765415,35000,1.81
Schwefel_2_22,10,8,3,0.26570053680753003,35000,1.796
Schwefel_2_22,10,8,4,1.4409167347545373,35000,1.829
Schwefel_2_22,10,8,5,1.2140449127158404,35000,1.807
Schwefel_2_22,10,8,6,0.8089640751240049,35000,1.832
Schwefel_2_22,10,8,7,0.28765106958623315,35000,1.84
Schwefel_2_22,10,8,8,1.6933122422992635,35000,1.831
Schwefel_2_22,10,8,9,0.013650643949301171,35000,1.802
Schwefel_2_22,30,16,0,1.6082711280348478,105000,6.752
Schwefel_2_22,30,16,1,2.7091978820217677,105000,6.768
Schwefel_2_22,30,16,10,2.5864169081652277,105000,6.713
Schwefel_2_22,30,16,11,2.2089720693874364,105000,6.671
Schwefel_2_22,30,16,12,2.2526791542067524,105000,6.744
Schwefel_2_22,30,16,13,3.0366609112398355,105000,6.691
Schwefel_2_22,30,16,14,2.888744258952283,105000,6.694
Schwefel_2_22,30,16,15,1.5393269980015258,105000,6.758
Schwefel_2_22,30,16,16,0.142316909479001,105000,6.665
Schwefel_2_22,30,16,17,1.9090406717747412,105000,6.674
Schwefel_2_22,30,16,18,4.13999674491924,105000,6.72
Schwefel_2_22,30,16,19,4.75103489617952,105000,6.747
Schwefel_2_22,30,16,2,1.9871898141567297,105000,6.686
Schwefel_2_22,30,16,20,6.8622372050749405,105000,6.657
Schwefel_2_22,30,16,21,0.6151430368987542,105000,6.782
Schwefel_2_22,30,16,22,4.512761896151664,105000,6.678
Schwefel_2_22,30,16,23,1.6769674858485066,105000,6.705
Schwefel_2_22,30,16,24,6.6884556545030875,105000,6.733
Schwefel_2_22,30,16,25,3.266672018202638,105000,6.641
Schwefel_2_22,30,16,26,1.2185041730898267,105000,6.729
Schwefel_2_22,30,16,27,2.056380673338313,105000,6.73
Schwefel_2_22,30,16,28,2.5459554856901065,105000,6.673
Schwefel_2_22,30,16,29,3.4579864705711283,105000,6.686
Schwefel_2_22,30,16,3,3.0179608896835006,105000,6.759
Schwefel_2_22,30,16,4,0.411954887307076,105000,6.72
Schwefel_2_22,30,16,5,4.160121055374914,105000,6.647
Schwefel_2_22,30,16,6,2.96474161886481,105000,6.67
Schwefel_2_22,30,16,7,3.492371603585557,105000,6.73
Schwefel_2_22,30,16,8,4.213809222969818,105000,6.657
Schwefel_2_22,30,16,9,0.7117483398605475,105000,6.73
Schwefel_2_22,30,32,0,1.6728190894914268,105000,9.949
Schwefel_2_22,30,32,1,3.681858186204915,105000,9.92
Schwefel_2_22,30,32,10,0.341417256039955,105000,10.021
Schwefel_2_22,30,32,11,3.334342565954043,105000,9.971
Schwefel_2_22,30,32,12,4.617436212210304,105000,9.985
Schwefel_2_22,30,32,13,3.4020200866158232,105000,9.982
Schwefel_2_22,30,32,14,0.42422228505129006,105000,9.821
Schwefel_2_22,30,32,15,0.07000826314249262,105000,10.247
Schwefel_2_22,30,32,16,5.050441342039154,105000,9.929
Schwefel_2_22,30,32,17,0.3343400613337041,105000,10.121
Schwefel_2_22,30,32,18,2.9348300450424736,105000,10.025
Schwefel_2_22,30,32,19,3.5643193008656597,105000,9.922
Schwefel_2_22,30,32,2,0.5262426314082042,105000,9.907
Schwefel_2_22,30,32,20,2.589041503245516,105000,9.975
Schwefel_2_22,30,32,21,4.240934138417241,105000,9.923
Schwefel_2_22,30,32,22,2.798593597070649,105000,9.962
Schwefel_2_22,30,32,23,1.58956441416366,105000,9.976
Schwefel_2_22,30,32,24,4.255332682794055,105000,9.951
Schwefel_2_22,30,32,25,3.1107439109747017,105000,9.945
Schwefel_2_22,30,32,26,4.052204889349543,105000,10.026
Schwefel_2_22,30,32,27,1.9448688955260593,105000,9.91
Schwefel_2_22,30,32,28,4.082482476765613,105000,9.923
Schwefel_2_22,30,32,29,2.9010331463157266,105000,10.004
Schwefel_2_22,30,32,3,3.1500188430545815,105000,9.944
Schwefel_2_22,30,32,4,0.05806963402080426,105000,10.283
Schwefel_2_22,30,32,5,4.456631551409868,105000,9.935
Schwefel_2_22,30,32,6,1.2343437782794926,105000,9.917
Schwefel_2_22,30,32,7,2.031964230501971,105000,9.935
Schwefel_2_22,30,32,8,4.567300308486739,105000,9.948
Schwefel_2_22,30,32,9,2.170116216822082,105000,9.969
Schwefel_2_22,30,4,0,3.14472051434287,105000,4.817
Schwefel_2_22,30,4,1,6.112250860012991,105000,4.923
Schwefel_2_22,30,4,10,4.3900566122825095,105000,4.8
Schwefel_2_22,30,4,11,2.8394773226230257,105000,4.743
Schwefel_2_22,30,4,12,2.75039512667227,105000,4.768
Schwefel_2_22,30,4,13,6.369632952239143,105000,4.718
Schwefel_2_22,30,4,14,5.139843738221187,105000,4.776
Schwefel_2_22,30,4,15,2.12715425578387,105000,4.699
Schwefel_2_22,30,4,16,4.112578510153489,105000,4.737
Schwefel_2_22,30,4,17,3.4437412276436685,105000,4.687
Schwefel_2_22,30,4,18,4.416916738706404,105000,4.74
Schwefel_2_22,30,4,19,5.903766551085949,105000,4.713
Schwefel_2_22,30,4,2,4.214054413353126,105000,4.807
Schwefel_2_22,30,4,20,4.169943465931715,105000,4.744
Schwefel_2_22,30,4,21,6.558248751609908,105000,4.724
Schwefel_2_22,30,4,22,4.251672219241707,105000,4.705
Schwefel_2_22,30,4,23,4.263459801917061,105000,4.705
Schwefel_2_22,30,4,24,4.08988249681874,105000,4.738
Schwefel_2_22,30,4,25,4.467971823402694,105000,4.663
Schwefel_2_22,30,4,26,4.01475271231281,105000,4.76
Schwefel_2_22,30,4,27,0.2087292699300943,105000,4.719
Schwefel_2_22,30,4,28,2.583663703296384,105000,4.698
Schwefel_2_22,30,4,29,2.9635055806369546,105000,4.692
Schwefel_2_22,30,4,3,6.9084119964220685,105000,4.853
Schwefel_2_22,30,4,4,5.152840698144088,105000,4.878
Schwefel_2_22,30,4,5,6.401521092196087,105000,4.88
Schwefel_2_22,30,4,6,6.0195285987059926,105000,4.829
Schwefel_2_22,30,4,7,1.7868548576855208,105000,4.908
Schwefel_2_22,30,4,8,4.779741705666088,105000,4.911
Schwefel_2_22,30,4,9,6.3626897744419,105000,4.783
Schwefel_2_22,30,59,0,0.5118550972561734,105000,10.267
Schwefel_2_22,30,59,1,0.42526749493322935,105000,10.301
Schwefel_2_22,30,59,10,0.15156585274918255,105000,10.385
Schwefel_2_22,30,59,11,0.6782249152234454,105000,10.337
Schwefel_2_22,30,59,12,3.3288243965010214,105000,10.296
Schwefel_2_22,30,59,13,4.359488089420531,105000,10.33
Schwefel_2_22,30,59,14,3.6373389300227275,105000,10.276
Schwefel_2_22,30,59,15,0.9786569251944857,105000,10.257
Schwefel_2_22,30,59,16,5.371624161620411,105000,10.246
Schwefel_2_22,30,59,17,0.6471482948078956,105000,10.377
Schwefel_2_22,30,59,18,1.58666588606161,105000,10.178
Schwefel_2_22,30,59,19,2.5392190954605365,105000,10.1
Schwefel_2_22,30,59,2,3.0665621108750414,105000,10.336
Schwefel_2_22,30,59,20,3.9382186347202506,105000,10.111
Schwefel_2_22,30,59,21,3.459577753181701,105000,10.008
Schwefel_2_22,30,59,22,0.29743889519089944,105000,10.013
Schwefel_2_22,30,59,23,3.597251767768759,105000,9.949
Schwefel_2_22,30,59,24,0.31243311604234236,105000,8.393
Schwefel_2_22,30,59,25,3.9430010587874693,105000,8.315
Schwefel_2_22,30,59,26,2.6989576550790413,105000,8.405
Schwefel_2_22,30,59,27,1.2543646344990522,105000,8.292
Schwefel_2_22,30,59,28,0.25630013270094243,105000,8.462
Schwefel_2_22,30,59,29,0.1335085309293173,105000,8.415
Schwefel_2_22,30,59,3,0.7658459881919571,105000,10.327
Schwefel_2_22,30,59,4,0.1326643944274638,105000,10.313
Schwefel_2_22,30,59,5,2.7690988584679617,105000,10.333
Schwefel_2_22,30,59,6,0.29532136623944694,105000,10.241
Schwefel_2_22,30,59,7,0.34403511920402113,105000,10.372
Schwefel_2_22,30,59,8,3.2189473539454783,105000,10.259
Schwefel_2_22,30,59,9,3.150452598944623,105000,10.334
Schwefel_2_22,30,8,0,3.0444954505881325,105000,5.511
Schwefel_2_22,30,8,1,3.7978441758840953,105000,5.436
Schwefel_2_22,30,8,10,4.185120253526925,105000,5.467
Schwefel_2_22,30,8,11,2.8272787630304563,105000,5.5
Schwefel_2_22,30,8,12,0.9098225574086094,105000,5.494
Schwefel_2_22,30,8,13,4.783788573685499,105000,5.477
Schwefel_2_22,30,8,14,4.156752325795997,105000,5.441
Schwefel_2_22,30,8,15,2.200403447170893,105000,5.479
Schwefel_2_22,30,8,16,1.567612291763204,105000,5.521
Schwefel_2_22,30,8,17,2.310549896915507,105000,5.497
Schwefel_2_22,30,8,18,5.807429297808389,105000,5.462
Schwefel_2_22,30,8,19,2.7431852615735175,105000,5.462
Schwefel_2_22,30,8,2,1.5640900390910248,105000,5.435
Schwefel_2_22,30,8,20,3.420127987648592,105000,5.443
Schwefel_2_22,30,8,21,3.54798365732847,105000,5.533
Schwefel_2_22,30,8,22,3.7552763891634604,105000,5.449
Schwefel_2_22,30,8,23,3.140260730719022,105000,5.501
Schwefel_2_22,30,8,24,3.221539211424714,105000,5.618
Schwefel_2_22,30,8,25,3.81069377413199,105000,5.614
Schwefel_2_22,30,8,26,3.8916070258033644,105000,5.62
Schwefel_2_22,30,8,27,1.9282578737222729,105000,5.67
Schwefel_2_22,30,8,28,3.0779873896807977,105000,5.572
Schwefel_2_22,30,8,29,2.384298287343266,105000,5.577
Schwefel_2_22,30,8,3,2.9073339591785223,105000,5.538
Schwefel_2_22,30,8,4,0.027073918756207897,105000,5.532
Schwefel_2_22,30,8,5,4.22523372480558,105000,5.464
Schwefel_2_22,30,8,6,6.620400214282036,105000,5.52
Schwefel_2_22,30,8,7,4.384431567410188,105000,5.498
Schwefel_2_22,30,8,8,3.529168563382252,105000,5.527
Schwefel_2_22,30,8,9,4.655341405578508,105000,5.508
Schwefel_2_22,50,16,0,1.0823909505238984,175000,10.124
Schwefel_2_22,50,16,1,7.228496983105234,175000,10.221
Schwefel_2_22,50,16,10,4.659343430849224,175000,13.44
Schwefel_2_22,50,16,11,9.966328472715226,175000,13.521
Schwefel_2_22,50,16,12,5.992935012972588,175000,11.287
Schwefel_2_22,50,16,13,8.421805823596873,175000,11.3
Schwefel_2_22,50,16,14,10.29502072547958,175000,11.22
Schwefel_2_22,50,16,15,9.80827890730343,175000,11.371
Schwefel_2_22,50,16,16,7.716599083599338,175000,11.269
Schwefel_2_22,50,16,17,9.208461810552286,175000,10.919
Schwefel_2_22,50,16,18,5.197935582116896,175000,11.114
Schwefel_2_22,50,16,19,6.789653705946529,175000,11.1
Schwefel_2_22,50,16,2,8.120514576642767,175000,10.271
Schwefel_2_22,50,16,20,6.837336802926193,175000,11.086
Schwefel_2_22,50,16,21,9.418958719470467,175000,11.104
Schwefel_2_22,50,16,22,8.330467723729141,175000,11.243
Schwefel_2_22,50,16,23,5.01772517712881,175000,11.114
Schwefel_2_22,50,16,24,3.8806083044119526,175000,11.052
Schwefel_2_22,50,16,25,7.443779081385064,175000,11.17
Schwefel_2_22,50,16,26,3.3384945450994095,175000,11.1
Schwefel_2_22,50,16,27,9.481735756803348,175000,11.139
Schwefel_2_22,50,16,28,6.063517245408183,175000,10.984
Schwefel_2_22,50,16,29,5.083124683590767,175000,11.403
Schwefel_2_22,50,16,3,0.2947936803764911,175000,10.219
Schwefel_2_22,50,16,4,5.64512012031603,175000,10.295
Schwefel_2_22,50,16,5,6.182243136097909,175000,10.522
Schwefel_2_22,50,16,6,7.289512782026272,175000,13.344
Schwefel_2_22,50,16,7,7.226367082854841,175000,13.193
Schwefel_2_22,50,16,8,0.11552079740044706,175000,13.168
Schwefel_2_22,50,16,9,5.3683295709444065,175000,13.183
Schwefel_2_22,50,32,0,1.144790191564533,175000,16.671
Schwefel_2_22,50,32,1,0.8426356015444915,175000,17.048
Schwefel_2_22,50,32,10,5.561574347229824,175000,17.689
Schwefel_2_22,50,32,11,7.882989244974872,175000,17.332
Schwefel_2_22,50,32,12,6.903492091742997,175000,17.686
Schwefel_2_22,50,32,13,0.15178681797547838,175000,17.658
Schwefel_2_22,50,32,14,7.614192634315149,175000,17.042
Schwefel_2_22,50,32,15,6.820854570208736,175000,17.632
Schwefel_2_22,50,32,16,9.101255229293315,175000,17.375
Schwefel_2_22,50,32,17,4.417279879064027,175000,17.505
Schwefel_2_22,50,32,18,8.46577418631366,175000,17.171
Schwefel_2_22,50,32,19,0.7189719696763349,175000,17.608
Schwefel_2_22,50,32,2,5.633750911628117,175000,16.821
Schwefel_2_22,50,32,20,5.079813296857018,175000,17.264
Schwefel_2_22,50,32,21,6.042296458724782,175000,17.224
Schwefel_2_22,50,32,22,9.575819927468155,175000,17.306
Schwefel_2_22,50,32,23,0.916562407041549,175000,17.206
Schwefel_2_22,50,32,24,5.631198694831845,175000,17.282
Schwefel_2_22,50,32,25,0.5726920341867735,175000,17.305
Schwefel_2_22,50,32,26,4.703463623318387,175000,17.162
Schwefel_2_22,50,32,27,9.15497436048585,175000,17.251
Schwefel_2_22,50,32,28,1.2661759354011362,175000,17.246
Schwefel_2_22,50,32,29,5.732296620383371,175000,17.27
Schwefel_2_22,50,32,3,4.7955783235944995,175000,16.808
Schwefel_2_22,50,32,4,6.227690315080636,175000,16.79
Schwefel_2_22,50,32,5,0.8977854577026932,175000,16.966
Schwefel_2_22,50,32,6,0.5288103143705049,175000,17.187
Schwefel_2_22,50,32,7,0.47160864588808316,175000,17.214
Schwefel_2_22,50,32,8,7.42783228732641,175000,17.492
Schwefel_2_22,50,32,9,4.139615703583643,175000,17.366
Schwefel_2_22,50,4,0,7.423816974328621,175000,6.403
Schwefel_2_22,50,4,1,8.051362885728366,175000,6.457
Schwefel_2_22,50,4,10,6.461687694888734,175000,6.459
Schwefel_2_22,50,4,11,8.423403883873194,175000,6.552
Schwefel_2_22,50,4,12,8.336008010805406,175000,6.544
Schwefel_2_22,50,4,13,8.44706471659229,175000,6.516
Schwefel_2_22,50,4,14,7.999748490689221,175000,6.537
Schwefel_2_22,50,4,15,10.548723288215605,175000,6.587
Schwefel_2_22,50,4,16,8.51222137118644,175000,6.514
Schwefel_2_22,50,4,17,6.868702024086179,175000,6.561
Schwefel_2_22,50,4,18,6.298475845953041,175000,6.516
Schwefel_2_22,50,4,19,7.208245700152736,175000,6.608
Schwefel_2_22,50,4,2,9.746308659798714,175000,6.524
Schwefel_2_22,50,4,20,9.843161715456915,175000,6.55
Schwefel_2_22,50,4,21,8.242684354140485,175000,6.56
Schwefel_2_22,50,4,22,11.190897037425351,175000,6.567
Schwefel_2_22,50,4,23,3.7796021517644296,175000,6.621
Schwefel_2_22,50,4,24,11.454352232706295,175000,6.587
Schwefel_2_22,50,4,25,6.21447069774196,175000,6.613
Schwefel_2_22,50,4,26,7.083421628523959,175000,6.622
Schwefel_2_22,50,4,27,10.296661556604125,175000,6.598
Schwefel_2_22,50,4,28,6.711552015894803,175000,6.635
Schwefel_2_22,50,4,29,6.145249930868224,175000,6.642
Schwefel_2_22,50,4,3,7.189903085463344,175000,6.467
Schwefel_2_22,50,4,4,5.4814045512981755,175000,6.46
Schwefel_2_22,50,4,5,9.826944811059347,175000,6.502
Schwefel_2_22,50,4,6,10.471263769385631,175000,6.481
Schwefel_2_22,50,4,7,6.1762025672013605,175000,6.438
Schwefel_2_22,50,4,8,6.925935758449051,175000,6.481
Schwefel_2_22,50,4,9,4.4054184449328275,175000,6.466
Schwefel_2_22,50,59,0,0.7615858562490432,175000,17.959
Schwefel_2_22,50,59,1,0.7971773183169668,175000,17.956
Schwefel_2_22,50,59,10,4.210827537087924,175000,17.635
Schwefel_2_22,50,59,11,0.649987548413765,175000,18.175
Schwefel_2_22,50,59,12,6.51653896628698,175000,17.538
Schwefel_2_22,50,59,13,0.3900593404742857,175000,18.089
Schwefel_2_22,50,59,14,1.2535621852689502,175000,17.941
Schwefel_2_22,50,59,15,0.7884443884005808,175000,18.285
Schwefel_2_22,50,59,16,5.349577375969347,175000,17.63
Schwefel_2_22,50,59,17,3.380776077043743,175000,17.964
Schwefel_2_22,50,59,18,1.176700610752528,175000,18.26
Schwefel_2_22,50,59,19,6.3468602316823235,175000,17.962
Schwefel_2_22,50,59,2,4.679774172228092,175000,17.601
Schwefel_2_22,50,59,20,0.9221672079113458,175000,18.578
Schwefel_2_22,50,59,21,3.6905132650633545,175000,18.251
Schwefel_2_22,50,59,22,7.210314245443801,175000,17.783
Schwefel_2_22,50,59,23,0.2762341560687731,175000,18.521
Schwefel_2_22,50,59,24,8.814019834275852,175000,19.367
Schwefel_2_22,50,59,25,4.094364038110058,175000,20.206
Schwefel_2_22,50,59,26,0.25253550094540045,175000,20.106
Schwefel_2_22,50,59,27,0.7374912977753538,175000,20.014
Schwefel_2_22,50,59,28,0.5060208804029465,175000,20.374
Schwefel_2_22,50,59,29,1.0491854278902781,175000,20.587
Schwefel_2_22,50,59,3,6.132068760879007,175000,17.721
Schwefel_2_22,50,59,4,0.612714046713316,175000,18.01
Schwefel_2_22,50,59,5,7.476835079897788,175000,17.927
Schwefel_2_22,50,59,6,1.1702269864923232,175000,18.222
Schwefel_2_22,50,59,7,0.7250896485683505,175000,17.888
Schwefel_2_22,50,59,8,0.29119472330000057,175000,18.266
Schwefel_2_22,50,59,9,6.75082395236991,175000,17.872
Schwefel_2_22,50,8,0,6.14691009835023,175000,7.692
Schwefel_2_22,50,8,1,5.6281144821006635,175000,7.693
Schwefel_2_22,50,8,10,6.370957906124759,175000,7.72
Schwefel_2_22,50,8,11,10.353058331942519,175000,7.784
Schwefel_2_22,50,8,12,6.885598720985171,175000,7.784
Schwefel_2_22,50,8,13,5.120692021516312,175000,7.796
Schwefel_2_22,50,8,14,7.769980038635797,175000,7.839
Schwefel_2_22,50,8,15,5.9340474110322035,175000,7.787
Schwefel_2_22,50,8,16,8.551226490951676,175000,7.776
Schwefel_2_22,50,8,17,5.493116107283076,175000,7.917
Schwefel_2_22,50,8,18,8.294127651159418,175000,7.823
Schwefel_2_22,50,8,19,8.931160651316072,175000,7.918
Schwefel_2_22,50,8,2,11.376305133381278,175000,7.731
Schwefel_2_22,50,8,20,6.602538941535726,175000,7.88
Schwefel_2_22,50,8,21,6.978843777376154,175000,7.942
Schwefel_2_22,50,8,22,7.547230397775597,175000,7.907
Schwefel_2_22,50,8,23,5.60271280536892,175000,8.019
Schwefel_2_22,50,8,24,8.60212480682164,175000,8.171
Schwefel_2_22,50,8,25,5.160509451307252,175000,8.195
Schwefel_2_22,50,8,26,8.251040677798922,175000,8.207
Schwefel_2_22,50,8,27,11.203288185265416,175000,8.238
Schwefel_2_22,50,8,28,9.562284402646032,175000,8.149
Schwefel_2_22,50,8,29,4.200533992063835,175000,8.21
Schwefel_2_22,50,8,3,5.7586471897095866,175000,7.647
Schwefel_2_22,50,8,4,6.168547704258055,175000,7.751
Schwefel_2_22,50,8,5,9.81958062664159,175000,7.784
Schwefel_2_22,50,8,6,7.526290744511008,175000,7.711
Schwefel_2_22,50,8,7,5.090635549913011,175000,7.747
Schwefel_2_22,50,8,8,4.796871102742384,175000,7.777
Schwefel_2_22,50,8,9,5.498064948648942,175000,7.71
Schwefel_2_26,10,16,0,-6741.21454239433,35000,3.473
Schwefel_2_26,10,16,1,-6839.940224789685,35000,3.478
Schwefel_2_26,10,16,10,-5319.284993932078,35000,3.497
Schwefel_2_26,10,16,11,-6820.170475621664,35000,3.476
Schwefel_2_26,10,16,12,-6983.286162013625,35000,3.463
Schwefel_2_26,10,16,13,-6306.707363026224,35000,3.496
Schwefel_2_26,10,16,14,-6820.170492524179,35000,3.478
Schwefel_2_26,10,16,15,-6879.378543924091,35000,3.515
Schwefel_2_26,10,16,16,-7293.9567120379415,35000,3.505
Schwefel_2_26,10,16,17,-6820.170396161625,35000,3.48
Schwefel_2_26,10,16,18,-7116.196204798099,35000,3.488
Schwefel_2_26,10,16,19,-6602.733417435426,35000,3.497
Schwefel_2_26,10,16,2,-7412.394988980844,35000,3.484
Schwefel_2_26,10,16,20,-7195.255245094589,35000,3.505
Schwefel_2_26,10,16,21,-7491.3620328889465,35000,3.469
Schwefel_2_26,10,16,22,-6780.585500630723,35000,3.479
Schwefel_2_26,10,16,23,-7570.3262476285945,35000,3.484
Schwefel_2_26,10,16,24,-6662.238987261877,35000,3.477
Schwefel_2_26,10,16,25,-6918.793810161483,35000,3.498
Schwefel_2_26,10,16,26,-6859.677404756798,35000,3.499
Schwefel_2_26,10,16,27,-6859.148933874574,35000,3.493
Schwefel_2_26,10,16,28,-6523.858149121326,35000,3.467
Schwefel_2_26,10,16,29,-6831.496832812036,35000,3.476
Schwefel_2_26,10,16,3,-6732.265656718426,35000,3.479
Schwefel_2_26,10,16,4,-6681.881503296856,35000,3.46
Schwefel_2_26,10,16,5,-6577.351707455693,35000,3.447
Schwefel_2_26,10,16,6,-6523.858033938555,35000,3.476
Schwefel_2_26,10,16,7,-6958.378708566758,35000,3.475
Schwefel_2_26,10,16,8,-7152.302491971134,35000,3.478
Schwefel_2_26,10,16,9,-6503.720555638075,35000,3.477
Schwefel_2_26,10,32,0,-6741.214142109228,35000,5.217
Schwefel_2_26,10,32,1,-6839.940163057578,35000,5.099
Schwefel_2_26,10,32,10,-6523.490425945223,35000,5.179
Schwefel_2_26,10,32,11,-6820.170247329843,35000,5.174
Schwefel_2_26,10,32,12,-6977.89169560852,35000,5.154
Schwefel_2_26,10,32,13,-6306.707375417277,35000,5.117
Schwefel_2_26,10,32,14,-6681.960986983653,35000,5.129
Schwefel_2_26,10,32,15,-6879.37807788017,35000,5.081
Schwefel_2_26,10,32,16,-7293.956458285267,35000,5.124
Schwefel_2_26,10,32,17,-6425.361744587338,35000,5.084
Schwefel_2_26,10,32,18,-7116.196341381236,35000,5.151
Schwefel_2_26,10,32,19,-6563.18120754026,35000,5.103
Schwefel_2_26,10,32,2,-7412.394797262827,35000,5.102
Schwefel_2_26,10,32,20,-7195.254726375673,35000,5.121
Schwefel_2_26,10,32,21,-7353.153857893802,35000,5.122
Schwefel_2_26,10,32,22,-6780.585254559737,35000,5.324
Schwefel_2_26,10,32,23,-7570.326240492619,35000,5.101
Schwefel_2_26,10,32,24,-6879.378733292988,35000,5.109
Schwefel_2_26,10,32,25,-6918.793812653839,35000,5.102
Schwefel_2_26,10,32,26,-6859.677240455214,35000,5.158
Schwefel_2_26,10,32,27,-6859.149117664546,35000,5.154
Schwefel_2_26,10,32,28,-6523.857780923465,35000,5.152
Schwefel_2_26,10,32,29,-6775.078270294959,35000,5.148
Schwefel_2_26,10,32,3,-6731.857057336945,35000,5.131
Schwefel_2_26,10,32,4,-6681.880522346473,35000,5.116
Schwefel_2_26,10,32,5,-6560.796914474725,35000,5.115
Schwefel_2_26,10,32,6,-6523.857517821293,35000,5.275
Schwefel_2_26,10,32,7,-6958.378193490997,35000,5.135
Schwefel_2_26,10,32,8,-7145.556609636473,35000,5.126
Schwefel_2_26,10,32,9,-6503.7201302314625,35000,5.114
Schwefel_2_26,10,4,0,-6741.214670027179,35000,2.541
Schwefel_2_26,10,4,1,-6839.940471452644,35000,2.512
Schwefel_2_26,10,4,10,-6622.732227752114,35000,2.523
Schwefel_2_26,10,4,11,-6563.4788795787335,35000,2.547
Schwefel_2_26,10,4,12,-6673.047525926657,35000,2.493
Schwefel_2_26,10,4,13,-6306.707518023601,35000,2.549
Schwefel_2_26,10,4,14,-5595.746986619948,35000,2.526
Schwefel_2_26,10,4,15,-6879.378846590269,35000,2.552
Schwefel_2_26,10,4,16,-7293.956811746861,35000,2.539
Schwefel_2_26,10,4,17,-6658.811796877857,35000,2.551
Schwefel_2_26,10,4,18,-7116.196555374434,35000,2.546
Schwefel_2_26,10,4,19,-6661.974703224794,35000,2.539
Schwefel_2_26,10,4,2,-7412.395131806523,35000,2.526
Schwefel_2_26,10,4,20,-7195.255403670197,35000,2.569
Schwefel_2_26,10,4,21,-7491.362181398421,35000,2.548
Schwefel_2_26,10,4,22,-6780.585629884188,35000,2.559
Schwefel_2_26,10,4,23,-7570.326522349232,35000,2.517
Schwefel_2_26,10,4,24,-6662.239155558045,35000,2.549
Schwefel_2_26,10,4,25,-6602.9172700997315,35000,2.535
Schwefel_2_26,10,4,26,-6859.677465469711,35000,2.569
Schwefel_2_26,10,4,27,-6879.286966072223,35000,2.55
Schwefel_2_26,10,4,28,-6662.066579329439,35000,2.532
Schwefel_2_26,10,4,29,-6774.996672170236,35000,2.543
Schwefel_2_26,10,4,3,-6737.465436477341,35000,2.555
Schwefel_2_26,10,4,4,-6681.881599909,35000,2.564
Schwefel_2_26,10,4,5,-6577.901553281863,35000,2.55
Schwefel_2_26,10,4,6,-6701.526469282082,35000,2.545
Schwefel_2_26,10,4,7,-6958.37833226273,35000,2.558
Schwefel_2_26,10,4,8,-7150.103927255588,35000,2.546
Schwefel_2_26,10,4,9,-6503.72066291504,35000,2.544
Schwefel_2_26,10,59,0,-6741.213945501787,35000,5.124
Schwefel_2_26,10,59,1,-6839.939617707881,35000,5.177
Schwefel_2_26,10,59,10,-6563.041829252309,35000,5.094
Schwefel_2_26,10,59,11,-6820.169441988777,35000,5.111
Schwefel_2_26,10,59,12,-7158.707454149329,35000,5.109
Schwefel_2_26,10,59,13,-6286.569358042451,35000,5.123
Schwefel_2_26,10,59,14,-6820.168924347127,35000,5.126
Schwefel_2_26,10,59,15,-6879.37789078548,35000,5.19
Schwefel_2_26,10,59,16,-7293.956457649459,35000,5.116
Schwefel_2_26,10,59,17,-6266.879328671604,35000,5.209
Schwefel_2_26,10,59,18,-7116.195481498502,35000,5.101
Schwefel_2_26,10,59,19,-6641.834119052785,35000,5.127
Schwefel_2_26,10,59,2,-7412.393036158079,35000,5.181
Schwefel_2_26,10,59,20,-7195.25287832648,35000,5.123
Schwefel_2_26,10,59,21,-7491.361619050356,35000,5.201
Schwefel_2_26,10,59,22,-6780.584642936197,35000,5.074
Schwefel_2_26,10,59,23,-7570.321592918795,35000,5.121
Schwefel_2_26,10,59,24,-6879.378276740523,35000,5.116
Schwefel_2_26,10,59,25,-6918.79266117982,35000,5.11
Schwefel_2_26,10,59,26,-6859.676050372296,35000,5.207
Schwefel_2_26,10,59,27,-6879.285952410999,35000,5.128
Schwefel_2_26,10,59,28,-6523.856840871783,35000,5.112
Schwefel_2_26,10,59,29,-6812.01306126541,35000,5.143
Schwefel_2_26,10,59,3,-6714.44677097529,35000,5.213
Schwefel_2_26,10,59,4,-6681.880807988489,35000,5.103
Schwefel_2_26,10,59,5,-6578.141079379669,35000,5.074
Schwefel_2_26,10,59,6,-6523.856481772194,35000,5.099
Schwefel_2_26,10,59,7,-6958.376829640485,35000,5.111
Schwefel_2_26,10,59,8,-7150.045255808169,35000,5.106
Schwefel_2_26,10,59,9,-6503.7198301577155,35000,5.104
Schwefel_2_26,10,8,0,-6741.2146527550485,35000,2.902
Schwefel_2_26,10,8,1,-6839.940389214467,35000,2.899
Schwefel_2_26,10,8,10,-6030.554359152922,35000,2.868
Schwefel_2_26,10,8,11,-6820.1704724703595,35000,2.877
Schwefel_2_26,10,8,12,-6990.424162951309,35000,2.888
Schwefel_2_26,10,8,13,-6306.70750793634,35000,2.904
Schwefel_2_26,10,8,14,-6820.1704156119995,35000,2.874
Schwefel_2_26,10,8,15,-6879.378836304588,35000,2.869
Schwefel_2_26,10,8,16,-7293.956546212225,35000,2.883
Schwefel_2_26,10,8,17,-6603.0308694231935,35000,2.876
Schwefel_2_26,10,8,18,-7116.196476381471,35000,2.89
Schwefel_2_26,10,8,19,-6661.974680721625,35000,2.91
Schwefel_2_26,10,8,2,-7412.394986989668,35000,2.905
Schwefel_2_26,10,8,20,-7195.255338798361,35000,2.901
Schwefel_2_26,10,8,21,-7353.153917930392,35000,2.96
Schwefel_2_26,10,8,22,-6780.5856187825575,35000,2.891
Schwefel_2_26,10,8,23,-7570.326287584746,35000,2.891
Schwefel_2_26,10,8,24,-6879.378661387667,35000,2.924
Schwefel_2_26,10,8,25,-6918.793831232619,35000,2.912
Schwefel_2_26,10,8,26,-6859.677390129547,35000,2.899
Schwefel_2_26,10,8,27,-6879.286955485176,35000,2.909
Schwefel_2_26,10,8,28,-6523.858144559591,35000,2.907
Schwefel_2_26,10,8,29,-6795.28013032128,35000,2.904
Schwefel_2_26,10,8,3,-6713.884830620234,35000,2.888
Schwefel_2_26,10,8,4,-6681.881548140797,35000,2.895
Schwefel_2_26,10,8,5,-6711.065109203274,35000,2.853
Schwefel_2_26,10,8,6,-6800.319540438399,35000,2.873
Schwefel_2_26,10,8,7,-6958.37841445707,35000,2.888
Schwefel_2_26,10,8,8,-7149.0300550592465,35000,2.887
Schwefel_2_26,10,8,9,-6563.410333521866,35000,2.896
Schwefel_2_26,30,16,0,-20384.402216631912,105000,10.598
Schwefel_2_26,30,16,1,-20420.98406004149,105000,10.556
Schwefel_2_26,30,16,10,-19915.793884257546,105000,10.577
Schwefel_2_26,30,16,11,-19305.409633227304,105000,10.582
Schwefel_2_26,30,16,12,-20412.222277480298,105000,10.556
Schwefel_2_26,30,16,13,-19394.091322972276,105000,10.605
Schwefel_2_26,30,16,14,-16985.40830071688,105000,10.527
Schwefel_2_26,30,16,15,-18695.278978596958,105000,10.582
Schwefel_2_26,30,16,16,-21151.229862721153,105000,10.571
Schwefel_2_26,30,16,17,-18832.918859492158,105000,10.559
Schwefel_2_26,30,16,18,-20330.26562860293,105000,10.55
Schwefel_2_26,30,16,19,-19512.456241022766,105000,10.604
Schwefel_2_26,30,16,2,-19314.57499209582,105000,10.534
Schwefel_2_26,30,16,20,-19522.512756717053,105000,10.608
Schwefel_2_26,30,16,21,-18702.517912317126,105000,10.533
Schwefel_2_26,30,16,22,-19017.582256595633,105000,10.523
Schwefel_2_26,30,16,23,-19907.49135364711,105000,10.531
Schwefel_2_26,30,16,24,-20242.875437080653,105000,10.526
Schwefel_2_26,30,16,25,-19827.704016927364,105000,10.522
Schwefel_2_26,30,16,26,-19323.85374460095,105000,10.572
Schwefel_2_26,30,16,27,-19374.111846835836,105000,10.477
Schwefel_2_26,30,16,28,-20559.109353153315,105000,10.551
Schwefel_2_26,30,16,29,-20282.738999303176,105000,10.5
Schwefel_2_26,30,16,3,-19276.04952067655,105000,10.516
Schwefel_2_26,30,16,4,-20000.364824846132,105000,10.594
Schwefel_2_26,30,16,5,-21023.587116248003,105000,10.581
Schwefel_2_26,30,16,6,-17676.03975811484,105000,10.637
Schwefel_2_26,30,16,7,-19749.70331089895,105000,10.512
Schwefel_2_26,30,16,8,-19966.91940750129,105000,10.528
Schwefel_2_26,30,16,9,-18733.103113871683,105000,10.568
Schwefel_2_26,30,32,0,-20388.490895328792,105000,15.532
Schwefel_2_26,30,32,1,-20291.157387469124,105000,15.494
Schwefel_2_26,30,32,10,-20064.91885582714,105000,15.121
Schwefel_2_26,30,32,11,-19146.06910695801,105000,15.371
Schwefel_2_26,30,32,12,-20281.794833529668,105000,15.338
Schwefel_2_26,30,32,13,-19551.620879827955,105000,15.232
Schwefel_2_26,30,32,14,-19584.705116401932,105000,15.245
Schwefel_2_26,30,32,15,-18715.703629398464,105000,15.348
Schwefel_2_26,30,32,16,-21032.878693077135,105000,15.199
Schwefel_2_26,30,32,17,-19107.303325617853,105000,15.281
Schwefel_2_26,30,32,18,-20369.60898265522,105000,15.318
Schwefel_2_26,30,32,19,-19393.73566664147,105000,15.106
Schwefel_2_26,30,32,2,-19473.05582421444,105000,15.153
Schwefel_2_26,30,32,20,-19326.125478572118,105000,15.565
Schwefel_2_26,30,32,21,-18821.75612934724,105000,15.2
Schwefel_2_26,30,32,22,-19097.406538817115,105000,15.119
Schwefel_2_26,30,32,23,-20189.029598497917,105000,15.489
Schwefel_2_26,30,32,24,-19993.78219586988,105000,15.649
Schwefel_2_26,30,32,25,-20025.59981268818,105000,15.278
Schwefel_2_26,30,32,26,-19658.8953578598,105000,15.63
Schwefel_2_26,30,32,27,-19374.108204199227,105000,15.197
Schwefel_2_26,30,32,28,-20677.072350946415,105000,15.203
Schwefel_2_26,30,32,29,-20855.150927927458,105000,15.163
Schwefel_2_26,30,32,3,-19276.04886058287,105000,15.264
Schwefel_2_26,30,32,4,-20059.64674127088,105000,15.291
Schwefel_2_26,30,32,5,-21018.045801174907,105000,15.439
Schwefel_2_26,30,32,6,-18486.411968582943,105000,15.065
Schwefel_2_26,30,32,7,-19887.90792453479,105000,15.141
Schwefel_2_26,30,32,8,-20184.054239133424,105000,15.18
Schwefel_2_26,30,32,9,-18694.540876980027,105000,15.509
Schwefel_2_26,30,4,0,-20254.34502651718,105000,7.776
Schwefel_2_26,30,4,1,-20084.83399045946,105000,7.801
Schwefel_2_26,30,4,10,-20039.525698967293,105000,7.846
Schwefel_2_26,30,4,11,-19149.048523099023,105000,7.831
Schwefel_2_26,30,4,12,-20475.41522948393,105000,7.854
Schwefel_2_26,30,4,13,-20065.316201355454,105000,7.782
Schwefel_2_26,30,4,14,-17439.544272255916,105000,7.9
Schwefel_2_26,30,4,15,-18634.186069629897,105000,7.833
Schwefel_2_26,30,4,16,-21250.02509468495,105000,7.863
Schwefel_2_26,30,4,17,-18854.449394514406,105000,7.863
Schwefel_2_26,30,4,18,-20310.323426764855,105000,7.789
Schwefel_2_26,30,4,19,-19511.725582164705,105000,7.809
Schwefel_2_26,30,4,2,-19432.64664225287,105000,7.844
Schwefel_2_26,30,4,20,-19344.943520793702,105000,7.838
Schwefel_2_26,30,4,21,-17854.112921254462,105000,7.801
Schwefel_2_26,30,4,22,-19274.276590525522,105000,7.818
Schwefel_2_26,30,4,23,-16550.340892339293,105000,7.802
Schwefel_2_26,30,4,24,-20440.681709183038,105000,7.749
Schwefel_2_26,30,4,25,-19965.91444529986,105000,7.775
Schwefel_2_26,30,4,26,-19634.760136945315,105000,7.798
Schwefel_2_26,30,4,27,-19374.113574964358,105000,7.785
Schwefel_2_26,30,4,28,-20341.972862162067,105000,7.781
Schwefel_2_26,30,4,29,-20598.617001146165,105000,7.774
Schwefel_2_26,30,4,3,-17617.08713697772,105000,7.878
Schwefel_2_26,30,4,4,-20029.33624630798,105000,7.844
Schwefel_2_26,30,4,5,-21020.747367292548,105000,7.826
Schwefel_2_26,30,4,6,-19157.178380110556,105000,7.862
Schwefel_2_26,30,4,7,-19749.7009170538,105000,7.884
Schwefel_2_26,30,4,8,-19966.921349969794,105000,7.868
Schwefel_2_26,30,4,9,-18347.757980513492,105000,7.871
Schwefel_2_26,30,59,0,-20368.609577343203,105000,16.103
Schwefel_2_26,30,59,1,-20045.268171027612,105000,15.507
Schwefel_2_26,30,59,10,-20073.945889305163,105000,15.779
Schwefel_2_26,30,59,11,-19203.787454250276,105000,15.806
Schwefel_2_26,30,59,12,-20472.02435081716,105000,15.823
Schwefel_2_26,30,59,13,-19512.144542101385,105000,15.566
Schwefel_2_26,30,59,14,-19314.171765383195,105000,15.867
Schwefel_2_26,30,59,15,-18789.49702880012,105000,16.02
Schwefel_2_26,30,59,16,-21091.515240061763,105000,15.604
Schwefel_2_26,30,59,17,-19009.25217865969,105000,15.835
Schwefel_2_26,30,59,18,-20308.20023749292,105000,15.877
Schwefel_2_26,30,59,19,-19630.76938713012,105000,15.679
Schwefel_2_26,30,59,2,-19343.42667956709,105000,15.95
Schwefel_2_26,30,59,20,-19595.598834575838,105000,15.697
Schwefel_2_26,30,59,21,-19512.35763607229,105000,15.63
Schwefel_2_26,30,59,22,-19591.076804247365,105000,15.527
Schwefel_2_26,30,59,23,-20262.943988368403,105000,15.734
Schwefel_2_26,30,59,24,-20263.002337315334,105000,15.49
Schwefel_2_26,30,59,25,-19965.90339118529,105000,15.517
Schwefel_2_26,30,59,26,-19834.885845914134,105000,15.707
Schwefel_2_26,30,59,27,-19196.33073725656,105000,15.528
Schwefel_2_26,30,59,28,-20656.92400766642,105000,15.518
Schwefel_2_26,30,59,29,-21131.614654097728,105000,15.645
Schwefel_2_26,30,59,3,-19216.354210798534,105000,15.515
Schwefel_2_26,30,59,4,-19860.33967120605,105000,15.811
Schwefel_2_26,30,59,5,-21001.864333204572,105000,15.974
Schwefel_2_26,30,59,6,-18269.07038895863,105000,15.696
Schwefel_2_26,30,59,7,-19689.995949940032,105000,15.664
Schwefel_2_26,30,59,8,-20184.04599797185,105000,15.593
Schwefel_2_26,30,59,9,-18972.901391021303,105000,16.069
Schwefel_2_26,30,8,0,-20213.057852669102,105000,8.815
Schwefel_2_26,30,8,1,-20420.983899419756,105000,8.815
Schwefel_2_26,30,8,10,-20025.462582295873,105000,8.8
Schwefel_2_26,30,8,11,-19185.109816424843,105000,8.822
Schwefel_2_26,30,8,12,-20559.214825790466,105000,8.805
Schwefel_2_26,30,8,13,-19551.621415855654,105000,8.826
Schwefel_2_26,30,8,14,-19555.959782549577,105000,8.801
Schwefel_2_26,30,8,15,-18860.21183444446,105000,8.788
Schwefel_2_26,30,8,16,-21151.231127933446,105000,8.826
Schwefel_2_26,30,8,17,-19027.302427897903,105000,8.816
Schwefel_2_26,30,8,18,-20159.83254345089,105000,8.754
Schwefel_2_26,30,8,19,-19452.263534989863,105000,8.818
Schwefel_2_26,30,8,2,-19531.43807829697,105000,8.844
Schwefel_2_26,30,8,20,-19562.51357263922,105000,8.785
Schwefel_2_26,30,8,21,-19512.367575384098,105000,8.823
Schwefel_2_26,30,8,22,-19255.756518770555,105000,8.818
Schwefel_2_26,30,8,23,-19986.05645973702,105000,8.787
Schwefel_2_26,30,8,24,-20124.804305013182,105000,8.805
Schwefel_2_26,30,8,25,-20025.602474751875,105000,8.812
Schwefel_2_26,30,8,26,-17932.088424325804,105000,8.863
Schwefel_2_26,30,8,27,-19335.009997020315,105000,8.806
Schwefel_2_26,30,8,28,-20519.55841259779,105000,8.824
Schwefel_2_26,30,8,29,-20598.61488731306,105000,8.782
Schwefel_2_26,30,8,3,-19216.364249327453,105000,8.834
Schwefel_2_26,30,8,4,-20243.430536571454,105000,8.823
Schwefel_2_26,30,8,5,-21026.367540245694,105000,8.842
Schwefel_2_26,30,8,6,-19235.83334277753,105000,8.807
Schwefel_2_26,30,8,7,-19749.702327082,105000,8.828
Schwefel_2_26,30,8,8,-19946.782149958162,105000,8.827
Schwefel_2_26,30,8,9,-18725.938108305825,105000,8.872
Schwefel_2_26,50,16,0,-31948.510776578885,175000,17.975
Schwefel_2_26,50,16,1,-34829.1147888295,175000,17.809
Schwefel_2_26,50,16,10,-30787.158056821725,175000,18.074
Schwefel_2_26,50,16,11,-31043.773351042397,175000,17.913
Schwefel_2_26,50,16,12,-33656.0145908592,175000,17.847
Schwefel_2_26,50,16,13,-31712.82517262187,175000,17.901
Schwefel_2_26,50,16,14,-32935.188090384014,175000,17.914
Schwefel_2_26,50,16,15,-32863.92144180667,175000,17.737
Schwefel_2_26,50,16,16,-31433.94466725031,175000,17.847
Schwefel_2_26,50,16,17,-32903.384456618274,175000,18.021
Schwefel_2_26,50,16,18,-32812.34704821775,175000,17.665
Schwefel_2_26,50,16,19,-32896.593940019266,175000,18.079
Schwefel_2_26,50,16,2,-33271.438639813496,175000,17.893
Schwefel_2_26,50,16,20,-32195.30103442924,175000,17.921
Schwefel_2_26,50,16,21,-33180.541299581266,175000,17.972
Schwefel_2_26,50,16,22,-31177.77962746994,175000,17.94
Schwefel_2_26,50,16,23,-32738.30221984486,175000,18.034
Schwefel_2_26,50,16,24,-31353.593018353044,175000,17.908
Schwefel_2_26,50,16,25,-32163.79562078474,175000,17.896
Schwefel_2_26,50,16,26,-31164.54505171063,175000,17.899
Schwefel_2_26,50,16,27,-33704.42282943893,175000,17.818
Schwefel_2_26,50,16,28,-33728.3860385164,175000,17.836
Schwefel_2_26,50,16,29,-32639.818919003526,175000,17.838
Schwefel_2_26,50,16,3,-32764.06214268716,175000,17.919
Schwefel_2_26,50,16,4,-33460.76551250225,175000,17.699
Schwefel_2_26,50,16,5,-34929.86298943367,175000,17.804
Schwefel_2_26,50,16,6,-33132.40824109101,175000,17.74
Schwefel_2_26,50,16,7,-31632.093300113138,175000,17.897
Schwefel_2_26,50,16,8,-31711.571846105606,175000,17.856
Schwefel_2_26,50,16,9,-32570.35114178546,175000,18.211
Schwefel_2_26,50,32,0,-32126.173514321126,175000,25.575
Schwefel_2_26,50,32,1,-34609.03097915552,175000,26.806
Schwefel_2_26,50,32,10,-30255.072555298073,175000,26.033
Schwefel_2_26,50,32,11,-31278.30780880499,175000,26.328
Schwefel_2_26,50,32,12,-34149.85570518052,175000,25.765
Schwefel_2_26,50,32,13,-31954.40756250828,175000,26.019
Schwefel_2_26,50,32,14,-32955.48708233849,175000,25.489
Schwefel_2_26,50,32,15,-32872.7723671893,175000,25.786
Schwefel_2_26,50,32,16,-31849.42109267774,175000,25.574
Schwefel_2_26,50,32,17,-32779.10360860397,175000,25.923
Schwefel_2_26,50,32,18,-28571.533794093346,175000,25.532
Schwefel_2_26,50,32,19,-32604.309204718855,175000,26.592
Schwefel_2_26,50,32,2,-33014.51556628459,175000,25.579
Schwefel_2_26,50,32,20,-32341.42256844615,175000,25.777
Schwefel_2_26,50,32,21,-33025.20566528829,175000,26.136
Schwefel_2_26,50,32,22,-30999.598733508064,175000,25.971
Schwefel_2_26,50,32,23,-32324.227711630432,175000,26.002
Schwefel_2_26,50,32,24,-26854.161337336896,175000,25.653
Schwefel_2_26,50,32,25,-32074.23148748488,175000,26.151
Schwefel_2_26,50,32,26,-30987.79190607553,175000,25.959
Schwefel_2_26,50,32,27,-32975.25941941686,175000,25.615
Schwefel_2_26,50,32,28,-33619.7241900631,175000,25.886
Schwefel_2_26,50,32,29,-33061.381175616756,175000,25.692
Schwefel_2_26,50,32,3,-32718.30682997322,175000,25.564
Schwefel_2_26,50,32,4,-33514.326101775296,175000,25.735
Schwefel_2_26,50,32,5,-34890.38060713646,175000,25.624
Schwefel_2_26,50,32,6,-33211.64799251743,175000,25.445
Schwefel_2_26,50,32,7,-31572.39953304276,175000,25.912
Schwefel_2_26,50,32,8,-31256.027339686367,175000,25.533
Schwefel_2_26,50,32,9,-32659.0937440032,175000,26.041
Schwefel_2_26,50,4,0,-32085.908505504856,175000,13.212
Schwefel_2_26,50,4,1,-34738.209168940986,175000,13.216
Schwefel_2_26,50,4,10,-31079.97345493296,175000,13.224
Schwefel_2_26,50,4,11,-31049.257397176618,175000,13.24
Schwefel_2_26,50,4,12,-33316.89953590132,175000,13.239
Schwefel_2_26,50,4,13,-31575.519477028254,175000,13.195
Schwefel_2_26,50,4,14,-33172.2040332139,175000,13.179
Schwefel_2_26,50,4,15,-33081.81602054292,175000,13.277
Schwefel_2_26,50,4,16,-31651.985818067318,175000,13.244
Schwefel_2_26,50,4,17,-32799.87739557105,175000,13.242
Schwefel_2_26,50,4,18,-32230.69993103975,175000,13.21
Schwefel_2_26,50,4,19,-32383.11395616291,175000,13.209
Schwefel_2_26,50,4,2,-32825.184707849025,175000,13.297
Schwefel_2_26,50,4,20,-32332.549105492835,175000,13.232
Schwefel_2_26,50,4,21,-32705.07015545487,175000,13.269
Schwefel_2_26,50,4,22,-31394.511079300006,175000,13.204
Schwefel_2_26,50,4,23,-32353.95844203174,175000,13.224
Schwefel_2_26,50,4,24,-32328.582244752615,175000,13.208
Schwefel_2_26,50,4,25,-32112.875471235013,175000,13.211
Schwefel_2_26,50,4,26,-31167.88761326432,175000,13.189
Schwefel_2_26,50,4,27,-33765.05916355363,175000,13.242
Schwefel_2_26,50,4,28,-33731.65634552233,175000,13.304
Schwefel_2_26,50,4,29,-32501.340616220994,175000,13.194
Schwefel_2_26,50,4,3,-33092.91930524848,175000,13.285
Schwefel_2_26,50,4,4,-33407.33852543718,175000,13.227
Schwefel_2_26,50,4,5,-34613.93672882165,175000,13.235
Schwefel_2_26,50,4,6,-33330.72802789054,175000,13.198
Schwefel_2_26,50,4,7,-27998.87121494212,175000,13.233
Schwefel_2_26,50,4,8,-31690.997261316945,175000,13.246
Schwefel_2_26,50,4,9,-32668.0787040262,175000,13.067
Schwefel_2_26,50,59,0,-32007.222691354746,175000,26.144
Schwefel_2_26,50,59,1,-34822.89110110635,175000,26.117
Schwefel_2_26,50,59,10,-30764.010557396257,175000,26.382
Schwefel_2_26,50,59,11,-30961.139142185744,175000,27.2
Schwefel_2_26,50,59,12,-33926.72525364577,175000,26.516
Schwefel_2_26,50,59,13,-31584.79129146334,175000,27.101
Schwefel_2_26,50,59,14,-33172.1627359562,175000,26.243
Schwefel_2_26,50,59,15,-33034.76122065945,175000,26.791
Schwefel_2_26,50,59,16,-31613.07818411836,175000,26.232
Schwefel_2_26,50,59,17,-32027.680585083508,175000,26.887
Schwefel_2_26,50,59,18,-32146.534697683903,175000,26.417
Schwefel_2_26,50,59,19,-32598.717019387186,175000,27.058
Schwefel_2_26,50,59,2,-33113.19465280254,175000,26.124
Schwefel_2_26,50,59,20,-32408.944501693848,175000,26.78
Schwefel_2_26,50,59,21,-32863.42089581995,175000,26.374
Schwefel_2_26,50,59,22,-31849.818282623215,175000,26.382
Schwefel_2_26,50,59,23,-31991.028882861112,175000,27.2
Schwefel_2_26,50,59,24,-31564.552078186513,175000,26.413
Schwefel_2_26,50,59,25,-32087.715457381673,175000,27.086
Schwefel_2_26,50,59,26,-30807.259196028346,175000,26.944
Schwefel_2_26,50,59,27,-33097.59028277467,175000,27.346
Schwefel_2_26,50,59,28,-33552.22224251648,175000,26.974
Schwefel_2_26,50,59,29,-32837.34261765719,175000,26.29
Schwefel_2_26,50,59,3,-32895.866709274196,175000,26.151
Schwefel_2_26,50,59,4,-33494.6618429447,175000,26.37
Schwefel_2_26,50,59,5,-34697.299303401625,175000,26.769
Schwefel_2_26,50,59,6,-32895.37287998015,175000,26.311
Schwefel_2_26,50,59,7,-31276.642212405153,175000,26.314
Schwefel_2_26,50,59,8,-31611.576707989057,175000,26.315
Schwefel_2_26,50,59,9,-33039.819672390615,175000,26.327
Schwefel_2_26,50,8,0,-32033.40414044575,175000,14.857
Schwefel_2_26,50,8,1,-34864.328459770106,175000,14.849
Schwefel_2_26,50,8,10,-30704.857840883225,175000,14.886
Schwefel_2_26,50,8,11,-30909.87076095316,175000,14.919
Schwefel_2_26,50,8,12,-33752.805063208965,175000,14.808
Schwefel_2_26,50,8,13,-31625.603962057005,175000,14.897
Schwefel_2_26,50,8,14,-32297.6757542283,175000,14.837
Schwefel_2_26,50,8,15,-33079.746486790384,175000,14.882
Schwefel_2_26,50,8,16,-31928.534001579377,175000,14.849
Schwefel_2_26,50,8,17,-32614.717531738406,175000,14.888
Schwefel_2_26,50,8,18,-32536.016417238672,175000,14.595
Schwefel_2_26,50,8,19,-32923.33642159383,175000,14.856
Schwefel_2_26,50,8,2,-33133.23318422144,175000,14.967
Schwefel_2_26,50,8,20,-31975.66556190161,175000,14.867
Schwefel_2_26,50,8,21,-32979.55704299338,175000,14.931
Schwefel_2_26,50,8,22,-31394.865756170228,175000,14.905
Schwefel_2_26,50,8,23,-31994.979949387962,175000,14.902
Schwefel_2_26,50,8,24,-31758.24852199015,175000,14.898
Schwefel_2_26,50,8,25,-32009.62012043535,175000,14.926
Schwefel_2_26,50,8,26,-31007.9003649906,175000,14.928
Schwefel_2_26,50,8,27,-33215.79918169521,175000,14.905
Schwefel_2_26,50,8,28,-33377.2626145298,175000,14.848
Schwefel_2_26,50,8,29,-32915.34616380781,175000,14.892
Schwefel_2_26,50,8,3,-32329.980305006717,175000,14.95
Schwefel_2_26,50,8,4,-33267.57339001858,175000,14.853
Schwefel_2_26,50,8,5,-34646.152011162056,175000,14.92
Schwefel_2_26,50,8,6,-33172.82598335999,175000,14.913
Schwefel_2_26,50,8,7,-31553.085231568897,175000,14.958
Schwefel_2_26,50,8,8,-31750.68432092748,175000,14.963
Schwefel_2_26,50,8,9,-32618.069635146123,175000,14.964
Shekel1,6,16,0,-3.0905701968199684,21000,3.621
Shekel1,6,16,1,-3.3222859262052014,21000,3.621
Shekel1,6,16,10,-3.1633040026677954,21000,3.617
Shekel1,6,16,11,-3.321992832290826,21000,3.618
Shekel1,6,16,12,-3.322294843314617,21000,3.618
Shekel1,6,16,13,-3.1416103099973554,21000,3.602
Shekel1,6,16,14,-3.1367404214177883,21000,3.617
Shekel1,6,16,15,-3.322293922445991,21000,3.603
Shekel1,6,16,16,-3.322189778194293,21000,3.617
Shekel1,6,16,17,-3.157500555055465,21000,3.62
Shekel1,6,16,18,-3.3222750208545473,21000,3.601
Shekel1,6,16,19,-3.322350678248631,21000,3.6
Shekel1,6,16,2,-3.171341380542065,21000,3.633
Shekel1,6,16,20,-3.322336295843885,21000,3.621
Shekel1,6,16,21,-3.1903616805712343,21000,3.605
Shekel1,6,16,22,-3.3220424581566745,21000,3.629
Shekel1,6,16,23,-3.3223277489907255,21000,3.595
Shekel1,6,16,24,-3.3221776208462743,21000,3.577
Shekel1,6,16,25,-3.3216085492050076,21000,3.594
Shekel1,6,16,26,-3.3223064139540948,21000,3.6
Shekel1,6,16,27,-3.195963579479718,21000,3.603
Shekel1,6,16,28,-3.322218302520312,21000,3.607
Shekel1,6,16,29,-3.3222381522108693,21000,3.601
Shekel1,6,16,3,-3.190507285086605,21000,3.618
Shekel1,6,16,4,-3.135735543746132,21000,3.621
Shekel1,6,16,5,-3.139069034133891,21000,3.619
Shekel1,6,16,6,-3.3221230770911365,21000,3.6
Shekel1,6,16,7,-3.322152811826413,21000,3.59
Shekel1,6,16,8,-3.3223530217252595,21000,3.608
Shekel1,6,16,9,-3.3219637142407317,21000,3.613
Shekel1,6,32,0,-3.119836612943335,21000,4.655
Shekel1,6,32,1,-3.322199809473166,21000,4.589
Shekel1,6,32,10,-3.166906697059652,21000,4.613
Shekel1,6,32,11,-3.321865757098366,21000,4.628
Shekel1,6,32,12,-3.3223148595681202,21000,4.628
Shekel1,6,32,13,-3.147146892272716,21000,4.659
Shekel1,6,32,14,-3.1575444353828632,21000,4.654
Shekel1,6,32,15,-3.3221706940770828,21000,4.634
Shekel1,6,32,16,-3.3223261968975466,21000,4.752
Shekel1,6,32,17,-3.163611051939863,21000,4.623
Shekel1,6,32,18,-3.3221337305487935,21000,4.613
Shekel1,6,32,19,-3.3222345902707238,21000,4.609
Shekel1,6,32,2,-3.322341245304737,21000,4.711
Shekel1,6,32,20,-3.3221207990447694,21000,4.634
Shekel1,6,32,21,-3.181084180405869,21000,4.738
Shekel1,6,32,22,-3.32235180255256,21000,4.633
Shekel1,6,32,23,-3.32219698527235,21000,4.61
Shekel1,6,32,24,-3.3223105508150765,21000,4.633
Shekel1,6,32,25,-3.3223114477387736,21000,4.629
Shekel1,6,32,26,-3.3221522499430307,21000,4.626
Shekel1,6,32,27,-3.1930513527338062,21000,4.693
Shekel1,6,32,28,-3.322288537095685,21000,4.741
Shekel1,6,32,29,-3.322185131663184,21000,4.633
Shekel1,6,32,3,-3.191272477773484,21000,4.642
Shekel1,6,32,4,-3.12264618618149,21000,4.638
Shekel1,6,32,5,-3.1385635845961453,21000,4.609
Shekel1,6,32,6,-3.3219570995398606,21000,4.612
Shekel1,6,32,7,-3.3223331005758676,21000,4.716
Shekel1,6,32,8,-3.322141440755534,21000,4.718
Shekel1,6,32,9,-3.322267663205033,21000,4.628
Shekel1,6,4,0,-3.098884675010473,21000,3.023
Shekel1,6,4,1,-3.322336635066802,21000,3.028
Shekel1,6,4,10,-3.1581183975269904,21000,3.033
Shekel1,6,4,11,-3.170769701011197,21000,3.025
Shekel1,6,4,12,-3.322364140855725,21000,3.034
Shekel1,6,4,13,-3.32235564083197,21000,3.064
Shekel1,6,4,14,-3.136560486266239,21000,3.077
Shekel1,6,4,15,-3.3223177368524057,21000,3.064
Shekel1,6,4,16,-3.3223552405494976,21000,3.063
Shekel1,6,4,17,-3.1569688642749143,21000,3.078
Shekel1,6,4,18,-3.1915454695450975,21000,3.054
Shekel1,6,4,19,-3.32228111822061,21000,3.034
Shekel1,6,4,2,-3.3223544679873545,21000,3.034
Shekel1,6,4,20,-3.3221358947178294,21000,3.041
Shekel1,6,4,21,-3.1930738758172383,21000,3.046
Shekel1,6,4,22,-3.322283001733422,21000,3.051
Shekel1,6,4,23,-3.322309367969744,21000,3.037
Shekel1,6,4,24,-3.3223470388540592,21000,3.065
Shekel1,6,4,25,-3.322354560086533,21000,3.06
Shekel1,6,4,26,-3.1453986683608828,21000,3.062
Shekel1,6,4,27,-3.1907087508047485,21000,3.057
Shekel1,6,4,28,-3.3223368665836235,21000,3.054
Shekel1,6,4,29,-3.3223360034594034,21000,3.063
Shekel1,6,4,3,-3.191141371948409,21000,3.039
Shekel1,6,4,4,-3.1556803060171346,21000,3.037
Shekel1,6,4,5,-3.1223788954070644,21000,3.036
Shekel1,6,4,6,-3.3220160860393855,21000,3.01
Shekel1,6,4,7,-3.3222888835392625,21000,3.029
Shekel1,6,4,8,-3.3222531919878318,21000,3.009
Shekel1,6,4,9,-3.322202497851824,21000,3.017
Shekel1,6,59,0,-3.0986541150795457,21000,4.528
Shekel1,6,59,1,-3.3223183142123784,21000,4.541
Shekel1,6,59,10,-3.1539573850946048,21000,4.545
Shekel1,6,59,11,-3.322146818244249,21000,4.543
Shekel1,6,59,12,-3.3222549170044795,21000,4.661
Shekel1,6,59,13,-3.1340547742098868,21000,4.536
Shekel1,6,59,14,-3.322340420153019,21000,4.52
Shekel1,6,59,15,-3.3222449723830905,21000,4.549
Shekel1,6,59,16,-3.322206652848006,21000,4.573
Shekel1,6,59,17,-3.1583345229396502,21000,4.523
Shekel1,6,59,18,-3.322327883144006,21000,4.549
Shekel1,6,59,19,-3.3221863498173856,21000,4.556
Shekel1,6,59,2,-3.1806258965353957,21000,4.542
Shekel1,6,59,20,-3.322008692252131,21000,4.532
Shekel1,6,59,21,-3.192242719420825,21000,4.563
Shekel1,6,59,22,-3.3217019941652715,21000,4.621
Shekel1,6,59,23,-3.322306348971368,21000,4.643
Shekel1,6,59,24,-3.3220523448866266,21000,4.522
Shekel1,6,59,25,-3.322257318434167,21000,4.614
Shekel1,6,59,26,-3.322346856006714,21000,4.537
Shekel1,6,59,27,-3.1946716421201433,21000,4.686
Shekel1,6,59,28,-3.3223321588687913,21000,4.519
Shekel1,6,59,29,-3.322321975556473,21000,4.534
Shekel1,6,59,3,-3.1925942481210137,21000,4.559
Shekel1,6,59,4,-3.141055305245094,21000,4.539
Shekel1,6,59,5,-3.1469801893844864,21000,4.544
Shekel1,6,59,6,-3.3223172585039693,21000,4.539
Shekel1,6,59,7,-3.3223048755093294,21000,4.753
Shekel1,6,59,8,-3.3222439836722795,21000,4.741
Shekel1,6,59,9,-3.32222988966496,21000,4.551
Shekel1,6,8,0,-3.11599953482354,21000,3.237
Shekel1,6,8,1,-3.3223525225402963,21000,3.272
Shekel1,6,8,10,-3.1674028105892797,21000,3.234
Shekel1,6,8,11,-3.3222277126264204,21000,3.228
Shekel1,6,8,12,-3.322231043403336,21000,3.244
Shekel1,6,8,13,-3.142680132907395,21000,3.246
Shekel1,6,8,14,-3.170437955813279,21000,3.255
Shekel1,6,8,15,-3.322220271323087,21000,3.243
Shekel1,6,8,16,-3.3222895486725257,21000,3.253
Shekel1,6,8,17,-3.15863825156748,21000,3.237
Shekel1,6,8,18,-3.184044142733753,21000,3.229
Shekel1,6,8,19,-3.322287220951453,21000,3.237
Shekel1,6,8,2,-3.3223268594713797,21000,3.268
Shekel1,6,8,20,-3.3223317767225153,21000,3.251
Shekel1,6,8,21,-3.1952879496641855,21000,3.247
Shekel1,6,8,22,-3.322211088410315,21000,3.245
Shekel1,6,8,23,-3.322308161808461,21000,3.267
Shekel1,6,8,24,-3.321092726716759,21000,3.264
Shekel1,6,8,25,-3.3219688952598094,21000,3.262
Shekel1,6,8,26,-3.322349541540164,21000,3.265
Shekel1,6,8,27,-3.1976779193705074,21000,3.251
Shekel1,6,8,28,-3.3221657406106004,21000,3.256
Shekel1,6,8,29,-3.322270006140314,21000,3.25
Shekel1,6,8,3,-3.1864217974520557,21000,3.256
Shekel1,6,8,4,-3.1172156534137128,21000,3.259
Shekel1,6,8,5,-3.1479570202644194,21000,3.25
Shekel1,6,8,6,-3.3222710068767825,21000,3.234
Shekel1,6,8,7,-3.322273847406404,21000,3.275
Shekel1,6,8,8,-3.322294116516984,21000,3.241
Shekel1,6,8,9,-3.321632624311388,21000,3.243
Shekel2,4,16,0,-10.183965356781433,14000,2.499
Shekel2,4,16,1,-10.183963724451438,14000,2.506
Shekel2,4,16,10,-10.13118487591284,14000,2.466
Shekel2,4,16,11,-10.1839604228567,14000,2.493
Shekel2,4,16,12,-10.183964792457703,14000,2.481
Shekel2,4,16,13,-10.183960043972704,14000,2.472
Shekel2,4,16,14,-10.131183221413245,14000,2.503
Shekel2,4,16,15,-10.155168257672655,14000,2.505
Shekel2,4,16,16,-10.155165615556243,14000,2.484
Shekel2,4,16,17,-10.183949011935672,14000,2.503
Shekel2,4,16,18,-10.155165582905811,14000,2.434
Shekel2,4,16,19,-10.183965093147776,14000,2.488
Shekel2,4,16,2,-10.155165997941847,14000,2.486
Shekel2,4,16,20,-10.15516793171892,14000,2.449
Shekel2,4,16,21,-10.155167156854354,14000,2.481
Shekel2,4,16,22,-10.131183755079656,14000,2.479
Shekel2,4,16,23,-10.183963643325598,14000,2.471
Shekel2,4,16,24,-10.155168306045214,14000,2.473
Shekel2,4,16,25,-10.183963989972911,14000,2.461
Shekel2,4,16,26,-10.15516853369621,14000,2.484
Shekel2,4,16,27,-10.18396491449097,14000,2.478
Shekel2,4,16,28,-10.183965863267762,14000,2.49
Shekel2,4,16,29,-10.183965315823468,14000,2.504
Shekel2,4,16,3,-10.183965418687466,14000,2.458
Shekel2,4,16,4,-10.183965130442225,14000,2.474
Shekel2,4,16,5,-10.131182338165324,14000,2.465
Shekel2,4,16,6,-10.155168159495894,14000,2.469
Shekel2,4,16,7,-10.15516453032624,14000,2.474
Shekel2,4,16,8,-10.183962926561763,14000,2.465
Shekel2,4,16,9,-10.1311781411382,14000,2.469
Shekel2,4,32,0,-10.183965093683735,14000,3.313
Shekel2,4,32,1,-10.183963881852796,14000,3.3
Shekel2,4,32,10,-10.131184737530766,14000,3.226
Shekel2,4,32,11,-10.183962374184901,14000,3.215
Shekel2,4,32,12,-10.18396272567549,14000,3.215
Shekel2,4,32,13,-10.183958965288216,14000,3.223
Shekel2,4,32,14,-10.131182075103036,14000,3.332
Shekel2,4,32,15,-10.1551620339845,14000,3.304
Shekel2,4,32,16,-10.155166817557138,14000,3.302
Shekel2,4,32,17,-10.183963517099183,14000,3.279
Shekel2,4,32,18,-10.155167174212833,14000,3.24
Shekel2,4,32,19,-10.183965171987234,14000,3.219
Shekel2,4,32,2,-10.155167329548288,14000,3.32
Shekel2,4,32,20,-10.183948958255854,14000,3.287
Shekel2,4,32,21,-10.155166048036891,14000,3.216
Shekel2,4,32,22,-10.131182805226565,14000,3.282
Shekel2,4,32,23,-10.183957562639707,14000,3.203
Shekel2,4,32,24,-10.15516770565691,14000,3.202
Shekel2,4,32,25,-10.18396363873887,14000,3.213
Shekel2,4,32,26,-10.183963785856799,14000,3.322
Shekel2,4,32,27,-10.183957902310517,14000,3.217
Shekel2,4,32,28,-10.183963371586138,14000,3.305
Shekel2,4,32,29,-10.183960542238886,14000,3.321
Shekel2,4,32,3,-10.183957514929853,14000,3.308
Shekel2,4,32,4,-10.183963798475101,14000,3.309
Shekel2,4,32,5,-10.131183751307045,14000,3.219
Shekel2,4,32,6,-10.155164855415086,14000,3.297
Shekel2,4,32,7,-10.183921089451278,14000,3.287
Shekel2,4,32,8,-10.183964085387778,14000,3.22
Shekel2,4,32,9,-10.131185209413438,14000,3.219
Shekel2,4,4,0,-10.18396554492682,14000,2.053
Shekel2,4,4,1,-10.183965572431074,14000,2.044
Shekel2,4,4,10,-10.131185308094928,14000,2.076
Shekel2,4,4,11,-10.183966132954202,14000,2.075
Shekel2,4,4,12,-10.183966106602519,14000,2.075
Shekel2,4,4,13,-10.18396609456115,14000,2.066
Shekel2,4,4,14,-10.155168487260351,14000,2.073
Shekel2,4,4,15,-10.155168301160922,14000,2.069
Shekel2,4,4,16,-10.1551684556314,14000,2.076
Shekel2,4,4,17,-10.155168557399733,14000,2.073
Shekel2,4,4,18,-10.183965531704034,14000,2.064
Shekel2,4,4,19,-10.183965727425743,14000,2.063
Shekel2,4,4,2,-10.183966080868252,14000,2.073
Shekel2,4,4,20,-10.131185433659903,14000,2.08
Shekel2,4,4,21,-10.155168526341923,14000,2.071
Shekel2,4,4,22,-10.131185345858254,14000,2.066
Shekel2,4,4,23,-10.15516837010015,14000,2.074
Shekel2,4,4,24,-10.183966131311598,14000,2.069
Shekel2,4,4,25,-10.183966131142247,14000,2.082
Shekel2,4,4,26,-10.15516859557603,14000,2.085
Shekel2,4,4,27,-10.183965695155983,14000,2.079
Shekel2,4,4,28,-10.10200924885198,14000,2.099
Shekel2,4,4,29,-10.155168514453031,14000,2.07
Shekel2,4,4,3,-10.183966047704454,14000,2.064
Shekel2,4,4,4,-10.183966009651057,14000,2.059
Shekel2,4,4,5,-10.13118533402614,14000,2.06
Shekel2,4,4,6,-10.155168582316366,14000,2.084
Shekel2,4,4,7,-10.183965939312385,14000,2.072
Shekel2,4,4,8,-10.155168531045527,14000,2.079
Shekel2,4,4,9,-10.131184997897932,14000,2.077
Shekel2,4,59,0,-10.183964938510833,14000,3.197
Shekel2,4,59,1,-10.183938652463208,14000,3.072
Shekel2,4,59,10,-10.13117476550729,14000,3.08
Shekel2,4,59,11,-10.183916131728596,14000,3.097
Shekel2,4,59,12,-10.183958803149201,14000,3.185
Shekel2,4,59,13,-10.18388501353358,14000,3.084
Shekel2,4,59,14,-10.155154451318545,14000,3.077
Shekel2,4,59,15,-10.15516502429264,14000,3.239
Shekel2,4,59,16,-10.155163594754361,14000,3.253
Shekel2,4,59,17,-10.15515948780752,14000,3.161
Shekel2,4,59,18,-10.155158586464257,14000,3.157
Shekel2,4,59,19,-10.183959469206787,14000,3.158
Shekel2,4,59,2,-10.155145577218153,14000,3.067
Shekel2,4,59,20,-10.183853404924827,14000,3.211
Shekel2,4,59,21,-10.155162759257495,14000,3.174
Shekel2,4,59,22,-10.131178234632419,14000,3.084
Shekel2,4,59,23,-10.18396279244614,14000,3.198
Shekel2,4,59,24,-10.155165958254935,14000,3.074
Shekel2,4,59,25,-10.183958997193695,14000,3.091
Shekel2,4,59,26,-10.183960028689656,14000,3.122
Shekel2,4,59,27,-10.183964004515772,14000,3.172
Shekel2,4,59,28,-10.183938853244682,14000,3.258
Shekel2,4,59,29,-10.18395807923973,14000,3.158
Shekel2,4,59,3,-10.183939597703061,14000,3.071
Shekel2,4,59,4,-10.183948930402503,14000,3.093
Shekel2,4,59,5,-10.131182713933121,14000,3.25
Shekel2,4,59,6,-10.155166076175053,14000,3.153
Shekel2,4,59,7,-10.183930367625146,14000,3.062
Shekel2,4,59,8,-10.183964834249794,14000,3.071
Shekel2,4,59,9,-10.131180500727757,14000,3.16
Shekel2,4,8,0,-10.18396615419676,14000,2.209
Shekel2,4,8,1,-10.183963276440814,14000,2.222
Shekel2,4,8,10,-10.131184335773087,14000,2.231
Shekel2,4,8,11,-10.183963539893776,14000,2.218
Shekel2,4,8,12,-10.18396579003759,14000,2.213
Shekel2,4,8,13,-10.183965853354541,14000,2.212
Shekel2,4,8,14,-10.183963698326503,14000,2.217
Shekel2,4,8,15,-10.15516700199823,14000,2.219
Shekel2,4,8,16,-10.155166980183107,14000,2.248
Shekel2,4,8,17,-10.183965259594617,14000,2.23
Shekel2,4,8,18,-10.18396589601822,14000,2.245
Shekel2,4,8,19,-10.183965701605262,14000,2.25
Shekel2,4,8,2,-10.155168460305203,14000,2.226
Shekel2,4,8,20,-10.183966150346867,14000,2.227
Shekel2,4,8,21,-10.155163164101756,14000,2.245
Shekel2,4,8,22,-10.131185457866286,14000,2.226
Shekel2,4,8,23,-10.183962691613495,14000,2.231
Shekel2,4,8,24,-10.155167945024417,14000,2.213
Shekel2,4,8,25,-10.155167957261034,14000,2.22
Shekel2,4,8,26,-10.15516834562818,14000,2.209
Shekel2,4,8,27,-10.183965733128334,14000,2.227
Shekel2,4,8,28,-10.183965830196934,14000,2.212
Shekel2,4,8,29,-10.155168302736271,14000,2.205
Shekel2,4,8,3,-10.18396613894388,14000,2.226
Shekel2,4,8,4,-10.183965406518658,14000,2.23
Shekel2,4,8,5,-10.131184866094948,14000,2.215
Shekel2,4,8,6,-10.15516665338938,14000,2.208
Shekel2,4,8,7,-10.183965922206712,14000,2.234
Shekel2,4,8,8,-10.183966079104632,14000,2.226
Shekel2,4,8,9,-10.131183785775946,14000,2.218
Shekel3,4,16,0,-10.391041866461709,14000,2.828
Shekel3,4,16,1,-10.253678836102306,14000,2.856
Shekel3,4,16,10,-10.271684292875209,14000,2.868
Shekel3,4,16,11,-10.253680001443406,14000,2.882
Shekel3,4,16,12,-10.253677763546607,14000,2.921
Shekel3,4,16,13,-10.253680072661714,14000,2.864
Shekel3,4,16,14,-10.271683545873419,14000,2.864
Shekel3,4,16,15,-10.416423016455362,14000,2.895
Shekel3,4,16,16,-10.41642419727701,14000,2.872
Shekel3,4,16,17,-10.25367730827187,14000,2.89
Shekel3,4,16,18,-10.416421618405542,14000,2.865
Shekel3,4,16,19,-10.391041054158286,14000,2.854
Shekel3,4,16,2,-10.41641348833172,14000,2.865
Shekel3,4,16,20,-10.416423700773615,14000,2.89
Shekel3,4,16,21,-10.416419962072698,14000,2.881
Shekel3,4,16,22,-10.416421963540952,14000,2.896
Shekel3,4,16,23,-10.253677348059425,14000,2.88
Shekel3,4,16,24,-10.416419446790833,14000,2.888
Shekel3,4,16,25,-10.416424402785625,14000,2.885
Shekel3,4,16,26,-10.41642096474527,14000,2.868
Shekel3,4,16,27,-10.253679969516636,14000,2.877
Shekel3,4,16,28,-10.253678514642594,14000,2.865
Shekel3,4,16,29,-10.25367983867621,14000,2.876
Shekel3,4,16,3,-10.253678591117854,14000,2.905
Shekel3,4,16,4,-10.253680120385395,14000,2.868
Shekel3,4,16,5,-10.391040563928726,14000,2.882
Shekel3,4,16,6,-10.416424948536031,14000,2.858
Shekel3,4,16,7,-10.391041208549428,14000,2.886
Shekel3,4,16,8,-10.416424092764064,14000,2.864
Shekel3,4,16,9,-10.271676755084204,14000,2.861
Shekel3,4,32,0,-10.253677182163528,14000,3.686
Shekel3,4,32,1,-10.25367052756386,14000,3.617
Shekel3,4,32,10,-10.271681875152565,14000,3.621
Shekel3,4,32,11,-10.416423549070805,14000,3.678
Shekel3,4,32,12,-10.25367709118448,14000,3.699
Shekel3,4,32,13,-10.253675525981885,14000,3.617
Shekel3,4,32,14,-10.271679178293859,14000,3.67
Shekel3,4,32,15,-10.41640752375653,14000,3.607
Shekel3,4,32,16,-10.41642095042904,14000,3.795
Shekel3,4,32,17,-10.25367003638671,14000,3.599
Shekel3,4,32,18,-10.416422451647586,14000,3.693
Shekel3,4,32,19,-10.39104171051405,14000,3.613
Shekel3,4,32,2,-10.41641841361333,14000,3.593
Shekel3,4,32,20,-10.253677672644189,14000,3.688
Shekel3,4,32,21,-10.41642246104071,14000,3.601
Shekel3,4,32,22,-10.271667315912575,14000,3.629
Shekel3,4,32,23,-10.253664713479573,14000,3.627
Shekel3,4,32,24,-10.416353573385193,14000,3.662
Shekel3,4,32,25,-10.416423756686143,14000,3.625
Shekel3,4,32,26,-10.253679765340243,14000,3.756
Shekel3,4,32,27,-10.253679595823282,14000,3.679
Shekel3,4,32,28,-10.253676940776655,14000,3.723
Shekel3,4,32,29,-10.253679708776044,14000,3.617
Shekel3,4,32,3,-10.25367614156724,14000,3.708
Shekel3,4,32,4,-10.253679543845712,14000,3.619
Shekel3,4,32,5,-10.391042783953248,14000,3.697
Shekel3,4,32,6,-10.416420502862344,14000,3.685
Shekel3,4,32,7,-10.41642463100905,14000,3.658
Shekel3,4,32,8,-10.2536783635871,14000,3.683
Shekel3,4,32,9,-10.271684144517888,14000,3.59
Shekel3,4,4,0,-10.253680614332605,14000,2.459
Shekel3,4,4,1,-10.253680456021328,14000,2.47
Shekel3,4,4,10,-10.271684569261826,14000,2.457
Shekel3,4,4,11,-10.253680512138988,14000,2.479
Shekel3,4,4,12,-10.2536800501903,14000,2.469
Shekel3,4,4,13,-10.253680585765055,14000,2.449
Shekel3,4,4,14,-10.41642487826506,14000,2.474
Shekel3,4,4,15,-10.41642483992598,14000,2.473
Shekel3,4,4,16,-10.416424428852569,14000,2.456
Shekel3,4,4,17,-10.416425012148911,14000,2.468
Shekel3,4,4,18,-10.253680424958821,14000,2.447
Shekel3,4,4,19,-10.391040627322278,14000,2.457
Shekel3,4,4,2,-10.416425306310694,14000,2.477
Shekel3,4,4,20,-10.271685048384633,14000,2.473
Shekel3,4,4,21,-10.391042833365546,14000,2.449
Shekel3,4,4,22,-10.271684930788954,14000,2.472
Shekel3,4,4,23,-10.416425258931744,14000,2.465
Shekel3,4,4,24,-10.41642503399396,14000,2.446
Shekel3,4,4,25,-10.25368054261133,14000,2.442
Shekel3,4,4,26,-10.416425202475917,14000,2.471
Shekel3,4,4,27,-10.253680644271011,14000,2.484
Shekel3,4,4,28,-10.13019011660793,14000,2.454
Shekel3,4,4,29,-10.416425233281956,14000,2.473
Shekel3,4,4,3,-10.253680597316464,14000,2.473
Shekel3,4,4,4,-10.25368050185738,14000,2.451
Shekel3,4,4,5,-10.416425261755153,14000,2.476
Shekel3,4,4,6,-10.416425287598917,14000,2.448
Shekel3,4,4,7,-10.391042653212233,14000,2.466
Shekel3,4,4,8,-10.416424989338386,14000,2.466
Shekel3,4,4,9,-10.271684455707867,14000,2.451
Shekel3,4,59,0,-10.41640164053313,14000,3.487
Shekel3,4,59,1,-10.416387493414723,14000,3.605
Shekel3,4,59,10,-10.27166652812349,14000,3.489
Shekel3,4,59,11,-10.253563090689635,14000,3.507
Shekel3,4,59,12,-10.253606900723447,14000,3.502
Shekel3,4,59,13,-10.253665785483157,14000,3.499
Shekel3,4,59,14,-10.271670898849038,14000,3.502
Shekel3,4,59,15,-10.416418312864424,14000,3.61
Shekel3,4,59,16,-10.416408390802253,14000,3.489
Shekel3,4,59,17,-10.41638931307715,14000,3.573
Shekel3,4,59,18,-10.416422191635611,14000,3.611
Shekel3,4,59,19,-10.391023938917199,14000,3.476
Shekel3,4,59,2,-10.416411270552384,14000,3.509
Shekel3,4,59,20,-10.253571778379895,14000,3.579
Shekel3,4,59,21,-10.416421724088842,14000,3.562
Shekel3,4,59,22,-10.271660553521547,14000,3.485
Shekel3,4,59,23,-10.416329940334334,14000,3.506
Shekel3,4,59,24,-10.416380586792824,14000,3.631
Shekel3,4,59,25,-10.416396739743695,14000,3.485
Shekel3,4,59,26,-10.253675293659525,14000,3.482
Shekel3,4,59,27,-10.253650753451533,14000,3.509
Shekel3,4,59,28,-10.253666513578084,14000,3.613
Shekel3,4,59,29,-10.25366854434121,14000,3.5
Shekel3,4,59,3,-10.253679232018504,14000,3.585
Shekel3,4,59,4,-10.253654820108318,14000,3.545
Shekel3,4,59,5,-10.391041282040382,14000,3.519
Shekel3,4,59,6,-10.416378661527128,14000,3.468
Shekel3,4,59,7,-10.391006033576046,14000,3.475
Shekel3,4,59,8,-10.253608589581747,14000,3.475
Shekel3,4,59,9,-10.271605260717699,14000,3.555
Shekel3,4,8,0,-10.253680427781845,14000,2.59
Shekel3,4,8,1,-10.253680437317891,14000,2.597
Shekel3,4,8,10,-10.271684603327772,14000,2.609
Shekel3,4,8,11,-10.253680422179281,14000,2.646
Shekel3,4,8,12,-10.27168417500798,14000,2.574
Shekel3,4,8,13,-10.253680537123481,14000,2.603
Shekel3,4,8,14,-10.3910424403288,14000,2.59
Shekel3,4,8,15,-10.416421741918255,14000,2.607
Shekel3,4,8,16,-10.416423542042661,14000,2.6
Shekel3,4,8,17,-10.416424901929215,14000,2.625
Shekel3,4,8,18,-10.271683377514698,14000,2.612
Shekel3,4,8,19,-10.39104209976946,14000,2.648
Shekel3,4,8,2,-10.416425062713245,14000,2.586
Shekel3,4,8,20,-10.253678853118211,14000,2.615
Shekel3,4,8,21,-10.416424849989063,14000,2.633
Shekel3,4,8,22,-10.416424813940974,14000,2.631
Shekel3,4,8,23,-10.253680636933803,14000,2.632
Shekel3,4,8,24,-10.41642450459679,14000,2.573
Shekel3,4,8,25,-10.416425202910613,14000,2.598
Shekel3,4,8,26,-10.416425301466328,14000,2.634
Shekel3,4,8,27,-10.253680349236161,14000,2.623
Shekel3,4,8,28,-10.253680573964825,14000,2.595
Shekel3,4,8,29,-10.416424291113975,14000,2.612
Shekel3,4,8,3,-10.25368007971239,14000,2.597
Shekel3,4,8,4,-10.253680304797635,14000,2.622
Shekel3,4,8,5,-10.416424263458822,14000,2.616
Shekel3,4,8,6,-10.416425135066762,14000,2.607
Shekel3,4,8,7,-10.253680269069577,14000,2.618
Shekel3,4,8,8,-10.253680341759107,14000,2.597
Shekel3,4,8,9,-10.271678396122166,14000,2.597
Shekel4,4,16,0,-10.438385245074334,14000,3.266
Shekel4,4,16,1,-10.552781988157125,14000,3.273
Shekel4,4,16,10,-10.50390868856118,14000,3.263
Shekel4,4,16,11,-10.552789465892245,14000,3.257
Shekel4,4,16,12,-10.375471241419861,14000,3.251
Shekel4,4,16,13,-10.503906802987599,14000,3.268
Shekel4,4,16,14,-10.312667235919001,14000,3.263
Shekel4,4,16,15,-10.552789295833607,14000,3.278
Shekel4,4,16,16,-10.552789264993597,14000,3.271
Shekel4,4,16,17,-10.3754625572456,14000,3.285
Shekel4,4,16,18,-10.55278963398654,14000,3.27
Shekel4,4,16,19,-10.50390121019634,14000,3.269
Shekel4,4,16,2,-10.552790715510202,14000,3.252
Shekel4,4,16,20,-10.55278915947882,14000,3.273
Shekel4,4,16,21,-10.438384327722883,14000,3.288
Shekel4,4,16,22,-10.552788181870241,14000,3.302
Shekel4,4,16,23,-10.438384015762837,14000,3.256
Shekel4,4,16,24,-10.552789114829757,14000,3.248
Shekel4,4,16,25,-10.375466619718875,14000,3.2
Shekel4,4,16,26,-10.552789352471267,14000,3.252
Shekel4,4,16,27,-10.375471042846993,14000,3.249
Shekel4,4,16,28,-10.37547113103196,14000,3.288
Shekel4,4,16,29,-10.43838382231341,14000,3.24
Shekel4,4,16,3,-10.438384491352599,14000,3.268
Shekel4,4,16,4,-10.375458366678034,14000,3.251
Shekel4,4,16,5,-10.503908278415292,14000,3.25
Shekel4,4,16,6,-10.438377805517124,14000,3.247
Shekel4,4,16,7,-10.50390819476218,14000,3.243
Shekel4,4,16,8,-10.552789682002354,14000,3.288
Shekel4,4,16,9,-10.312668185710875,14000,3.245
Shekel4,4,32,0,-10.438384110854976,14000,3.945
Shekel4,4,32,1,-10.55278774632571,14000,3.976
Shekel4,4,32,10,-10.312666498202073,14000,3.981
Shekel4,4,32,11,-10.55278974170478,14000,4.108
Shekel4,4,32,12,-10.434615155295297,14000,4.001
Shekel4,4,32,13,-10.503896049179303,14000,4.069
Shekel4,4,32,14,-10.312662557904774,14000,4.058
Shekel4,4,32,15,-10.552782783931336,14000,3.988
Shekel4,4,32,16,-10.552788783178272,14000,4.195
Shekel4,4,32,17,-10.55278936231401,14000,3.996
Shekel4,4,32,18,-10.552789337182848,14000,3.981
Shekel4,4,32,19,-10.50390713738694,14000,4.06
Shekel4,4,32,2,-10.37547104961986,14000,3.965
Shekel4,4,32,20,-10.375468733278904,14000,4.059
Shekel4,4,32,21,-10.438379027965453,14000,4.053
Shekel4,4,32,22,-10.552789222024687,14000,3.968
Shekel4,4,32,23,-10.375466404460235,14000,4.146
Shekel4,4,32,24,-10.552790188188494,14000,3.961
Shekel4,4,32,25,-10.37546901212373,14000,4.02
Shekel4,4,32,26,-10.552784529437973,14000,3.979
Shekel4,4,32,27,-10.375469050225709,14000,3.981
Shekel4,4,32,28,-10.375469918891197,14000,4.059
Shekel4,4,32,29,-10.552789297213792,14000,3.979
Shekel4,4,32,3,-10.438382022851263,14000,3.963
Shekel4,4,32,4,-10.375471679330781,14000,3.989
Shekel4,4,32,5,-10.503907034086497,14000,4.078
Shekel4,4,32,6,-10.438384438351475,14000,4.057
Shekel4,4,32,7,-10.503906696488135,14000,4.038
Shekel4,4,32,8,-10.5527902891711,14000,3.969
Shekel4,4,32,9,-10.312667776192246,14000,3.981
Shekel4,4,4,0,-10.375471578611167,14000,2.843
Shekel4,4,4,1,-10.503909097485021,14000,2.854
Shekel4,4,4,10,-10.312668308240152,14000,2.815
Shekel4,4,4,11,-10.375471235167026,14000,2.849
Shekel4,4,4,12,-10.552790747690498,14000,2.838
Shekel4,4,4,13,-10.375471583026812,14000,2.854
Shekel4,4,4,14,-10.552790732490104,14000,2.838
Shekel4,4,4,15,-10.55279063133542,14000,2.859
Shekel4,4,4,16,-10.552790744037708,14000,2.866
Shekel4,4,4,17,-10.552790737432135,14000,2.85
Shekel4,4,4,18,-10.552790747088798,14000,2.818
Shekel4,4,4,19,-10.503909025152373,14000,2.828
Shekel4,4,4,2,-10.375471673397794,14000,2.865
Shekel4,4,4,20,-10.312668798427698,14000,2.824
Shekel4,4,4,21,-10.438385531442355,14000,2.838
Shekel4,4,4,22,-10.312668718311029,14000,2.837
Shekel4,4,4,23,-10.55279068568619,14000,2.855
Shekel4,4,4,24,-10.375471605803861,14000,2.835
Shekel4,4,4,25,-10.375471294957919,14000,2.85
Shekel4,4,4,26,-10.552790198956295,14000,2.868
Shekel4,4,4,27,-10.375471657921404,14000,2.847
Shekel4,4,4,28,-10.177367821243461,14000,2.867
Shekel4,4,4,29,-10.5527908454709,14000,2.856
Shekel4,4,4,3,-10.375471689742659,14000,2.841
Shekel4,4,4,4,-10.375471561662652,14000,2.874
Shekel4,4,4,5,-10.37547162017884,14000,2.861
Shekel4,4,4,6,-10.438385875301066,14000,2.846
Shekel4,4,4,7,-10.503909188336367,14000,2.835
Shekel4,4,4,8,-10.552790698290401,14000,2.847
Shekel4,4,4,9,-10.31266857273497,14000,2.843
Shekel4,4,59,0,-10.438353287560233,14000,3.937
Shekel4,4,59,1,-10.5527334278032,14000,3.853
Shekel4,4,59,10,-10.312665444018231,14000,3.958
Shekel4,4,59,11,-10.375470607117677,14000,3.859
Shekel4,4,59,12,-10.434563392655146,14000,3.83
Shekel4,4,59,13,-10.37546188624138,14000,3.84
Shekel4,4,59,14,-10.3126652692509,14000,3.857
Shekel4,4,59,15,-10.552763083321507,14000,3.859
Shekel4,4,59,16,-10.552787577035275,14000,3.928
Shekel4,4,59,17,-10.552787975707782,14000,3.957
Shekel4,4,59,18,-10.552785557658128,14000,3.937
Shekel4,4,59,19,-10.503904531378758,14000,3.846
Shekel4,4,59,2,-10.375447681093183,14000,3.917
Shekel4,4,59,20,-10.375460474880098,14000,3.852
Shekel4,4,59,21,-10.552717969092292,14000,3.926
Shekel4,4,59,22,-10.31263834854272,14000,3.852
Shekel4,4,59,23,-10.375408113870366,14000,3.843
Shekel4,4,59,24,-10.552778697998717,14000,3.838
Shekel4,4,59,25,-10.37546388298083,14000,3.823
Shekel4,4,59,26,-10.552784813087474,14000,3.85
Shekel4,4,59,27,-10.37543628411343,14000,3.938
Shekel4,4,59,28,-10.37545981654119,14000,4.098
Shekel4,4,59,29,-10.552784087019239,14000,3.96
Shekel4,4,59,3,-10.43827160569532,14000,3.856
Shekel4,4,59,4,-10.375460872954003,14000,3.95
Shekel4,4,59,5,-10.50387875485781,14000,3.947
Shekel4,4,59,6,-10.438315723718047,14000,3.869
Shekel4,4,59,7,-10.503892191052323,14000,3.833
Shekel4,4,59,8,-10.552707571222044,14000,3.862
Shekel4,4,59,9,-10.312630871256983,14000,3.915
Shekel4,4,8,0,-10.43838581856543,14000,2.981
Shekel4,4,8,1,-10.438385976447515,14000,2.989
Shekel4,4,8,10,-10.43838357763739,14000,3.01
Shekel4,4,8,11,-10.375471037657023,14000,2.992
Shekel4,4,8,12,-10.37547047407233,14000,2.98
Shekel4,4,8,13,-10.375471626802112,14000,3.003
Shekel4,4,8,14,-10.552786200510521,14000,2.986
Shekel4,4,8,15,-10.552790527102381,14000,2.971
Shekel4,4,8,16,-10.55278948375122,14000,3.013
Shekel4,4,8,17,-10.375470699303591,14000,3.009
Shekel4,4,8,18,-10.552787889046723,14000,2.983
Shekel4,4,8,19,-10.503908143171499,14000,3.02
Shekel4,4,8,2,-10.552790537734698,14000,2.993
Shekel4,4,8,20,-10.375471484818606,14000,2.997
Shekel4,4,8,21,-10.552790445644511,14000,3.011
Shekel4,4,8,22,-10.55278938860159,14000,2.996
Shekel4,4,8,23,-10.375471434992786,14000,3.019
Shekel4,4,8,24,-10.438385374906767,14000,2.987
Shekel4,4,8,25,-10.552790653254634,14000,2.985
Shekel4,4,8,26,-10.552790490906832,14000,2.991
Shekel4,4,8,27,-10.438385991756842,14000,3.008
Shekel4,4,8,28,-10.375471497332246,14000,3.008
Shekel4,4,8,29,-10.552790775767741,14000,3.017
Shekel4,4,8,3,-10.438384926880408,14000,2.988
Shekel4,4,8,4,-10.375470884634733,14000,3.01
Shekel4,4,8,5,-10.552789608949764,14000,2.991
Shekel4,4,8,6,-10.438385891496889,14000,2.974
Shekel4,4,8,7,-10.37546629704938,14000,3.001
Shekel4,4,8,8,-10.552790749951177,14000,2.992
Shekel4,4,8,9,-10.31266857398834,14000,2.994
Sphere,10,16,0,2.5316745508011294e-05,35000,1.495
Sphere,10,16,1,3.0246488372778956e-05,35000,1.528
Sphere,10,16,10,0.00012489962181266894,35000,1.533
Sphere,10,16,11,1.2227952479700912e-05,35000,1.542
Sphere,10,16,12,1.657564033332881e-05,35000,1.501
Sphere,10,16,13,1.7702615029078444e-05,35000,1.496
Sphere,10,16,14,1.4793792001579122e-05,35000,1.512
Sphere,10,16,15,9.190052234037362e-06,35000,1.506
Sphere,10,16,16,2.0059280324205477e-05,35000,1.496
Sphere,10,16,17,1.2263372560195774e-05,35000,1.519
Sphere,10,16,18,2.5917603418784018e-05,35000,1.498
Sphere,10,16,19,2.083934401338934e-05,35000,1.517
Sphere,10,16,2,4.5273181890087375e-05,35000,1.515
Sphere,10,16,20,0.0001442196528451879,35000,1.516
Sphere,10,16,21,1.7477360889607497e-05,35000,1.546
Sphere,10,16,22,3.605959295497982e-05,35000,1.51
Sphere,10,16,23,2.2857488187148165e-05,35000,1.511
Sphere,10,16,24,5.4098614247373474e-05,35000,1.533
Sphere,10,16,25,1.59878293158141e-05,35000,1.509
Sphere,10,16,26,5.471018643936252e-06,35000,1.518
Sphere,10,16,27,0.00014705226180893141,35000,1.523
Sphere,10,16,28,3.409748877851418e-05,35000,1.531
Sphere,10,16,29,1.4865007669821298e-05,35000,1.516
Sphere,10,16,3,5.2565093021723424e-05,35000,1.503
Sphere,10,16,4,1.7072637948082932e-05,35000,1.533
Sphere,10,16,5,4.4327642647938036e-05,35000,1.546
Sphere,10,16,6,6.215269647448366e-05,35000,1.579
Sphere,10,16,7,3.360345643045801e-05,35000,1.495
Sphere,10,16,8,9.783097803980056e-05,35000,1.533
Sphere,10,16,9,4.3640349707311377e-05,35000,1.558
Sphere,10,32,0,3.446140361506414e-05,35000,2.329
Sphere,10,32,1,0.00010283850099307687,35000,2.355
Sphere,10,32,10,1.8178122010899367e-05,35000,2.376
Sphere,10,32,11,0.00012502364517986527,35000,2.352
Sphere,10,32,12,0.00036939439452866754,35000,2.382
Sphere,10,32,13,8.365450745808164e-05,35000,2.409
Sphere,10,32,14,9.65595888980696e-05,35000,2.399
Sphere,10,32,15,2.3071314328405694e-05,35000,2.41
Sphere,10,32,16,6.233668940250498e-05,35000,2.404
Sphere,10,32,17,0.00013685204572645108,35000,2.39
Sphere,10,32,18,3.222809825773358e-05,35000,2.343
Sphere,10,32,19,2.6780081422111655e-05,35000,2.355
Sphere,10,32,2,0.00012829284818139026,35000,2.336
Sphere,10,32,20,6.116874410179889e-05,35000,2.39
Sphere,10,32,21,1.5475453171917662e-05,35000,2.369
Sphere,10,32,22,9.654223983119203e-05,35000,2.393
Sphere,10,32,23,3.377392990131187e-05,35000,2.347
Sphere,10,32,24,4.1645005682194744e-05,35000,2.379
Sphere,10,32,25,0.00016525763444597143,35000,2.385
Sphere,10,32,26,5.519408851863049e-05,35000,2.357
Sphere,10,32,27,0.00018914718049059884,35000,2.42
Sphere,10,32,28,3.2320478648074174e-05,35000,2.341
Sphere,10,32,29,1.3539616598552287e-05,35000,2.353
Sphere,10,32,3,1.2598118454975945e-05,35000,2.339
Sphere,10,32,4,0.00010446796088975886,35000,2.339
Sphere,10,32,5,0.00013031593747167778,35000,2.329
Sphere,10,32,6,4.937469325535913e-05,35000,2.331
Sphere,10,32,7,0.0003104239926753214,35000,2.353
Sphere,10,32,8,4.182606960172616e-05,35000,2.361
Sphere,10,32,9,7.520043834599807e-05,35000,2.36
Sphere,10,4,0,2.7818742858157666e-06,35000,1.041
Sphere,10,4,1,8.599414750103213e-07,35000,1.091
Sphere,10,4,10,2.5190845758017156e-06,35000,1.038
Sphere,10,4,11,8.236293471198085e-06,35000,1.001
Sphere,10,4,12,4.290413109529655e-06,35000,1.028
Sphere,10,4,13,7.237584603469598e-06,35000,0.994
Sphere,10,4,14,2.4008938283120772e-06,35000,0.993
Sphere,10,4,15,7.200036424060393e-06,35000,0.996
Sphere,10,4,16,1.0924823808614263e-06,35000,0.991
Sphere,10,4,17,2.2762836056702176e-06,35000,0.994
Sphere,10,4,18,1.244178563732804e-06,35000,1.008
Sphere,10,4,19,7.892834022790238e-06,35000,0.997
Sphere,10,4,2,1.553304321509282e-06,35000,1.091
Sphere,10,4,20,1.0339997521711856e-05,35000,1.014
Sphere,10,4,21,1.5954326148801822e-06,35000,1.007
Sphere,10,4,22,1.4098120275172614e-06,35000,1.016
Sphere,10,4,23,3.0288506978398477e-06,35000,1.0
Sphere,10,4,24,1.2052587359990174e-06,35000,1.005
Sphere,10,4,25,6.620413140397847e-06,35000,1.023
Sphere,10,4,26,9.98699306908096e-06,35000,1.004
Sphere,10,4,27,7.646961681370773e-06,35000,1.01
Sphere,10,4,28,6.5891863811426895e-06,35000,1.005
Sphere,10,4,29,3.60411025948759e-06,35000,0.992
Sphere,10,4,3,1.0794496660752994e-05,35000,1.033
Sphere,10,4,4,1.1631580232033366e-06,35000,1.052
Sphere,10,4,5,9.394767086425475e-06,35000,1.048
Sphere,10,4,6,1.9297890013556288e-05,35000,1.01
Sphere,10,4,7,1.8180155708952397e-05,35000,1.031
Sphere,10,4,8,1.3418121715395869e-05,35000,1.046
Sphere,10,4,9,1.2379576630897274e-06,35000,1.02
Sphere,10,59,0,0.00039599528592875507,35000,2.406
Sphere,10,59,1,0.00030171464695042733,35000,2.406
Sphere,10,59,10,0.0001684909840624054,35000,2.423
Sphere,10,59,11,0.0003430902730779892,35000,2.463
Sphere,10,59,12,0.0009774486781129286,35000,2.429
Sphere,10,59,13,0.00014734746390401122,35000,2.436
Sphere,10,59,14,0.00022606890774289575,35000,2.454
Sphere,10,59,15,9.433191518663706e-05,35000,2.455
Sphere,10,59,16,0.00030579562370673424,35000,2.535
Sphere,10,59,17,0.00020984501234313417,35000,2.465
Sphere,10,59,18,0.00016124386045441243,35000,2.482
Sphere,10,59,19,0.0006327387167381533,35000,2.461
Sphere,10,59,2,0.0004353331228300455,35000,2.478
Sphere,10,59,20,0.00037657409083309275,35000,2.541
Sphere,10,59,21,0.0002636991679121373,35000,2.505
Sphere,10,59,22,0.00021282909284002234,35000,2.484
Sphere,10,59,23,0.00013604502556697017,35000,2.509
Sphere,10,59,24,0.00030351444523005455,35000,2.505
Sphere,10,59,25,0.0004234432314407005,35000,2.484
Sphere,10,59,26,0.00029159929717754643,35000,2.517
Sphere,10,59,27,0.0005629371300615496,35000,2.477
Sphere,10,59,28,0.0006915119891149698,35000,2.465
Sphere,10,59,29,0.0009359905863573575,35000,2.505
Sphere,10,59,3,0.00012980589996771318,35000,2.419
Sphere,10,59,4,0.00023038839751676914,35000,2.459
Sphere,10,59,5,0.00024241876498221106,35000,2.479
Sphere,10,59,6,0.00038824749299641955,35000,2.424
Sphere,10,59,7,0.0008632017605818299,35000,2.438
Sphere,10,59,8,0.0003451879148817015,35000,2.49
Sphere,10,59,9,7.147059821762896e-05,35000,2.441
Sphere,10,8,0,3.864237434566298e-05,35000,1.22
Sphere,10,8,1,8.354567360016151e-06,35000,1.261
Sphere,10,8,10,3.4575755352603504e-05,35000,1.194
Sphere,10,8,11,2.0088046606120674e-05,35000,1.219
Sphere,10,8,12,2.2176291533087675e-05,35000,1.176
Sphere,10,8,13,4.520751373491013e-06,35000,1.197
Sphere,10,8,14,2.1213588886346152e-05,35000,1.204
Sphere,10,8,15,1.3770182234876402e-05,35000,1.19
Sphere,10,8,16,2.297533693535504e-06,35000,1.188
Sphere,10,8,17,1.6899700119736876e-05,35000,1.185
Sphere,10,8,18,1.4744841737753973e-05,35000,1.224
Sphere,10,8,19,2.1924226487123017e-05,35000,1.205
Sphere,10,8,2,6.951765182157888e-05,35000,1.218
Sphere,10,8,20,3.219927932353457e-05,35000,1.218
Sphere,10,8,21,1.5863368307311035e-05,35000,1.213
Sphere,10,8,22,2.1751251892180883e-05,35000,1.217
Sphere,10,8,23,4.8021451146486766e-05,35000,1.221
Sphere,10,8,24,1.655912270216887e-05,35000,1.258
Sphere,10,8,25,1.534544240904179e-05,35000,1.214
Sphere,10,8,26,5.961093087374687e-06,35000,1.213
Sphere,10,8,27,2.152122511978451e-05,35000,1.2
Sphere,10,8,28,9.339299730687628e-06,35000,1.257
Sphere,10,8,29,1.1918691801891233e-05,35000,1.263
Sphere,10,8,3,9.285912211906305e-06,35000,1.245
Sphere,10,8,4,6.007622966435174e-06,35000,1.206
Sphere,10,8,5,2.4119637457950324e-05,35000,1.246
Sphere,10,8,6,3.447977165434149e-05,35000,1.218
Sphere,10,8,7,7.378299788185522e-05,35000,1.198
Sphere,10,8,8,7.619992790288687e-06,35000,1.197
Sphere,10,8,9,3.599362994689888e-06,35000,1.184
Sphere,30,16,0,0.0007266140283853426,105000,4.954
Sphere,30,16,1,0.000981908488846364,105000,4.957
Sphere,30,16,10,0.0009901900225385036,105000,5.052
Sphere,30,16,11,0.0004492698728145144,105000,5.009
Sphere,30,16,12,0.0006184842152156112,105000,5.021
Sphere,30,16,13,0.00028552352512496015,105000,5.025
Sphere,30,16,14,0.001035008010939798,105000,5.01
Sphere,30,16,15,0.0011094987268565313,105000,5.086
Sphere,30,16,16,0.0004968278331186788,105000,5.069
Sphere,30,16,17,0.00047150813703582847,105000,5.028
Sphere,30,16,18,0.0005413170933287539,105000,5.105
Sphere,30,16,19,0.0006124680257230046,105000,5.07
Sphere,30,16,2,0.0008239959405820821,105000,4.942
Sphere,30,16,20,0.0004954615679847103,105000,5.053
Sphere,30,16,21,0.0003335624864196904,105000,5.026
Sphere,30,16,22,0.0008135386752250392,105000,5.086
Sphere,30,16,23,0.0006885141489383744,105000,5.017
Sphere,30,16,24,0.0007279079486102638,105000,5.115
Sphere,30,16,25,0.0002565902465093617,105000,5.024
Sphere,30,16,26,0.0010425496694535133,105000,5.074
Sphere,30,16,27,0.0004581954386458221,105000,5.067
Sphere,30,16,28,0.0007225033824024454,105000,5.132
Sphere,30,16,29,0.000608367071600886,105000,5.072
Sphere,30,16,3,0.001056897685492337,105000,4.978
Sphere,30,16,4,0.00042114599077671056,105000,4.973
Sphere,30,16,5,0.0004636255711447019,105000,5.04
Sphere,30,16,6,0.0002758908311774653,105000,4.994
Sphere,30,16,7,0.0008067796478769283,105000,5.038
Sphere,30,16,8,0.001046424633325478,105000,5.015
Sphere,30,16,9,0.0005902310782549634,105000,4.964
Sphere,30,32,0,0.0012719923749192764,105000,7.721
Sphere,30,32,1,0.0013773547269463698,105000,7.695
Sphere,30,32,10,0.002977566912853465,105000,7.84
Sphere,30,32,11,0.0016814068016685725,105000,7.751
Sphere,30,32,12,0.0015706925397781218,105000,7.867
Sphere,30,32,13,0.0017899749650536225,105000,7.794
Sphere,30,32,14,0.00140394211837473,105000,7.772
Sphere,30,32,15,0.0015950005106119024,105000,7.8
Sphere,30,32,16,0.0004889434435492921,105000,7.856
Sphere,30,32,17,0.0019261952978765835,105000,7.783
Sphere,30,32,18,0.001318352218597159,105000,7.806
Sphere,30,32,19,0.0021381921836706183,105000,7.892
Sphere,30,32,2,0.0014439662989040047,105000,7.681
Sphere,30,32,20,0.0012299330494993997,105000,7.849
Sphere,30,32,21,0.0012109504837703527,105000,7.778
Sphere,30,32,22,0.0014937302736976348,105000,7.834
Sphere,30,32,23,0.0024724893557769587,105000,7.84
Sphere,30,32,24,0.001668418365562658,105000,7.882
Sphere,30,32,25,0.0013986502489454098,105000,7.891
Sphere,30,32,26,0.0014913993147093049,105000,7.893
Sphere,30,32,27,0.0012020346982208811,105000,7.975
Sphere,30,32,28,0.0012061809664641603,105000,7.891
Sphere,30,32,29,0.0014139528818495398,105000,8.051
Sphere,30,32,3,0.0008325334337856925,105000,7.79
Sphere,30,32,4,0.0024809650335644463,105000,7.77
Sphere,30,32,5,0.0012134566358221852,105000,7.784
Sphere,30,32,6,0.0010235333329441172,105000,7.704
Sphere,30,32,7,0.0022961527750553225,105000,7.736
Sphere,30,32,8,0.0024499160165058673,105000,7.838
Sphere,30,32,9,0.0016873535676533984,105000,7.735
Sphere,30,4,0,7.931263457651537e-05,105000,3.219
Sphere,30,4,1,0.00015201107473561656,105000,3.224
Sphere,30,4,10,1.2056036898431372e-05,105000,3.247
Sphere,30,4,11,5.246620480313691e-05,105000,3.275
Sphere,30,4,12,9.08744355423305e-05,105000,3.272
Sphere,30,4,13,9.546093482879342e-05,105000,3.257
Sphere,30,4,14,7.914494685275922e-05,105000,3.244
Sphere,30,4,15,0.0002029094335736517,105000,3.288
Sphere,30,4,16,0.00013705981940772147,105000,3.265
Sphere,30,4,17,8.413924403071752e-05,105000,3.284
Sphere,30,4,18,0.00010716345482566379,105000,3.232
Sphere,30,4,19,9.810708514059347e-05,105000,3.302
Sphere,30,4,2,0.00017328927469374212,105000,3.225
Sphere,30,4,20,9.788577839444737e-05,105000,3.297
Sphere,30,4,21,7.059156030485135e-05,105000,3.305
Sphere,30,4,22,0.00011634892607868588,105000,3.303
Sphere,30,4,23,0.00012234022568836578,105000,3.321
Sphere,30,4,24,6.961812000913671e-05,105000,3.294
Sphere,30,4,25,0.00010712760896782989,105000,3.312
Sphere,30,4,26,0.00019140416862287895,105000,3.307
Sphere,30,4,27,0.0002172014814689384,105000,3.294
Sphere,30,4,28,0.00014665084540446975,105000,3.277
Sphere,30,4,29,5.25034072150953e-05,105000,3.332
Sphere,30,4,3,0.0001272022341748234,105000,3.202
Sphere,30,4,4,0.00012916688211562997,105000,3.226
Sphere,30,4,5,8.083640742533456e-05,105000,3.261
Sphere,30,4,6,8.683267860568464e-05,105000,3.237
Sphere,30,4,7,0.000153423102993841,105000,3.251
Sphere,30,4,8,7.000548745933573e-05,105000,3.264
Sphere,30,4,9,0.00015414407062352994,105000,3.266
Sphere,30,59,0,0.00865882991433743,105000,8.331
Sphere,30,59,1,0.007498798240000987,105000,8.267
Sphere,30,59,10,0.006997846755920797,105000,8.265
Sphere,30,59,11,0.0036975844900574355,105000,8.27
Sphere,30,59,12,0.005478943980464179,105000,8.278
Sphere,30,59,13,0.007515624939919348,105000,8.217
Sphere,30,59,14,0.00599977963048028,105000,8.249
Sphere,30,59,15,0.011326917396639501,105000,8.362
Sphere,30,59,16,0.0034835918344098393,105000,8.255
Sphere,30,59,17,0.0074211955079208905,105000,8.206
Sphere,30,59,18,0.00881094519529219,105000,8.312
Sphere,30,59,19,0.009639333179031474,105000,8.237
Sphere,30,59,2,0.004134373229436323,105000,8.319
Sphere,30,59,20,0.007250692104316245,105000,8.249
Sphere,30,59,21,0.0049534456338370565,105000,8.356
Sphere,30,59,22,0.009002425101031355,105000,8.349
Sphere,30,59,23,0.00925323344453613,105000,8.437
Sphere,30,59,24,0.005111555474811717,105000,8.268
Sphere,30,59,25,0.006234074329511629,105000,8.257
Sphere,30,59,26,0.004531029494417153,105000,8.339
Sphere,30,59,27,0.005969703625092649,105000,8.356
Sphere,30,59,28,0.011037059834407541,105000,8.343
Sphere,30,59,29,0.004687987396088472,105000,8.323
Sphere,30,59,3,0.00949827218618684,105000,8.32
Sphere,30,59,4,0.006105255274465587,105000,8.313
Sphere,30,59,5,0.0042800807613933975,105000,8.311
Sphere,30,59,6,0.006242222128154386,105000,8.27
Sphere,30,59,7,0.010145288043833165,105000,8.221
Sphere,30,59,8,0.004072431120605696,105000,8.252
Sphere,30,59,9,0.005163946390996463,105000,8.366
Sphere,30,8,0,0.0002853883671982595,105000,3.911
Sphere,30,8,1,0.00042147319451337243,105000,3.882
Sphere,30,8,10,0.0007991649985443227,105000,3.909
Sphere,30,8,11,7.081224926940334e-05,105000,4.025
Sphere,30,8,12,0.00022527374412009988,105000,3.931
Sphere,30,8,13,0.00035651041151278136,105000,3.91
Sphere,30,8,14,0.0005447857467652162,105000,3.905
Sphere,30,8,15,0.00034771496229424944,105000,3.941
Sphere,30,8,16,0.00027212264450985274,105000,3.926
Sphere,30,8,17,0.0002595398343075777,105000,3.936
Sphere,30,8,18,0.0005802213360285296,105000,3.913
Sphere,30,8,19,0.00047294648631936897,105000,3.922
Sphere,30,8,2,0.00036314617991748473,105000,3.904
Sphere,30,8,20,6.784678053365491e-05,105000,3.958
Sphere,30,8,21,0.0002540666375244137,105000,3.917
Sphere,30,8,22,0.0008219626856932848,105000,3.972
Sphere,30,8,23,0.00014509955871312726,105000,3.953
Sphere,30,8,24,0.00020965829800767173,105000,3.95
Sphere,30,8,25,0.00014647993688038247,105000,4.006
Sphere,30,8,26,0.0006223700021737729,105000,3.937
Sphere,30,8,27,0.00019645490190902987,105000,3.946
Sphere,30,8,28,0.0004023917461606124,105000,3.95
Sphere,30,8,29,0.00044583550015818007,105000,3.952
Sphere,30,8,3,0.0005268875306728379,105000,3.897
Sphere,30,8,4,0.000523609771029463,105000,3.922
Sphere,30,8,5,0.00032419580470071567,105000,3.891
Sphere,30,8,6,0.00029548302576131043,105000,3.906
Sphere,30,8,7,0.0004965220574742622,105000,3.91
Sphere,30,8,8,0.00047699663506121107,105000,3.904
Sphere,30,8,9,0.0006383996274754676,105000,3.923
Sphere,50,16,0,0.0014425893417151412,175000,9.131
Sphere,50,16,1,0.0014551916966947626,175000,9.151
Sphere,50,16,10,0.001506700211643738,175000,9.496
Sphere,50,16,11,0.001786455263240543,175000,9.641
Sphere,50,16,12,0.0012125569345079296,175000,9.113
Sphere,50,16,13,0.0020214771873749084,175000,9.125
Sphere,50,16,14,0.001855821083693613,175000,9.298
Sphere,50,16,15,0.0024086911078890585,175000,9.291
Sphere,50,16,16,0.0016255295741312056,175000,9.314
Sphere,50,16,17,0.0016752343412678,175000,9.441
Sphere,50,16,18,0.0024347427678048446,175000,9.947
Sphere,50,16,19,0.0021560250893195862,175000,9.991
Sphere,50,16,2,0.0012237860181710915,175000,9.227
Sphere,50,16,20,0.0005706917772881094,175000,10.074
Sphere,50,16,21,0.0013901278496135574,175000,10.024
Sphere,50,16,22,0.0028157701550687374,175000,10.063
Sphere,50,16,23,0.002297957660577041,175000,10.138
Sphere,50,16,24,0.0028255119129244888,175000,10.116
Sphere,50,16,25,0.0033196644177692475,175000,10.06
Sphere,50,16,26,0.0026208096891813253,175000,10.144
Sphere,50,16,27,0.0018526636393042081,175000,10.11
Sphere,50,16,28,0.001762848263500129,175000,10.16
Sphere,50,16,29,0.0014240169678674446,175000,10.254
Sphere,50,16,3,0.002113711073688132,175000,9.264
Sphere,50,16,4,0.0016046522951928578,175000,9.153
Sphere,50,16,5,0.001460749480351444,175000,9.258
Sphere,50,16,6,0.0017256946937531886,175000,9.366
Sphere,50,16,7,0.0018196549167586301,175000,9.535
Sphere,50,16,8,0.002647132734384685,175000,9.264
Sphere,50,16,9,0.0016322786585405002,175000,9.502
Sphere,50,32,0,0.003094676370000986,175000,15.486
Sphere,50,32,1,0.005681591373820271,175000,15.546
Sphere,50,32,10,0.0039676705854271846,175000,15.903
Sphere,50,32,11,0.006229478900504027,175000,16.058
Sphere,50,32,12,0.006839437828323538,175000,16.195
Sphere,50,32,13,0.0032177987262485626,175000,16.046
Sphere,50,32,14,0.005723921380448191,175000,15.889
Sphere,50,32,15,0.00677267001715032,175000,16.088
Sphere,50,32,16,0.004478380245828571,175000,16.295
Sphere,50,32,17,0.004300027163322034,175000,16.062
Sphere,50,32,18,0.003594873003560718,175000,15.994
Sphere,50,32,19,0.003951082266387734,175000,15.942
Sphere,50,32,2,0.002911308391416363,175000,15.55
Sphere,50,32,20,0.004844706454134359,175000,16.046
Sphere,50,32,21,0.006052058205130434,175000,16.131
Sphere,50,32,22,0.005428351486031014,175000,16.127
Sphere,50,32,23,0.003190276382078778,175000,16.452
Sphere,50,32,24,0.010176775463489066,175000,16.093
Sphere,50,32,25,0.008264643627316272,175000,16.042
Sphere,50,32,26,0.00543848228156987,175000,16.003
Sphere,50,32,27,0.00535399470071774,175000,15.891
Sphere,50,32,28,0.003334908077241267,175000,16.044
Sphere,50,32,29,0.0030919835650435826,175000,16.037
Sphere,50,32,3,0.004043336219020129,175000,15.626
Sphere,50,32,4,0.0042590668229718,175000,15.672
Sphere,50,32,5,0.003116292197280808,175000,15.552
Sphere,50,32,6,0.005272752372152604,175000,15.77
Sphere,50,32,7,0.004559190376382819,175000,15.957
Sphere,50,32,8,0.003432280982342684,175000,16.086
Sphere,50,32,9,0.0031088108057671523,175000,15.88
Sphere,50,4,0,0.00037467033934437347,175000,6.072
Sphere,50,4,1,0.0010355895296063865,175000,6.116
Sphere,50,4,10,0.0003727848407479536,175000,6.169
Sphere,50,4,11,0.0007498186945727315,175000,6.11
Sphere,50,4,12,0.00035490658826759034,175000,6.136
Sphere,50,4,13,0.0006557275520091023,175000,6.124
Sphere,50,4,14,0.000310927591841107,175000,6.113
Sphere,50,4,15,0.0003872533253619684,175000,6.156
Sphere,50,4,16,0.0004551797630323591,175000,6.211
Sphere,50,4,17,0.0002838509795869732,175000,6.151
Sphere,50,4,18,0.00026272695318942465,175000,6.15
Sphere,50,4,19,0.0003092136782263697,175000,6.134
Sphere,50,4,2,0.00014124029118664134,175000,6.147
Sphere,50,4,20,0.00036259994233000284,175000,6.122
Sphere,50,4,21,0.000700655990549929,175000,6.16
Sphere,50,4,22,0.0004777508148132995,175000,6.267
Sphere,50,4,23,0.00040176124839874216,175000,6.205
Sphere,50,4,24,0.0004915342477192389,175000,6.175
Sphere,50,4,25,0.00047634259983344283,175000,6.156
Sphere,50,4,26,0.00021664269784580416,175000,6.177
Sphere,50,4,27,0.00035214829442832405,175000,6.182
Sphere,50,4,28,0.0002828920611975286,175000,6.173
Sphere,50,4,29,0.00020606969924267808,175000,6.217
Sphere,50,4,3,0.0006268517982641774,175000,6.148
Sphere,50,4,4,0.0006363939622285914,175000,6.147
Sphere,50,4,5,0.0002852522310839874,175000,6.103
Sphere,50,4,6,0.0004702339410173268,175000,6.087
Sphere,50,4,7,0.0004417056868767945,175000,6.021
Sphere,50,4,8,0.0004809142842825043,175000,6.11
Sphere,50,4,9,0.0006093962346029479,175000,6.126
Sphere,50,59,0,0.013023399970203246,175000,16.642
Sphere,50,59,1,0.025885793816565583,175000,16.682
Sphere,50,59,10,0.015571499439163772,175000,16.628
Sphere,50,59,11,0.01829268889538352,175000,16.775
Sphere,50,59,12,0.019222601028847385,175000,16.664
Sphere,50,59,13,0.015195253583142469,175000,16.593
Sphere,50,59,14,0.031971213966305305,175000,16.671
Sphere,50,59,15,0.017499404909277736,175000,16.642
Sphere,50,59,16,0.018828783165398613,175000,16.612
Sphere,50,59,17,0.037128463250607924,175000,16.833
Sphere,50,59,18,0.011504575282566017,175000,17.195
Sphere,50,59,19,0.01737550992412934,175000,17.235
Sphere,50,59,2,0.017220077823562264,175000,16.711
Sphere,50,59,20,0.0262066712179231,175000,17.211
Sphere,50,59,21,0.013641687977800928,175000,17.356
Sphere,50,59,22,0.019919468567076725,175000,17.35
Sphere,50,59,23,0.009828580242475156,175000,17.441
Sphere,50,59,24,0.03053861781542872,175000,16.929
Sphere,50,59,25,0.01629857573059598,175000,16.975
Sphere,50,59,26,0.019039913511306992,175000,16.894
Sphere,50,59,27,0.017385490697987973,175000,16.82
Sphere,50,59,28,0.013125972395034536,175000,16.864
Sphere,50,59,29,0.015735521133691466,175000,17.095
Sphere,50,59,3,0.02599809777340849,175000,16.682
Sphere,50,59,4,0.02720532334591802,175000,16.733
Sphere,50,59,5,0.016069145962349228,175000,16.758
Sphere,50,59,6,0.013283884841741199,175000,16.669
Sphere,50,59,7,0.021730377746583606,175000,16.712
Sphere,50,59,8,0.025779565172722778,175000,16.609
Sphere,50,59,9,0.02568397859683827,175000,16.662
Sphere,50,8,0,0.0008386615007979179,175000,7.245
Sphere,50,8,1,0.0015342808092805968,175000,7.246
Sphere,50,8,10,1.2365072992471174e-05,175000,7.491
Sphere,50,8,11,0.001210273391279057,175000,7.497
Sphere,50,8,12,0.0014813901855796298,175000,7.386
Sphere,50,8,13,0.0014528114080370436,175000,7.427
Sphere,50,8,14,0.0011039509628212633,175000,7.375
Sphere,50,8,15,0.0010486338611055508,175000,7.367
Sphere,50,8,16,0.0008935216653991468,175000,7.365
Sphere,50,8,17,0.0009195384068783211,175000,7.392
Sphere,50,8,18,0.0005422552908319355,175000,7.279
Sphere,50,8,19,0.0018572210197786263,175000,7.27
Sphere,50,8,2,0.001116618838711007,175000,7.223
Sphere,50,8,20,0.0009364219423867693,175000,7.285
Sphere,50,8,21,0.0011465778003704825,175000,7.237
Sphere,50,8,22,0.0014892001727910768,175000,7.285
Sphere,50,8,23,0.001174618944888915,175000,7.331
Sphere,50,8,24,0.0015647698259856197,175000,7.248
Sphere,50,8,25,0.0012129555354999876,175000,7.27
Sphere,50,8,26,0.0014522834857871802,175000,7.29
Sphere,50,8,27,0.0009976340934170456,175000,7.311
Sphere,50,8,28,0.0011391688495785957,175000,7.356
Sphere,50,8,29,0.0014291078106702234,175000,7.32
Sphere,50,8,3,0.0016452310074687622,175000,7.294
Sphere,50,8,4,0.002276480787171034,175000,7.228
Sphere,50,8,5,0.0009099281917579372,175000,7.347
Sphere,50,8,6,0.0009321806362995552,175000,7.326
Sphere,50,8,7,0.0013230541349536925,175000,7.329
Sphere,50,8,8,0.0014106822346261843,175000,7.249
Sphere,50,8,9,0.0009480806521205842,175000,7.385
Step,10,16,0,0.0,35000,3.615
Step,10,16,1,0.0,35000,3.659
Step,10,16,10,0.0,35000,3.708
Step,10,16,11,0.0,35000,3.645
Step,10,16,12,0.0,35000,3.641
Step,10,16,13,0.0,35000,3.66
Step,10,16,14,0.0,35000,3.578
Step,10,16,15,0.0,35000,3.744
Step,10,16,16,0.0,35000,3.711
Step,10,16,17,0.0,35000,3.689
Step,10,16,18,0.0,35000,3.654
Step,10,16,19,0.0,35000,3.7
Step,10,16,2,0.0,35000,3.625
Step,10,16,20,0.0,35000,3.696
Step,10,16,21,0.0,35000,3.697
Step,10,16,22,0.0,35000,3.732
Step,10,16,23,0.0,35000,3.674
Step,10,16,24,0.0,35000,3.75
Step,10,16,25,0.0,35000,3.638
Step,10,16,26,0.0,35000,3.663
Step,10,16,27,0.0,35000,3.699
Step,10,16,28,0.0,35000,3.729
Step,10,16,29,0.0,35000,3.656
Step,10,16,3,0.0,35000,3.658
Step,10,16,4,0.0,35000,3.623
Step,10,16,5,0.0,35000,3.718
Step,10,16,6,0.0,35000,3.693
Step,10,16,7,0.0,35000,3.677
Step,10,16,8,0.0,35000,3.629
Step,10,16,9,0.0,35000,3.641
Step,10,32,0,0.0,35000,5.688
Step,10,32,1,0.0,35000,5.732
Step,10,32,10,0.0,35000,6.042
Step,10,32,11,0.0,35000,5.98
Step,10,32,12,0.0,35000,5.97
Step,10,32,13,0.0,35000,5.778
Step,10,32,14,0.0,35000,6.058
Step,10,32,15,0.0,35000,5.933
Step,10,32,16,0.0,35000,5.884
Step,10,32,17,0.0,35000,5.93
Step,10,32,18,0.0,35000,5.68
Step,10,32,19,0.0,35000,5.817
Step,10,32,2,0.0,35000,5.961
Step,10,32,20,0.0,35000,5.813
Step,10,32,21,0.0,35000,5.878
Step,10,32,22,0.0,35000,5.983
Step,10,32,23,0.0,35000,5.942
Step,10,32,24,0.0,35000,5.753
Step,10,32,25,0.0,35000,5.935
Step,10,32,26,0.0,35000,5.743
Step,10,32,27,0.0,35000,5.663
Step,10,32,28,0.0,35000,5.651
Step,10,32,29,0.0,35000,5.844
Step,10,32,3,0.0,35000,6.085
Step,10,32,4,0.0,35000,5.736
Step,10,32,5,0.0,35000,5.886
Step,10,32,6,0.0,35000,5.834
Step,10,32,7,0.0,35000,5.703
Step,10,32,8,0.0,35000,5.893
Step,10,32,9,0.0,35000,5.949
Step,10,4,0,0.0,35000,2.581
Step,10,4,1,0.0,35000,2.573
Step,10,4,10,0.0,35000,2.594
Step,10,4,11,0.0,35000,2.534
Step,10,4,12,0.0,35000,2.525
Step,10,4,13,0.0,35000,2.614
Step,10,4,14,0.0,35000,2.555
Step,10,4,15,0.0,35000,2.588
Step,10,4,16,0.0,35000,2.608
Step,10,4,17,0.0,35000,2.509
Step,10,4,18,0.0,35000,2.589
Step,10,4,19,0.0,35000,2.59
Step,10,4,2,0.0,35000,2.538
Step,10,4,20,0.0,35000,2.595
Step,10,4,21,0.0,35000,2.585
Step,10,4,22,0.0,35000,2.558
Step,10,4,23,0.0,35000,2.583
Step,10,4,24,0.0,35000,2.584
Step,10,4,25,0.0,35000,2.602
Step,10,4,26,0.0,35000,2.537
Step,10,4,27,0.0,35000,2.609
Step,10,4,28,0.0,35000,2.578
Step,10,4,29,0.0,35000,2.553
Step,10,4,3,0.0,35000,2.591
Step,10,4,4,0.0,35000,2.585
Step,10,4,5,0.0,35000,2.524
Step,10,4,6,0.0,35000,2.578
Step,10,4,7,0.0,35000,2.565
Step,10,4,8,0.0,35000,2.6
Step,10,4,9,0.0,35000,2.595
Step,10,59,0,0.0,35000,5.912
Step,10,59,1,0.0,35000,5.817
Step,10,59,10,0.0,35000,5.729
Step,10,59,11,0.0,35000,5.812
Step,10,59,12,0.0,35000,5.59
Step,10,59,13,0.0,35000,5.509
Step,10,59,14,0.0,35000,5.919
Step,10,59,15,0.0,35000,5.856
Step,10,59,16,0.0,35000,5.987
Step,10,59,17,0.0,35000,5.681
Step,10,59,18,0.0,35000,5.871
Step,10,59,19,0.0,35000,5.844
Step,10,59,2,0.0,35000,5.976
Step,10,59,20,0.0,35000,5.883
Step,10,59,21,0.0,35000,5.861
Step,10,59,22,0.0,35000,5.957
Step,10,59,23,0.0,35000,5.81
Step,10,59,24,0.0,35000,5.937
Step,10,59,25,0.0,35000,5.875
Step,10,59,26,0.0,35000,5.933
Step,10,59,27,0.0,35000,5.757
Step,10,59,28,0.0,35000,5.805
Step,10,59,29,0.0,35000,5.723
Step,10,59,3,0.0,35000,5.761
Step,10,59,4,0.0,35000,5.919
Step,10,59,5,0.0,35000,5.853
Step,10,59,6,0.0,35000,5.893
Step,10,59,7,0.0,35000,5.846
Step,10,59,8,0.0,35000,5.913
Step,10,59,9,0.0,35000,5.567
Step,10,8,0,0.0,35000,2.978
Step,10,8,1,0.0,35000,2.931
Step,10,8,10,0.0,35000,2.973
Step,10,8,11,0.0,35000,2.964
Step,10,8,12,0.0,35000,2.948
Step,10,8,13,0.0,35000,3.011
Step,10,8,14,0.0,35000,2.928
Step,10,8,15,0.0,35000,3.029
Step,10,8,16,0.0,35000,2.992
Step,10,8,17,0.0,35000,2.975
Step,10,8,18,0.0,35000,2.919
Step,10,8,19,0.0,35000,2.989
Step,10,8,2,0.0,35000,2.958
Step,10,8,20,0.0,35000,2.921
Step,10,8,21,0.0,35000,3.001
Step,10,8,22,0.0,35000,2.969
Step,10,8,23,0.0,35000,2.988
Step,10,8,24,0.0,35000,2.995
Step,10,8,25,0.0,35000,3.002
Step,10,8,26,0.0,35000,3.008
Step,10,8,27,0.0,35000,2.938
Step,10,8,28,0.0,35000,2.947
Step,10,8,29,0.0,35000,2.984
Step,10,8,3,0.0,35000,2.982
Step,10,8,4,0.0,35000,2.998
Step,10,8,5,0.0,35000,2.933
Step,10,8,6,0.0,35000,2.988
Step,10,8,7,0.0,35000,2.974
Step,10,8,8,0.0,35000,2.972
Step,10,8,9,0.0,35000,2.995
Step,30,16,0,0.0,105000,11.159
Step,30,16,1,0.0,105000,11.069
Step,30,16,10,0.0,105000,11.147
Step,30,16,11,0.0,105000,11.086
Step,30,16,12,0.0,105000,11.04
Step,30,16,13,0.0,105000,11.0
Step,30,16,14,0.0,105000,11.114
Step,30,16,15,0.0,105000,11.029
Step,30,16,16,0.0,105000,10.998
Step,30,16,17,0.0,105000,10.791
Step,30,16,18,0.0,105000,10.904
Step,30,16,19,0.0,105000,11.101
Step,30,16,2,0.0,105000,11.197
Step,30,16,20,0.0,105000,11.11
Step,30,16,21,0.0,105000,11.17
Step,30,16,22,0.0,105000,11.09
Step,30,16,23,0.0,105000,11.137
Step,30,16,24,0.0,105000,10.826
Step,30,16,25,0.0,105000,11.061
Step,30,16,26,0.0,105000,11.123
Step,30,16,27,0.0,105000,11.212
Step,30,16,28,0.0,105000,11.162
Step,30,16,29,0.0,105000,11.091
Step,30,16,3,0.0,105000,11.228
Step,30,16,4,0.0,105000,11.079
Step,30,16,5,0.0,105000,11.179
Step,30,16,6,0.0,105000,11.14
Step,30,16,7,0.0,105000,11.152
Step,30,16,8,0.0,105000,10.935
Step,30,16,9,0.0,105000,11.213
Step,30,32,0,0.0,105000,17.915
Step,30,32,1,0.0,105000,17.246
Step,30,32,10,0.0,105000,17.273
Step,30,32,11,0.0,105000,17.521
Step,30,32,12,0.0,105000,17.748
Step,30,32,13,0.0,105000,16.428
Step,30,32,14,0.0,105000,17.662
Step,30,32,15,0.0,105000,17.83
Step,30,32,16,0.0,105000,17.771
Step,30,32,17,0.0,105000,17.435
Step,30,32,18,0.0,105000,17.914
Step,30,32,19,0.0,105000,17.756
Step,30,32,2,0.0,105000,17.535
Step,30,32,20,0.0,105000,17.855
Step,30,32,21,0.0,105000,17.502
Step,30,32,22,0.0,105000,18.003
Step,30,32,23,0.0,105000,17.719
Step,30,32,24,0.0,105000,16.963
Step,30,32,25,0.0,105000,17.715
Step,30,32,26,0.0,105000,17.544
Step,30,32,27,0.0,105000,17.553
Step,30,32,28,0.0,105000,17.445
Step,30,32,29,0.0,105000,17.572
Step,30,32,3,0.0,105000,17.875
Step,30,32,4,0.0,105000,17.276
Step,30,32,5,0.0,105000,17.425
Step,30,32,6,0.0,105000,16.838
Step,30,32,7,0.0,105000,17.658
Step,30,32,8,0.0,105000,16.89
Step,30,32,9,0.0,105000,17.458
Step,30,4,0,0.0,105000,7.874
Step,30,4,1,0.0,105000,7.888
Step,30,4,10,0.0,105000,7.886
Step,30,4,11,0.0,105000,7.88
Step,30,4,12,0.0,105000,7.86
Step,30,4,13,0.0,105000,7.744
Step,30,4,14,0.0,105000,7.88
Step,30,4,15,0.0,105000,7.709
Step,30,4,16,0.0,105000,7.883
Step,30,4,17,0.0,105000,7.722
Step,30,4,18,0.0,105000,7.904
Step,30,4,19,0.0,105000,7.904
Step,30,4,2,0.0,105000,7.928
Step,30,4,20,0.0,105000,7.921
Step,30,4,21,0.0,105000,7.746
Step,30,4,22,0.0,105000,7.937
Step,30,4,23,0.0,105000,7.952
Step,30,4,24,0.0,105000,8.002
Step,30,4,25,0.0,105000,7.991
Step,30,4,26,0.0,105000,7.953
Step,30,4,27,0.0,105000,7.933
Step,30,4,28,0.0,105000,7.752
Step,30,4,29,0.0,105000,7.891
Step,30,4,3,0.0,105000,7.918
Step,30,4,4,0.0,105000,7.819
Step,30,4,5,0.0,105000,7.924
Step,30,4,6,0.0,105000,7.866
Step,30,4,7,0.0,105000,7.931
Step,30,4,8,0.0,105000,7.911
Step,30,4,9,0.0,105000,7.919
Step,30,59,0,0.0,105000,17.647
Step,30,59,1,0.0,105000,16.896
Step,30,59,10,0.0,105000,17.881
Step,30,59,11,0.0,105000,17.947
Step,30,59,12,0.0,105000,17.873
Step,30,59,13,0.0,105000,17.661
Step,30,59,14,0.0,105000,17.8
Step,30,59,15,0.0,105000,17.992
Step,30,59,16,0.0,105000,17.583
Step,30,59,17,0.0,105000,17.756
Step,30,59,18,0.0,105000,18.185
Step,30,59,19,0.0,105000,17.942
Step,30,59,2,0.0,105000,17.474
Step,30,59,20,0.0,105000,17.619
Step,30,59,21,0.0,105000,17.933
Step,30,59,22,0.0,105000,17.747
Step,30,59,23,0.0,105000,17.991
Step,30,59,24,0.0,105000,17.46
Step,30,59,25,0.0,105000,17.921
Step,30,59,26,0.0,105000,17.955
Step,30,59,27,0.0,105000,18.006
Step,30,59,28,0.0,105000,17.821
Step,30,59,29,0.0,105000,17.803
Step,30,59,3,0.0,105000,17.537
Step,30,59,4,0.0,105000,17.685
Step,30,59,5,0.0,105000,17.904
Step,30,59,6,0.0,105000,17.852
Step,30,59,7,0.0,105000,17.785
Step,30,59,8,0.0,105000,17.532
Step,30,59,9,0.0,105000,17.955
Step,30,8,0,0.0,105000,9.121
Step,30,8,1,0.0,105000,9.159
Step,30,8,10,0.0,105000,9.086
Step,30,8,11,0.0,105000,9.079
Step,30,8,12,0.0,105000,9.087
Step,30,8,13,0.0,105000,8.895
Step,30,8,14,0.0,105000,9.085
Step,30,8,15,0.0,105000,9.13
Step,30,8,16,0.0,105000,9.115
Step,30,8,17,0.0,105000,8.889
Step,30,8,18,0.0,105000,9.071
Step,30,8,19,0.0,105000,9.136
Step,30,8,2,0.0,105000,9.126
Step,30,8,20,0.0,105000,8.925
Step,30,8,21,0.0,105000,9.161
Step,30,8,22,0.0,105000,9.093
Step,30,8,23,0.0,105000,8.928
Step,30,8,24,0.0,105000,9.065
Step,30,8,25,0.0,105000,9.122
Step,30,8,26,0.0,105000,9.168
Step,30,8,27,0.0,105000,8.914
Step,30,8,28,0.0,105000,8.872
Step,30,8,29,0.0,105000,9.073
Step,30,8,3,0.0,105000,9.163
Step,30,8,4,0.0,105000,9.068
Step,30,8,5,0.0,105000,9.104
Step,30,8,6,0.0,105000,9.115
Step,30,8,7,0.0,105000,8.867
Step,30,8,8,0.0,105000,9.092
Step,30,8,9,0.0,105000,8.941
Step,50,16,0,0.0,175000,18.798
Step,50,16,1,0.0,175000,18.713
Step,50,16,10,0.0,175000,18.792
Step,50,16,11,0.0,175000,18.679
Step,50,16,12,0.0,175000,18.723
Step,50,16,13,0.0,175000,18.741
Step,50,16,14,0.0,175000,18.779
Step,50,16,15,0.0,175000,18.749
Step,50,16,16,0.0,175000,18.876
Step,50,16,17,0.0,175000,18.193
Step,50,16,18,0.0,175000,18.898
Step,50,16,19,0.0,175000,18.892
Step,50,16,2,0.0,175000,18.153
Step,50,16,20,0.0,175000,18.334
Step,50,16,21,0.0,175000,18.862
Step,50,16,22,0.0,175000,18.739
Step,50,16,23,0.0,175000,18.799
Step,50,16,24,0.0,175000,18.317
Step,50,16,25,0.0,175000,18.79
Step,50,16,26,0.0,175000,18.716
Step,50,16,27,0.0,175000,18.726
Step,50,16,28,0.0,175000,18.76
Step,50,16,29,0.0,175000,18.934
Step,50,16,3,0.0,175000,18.619
Step,50,16,4,0.0,175000,18.712
Step,50,16,5,0.0,175000,18.776
Step,50,16,6,0.0,175000,18.391
Step,50,16,7,0.0,175000,18.683
Step,50,16,8,0.0,175000,18.841
Step,50,16,9,0.0,175000,18.591
Step,50,32,0,0.0,175000,29.5
Step,50,32,1,0.0,175000,29.641
Step,50,32,10,0.0,175000,29.031
Step,50,32,11,0.0,175000,29.554
Step,50,32,12,0.0,175000,29.265
Step,50,32,13,0.0,175000,29.886
Step,50,32,14,0.0,175000,29.494
Step,50,32,15,0.0,175000,28.829
Step,50,32,16,0.0,175000,29.09
Step,50,32,17,0.0,175000,30.325
Step,50,32,18,0.0,175000,29.585
Step,50,32,19,0.0,175000,29.594
Step,50,32,2,0.0,175000,28.653
Step,50,32,20,0.0,175000,28.981
Step,50,32,21,0.0,175000,29.038
Step,50,32,22,0.0,175000,29.989
Step,50,32,23,0.0,175000,29.313
Step,50,32,24,0.0,175000,29.359
Step,50,32,25,0.0,175000,28.563
Step,50,32,26,0.0,175000,29.163
Step,50,32,27,0.0,175000,28.809
Step,50,32,28,0.0,175000,29.723
Step,50,32,29,0.0,175000,28.585
Step,50,32,3,0.0,175000,29.862
Step,50,32,4,0.0,175000,29.802
Step,50,32,5,0.0,175000,29.648
Step,50,32,6,0.0,175000,30.327
Step,50,32,7,0.0,175000,29.537
Step,50,32,8,0.0,175000,29.764
Step,50,32,9,0.0,175000,29.464
Step,50,4,0,0.0,175000,13.386
Step,50,4,1,0.0,175000,13.364
Step,50,4,10,0.0,175000,13.351
Step,50,4,11,0.0,175000,13.442
Step,50,4,12,0.0,175000,13.408
Step,50,4,13,0.0,175000,13.365
Step,50,4,14,0.0,175000,13.424
Step,50,4,15,0.0,175000,13.055
Step,50,4,16,0.0,175000,13.403
Step,50,4,17,0.0,175000,13.383
Step,50,4,18,0.0,175000,13.178
Step,50,4,19,0.0,175000,13.443
Step,50,4,2,0.0,175000,13.569
Step,50,4,20,0.0,175000,13.451
Step,50,4,21,0.0,175000,13.037
Step,50,4,22,0.0,175000,13.357
Step,50,4,23,0.0,175000,13.401
Step,50,4,24,0.0,175000,13.311
Step,50,4,25,0.0,175000,13.343
Step,50,4,26,0.0,175000,13.359
Step,50,4,27,0.0,175000,13.324
Step,50,4,28,0.0,175000,13.307
Step,50,4,29,0.0,175000,13.385
Step,50,4,3,0.0,175000,13.128
Step,50,4,4,0.0,175000,13.427
Step,50,4,5,0.0,175000,13.133
Step,50,4,6,0.0,175000,13.344
Step,50,4,7,0.0,175000,13.373
Step,50,4,8,0.0,175000,13.148
Step,50,4,9,0.0,175000,13.448
Step,50,59,0,0.0,175000,29.933
Step,50,59,1,0.0,175000,30.006
Step,50,59,10,0.0,175000,30.42
Step,50,59,11,0.0,175000,29.701
Step,50,59,12,0.0,175000,29.927
Step,50,59,13,0.0,175000,29.334
Step,50,59,14,0.0,175000,30.016
Step,50,59,15,0.0,175000,30.105
Step,50,59,16,0.0,175000,29.804
Step,50,59,17,0.0,175000,30.02
Step,50,59,18,0.0,175000,29.897
Step,50,59,19,0.0,175000,29.677
Step,50,59,2,0.0,175000,29.581
Step,50,59,20,0.0,175000,29.506
Step,50,59,21,0.0,175000,30.283
Step,50,59,22,0.0,175000,30.398
Step,50,59,23,0.0,175000,30.304
Step,50,59,24,0.0,175000,29.863
Step,50,59,25,0.0,175000,29.469
Step,50,59,26,0.0,175000,30.208
Step,50,59,27,0.0,175000,30.223
Step,50,59,28,0.0,175000,29.598
Step,50,59,29,0.0,175000,30.051
Step,50,59,3,0.0,175000,30.042
Step,50,59,4,0.0,175000,29.662
Step,50,59,5,0.0,175000,29.452
Step,50,59,6,0.0,175000,29.605
Step,50,59,7,0.0,175000,30.487
Step,50,59,8,0.0,175000,29.725
Step,50,59,9,0.0,175000,30.037
Step,50,8,0,0.0,175000,15.014
Step,50,8,1,0.0,175000,15.442
Step,50,8,10,0.0,175000,15.373
Step,50,8,11,0.0,175000,14.961
Step,50,8,12,0.0,175000,15.343
Step,50,8,13,0.0,175000,15.378
Step,50,8,14,0.0,175000,15.33
Step,50,8,15,0.0,175000,15.295
Step,50,8,16,0.0,175000,15.336
Step,50,8,17,0.0,175000,15.343
Step,50,8,18,0.0,175000,15.283
Step,50,8,19,0.0,175000,15.257
Step,50,8,2,0.0,175000,15.393
Step,50,8,20,0.0,175000,15.384
Step,50,8,21,0.0,175000,14.928
Step,50,8,22,0.0,175000,15.356
Step,50,8,23,0.0,175000,15.468
Step,50,8,24,0.0,175000,14.955
Step,50,8,25,0.0,175000,14.878
Step,50,8,26,0.0,175000,15.401
Step,50,8,27,0.0,175000,15.253
Step,50,8,28,0.0,175000,15.318
Step,50,8,29,0.0,175000,15.223
Step,50,8,3,0.0,175000,15.43
Step,50,8,4,0.0,175000,15.399
Step,50,8,5,0.0,175000,14.968
Step,50,8,6,0.0,175000,14.952
Step,50,8,7,0.0,175000,15.248
Step,50,8,8,0.0,175000,14.971
Step,50,8,9,0.0,175000,15.311
