variant,function,seed,best,evals,seconds
social,Sphere,0,84.9320171840475,20000,0.9612153000052786
social,Sphere,1,15.359859037042854,20000,0.9820509999990463
social,Sphere,2,77.7523528078367,20000,0.9512334000028204
social,Sphere,3,46.66636683086396,20000,0.9622125999885611
social,Sphere,4,30.432247978339426,20000,0.9338806000014301
social,Sphere,5,51.929424887206494,20000,0.9731231000041589
social,Sphere,6,19.43644538346744,20000,0.9483593000040855
social,Sphere,7,21.243391412488663,20000,0.9234778999962145
social,Sphere,8,120.78625678027034,20000,0.9221103999880143
social,Sphere,9,12.72455880887754,20000,0.9295905999897514
social,Sphere,10,62.147430953758764,20000,0.9250803000031738
social,Sphere,11,26.0913829084514,20000,0.9182631000003312
social,Sphere,12,22.9911522446721,20000,0.8937421000009635
social,Sphere,13,23.705333529321624,20000,0.8971804000029806
social,Sphere,14,28.224959096101795,20000,0.8930680000048596
social,Sphere,15,22.559131838695436,20000,0.8744405000034021
social,Sphere,16,92.8432032097666,20000,0.8970079999999143
social,Sphere,17,37.138274249573726,20000,0.8950991999881808
social,Sphere,18,28.680331031464863,20000,0.9147582000005059
social,Sphere,19,25.095813636734956,20000,0.9036376000003656
social,Sphere,20,51.85748047449861,20000,0.9270582000026479
social,Sphere,21,23.503691682798916,20000,0.8915620999905514
social,Sphere,22,16.84081396331736,20000,0.8850290999980643
social,Sphere,23,32.45395815814631,20000,0.9256189999869093
social,Sphere,24,29.157915305198042,20000,0.8683357999980217
social,Sphere,25,8.263143328853513,20000,0.9294070000032661
social,Sphere,26,28.41467935898519,20000,0.9036729000072228
social,Sphere,27,44.454420058925486,20000,0.8778070999978809
social,Sphere,28,37.71698014393898,20000,0.8581541000021389
social,Sphere,29,33.18503551031645,20000,0.8746715000015683
social,Rosenbrock,0,1374.4424104827347,20000,1.4520124999980908
social,Rosenbrock,1,2445.799108887186,20000,1.4043557999975746
social,Rosenbrock,2,4129.48259211389,20000,1.4564008000015747
social,Rosenbrock,3,1197.094399703273,20000,1.4504727000021376
social,Rosenbrock,4,468.8427553361753,20000,1.4578473000001395
social,Rosenbrock,5,760.8611346600957,20000,1.4066811000084272
social,Rosenbrock,6,1198.6878317720802,20000,1.4748346999986097
social,Rosenbrock,7,517.9442196415124,20000,1.5189514999947278
social,Rosenbrock,8,2036.2438645722493,20000,1.4692003999953158
social,Rosenbrock,9,1430.0425589982924,20000,1.5350815999991028
social,Rosenbrock,10,3053.5669892329906,20000,1.5248393999936525
social,Rosenbrock,11,2479.1258090569545,20000,1.4875470999977551
social,Rosenbrock,12,443.36062277087956,20000,1.4810803000000305
social,Rosenbrock,13,2539.4645070378297,20000,1.4495093000005
social,Rosenbrock,14,1398.6226342241432,20000,1.4691928999964148
social,Rosenbrock,15,1310.506115357244,20000,1.4596189000003505
social,Rosenbrock,16,2174.449116882256,20000,1.5411372000089614
social,Rosenbrock,17,1215.890822346422,20000,1.487786599987885
social,Rosenbrock,18,919.8124113996851,20000,1.5985217999987071
social,Rosenbrock,19,974.800469867939,20000,1.6124574999994365
social,Rosenbrock,20,969.074349539661,20000,1.603434999997262
social,Rosenbrock,21,2546.688475677892,20000,1.6260171000030823
social,Rosenbrock,22,1391.4139825729562,20000,1.6434799999988172
social,Rosenbrock,23,1448.46396288172,20000,1.5477285999950254
social,Rosenbrock,24,1177.980583118869,20000,1.558961000002455
social,Rosenbrock,25,185.45699833396432,20000,1.5245565999939572
social,Rosenbrock,26,726.7074446151504,20000,1.5328385000029812
social,Rosenbrock,27,762.3601168397879,20000,1.5864877999993041
social,Rosenbrock,28,2366.134824018951,20000,1.585067699998035
social,Rosenbrock,29,1038.1949695538297,20000,1.6429390999983298
social,Step,0,0.0,20000,1.0674646999977995
social,Step,1,0.0,20000,1.0652499999996508
social,Step,2,385.0,20000,1.0256131000060122
social,Step,3,339.0,20000,0.9972618000028888
social,Step,4,355.0,20000,0.9819050999940373
social,Step,5,0.0,20000,1.016289200008032
social,Step,6,233.0,20000,0.9284659999975702
social,Step,7,215.0,20000,0.9639100000058534
social,Step,8,562.0,20000,0.9746714999928372
social,Step,9,154.0,20000,0.9594597999966936
social,Step,10,398.0,20000,1.0134166000061668
social,Step,11,0.0,20000,0.9487149999913527
social,Step,12,185.0,20000,0.9322393000038574
social,Step,13,290.0,20000,0.9433871999935945
social,Step,14,218.0,20000,0.9176240999950096
social,Step,15,0.0,20000,0.9631526000011945
social,Step,16,444.0,20000,0.9443116000038572
social,Step,17,213.0,20000,0.939889300003415
social,Step,18,302.0,20000,2.2825292000052286
social,Step,19,15.0,20000,2.411187500008964
social,Step,20,448.0,20000,2.352820400003111
social,Step,21,178.0,20000,2.6215172999945935
social,Step,22,0.0,20000,2.6761337999923853
social,Step,23,329.0,20000,2.8033533999987412
social,Step,24,219.0,20000,3.060144200004288
social,Step,25,0.0,20000,3.0679344999953173
social,Step,26,268.0,20000,2.990105600008974
social,Step,27,23.0,20000,3.0216639999998733
social,Step,28,360.0,20000,2.9780778999993345
social,Step,29,315.0,20000,2.9967413999984274
social,Schwefel_2_26,0,-20132.50452354996,20000,3.0572041000123136
social,Schwefel_2_26,1,-19309.58628372183,20000,2.996117900009267
social,Schwefel_2_26,2,-19327.897081348754,20000,3.022390899990569
social,Schwefel_2_26,3,-17335.191564185785,20000,3.0272783000109484
social,Schwefel_2_26,4,-19232.238438249136,20000,3.026240199993481
social,Schwefel_2_26,5,-19966.252629154176,20000,3.0804703000030713
social,Schwefel_2_26,6,-19127.552804113693,20000,2.9711317000037525
social,Schwefel_2_26,7,-19506.64881219965,20000,3.0122097999992548
social,Schwefel_2_26,8,-19894.140936153883,20000,3.014432600000873
social,Schwefel_2_26,9,-18175.784377375126,20000,3.0344910999992862
social,Schwefel_2_26,10,-19906.955055942904,20000,2.975422899995465
social,Schwefel_2_26,11,-19050.67090338304,20000,2.9773453999951016
social,Schwefel_2_26,12,-20122.842429129694,20000,2.997312100007548
social,Schwefel_2_26,13,-19357.82211793928,20000,2.984258399999817
social,Schwefel_2_26,14,-17268.481013739107,20000,2.991220500000054
social,Schwefel_2_26,15,-18572.94760596697,20000,2.9772586999897612
social,Schwefel_2_26,16,-20891.083456998207,20000,3.00881389999995
social,Schwefel_2_26,17,-18734.316630694404,20000,2.9917719999939436
social,Schwefel_2_26,18,-20147.849050412755,20000,2.9850524999928894
social,Schwefel_2_26,19,-19279.546607675515,20000,3.020447700007935
social,Schwefel_2_26,20,-19146.650502602817,20000,2.9606812999991234
social,Schwefel_2_26,21,-18018.896053034092,20000,2.989686900007655
social,Schwefel_2_26,22,-19351.79589238915,20000,2.995163400002639
social,Schwefel_2_26,23,-16520.448986946983,20000,2.960421800002223
social,Schwefel_2_26,24,-18935.491992290117,20000,3.0195691999979317
social,Schwefel_2_26,25,-19921.333916306525,20000,3.0511241999920458
social,Schwefel_2_26,26,-19161.907148237235,20000,2.9915483000077074
social,Schwefel_2_26,27,-19301.848393081957,20000,2.9808450999989873
social,Schwefel_2_26,28,-20401.099381504893,20000,2.978049800003646
social,Schwefel_2_26,29,-19873.236348995917,20000,2.9735416999901645
social,Rastrigin,0,23.97520863783069,20000,3.298069700002088
social,Rastrigin,1,12.49889674954943,20000,3.2836314999876777
social,Rastrigin,2,29.132383602456173,20000,3.3239113000017824
social,Rastrigin,3,19.606939814354178,20000,3.2398049000039464
social,Rastrigin,4,23.11516501303265,20000,3.2463951999961864
social,Rastrigin,5,24.574579280418163,20000,3.3085938000003807
social,Rastrigin,6,30.21814084963296,20000,3.235742400007439
social,Rastrigin,7,17.983071890117003,20000,3.1423009999998612
social,Rastrigin,8,68.29874801251944,20000,3.274569999994128
social,Rastrigin,9,25.632814848734085,20000,3.216714399997727
social,Rastrigin,10,39.50923188179132,20000,3.209101800006465
social,Rastrigin,11,18.463253431109763,20000,3.225799299994833
social,Rastrigin,12,43.02683133630086,20000,3.4012124000000767
social,Rastrigin,13,27.72472917508827,20000,3.415944700012915
social,Rastrigin,14,25.697251698164052,20000,3.3814469000062672
social,Rastrigin,15,32.23534806595143,20000,3.4589067999913823
social,Rastrigin,16,36.486422839720944,20000,3.4601694000011776
social,Rastrigin,17,23.38813349594932,20000,3.512243099990883
social,Rastrigin,18,21.912739699207293,20000,3.546136100005242
social,Rastrigin,19,19.462819707158758,20000,3.5054252999980235
social,Rastrigin,20,16.109388102027538,20000,3.533542800010764
social,Rastrigin,21,42.99779588589672,20000,3.5358912000083365
social,Rastrigin,22,58.20241576992774,20000,3.526896900002612
social,Rastrigin,23,27.85322824397582,20000,3.4829195000056643
social,Rastrigin,24,23.96091514819301,20000,3.526484200003324
social,Rastrigin,25,29.39633712095116,20000,3.508203900011722
social,Rastrigin,26,74.98630921442677,20000,3.5879700999939814
social,Rastrigin,27,18.96834608169945,20000,3.594301599994651
social,Rastrigin,28,23.694118235098188,20000,3.562397500005318
social,Rastrigin,29,30.655804694898336,20000,3.61314269999275
social,Ackley,0,6.307051299869485,20000,3.7689405999990413
social,Ackley,1,6.786954375088975,20000,3.834664399997564
social,Ackley,2,6.718956766402236,20000,3.769310799994855
social,Ackley,3,6.824100107547606,20000,3.721678799993242
social,Ackley,4,6.386883610076367,20000,3.709835400004522
social,Ackley,5,6.136090259513519,20000,3.7346929000050295
social,Ackley,6,4.1978145819670125,20000,3.804255600000033
social,Ackley,7,4.958369749110904,20000,3.7784809000004316
social,Ackley,8,7.6360391459825205,20000,3.774749000003794
social,Ackley,9,4.172222935261161,20000,3.882073400003719
social,Ackley,10,8.130196971432213,20000,3.859825200008345
social,Ackley,11,5.515239574488891,20000,3.874627100012731
social,Ackley,12,5.968262764989436,20000,3.6919485999969766
social,Ackley,13,5.328761562418656,20000,3.6404017000022577
social,Ackley,14,5.462426804287826,20000,3.6659127000020817
social,Ackley,15,6.336528085067197,20000,3.711438199999975
social,Ackley,16,5.836429715579861,20000,3.716687699998147
social,Ackley,17,6.93743265864952,20000,3.6696260000026086
social,Ackley,18,5.299995931779623,20000,3.5411709000036353
social,Ackley,19,6.658097545188809,20000,3.5837674000067636
social,Ackley,20,6.696709780865788,20000,3.6210485999908997
social,Ackley,21,5.9796655622546915,20000,3.622813199996017
social,Ackley,22,5.574406326457609,20000,3.6529948999959743
social,Ackley,23,6.154818846735431,20000,3.6797269999951823
social,Ackley,24,5.50736432567928,20000,3.62226709999959
social,Ackley,25,5.8167403360730106,20000,3.5557124999904772
social,Ackley,26,7.692394470463242,20000,3.580943099994329
social,Ackley,27,5.939675991334912,20000,3.488040699987323
social,Ackley,28,7.517611444939625,20000,3.455766400002176
social,Ackley,29,6.241143646610588,20000,3.478963199988357
social,Griewank,0,1.5876205354369726,20000,3.342267800006084
social,Griewank,1,1.2049088561899526,20000,3.295035999995889
social,Griewank,2,1.6417668668187106,20000,3.2381749999913154
social,Griewank,3,1.4439769770731083,20000,3.2673561999981757
social,Griewank,4,1.4027832702079408,20000,3.2891166000044905
social,Griewank,5,1.6187456494049506,20000,3.3180530999961775
social,Griewank,6,1.3041399717052855,20000,3.5074626999994507
social,Griewank,7,1.2370077052455353,20000,3.5003617000038503
social,Griewank,8,3.1421993966568342,20000,3.53982229999383
social,Griewank,9,1.2636805333797139,20000,3.5206684000004316
social,Griewank,10,1.6996537055037533,20000,3.4958872999995947
social,Griewank,11,1.7238900903146424,20000,3.551512599995476
social,Griewank,12,1.2096934992228956,20000,3.2887463999941247
social,Griewank,13,1.1753355161167542,20000,3.3376162000058684
social,Griewank,14,1.6020685756578148,20000,3.2899564999970607
social,Griewank,15,1.3442803311379241,20000,3.3271869999880437
social,Griewank,16,2.0926610450196463,20000,3.2796497999952408
social,Griewank,17,1.4212668271183475,20000,3.336096200000611
social,Griewank,18,1.2158435762949733,20000,3.3645157999999356
social,Griewank,19,1.3818822344868504,20000,3.345725200008019
social,Griewank,20,1.7033477279030582,20000,3.4000604000029853
social,Griewank,21,1.5595462869612229,20000,3.3533040000038454
social,Griewank,22,1.3889120932414725,20000,3.380835300005856
social,Griewank,23,1.365549241993724,20000,3.392519999993965
social,Griewank,24,1.142162505459234,20000,3.3440988999936963
social,Griewank,25,1.0825019899776556,20000,3.3651112000079593
social,Griewank,26,1.3408715725864133,20000,3.325135199993383
social,Griewank,27,1.3098117371582425,20000,3.345328499999596
social,Griewank,28,1.6709805746116535,20000,3.3501785999978893
social,Griewank,29,1.2305145737412575,20000,3.3285348000063095
social,Penalized,0,1.7942449849578301,20000,8.842521400001715
social,Penalized,1,3.0504820997112505,20000,8.934362799991504
social,Penalized,2,4.924569016778052,20000,8.96639229998982
social,Penalized,3,4.423250470319065,20000,8.962384999991627
social,Penalized,4,7.414594819485762,20000,8.994440300011775
social,Penalized,5,2.679094223421328,20000,9.101445600012084
social,Penalized,6,3.4224481640613758,20000,9.344342899988987
social,Penalized,7,3.8838370954210317,20000,9.418821499988553
social,Penalized,8,2.4656227247026883,20000,9.341549599994323
social,Penalized,9,2.774738751461106,20000,9.438328599993838
social,Penalized,10,3.2387950876036746,20000,9.383938899991335
social,Penalized,11,4.097904329215386,20000,9.478407000002335
social,Penalized,12,3.298187971354162,20000,10.691152100000181
social,Penalized,13,3.473185485500792,20000,10.680297600003541
social,Penalized,14,4.795555044855077,20000,10.778819200000726
social,Penalized,15,2.2089108453765394,20000,10.767095900009735
social,Penalized,16,6.0713548776452,20000,10.684952700001304
social,Penalized,17,3.021754905574645,20000,10.404514399997424
social,Penalized,18,6.99507173195065,20000,3.533872700005304
social,Penalized,19,4.3176638057277925,20000,3.4109036000008928
social,Penalized,20,4.964846943804045,20000,3.1808028999948874
social,Penalized,21,2.812845852710204,20000,2.9995047000120394
social,Penalized,22,2.5940208318404703,20000,2.958208800002467
social,Penalized,23,2.231170772412512,20000,2.7499174999975367
social,Penalized,24,4.642280795116001,20000,2.479002899999614
social,Penalized,25,5.919871174613797,20000,2.4990820000093663
social,Penalized,26,2.48501186782204,20000,2.507160399996792
social,Penalized,27,3.5749842814772093,20000,2.4209542000025976
social,Penalized,28,4.937922362075,20000,2.514987200003816
social,Penalized,29,4.624073734915802,20000,2.4777094000019133
social,Quartic,0,0.0004032761546236677,20000,1.1178713999979664
social,Quartic,1,0.0001150415915940614,20000,1.0751706000010017
social,Quartic,2,0.00012989773947620409,20000,1.0902986000000965
social,Quartic,3,0.00017859359145544422,20000,1.113215899997158
social,Quartic,4,0.0003219298940040689,20000,1.1030003000050783
social,Quartic,5,7.124199885885707e-05,20000,1.1089340000035008
social,Quartic,6,9.845186333214623e-05,20000,1.0849104999942938
social,Quartic,7,0.00037954301520669634,20000,1.0707928000047104
social,Quartic,8,0.0011013669956585776,20000,1.093066200002795
social,Quartic,9,0.00012743079396470498,20000,1.118006199991214
social,Quartic,10,0.0016676402977564761,20000,1.083913599999505
social,Quartic,11,0.0004613378437138172,20000,1.0502348999871174
social,Quartic,12,0.00015465012928037958,20000,1.1261901999969268
social,Quartic,13,0.0014121887051465247,20000,1.0999341999995522
social,Quartic,14,0.0003276048329168007,20000,1.1143281000113348
social,Quartic,15,0.00035107509144787175,20000,1.102228699994157
social,Quartic,16,0.0001923398144209906,20000,1.10061089998635
social,Quartic,17,0.00033368300589277155,20000,1.1133850000042003
social,Quartic,18,0.00031811280065444114,20000,1.0793344000121579
social,Quartic,19,5.764935419347321e-05,20000,1.1094234000047436
social,Quartic,20,0.0002281320973407838,20000,1.1013526000024285
social,Quartic,21,0.0002752665347905029,20000,1.1551116999908118
social,Quartic,22,0.0003841823229875148,20000,1.123607700006687
social,Quartic,23,5.9286970023823826e-05,20000,1.143095399995218
social,Quartic,24,0.00019110608980610596,20000,1.1764829000021564
social,Quartic,25,7.890360771819124e-05,20000,1.1702296000003116
social,Quartic,26,0.0001544930695582986,20000,1.127524599985918
social,Quartic,27,0.0001577562813876782,20000,1.125499600006151
social,Quartic,28,0.000985806267767752,20000,1.172767100011697
social,Quartic,29,8.86843112066882e-05,20000,1.1556711000012
social,Schwefel_1_2,0,821.7847450689057,20000,2.925872400010121
social,Schwefel_1_2,1,772.9518124091936,20000,2.9377190999948652
social,Schwefel_1_2,2,1495.8502410822691,20000,2.9208791999990353
social,Schwefel_1_2,3,1268.323111106079,20000,2.959413000004133
social,Schwefel_1_2,4,1285.0046379011394,20000,2.9248824999958742
social,Schwefel_1_2,5,1210.8758260496477,20000,2.946933799990802
social,Schwefel_1_2,6,801.4986593704331,20000,3.0441831999924034
social,Schwefel_1_2,7,688.9991427891734,20000,3.0410582999902545
social,Schwefel_1_2,8,1234.9820195926793,20000,3.0844465999980457
social,Schwefel_1_2,9,697.7960912589594,20000,3.075295800008462
social,Schwefel_1_2,10,1245.793301359058,20000,3.117345899998327
social,Schwefel_1_2,11,1159.786265035135,20000,3.1421838000096614
social,Schwefel_1_2,12,1492.0361711127136,20000,3.388824800000293
social,Schwefel_1_2,13,1296.5996748186978,20000,3.4620341999980155
social,Schwefel_1_2,14,1476.075043411965,20000,3.3362788000085857
social,Schwefel_1_2,15,360.1961142521974,20000,3.4805345999920974
social,Schwefel_1_2,16,774.9949467864977,20000,3.3595293999969726
social,Schwefel_1_2,17,898.2992499785955,20000,3.413950600006501
social,Schwefel_1_2,18,1226.1702358336945,20000,3.294718599994667
social,Schwefel_1_2,19,1127.358289339359,20000,3.316716400004225
social,Schwefel_1_2,20,1200.5772912312093,20000,3.4251031000021612
social,Schwefel_1_2,21,287.1573023269421,20000,3.3297901000041747
social,Schwefel_1_2,22,503.30490477492276,20000,3.4218734000023687
social,Schwefel_1_2,23,519.5014356805532,20000,3.391224199993303
social,Schwefel_1_2,24,665.3122115007993,20000,3.312873300004867
social,Schwefel_1_2,25,487.21630277023496,20000,3.329687399993418
social,Schwefel_1_2,26,762.6739701173474,20000,3.3216647999943234
social,Schwefel_1_2,27,348.9174761276723,20000,3.339616400000523
social,Schwefel_1_2,28,1094.819221001889,20000,3.2886105999932624
social,Schwefel_1_2,29,846.4085763756011,20000,3.3388727999990806
shuffled,Sphere,0,23.38661873919775,20000,0.9352993000065908
shuffled,Sphere,1,42.36592449310751,20000,0.9748161000024993
shuffled,Sphere,2,71.20526426413707,20000,0.9584254000073997
shuffled,Sphere,3,38.184392490194355,20000,0.9632351000036579
shuffled,Sphere,4,36.157900285983324,20000,1.0155895000061719
shuffled,Sphere,5,20.322049641205727,20000,1.0133523999975296
shuffled,Sphere,6,24.17090217990388,20000,1.0087628000037512
shuffled,Sphere,7,36.331787127222874,20000,0.9734772999945562
shuffled,Sphere,8,122.2028588161783,20000,0.9528122999909101
shuffled,Sphere,9,21.329872164589293,20000,0.9751723000081256
shuffled,Sphere,10,41.578965183907194,20000,1.0095777999958955
shuffled,Sphere,11,21.903402431005425,20000,0.9771457000024384
shuffled,Sphere,12,33.69537550871371,20000,0.9678020999999717
shuffled,Sphere,13,27.88835296786778,20000,0.9645548999978928
shuffled,Sphere,14,34.789219357065676,20000,0.9616612999961944
shuffled,Sphere,15,11.135040576641462,20000,0.9977146000019275
shuffled,Sphere,16,51.611010599586876,20000,0.9919481999968411
shuffled,Sphere,17,37.899948998737194,20000,0.9852991999941878
shuffled,Sphere,18,10.769237652301532,20000,0.9779084000037983
shuffled,Sphere,19,24.962269706131632,20000,0.9768645000003744
shuffled,Sphere,20,28.070779743240497,20000,0.9807357000099728
shuffled,Sphere,21,52.79899230715198,20000,1.015213799997582
shuffled,Sphere,22,49.766394802207415,20000,0.996478200002457
shuffled,Sphere,23,18.560322784293533,20000,1.0036642999912146
shuffled,Sphere,24,27.78550742776361,20000,0.956144999989192
shuffled,Sphere,25,17.06879283627453,20000,0.9990814999910071
shuffled,Sphere,26,35.635845374138036,20000,1.0134133999963524
shuffled,Sphere,27,36.217636242141374,20000,0.9835246000002371
shuffled,Sphere,28,30.84296409535077,20000,0.9882175000093412
shuffled,Sphere,29,37.51059159829237,20000,1.0204978000110714
shuffled,Rosenbrock,0,1318.1337045072119,20000,1.564559399994323
shuffled,Rosenbrock,1,1419.7397033860225,20000,1.5704993000108516
shuffled,Rosenbrock,2,4437.841724045097,20000,1.584308499994222
shuffled,Rosenbrock,3,1495.8439253020204,20000,1.5952688000106718
shuffled,Rosenbrock,4,1462.2396349094743,20000,1.5974251000006916
shuffled,Rosenbrock,5,417.14728370455566,20000,1.5875229999946896
shuffled,Rosenbrock,6,610.8350197984375,20000,1.5651377000031061
shuffled,Rosenbrock,7,1023.5205784033548,20000,1.5389002000010805
shuffled,Rosenbrock,8,1854.4983616706277,20000,1.588655799991102
shuffled,Rosenbrock,9,616.4398578423629,20000,1.5662255000061123
shuffled,Rosenbrock,10,2356.8750305426925,20000,1.6251205000007758
shuffled,Rosenbrock,11,1727.8164692448315,20000,1.612845899988315
shuffled,Rosenbrock,12,442.4391678370282,20000,1.5688699000020279
shuffled,Rosenbrock,13,1067.1726857187266,20000,1.6243588000070304
shuffled,Rosenbrock,14,1159.3286086125806,20000,1.6032014999946114
shuffled,Rosenbrock,15,2005.5205019055597,20000,1.5852957000024617
shuffled,Rosenbrock,16,2890.439348590039,20000,1.641531200002646
shuffled,Rosenbrock,17,743.5408465557496,20000,1.6194876999943517
shuffled,Rosenbrock,18,713.1885708547517,20000,1.564835299999686
shuffled,Rosenbrock,19,597.7562355770201,20000,1.6070948999986285
shuffled,Rosenbrock,20,391.30200560151104,20000,1.5986532999959309
shuffled,Rosenbrock,21,2569.45505860699,20000,1.6114129000052344
shuffled,Rosenbrock,22,657.8530032967267,20000,1.6198062999901595
shuffled,Rosenbrock,23,2180.754866933811,20000,1.5488580999954138
shuffled,Rosenbrock,24,657.4101437844031,20000,1.6471930999978213
shuffled,Rosenbrock,25,669.8771970574703,20000,1.7157110999978613
shuffled,Rosenbrock,26,1403.2465197010847,20000,1.7930357000004733
shuffled,Rosenbrock,27,1830.9583900750622,20000,1.8859021000098437
shuffled,Rosenbrock,28,2421.660733653581,20000,2.0270517000026302
shuffled,Rosenbrock,29,1033.6992799939574,20000,1.9838256999937585
shuffled,Step,0,0.0,20000,1.479612499999348
shuffled,Step,1,4.0,20000,1.4691032999980962
shuffled,Step,2,416.0,20000,1.4538458000024548
shuffled,Step,3,0.0,20000,1.4747524999984307
shuffled,Step,4,67.0,20000,1.4685418000008212
shuffled,Step,5,0.0,20000,1.4503869000036502
shuffled,Step,6,13.0,20000,1.4304849000036484
shuffled,Step,7,273.0,20000,1.419724799998221
shuffled,Step,8,25.0,20000,1.470977999997558
shuffled,Step,9,113.0,20000,1.4357099999906495
shuffled,Step,10,222.0,20000,1.4931995000079041
shuffled,Step,11,0.0,20000,1.445195899999817
shuffled,Step,12,226.0,20000,1.4247953000012785
shuffled,Step,13,154.0,20000,1.4086169999936828
shuffled,Step,14,2.0,20000,1.4700850000081118
shuffled,Step,15,39.0,20000,1.4303085999999894
shuffled,Step,16,159.0,20000,1.4444918999943184
shuffled,Step,17,0.0,20000,1.4118680999963544
shuffled,Step,18,188.0,20000,1.4473355999944033
shuffled,Step,19,293.0,20000,1.4248010000010254
shuffled,Step,20,133.0,20000,1.4154656000027899
shuffled,Step,21,292.0,20000,1.4489079999912065
shuffled,Step,22,340.0,20000,1.4794756000046618
shuffled,Step,23,174.0,20000,1.4391281999996863
shuffled,Step,24,280.0,20000,1.4425267999904463
shuffled,Step,25,0.0,20000,1.4104032999894116
shuffled,Step,26,138.0,20000,1.4739660000050208
shuffled,Step,27,368.0,20000,1.398160500000813
shuffled,Step,28,219.0,20000,1.434960400001728
shuffled,Step,29,0.0,20000,1.4854548000002978
shuffled,Schwefel_2_26,0,-19985.100895519914,20000,1.4360063999920385
shuffled,Schwefel_2_26,1,-20063.554185062687,20000,1.4323108999960823
shuffled,Schwefel_2_26,2,-19278.9555390883,20000,1.4221782999957213
shuffled,Schwefel_2_26,3,-17301.892237587206,20000,1.4433164000074612
shuffled,Schwefel_2_26,4,-19400.249241031517,20000,1.448704499998712
shuffled,Schwefel_2_26,5,-20351.136791189405,20000,1.4423169999936363
shuffled,Schwefel_2_26,6,-18452.992898897595,20000,1.4609071999875596
shuffled,Schwefel_2_26,7,-19327.141116207866,20000,1.4478656999999657
shuffled,Schwefel_2_26,8,-19239.460462162475,20000,1.4678515999985393
shuffled,Schwefel_2_26,9,-18162.61288105013,20000,1.43876909998653
shuffled,Schwefel_2_26,10,-19985.66132346905,20000,1.4612145999999484
shuffled,Schwefel_2_26,11,-19013.88868603985,20000,1.4866585999989184
shuffled,Schwefel_2_26,12,-19776.50661993014,20000,1.4448501000006218
shuffled,Schwefel_2_26,13,-19420.59001209151,20000,1.413051399998949
shuffled,Schwefel_2_26,14,-16385.138032439794,20000,1.47659730000305
shuffled,Schwefel_2_26,15,-18336.74972552202,20000,1.438616200000979
shuffled,Schwefel_2_26,16,-20923.20978459791,20000,1.4378395000094315
shuffled,Schwefel_2_26,17,-18293.197601408825,20000,1.471099000002141
shuffled,Schwefel_2_26,18,-19820.879766225713,20000,1.4118687000009231
shuffled,Schwefel_2_26,19,-19263.750611777592,20000,1.3980888000078266
shuffled,Schwefel_2_26,20,-19176.1031429205,20000,1.463543000005302
shuffled,Schwefel_2_26,21,-18973.64819780238,20000,1.4584677999955602
shuffled,Schwefel_2_26,22,-19491.42132457971,20000,1.4407199999986915
shuffled,Schwefel_2_26,23,-19987.278170510872,20000,1.4153200000000652
shuffled,Schwefel_2_26,24,-19130.20151172037,20000,1.44914680000511
shuffled,Schwefel_2_26,25,-19833.131098182588,20000,1.409411699991324
shuffled,Schwefel_2_26,26,-19032.125082996354,20000,1.4266645000025164
shuffled,Schwefel_2_26,27,-19479.121292869037,20000,1.4466966000036336
shuffled,Schwefel_2_26,28,-20590.560913657122,20000,1.4590747999900486
shuffled,Schwefel_2_26,29,-20337.02951877305,20000,1.446285900005023
shuffled,Rastrigin,0,23.816223123166253,20000,1.4956123000010848
shuffled,Rastrigin,1,27.260275199154194,20000,1.490400499998941
shuffled,Rastrigin,2,33.107319699650986,20000,1.5881747000094038
shuffled,Rastrigin,3,38.872883956600674,20000,1.5800748999899952
shuffled,Rastrigin,4,76.86214274456708,20000,1.671289899997646
shuffled,Rastrigin,5,27.744000007779107,20000,1.6220780000003288
shuffled,Rastrigin,6,49.393529002886396,20000,1.6947746999940136
shuffled,Rastrigin,7,21.57787090484578,20000,1.9278908999986015
shuffled,Rastrigin,8,18.95169815210801,20000,3.0262887999997474
shuffled,Rastrigin,9,36.21590050087974,20000,3.1165320000000065
shuffled,Rastrigin,10,49.99306965648199,20000,3.999294099994586
shuffled,Rastrigin,11,25.778075764491177,20000,4.099325000002864
shuffled,Rastrigin,12,18.119363851428716,20000,4.2294309999997495
shuffled,Rastrigin,13,34.51911183594456,20000,4.145218000005116
shuffled,Rastrigin,14,13.515534777954485,20000,4.068467000004603
shuffled,Rastrigin,15,18.670140246586413,20000,4.087421799995354
shuffled,Rastrigin,16,29.158630090830343,20000,4.147320499992929
shuffled,Rastrigin,17,36.34021246582813,20000,4.211333200000809
shuffled,Rastrigin,18,14.914521391275287,20000,4.23029680000036
shuffled,Rastrigin,19,41.447992048150354,20000,4.187930200001574
shuffled,Rastrigin,20,21.800241179717943,20000,4.172276800003601
shuffled,Rastrigin,21,20.371213024902033,20000,4.218880600004923
shuffled,Rastrigin,22,23.81541582259797,20000,4.135616900006426
shuffled,Rastrigin,23,47.39385661544952,20000,4.1510085000045365
shuffled,Rastrigin,24,39.83584097891588,20000,4.156873800005997
shuffled,Rastrigin,25,14.10827008254256,20000,4.178482199989958
shuffled,Rastrigin,26,43.21488713936867,20000,4.228177199998754
shuffled,Rastrigin,27,19.190006617053882,20000,4.2056083000061335
shuffled,Rastrigin,28,18.693786762081174,20000,4.152754199996707
shuffled,Rastrigin,29,16.587649433027536,20000,4.119591999988188
shuffled,Ackley,0,4.326435695350661,20000,4.72232649999205
shuffled,Ackley,1,5.550273195958599,20000,4.706298400007654
shuffled,Ackley,2,5.209208621336284,20000,4.770253499998944
shuffled,Ackley,3,6.249919284812812,20000,4.822363900006167
shuffled,Ackley,4,7.144527784970215,20000,4.866884400005802
shuffled,Ackley,5,6.709076837349421,20000,4.736268900000141
shuffled,Ackley,6,5.351224097544026,20000,4.7520507000008365
shuffled,Ackley,7,5.520318210691016,20000,4.7862027999944985
shuffled,Ackley,8,6.903928884745213,20000,4.72639340000751
shuffled,Ackley,9,6.100953944483106,20000,4.7117985999939265
shuffled,Ackley,10,7.850205113438161,20000,4.763706699988688
shuffled,Ackley,11,5.2474581076893365,20000,4.7271552000020165
shuffled,Ackley,12,6.1315420539602705,20000,4.748858699997072
shuffled,Ackley,13,5.636748746292618,20000,4.7270902000018395
shuffled,Ackley,14,5.656895923031737,20000,4.792215299996315
shuffled,Ackley,15,6.1111641256712055,20000,4.725071600012598
shuffled,Ackley,16,6.075864925705016,20000,4.813815699992119
shuffled,Ackley,17,5.815294305759505,20000,4.713725900001009
shuffled,Ackley,18,5.505829054908315,20000,4.698155799997039
shuffled,Ackley,19,5.432772115188136,20000,4.648960599995917
shuffled,Ackley,20,6.913441366067833,20000,4.651609299995471
shuffled,Ackley,21,7.093170903221752,20000,4.704808499998762
shuffled,Ackley,22,5.3472069270350175,20000,4.656498199998168
shuffled,Ackley,23,5.495947711490576,20000,4.710813400000916
shuffled,Ackley,24,7.00649141081637,20000,4.645149299991317
shuffled,Ackley,25,6.247762540542247,20000,4.563702100000228
shuffled,Ackley,26,5.114636410510695,20000,4.79875479999464
shuffled,Ackley,27,5.4756601799067255,20000,4.777552699990338
shuffled,Ackley,28,5.758459707340904,20000,4.852101299999049
shuffled,Ackley,29,4.731719391366646,20000,4.848775599995861
shuffled,Griewank,0,1.4249958882133358,20000,4.547286000000895
shuffled,Griewank,1,1.350920503403368,20000,4.492400199989788
shuffled,Griewank,2,1.9637689323369465,20000,4.425570100007462
shuffled,Griewank,3,1.515502480824078,20000,4.45102360000601
shuffled,Griewank,4,1.3421180184090367,20000,3.1945503000024473
shuffled,Griewank,5,1.4847667726948375,20000,3.2174288000096567
shuffled,Griewank,6,1.2613173663910966,20000,2.9756405999942217
shuffled,Griewank,7,1.2966180896527284,20000,2.969881400000304
shuffled,Griewank,8,2.0769487058130744,20000,1.49811800000316
shuffled,Griewank,9,1.1485985687527156,20000,1.3794799000024796
shuffled,Griewank,10,1.5992108410514319,20000,1.1785088000033284
shuffled,Griewank,11,1.2501016237510432,20000,1.1966951999929734
shuffled,Griewank,12,1.3163835917753341,20000,1.171666299997014
shuffled,Griewank,13,1.3419088673236386,20000,1.2132926000049338
shuffled,Griewank,14,1.3742698844462211,20000,1.1598767000105
shuffled,Griewank,15,1.2203951524618204,20000,1.0986796000070171
shuffled,Griewank,16,1.3923736139514626,20000,1.1902589999954216
shuffled,Griewank,17,1.3923254129947495,20000,1.1471064999932423
shuffled,Griewank,18,1.2124331231844834,20000,1.1817793999944115
shuffled,Griewank,19,1.372274740795673,20000,1.1625518000073498
shuffled,Griewank,20,1.5304488080330056,20000,1.2520591000065906
shuffled,Griewank,21,1.9199959472474335,20000,1.26493040000787
shuffled,Griewank,22,1.452709498740783,20000,1.3356243000016548
shuffled,Griewank,23,1.2696237441217333,20000,1.3704881000012392
shuffled,Griewank,24,1.4530813913482359,20000,1.3332134999945993
shuffled,Griewank,25,1.197188534258611,20000,1.3263203000096837
shuffled,Griewank,26,1.3639294374589679,20000,1.306021199998213
shuffled,Griewank,27,1.8531762976163173,20000,1.3270398000022396
shuffled,Griewank,28,1.459120689004186,20000,1.1778408999962267
shuffled,Griewank,29,1.3215255418695218,20000,1.1806406999967294
shuffled,Penalized,0,3.474126657100431,20000,2.831224100009422
shuffled,Penalized,1,5.188899732622711,20000,2.7643161000014516
shuffled,Penalized,2,4.644280335795227,20000,2.7495733000105247
shuffled,Penalized,3,5.6989383930596365,20000,2.7530942000012146
shuffled,Penalized,4,2.2977180384070235,20000,2.744776300009107
shuffled,Penalized,5,3.385259861532133,20000,2.7385972999909427
shuffled,Penalized,6,3.6849424973640135,20000,2.7103736999997636
shuffled,Penalized,7,1.9069264361249727,20000,2.7387381000007736
shuffled,Penalized,8,3.168588447564507,20000,2.7098890999914147
shuffled,Penalized,9,4.330076848875714,20000,2.776127200006158
shuffled,Penalized,10,3.2720495188165244,20000,2.738576700008707
shuffled,Penalized,11,2.781340524894727,20000,2.7386708999983966
shuffled,Penalized,12,2.8748662843557087,20000,2.7000550999946427
shuffled,Penalized,13,3.6711620705184926,20000,2.7154015000123763
shuffled,Penalized,14,4.742586661070029,20000,2.7619717000052333
shuffled,Penalized,15,2.4742651724541536,20000,2.824001400003908
shuffled,Penalized,16,7.920086242325161,20000,2.8736292000103276
shuffled,Penalized,17,2.4460720050795395,20000,2.895784599997569
shuffled,Penalized,18,3.349823490084554,20000,4.206738299995777
shuffled,Penalized,19,5.839192110717414,20000,4.730743499996606
shuffled,Penalized,20,3.8928596315397312,20000,5.898394100004225
shuffled,Penalized,21,2.8985983648520004,20000,6.4486579000076745
shuffled,Penalized,22,2.1287307502816777,20000,7.817063199996483
shuffled,Penalized,23,3.593582414336338,20000,7.935837199998787
shuffled,Penalized,24,3.764973628375275,20000,11.20398840001144
shuffled,Penalized,25,4.948441370560174,20000,11.116088499999023
shuffled,Penalized,26,2.5337511660636265,20000,11.10635370000091
shuffled,Penalized,27,2.505516238658754,20000,11.083199000000604
shuffled,Penalized,28,4.160877535113464,20000,11.189864300002228
shuffled,Penalized,29,4.143900132344413,20000,11.163681199992425
shuffled,Quartic,0,0.000412415265071603,20000,4.407381900004111
shuffled,Quartic,1,0.0002039728339716418,20000,4.406115699996008
shuffled,Quartic,2,0.00019903820291154777,20000,4.39671040000394
shuffled,Quartic,3,0.00012380318378168626,20000,4.452495000005001
shuffled,Quartic,4,0.0007233052278187869,20000,4.470635900011985
shuffled,Quartic,5,6.314165698260072e-05,20000,4.429051900006016
shuffled,Quartic,6,0.000397647017836274,20000,4.4532439000031445
shuffled,Quartic,7,0.0011209744799210036,20000,4.44287610000174
shuffled,Quartic,8,0.001384523763465187,20000,4.508751700006542
shuffled,Quartic,9,3.2004443321607716e-05,20000,4.425855599998613
shuffled,Quartic,10,0.0003827018848877766,20000,4.431895200003055
shuffled,Quartic,11,0.00017894263315186088,20000,4.456941700002062
shuffled,Quartic,12,0.000650879668804664,20000,4.397531399998115
shuffled,Quartic,13,0.0003312911471807333,20000,4.398697399999946
shuffled,Quartic,14,6.104786242962331e-05,20000,4.342040899995482
shuffled,Quartic,15,0.0002523650609837188,20000,4.408401199994842
shuffled,Quartic,16,0.00020918865795358998,20000,4.446464200009359
shuffled,Quartic,17,0.0003968322535918772,20000,4.4076366999943275
shuffled,Quartic,18,0.00017249790882999542,20000,4.44485369999893
shuffled,Quartic,19,0.0008479171355497984,20000,4.432351700001163
shuffled,Quartic,20,0.0003430123327695798,20000,4.480633500003023
shuffled,Quartic,21,0.0003210412248646426,20000,4.423823999997694
shuffled,Quartic,22,0.0007323727587709377,20000,4.5051928000029875
shuffled,Quartic,23,0.00011370375249114922,20000,4.425620699999854
shuffled,Quartic,24,0.0003820830361040996,20000,4.44972940000298
shuffled,Quartic,25,0.0003035510164080231,20000,4.437994699997944
shuffled,Quartic,26,0.0003252850104879372,20000,4.539800500002457
shuffled,Quartic,27,0.0004510598288465895,20000,4.468508499994641
shuffled,Quartic,28,0.0005129101579984847,20000,4.465668299992103
shuffled,Quartic,29,5.49032377686956e-05,20000,4.524781000000075
shuffled,Schwefel_1_2,0,715.4360923288108,20000,16.55004870000994
shuffled,Schwefel_1_2,1,1320.3955732191064,20000,16.30658429999312
shuffled,Schwefel_1_2,2,3001.2415684300067,20000,16.61904140000115
shuffled,Schwefel_1_2,3,1326.118341638533,20000,16.499273900000844
shuffled,Schwefel_1_2,4,950.7268747568824,20000,16.57618810000713
shuffled,Schwefel_1_2,5,705.9182886404371,20000,16.69026030000532
shuffled,Schwefel_1_2,6,487.82934271034264,20000,13.982166500005405
shuffled,Schwefel_1_2,7,1090.4894735207913,20000,13.76174549999996
shuffled,Schwefel_1_2,8,822.9409245800322,20000,12.363005799998064
shuffled,Schwefel_1_2,9,930.0630084108518,20000,11.942367499999818
shuffled,Schwefel_1_2,10,1047.1725804764744,20000,10.595231400002376
shuffled,Schwefel_1_2,11,1313.2162852547037,20000,10.467283799996949
shuffled,Schwefel_1_2,12,882.0360742284072,20000,4.936922099994263
shuffled,Schwefel_1_2,13,1325.175917238014,20000,4.942366000002949
shuffled,Schwefel_1_2,14,1650.1436041064526,20000,4.866535799999838
shuffled,Schwefel_1_2,15,250.85185826890114,20000,4.931454400008079
shuffled,Schwefel_1_2,16,762.7096588046292,20000,4.897533099996508
shuffled,Schwefel_1_2,17,984.2170431820805,20000,4.613510900002439
shuffled,Schwefel_1_2,18,987.3986726235332,20000,6.5134033000067575
shuffled,Schwefel_1_2,19,1137.1254748517786,20000,6.814462000009371
shuffled,Schwefel_1_2,20,1024.8725078610407,20000,7.957700200000545
shuffled,Schwefel_1_2,21,489.33074068430466,20000,8.636992500003544
shuffled,Schwefel_1_2,22,857.5085761690898,20000,9.522841599988169
shuffled,Schwefel_1_2,23,529.5552110475425,20000,10.004611899988959
shuffled,Schwefel_1_2,24,836.4323152589778,20000,16.382466400013072
shuffled,Schwefel_1_2,25,748.3437102526586,20000,16.220805000004475
shuffled,Schwefel_1_2,26,935.6485371601917,20000,16.20513139999821
shuffled,Schwefel_1_2,27,375.40025769664925,20000,16.234076199994888
shuffled,Schwefel_1_2,28,769.5380055417302,20000,16.044325700000627
shuffled,Schwefel_1_2,29,761.4959633138836,20000,16.377859300002456
uniform,Sphere,0,66.26311499560278,20000,3.4256978999910643
uniform,Sphere,1,25.162546860623948,20000,3.378885199999786
uniform,Sphere,2,64.19309589551884,20000,3.427674799997476
uniform,Sphere,3,55.77784615057141,20000,3.442697999998927
uniform,Sphere,4,34.227129913057155,20000,3.4416997999942396
uniform,Sphere,5,50.86027983568729,20000,3.413350700007868
uniform,Sphere,6,19.396667330597488,20000,3.399923299992224
uniform,Sphere,7,36.91093480919518,20000,3.4349069999880157
uniform,Sphere,8,69.46384031271646,20000,3.4696851999906357
uniform,Sphere,9,17.06507153532877,20000,3.51422700000694
uniform,Sphere,10,77.75536673361391,20000,3.502089999994496
uniform,Sphere,11,55.571104635509066,20000,3.498752699990291
uniform,Sphere,12,35.79214846846789,20000,3.5029997999954503
uniform,Sphere,13,37.33609564348301,20000,3.516460200000438
uniform,Sphere,14,43.69066202253109,20000,3.532357200005208
uniform,Sphere,15,25.719273664906787,20000,3.519136500006425
uniform,Sphere,16,68.85179157225122,20000,3.4227287999965483
uniform,Sphere,17,74.7126638581996,20000,3.461115099999006
uniform,Sphere,18,24.957827164215203,20000,3.4397313999943435
uniform,Sphere,19,14.925587766742467,20000,3.5195493000064744
uniform,Sphere,20,28.334290330037025,20000,3.5642227999924216
uniform,Sphere,21,38.01597691558901,20000,3.510609699995257
uniform,Sphere,22,38.52518718542114,20000,3.5871330999943893
uniform,Sphere,23,54.635192909130446,20000,3.5671966999943834
uniform,Sphere,24,42.298613205986406,20000,3.5774764999951003
uniform,Sphere,25,33.97269812152345,20000,3.5955993000097806
uniform,Sphere,26,33.326750491826736,20000,3.6075380999973277
uniform,Sphere,27,41.17116544667698,20000,3.6149574000010034
uniform,Sphere,28,49.561750405485014,20000,3.574365200009197
uniform,Sphere,29,48.61577668824898,20000,3.576729800013709
uniform,Rosenbrock,0,2521.0531281482977,20000,5.787965299998177
uniform,Rosenbrock,1,4601.478726744279,20000,5.678981999997632
uniform,Rosenbrock,2,2843.6251035425234,20000,5.713484400010202
uniform,Rosenbrock,3,1277.5297377221293,20000,5.638183299990487
uniform,Rosenbrock,4,1258.8748692715978,20000,5.656807999999728
uniform,Rosenbrock,5,596.5063250930541,20000,5.603283800010104
uniform,Rosenbrock,6,1286.2423913300659,20000,5.645046000005095
uniform,Rosenbrock,7,369.6046252164916,20000,5.546447200002149
uniform,Rosenbrock,8,2805.2923181156566,20000,5.597464899998158
uniform,Rosenbrock,9,1611.5741928913524,20000,5.560574500006624
uniform,Rosenbrock,10,2740.526526165194,20000,5.544244200005778
uniform,Rosenbrock,11,1467.6037148019827,20000,5.547091800006456
uniform,Rosenbrock,12,374.8351692872745,20000,5.52949179999996
uniform,Rosenbrock,13,2349.4713680487266,20000,5.522330599997076
uniform,Rosenbrock,14,888.9782597826066,20000,5.5950696999934735
uniform,Rosenbrock,15,1334.4378617823036,20000,5.643358700006502
uniform,Rosenbrock,16,2188.6732061535818,20000,5.679570699998294
uniform,Rosenbrock,17,838.186567918854,20000,5.600124499993399
uniform,Rosenbrock,18,1160.9763236248025,20000,5.764327400000184
uniform,Rosenbrock,19,499.10666595243083,20000,5.76003099999798
uniform,Rosenbrock,20,454.73154042454996,20000,5.729074400005629
uniform,Rosenbrock,21,1846.3496732904543,20000,5.67123979999451
uniform,Rosenbrock,22,1760.126180391904,20000,5.623658199998317
uniform,Rosenbrock,23,3106.5817495302513,20000,5.561636099999305
uniform,Rosenbrock,24,898.0923776790044,20000,5.552649500008556
uniform,Rosenbrock,25,1294.039295397656,20000,5.57071200000064
uniform,Rosenbrock,26,811.2555099598667,20000,5.565760700003011
uniform,Rosenbrock,27,1036.1590085441062,20000,5.548990600000252
uniform,Rosenbrock,28,1888.072106683665,20000,5.586822400000528
uniform,Rosenbrock,29,931.85609126593,20000,5.531273900007363
uniform,Step,0,0.0,20000,3.633803999997326
uniform,Step,1,7.0,20000,3.7295072999986587
uniform,Step,2,0.0,20000,3.640419800009113
uniform,Step,3,142.0,20000,3.6362116999953287
uniform,Step,4,0.0,20000,3.650993799994467
uniform,Step,5,133.0,20000,3.633105800006888
uniform,Step,6,128.0,20000,3.6312770000076853
uniform,Step,7,120.0,20000,3.6283171999966726
uniform,Step,8,315.0,20000,3.635262800002238
uniform,Step,9,162.0,20000,3.610195899993414
uniform,Step,10,153.0,20000,3.681500499995309
uniform,Step,11,220.0,20000,3.6501604999939445
uniform,Step,12,1.0,20000,3.731586800000514
uniform,Step,13,255.0,20000,3.6263671000051545
uniform,Step,14,187.0,20000,3.6835318000084953
uniform,Step,15,220.0,20000,3.692726199995377
uniform,Step,16,0.0,20000,3.7148712999915006
uniform,Step,17,229.0,20000,3.6631832999992184
uniform,Step,18,0.0,20000,3.6586495999945328
uniform,Step,19,272.0,20000,3.587746799996239
uniform,Step,20,1.0,20000,3.661865399990347
uniform,Step,21,243.0,20000,3.5747705999965547
uniform,Step,22,116.0,20000,3.6334692999953404
uniform,Step,23,175.0,20000,3.612172199995257
uniform,Step,24,0.0,20000,3.694585499993991
uniform,Step,25,110.0,20000,3.644822300004307
uniform,Step,26,142.0,20000,3.6291551000031177
uniform,Step,27,240.0,20000,3.611805700013065
uniform,Step,28,222.0,20000,3.7017747000063537
uniform,Step,29,228.0,20000,3.6436635999998543
uniform,Schwefel_2_26,0,-19600.540919759012,20000,3.590287300001364
uniform,Schwefel_2_26,1,-19741.882125706594,20000,3.662247100000968
uniform,Schwefel_2_26,2,-19102.450147149873,20000,3.5732756999932462
uniform,Schwefel_2_26,3,-18588.195176747977,20000,3.556346500001382
uniform,Schwefel_2_26,4,-19355.12144489003,20000,3.640949599997839
uniform,Schwefel_2_26,5,-20338.750561730005,20000,3.640103400000953
uniform,Schwefel_2_26,6,-19230.85116161655,20000,3.66081590000249
uniform,Schwefel_2_26,7,-19485.50437951717,20000,3.653305799991358
uniform,Schwefel_2_26,8,-19794.021994661947,20000,3.619543299995712
uniform,Schwefel_2_26,9,-18622.187960176874,20000,3.665345699992031
uniform,Schwefel_2_26,10,-19913.868150934664,20000,3.6297265000030166
uniform,Schwefel_2_26,11,-18875.717823294905,20000,3.566938799995114
uniform,Schwefel_2_26,12,-19762.998462228632,20000,3.6585450999991735
uniform,Schwefel_2_26,13,-19476.530431980962,20000,3.6456756999978097
uniform,Schwefel_2_26,14,-16273.663515526474,20000,3.6773533999948995
uniform,Schwefel_2_26,15,-18419.615207274794,20000,3.690091600001324
uniform,Schwefel_2_26,16,-20738.84279030082,20000,3.6891546999977436
uniform,Schwefel_2_26,17,-18403.54950652274,20000,3.6852897999924608
uniform,Schwefel_2_26,18,-20057.410438175815,20000,3.677601899995352
uniform,Schwefel_2_26,19,-19188.186960394545,20000,3.697095099996659
uniform,Schwefel_2_26,20,-19222.608883541725,20000,3.732714300000225
uniform,Schwefel_2_26,21,-18141.695692798407,20000,3.6961345999879995
uniform,Schwefel_2_26,22,-19376.6397693673,20000,3.660296499991091
uniform,Schwefel_2_26,23,-19750.805385445936,20000,3.625272200006293
uniform,Schwefel_2_26,24,-19391.187882438855,20000,3.6361183999979403
uniform,Schwefel_2_26,25,-19871.4713322221,20000,3.579827000008663
uniform,Schwefel_2_26,26,-19025.940259935698,20000,3.5602539000101388
uniform,Schwefel_2_26,27,-19138.814245942456,20000,3.552544599995599
uniform,Schwefel_2_26,28,-20322.769276264877,20000,3.6295160000008764
uniform,Schwefel_2_26,29,-19885.68840556073,20000,3.5885236999893095
uniform,Rastrigin,0,54.5862918104736,20000,3.9041760999971302
uniform,Rastrigin,1,26.437516590162204,20000,3.9180160999967484
uniform,Rastrigin,2,28.13814181275319,20000,3.8977735999942524
uniform,Rastrigin,3,17.658945964220663,20000,3.9082202999998117
uniform,Rastrigin,4,32.22934770999012,20000,3.870278500005952
uniform,Rastrigin,5,30.589778597907582,20000,3.920663600001717
uniform,Rastrigin,6,39.59537090897811,20000,3.983680600009393
uniform,Rastrigin,7,22.10733759763184,20000,3.9387117000005674
uniform,Rastrigin,8,37.00316917680817,20000,3.9806381999951554
uniform,Rastrigin,9,42.43793207649048,20000,4.013172100007068
uniform,Rastrigin,10,25.09085524473062,20000,3.939601100006257
uniform,Rastrigin,11,33.476459872279634,20000,3.9113177999970503
uniform,Rastrigin,12,25.78222483869382,20000,3.8424575999961235
uniform,Rastrigin,13,25.559134141516836,20000,3.8543180000124266
uniform,Rastrigin,14,38.12689887038215,20000,3.8678804999944987
uniform,Rastrigin,15,31.43908846711912,20000,3.8562192999961553
uniform,Rastrigin,16,22.064955536989885,20000,3.870512100009364
uniform,Rastrigin,17,21.83003269807199,20000,3.822064899999532
uniform,Rastrigin,18,14.875019173640112,20000,3.7952694999985397
uniform,Rastrigin,19,24.540873498529777,20000,3.9027589000033913
uniform,Rastrigin,20,22.544745410004623,20000,3.812411599996267
uniform,Rastrigin,21,17.973622685831458,20000,3.8346237000077963
uniform,Rastrigin,22,34.38352130186456,20000,3.9028604999912204
uniform,Rastrigin,23,23.619498312270196,20000,3.86232430000382
uniform,Rastrigin,24,31.79799108707448,20000,2.9485788000019966
uniform,Rastrigin,25,24.95571421585322,20000,2.930674800009001
uniform,Rastrigin,26,31.36379444462972,20000,2.922480200009886
uniform,Rastrigin,27,26.63211996430772,20000,2.6962914999894565
uniform,Rastrigin,28,29.181198948193696,20000,2.144314499993925
uniform,Rastrigin,29,14.697857091128071,20000,2.1513589000096545
uniform,Ackley,0,6.738854910745136,20000,1.6409639999910723
uniform,Ackley,1,7.385082205445681,20000,1.6451498999958858
uniform,Ackley,2,7.906402876617699,20000,1.6494315000018105
uniform,Ackley,3,6.356820174690345,20000,1.6022778999904403
uniform,Ackley,4,6.436905267226976,20000,1.4778070999891497
uniform,Ackley,5,5.835776649291422,20000,1.473651799999061
uniform,Ackley,6,4.366451667939092,20000,1.1912242999969749
uniform,Ackley,7,5.46075698870013,20000,1.255787899994175
uniform,Ackley,8,7.271951150555083,20000,1.270690300007118
uniform,Ackley,9,5.6194443538015335,20000,1.2474156999960542
uniform,Ackley,10,6.664499237138607,20000,1.297141200004262
uniform,Ackley,11,4.591387345479447,20000,1.3543600999983028
uniform,Ackley,12,5.265599969311172,20000,1.373233899998013
uniform,Ackley,13,6.302604573807201,20000,1.3005322999961209
uniform,Ackley,14,6.663505320992936,20000,1.2922282999934396
uniform,Ackley,15,5.568229962831371,20000,1.2710875000047963
uniform,Ackley,16,5.712729849856437,20000,1.237463099998422
uniform,Ackley,17,7.142397031058213,20000,1.2080611999990651
uniform,Ackley,18,6.281233305135604,20000,1.233154799992917
uniform,Ackley,19,5.262363397886801,20000,1.2113710999983596
uniform,Ackley,20,7.014743624958616,20000,1.2137527000013506
uniform,Ackley,21,5.779777634581713,20000,1.1932972999929916
uniform,Ackley,22,6.133893060665276,20000,1.216193000000203
uniform,Ackley,23,6.613091393546231,20000,1.2222418999881484
uniform,Ackley,24,6.3747776238955645,20000,2.459542299999157
uniform,Ackley,25,5.634759046470961,20000,2.553256400002283
uniform,Ackley,26,4.7106380619876695,20000,2.6626671999983955
uniform,Ackley,27,5.453942596574631,20000,2.6702649000071688
uniform,Ackley,28,7.522082747269096,20000,3.3014859999966575
uniform,Ackley,29,7.030847167955178,20000,3.4243271999876015
uniform,Griewank,0,2.2140429608213594,20000,4.539827000000514
uniform,Griewank,1,1.3592459332886957,20000,4.523354600009043
uniform,Griewank,2,1.5473163574326914,20000,4.569035900000017
uniform,Griewank,3,1.6350891177443103,20000,4.626291299995501
uniform,Griewank,4,1.3665848370693885,20000,4.863056100002723
uniform,Griewank,5,1.7835381617082728,20000,4.819290500003262
uniform,Griewank,6,1.314327811067798,20000,5.321024299992132
uniform,Griewank,7,1.4440388373079425,20000,5.318609399997513
uniform,Griewank,8,2.2705183663579893,20000,5.313409100010176
uniform,Griewank,9,1.4298823700266063,20000,5.304725000009057
uniform,Griewank,10,2.0763949210462216,20000,5.319880199996987
uniform,Griewank,11,1.3873148948143106,20000,5.311737699987134
uniform,Griewank,12,1.4846265083109214,20000,5.330758599986439
uniform,Griewank,13,1.4859805103201769,20000,5.346535400007269
uniform,Griewank,14,1.3578667949385292,20000,5.350732500010054
uniform,Griewank,15,1.351586848628179,20000,5.286471100000199
uniform,Griewank,16,1.6859163991248955,20000,5.363124700001208
uniform,Griewank,17,1.606731919669439,20000,5.266566400008742
uniform,Griewank,18,1.155161674011236,20000,5.301624300002004
uniform,Griewank,19,1.496062285097814,20000,5.376867900005891
uniform,Griewank,20,1.2393591160250699,20000,5.361497300007613
uniform,Griewank,21,1.5384879996376857,20000,5.376841300007072
uniform,Griewank,22,1.478344024740875,20000,5.344890000007581
uniform,Griewank,23,1.3868208584953756,20000,5.319660699999076
uniform,Griewank,24,1.4172376429341753,20000,5.316917399992235
uniform,Griewank,25,1.427294135502989,20000,5.2746554000041215
uniform,Griewank,26,1.5328391933031287,20000,5.36262450000504
uniform,Griewank,27,1.347210339987233,20000,5.317563799995696
uniform,Griewank,28,1.514140285578835,20000,5.309804000004078
uniform,Griewank,29,1.5279415568564132,20000,5.23023970000213
uniform,Penalized,0,3.2160665244489484,20000,13.571003999997629
uniform,Penalized,1,2.2770267196517056,20000,13.58843909999996
uniform,Penalized,2,3.6832977674144987,20000,13.688327299998491
uniform,Penalized,3,3.198407351392237,20000,13.609238299992285
uniform,Penalized,4,2.5927315790358407,20000,13.737810800012085
uniform,Penalized,5,2.4215827792346163,20000,13.575335500005167
uniform,Penalized,6,2.393363709690608,20000,5.590220900005079
uniform,Penalized,7,3.4551577513665643,20000,5.646306599999662
uniform,Penalized,8,2.0507288991295956,20000,5.68798109999625
uniform,Penalized,9,2.7686697380497676,20000,5.6226129999995464
uniform,Penalized,10,1.9599346188831899,20000,4.765253100005793
uniform,Penalized,11,4.151341401943825,20000,4.717498700003489
uniform,Penalized,12,2.5649054624921668,20000,3.0762894000072265
uniform,Penalized,13,4.127976948289323,20000,3.014546299993526
uniform,Penalized,14,5.138035387325463,20000,3.0265281000029063
uniform,Penalized,15,1.834619888335488,20000,3.0154591999889817
uniform,Penalized,16,5.5034045635486235,20000,3.0939706999924965
uniform,Penalized,17,2.8661157758312004,20000,3.023712099995464
uniform,Penalized,18,4.189574582606011,20000,2.9740405999909854
uniform,Penalized,19,4.468900564079651,20000,3.03510660000029
uniform,Penalized,20,2.5897338311158857,20000,3.0350032999995165
uniform,Penalized,21,2.538595587019615,20000,3.0735656000033487
uniform,Penalized,22,2.950633675375014,20000,3.0073409999895375
uniform,Penalized,23,5.723421929656369,20000,3.055715100010275
uniform,Penalized,24,2.4953744169089895,20000,3.121206199997687
uniform,Penalized,25,4.599239900367599,20000,3.0380413999955636
uniform,Penalized,26,2.4678300579754016,20000,3.045639100004337
uniform,Penalized,27,1.77833976461861,20000,3.052310500002932
uniform,Penalized,28,4.170250946782791,20000,3.0081071999884443
uniform,Penalized,29,3.7796368543174252,20000,3.039113399994676
uniform,Quartic,0,0.0004438595762591591,20000,1.3451885000104085
uniform,Quartic,1,0.00016263572418726268,20000,1.3292127999884542
uniform,Quartic,2,0.0005993102709780767,20000,1.3384471000026679
uniform,Quartic,3,0.0001253165798240591,20000,1.3162073999992572
uniform,Quartic,4,0.0003906505436307601,20000,1.3914420999935828
uniform,Quartic,5,0.00016467205391720453,20000,1.3423355999984778
uniform,Quartic,6,9.379061909087498e-05,20000,1.3325740000000224
uniform,Quartic,7,0.0004560650024869581,20000,1.2964489000005415
uniform,Quartic,8,0.0012234178968372784,20000,1.3207491999928607
uniform,Quartic,9,8.197704308037753e-05,20000,1.3132751999946777
uniform,Quartic,10,0.0008250343849310977,20000,1.3227972000022419
uniform,Quartic,11,0.00045313828835147194,20000,1.3573442000051728
uniform,Quartic,12,0.00014163766288377254,20000,1.3442895999905886
uniform,Quartic,13,0.001478991343507695,20000,1.322854500001995
uniform,Quartic,14,8.058737639223265e-05,20000,1.3083819000021322
uniform,Quartic,15,0.00012727037739782224,20000,1.293729599987273
uniform,Quartic,16,0.0010918824258625383,20000,1.3301989000028698
uniform,Quartic,17,0.00022032628747667868,20000,1.3583416999899782
uniform,Quartic,18,0.00036778037868830994,20000,1.3673411999916425
uniform,Quartic,19,0.0005952057782807418,20000,1.3816700000024866
uniform,Quartic,20,0.00028433270478965105,20000,1.3687320000026375
uniform,Quartic,21,0.00043911864690943754,20000,1.3773657000128878
uniform,Quartic,22,0.0009147695342389296,20000,1.351605899995775
uniform,Quartic,23,0.0006896159513630567,20000,1.335444500000449
uniform,Quartic,24,0.0003789163323893503,20000,1.2933594999922207
uniform,Quartic,25,0.0004154968734202188,20000,1.3995662999950582
uniform,Quartic,26,3.434779370199413e-05,20000,1.3535021999996388
uniform,Quartic,27,0.0003141957794932174,20000,1.36716810001235
uniform,Quartic,28,0.001195074324627602,20000,1.365498800005298
uniform,Quartic,29,0.00016207743219819425,20000,1.3731744999968214
uniform,Schwefel_1_2,0,947.1044487812393,20000,3.668932800006587
uniform,Schwefel_1_2,1,907.0758195879381,20000,3.721966800003429
uniform,Schwefel_1_2,2,2245.0460283247417,20000,3.704280399993877
uniform,Schwefel_1_2,3,789.013533003464,20000,3.6763719000009587
uniform,Schwefel_1_2,4,691.4529491575503,20000,3.63737760001095
uniform,Schwefel_1_2,5,1025.131048729759,20000,3.700016400005552
uniform,Schwefel_1_2,6,601.7865855841605,20000,3.570648400011123
uniform,Schwefel_1_2,7,832.080519896138,20000,3.622822899997118
uniform,Schwefel_1_2,8,1135.7520628309835,20000,3.644125200007693
uniform,Schwefel_1_2,9,771.0214608412881,20000,3.6707043000060366
uniform,Schwefel_1_2,10,1103.9320949416588,20000,3.634513800003333
uniform,Schwefel_1_2,11,1378.1810268505506,20000,3.633519700000761
uniform,Schwefel_1_2,12,1047.1264363456264,20000,3.5717872999957763
uniform,Schwefel_1_2,13,1177.2045928324687,20000,3.5834238000097685
uniform,Schwefel_1_2,14,1039.5601148543683,20000,3.6370002000039676
uniform,Schwefel_1_2,15,354.1327403154459,20000,3.574651899994933
uniform,Schwefel_1_2,16,860.1929288425351,20000,3.598526600006153
uniform,Schwefel_1_2,17,862.8911924421473,20000,3.605731300005573
uniform,Schwefel_1_2,18,539.4989809294048,20000,3.734104600007413
uniform,Schwefel_1_2,19,1137.6789983229708,20000,3.647635299988906
uniform,Schwefel_1_2,20,894.573898179643,20000,3.6442555999965407
uniform,Schwefel_1_2,21,738.683816650321,20000,3.720770800005994
uniform,Schwefel_1_2,22,1110.8316306312815,20000,3.6744189000019105
uniform,Schwefel_1_2,23,711.6148197527253,20000,3.6704452999983914
uniform,Schwefel_1_2,24,618.0939991052929,20000,3.611655200002133
uniform,Schwefel_1_2,25,471.7422669041637,20000,3.6335440000111703
uniform,Schwefel_1_2,26,509.7918028918252,20000,3.585222199995769
uniform,Schwefel_1_2,27,436.78840039071906,20000,3.7318290999974124
uniform,Schwefel_1_2,28,1466.629117813197,20000,3.6037059999944177
uniform,Schwefel_1_2,29,800.7158258495595,20000,3.6678588000067975
degree,Sphere,0,76.73480968029797,20000,0.42005430000426713
degree,Sphere,1,22.482039305521052,20000,0.42170820001047105
degree,Sphere,2,43.28427699090041,20000,0.4168437000043923
degree,Sphere,3,19.470376077499882,20000,0.40411269999458455
degree,Sphere,4,34.94918769305046,20000,0.4087103999918327
degree,Sphere,5,42.19201895915258,20000,0.3999025000084657
degree,Sphere,6,16.835568223526117,20000,0.4054591000021901
degree,Sphere,7,36.9011851129006,20000,0.41685760000837035
degree,Sphere,8,68.36703209748386,20000,0.39747860000352375
degree,Sphere,9,12.319792877621204,20000,0.4393610999977682
degree,Sphere,10,31.404105577332434,20000,0.4475823999964632
degree,Sphere,11,67.95794404207633,20000,0.4228631000005407
degree,Sphere,12,15.30262835576036,20000,0.4105557000002591
degree,Sphere,13,68.49369737454523,20000,0.3932055999903241
degree,Sphere,14,36.18580766567997,20000,0.40169939999759663
degree,Sphere,15,12.185035708099962,20000,0.4167769000050612
degree,Sphere,16,54.0614717028579,20000,0.4275733999966178
degree,Sphere,17,36.63150651312805,20000,0.43011319999641273
degree,Sphere,18,23.15239766507917,20000,0.39205029999720864
degree,Sphere,19,15.672559033789693,20000,0.4068727999983821
degree,Sphere,20,28.068339301438247,20000,0.42561430000932887
degree,Sphere,21,43.4558955817723,20000,0.3779443999956129
degree,Sphere,22,27.067877420462228,20000,0.3479782000067644
degree,Sphere,23,22.253419612299805,20000,0.37054299999726936
degree,Sphere,24,39.28294008160329,20000,0.37946999999985565
degree,Sphere,25,11.937420411076724,20000,0.37285629998950753
degree,Sphere,26,14.921473845979335,20000,0.3503560999961337
degree,Sphere,27,23.862915058043427,20000,0.35413100000005215
degree,Sphere,28,19.12018731919759,20000,0.3489056999969762
degree,Sphere,29,40.80491294522333,20000,0.35835929999302607
degree,Rosenbrock,0,1557.1176039362995,20000,1.0058540000027278
degree,Rosenbrock,1,2761.682027780347,20000,0.9617499000014504
degree,Rosenbrock,2,2807.1232300654337,20000,0.9872950999997556
degree,Rosenbrock,3,1099.7086053951425,20000,1.0081279000005452
degree,Rosenbrock,4,1081.9299809127608,20000,0.9638207999960287
degree,Rosenbrock,5,765.4028984029213,20000,1.0226226999948267
degree,Rosenbrock,6,915.8467967900197,20000,1.0011375000030966
degree,Rosenbrock,7,353.8340501219319,20000,0.9570728999970015
degree,Rosenbrock,8,1800.75260035442,20000,1.0142162999982247
degree,Rosenbrock,9,1803.561620563256,20000,1.0063563000003342
degree,Rosenbrock,10,1585.1679573125962,20000,1.0352602999919327
degree,Rosenbrock,11,2012.5237556596953,20000,0.9821116000093753
degree,Rosenbrock,12,572.2856172489464,20000,0.9736208999966038
degree,Rosenbrock,13,1182.0417658684921,20000,0.9688452999980655
degree,Rosenbrock,14,959.748298398255,20000,0.9867645000049379
degree,Rosenbrock,15,2040.8878629375422,20000,1.0078611000062665
degree,Rosenbrock,16,2074.4100110150002,20000,0.9866559000074631
degree,Rosenbrock,17,913.1321521490845,20000,0.959496899988153
degree,Rosenbrock,18,1341.2299738451843,20000,0.9904130000068108
degree,Rosenbrock,19,834.0801293247407,20000,0.9930880000028992
degree,Rosenbrock,20,883.0354096825732,20000,0.977380299998913
degree,Rosenbrock,21,1322.4425316007296,20000,0.9701373999996576
degree,Rosenbrock,22,797.1446572609443,20000,0.9749773999938043
degree,Rosenbrock,23,1577.5427503700344,20000,0.9677904999989551
degree,Rosenbrock,24,1213.1774619644439,20000,1.0069615999964299
degree,Rosenbrock,25,1381.2387586250857,20000,0.9884884000057355
degree,Rosenbrock,26,741.9409501965698,20000,0.9917741999961436
degree,Rosenbrock,27,776.7749326092286,20000,0.9961108999996213
degree,Rosenbrock,28,1700.587104722161,20000,1.0089269000018248
degree,Rosenbrock,29,911.3620284264739,20000,1.027740099991206
degree,Step,0,214.0,20000,0.4395626000041375
degree,Step,1,0.0,20000,0.43706150000798516
degree,Step,2,296.0,20000,0.42135429999325424
degree,Step,3,195.0,20000,0.5112376000033692
degree,Step,4,0.0,20000,0.5351931999903172
degree,Step,5,165.0,20000,0.5288053999975091
degree,Step,6,272.0,20000,0.5847555000073044
degree,Step,7,280.0,20000,0.5636181000008946
degree,Step,8,306.0,20000,0.6121754000050714
degree,Step,9,160.0,20000,0.5096147000003839
degree,Step,10,0.0,20000,0.5127447999984724
degree,Step,11,0.0,20000,0.5086099000036484
degree,Step,12,279.0,20000,0.5228334999992512
degree,Step,13,234.0,20000,0.4809324999951059
degree,Step,14,0.0,20000,0.4317876000131946
degree,Step,15,75.0,20000,0.44937459999346174
degree,Step,16,283.0,20000,0.4397014999995008
degree,Step,17,318.0,20000,0.46147629999904893
degree,Step,18,259.0,20000,0.4255440999986604
degree,Step,19,33.0,20000,0.40949630000977777
degree,Step,20,23.0,20000,0.42543339999974705
degree,Step,21,0.0,20000,0.4334415000048466
degree,Step,22,205.0,20000,0.45072749999235384
degree,Step,23,358.0,20000,0.4773496999987401
degree,Step,24,0.0,20000,0.49153970000043046
degree,Step,25,120.0,20000,0.49173069999960717
degree,Step,26,162.0,20000,0.5150634999881731
degree,Step,27,2.0,20000,0.5941411999956472
degree,Step,28,298.0,20000,0.5827132000122219
degree,Step,29,0.0,20000,0.663705699989805
degree,Schwefel_2_26,0,-20040.061729061,20000,0.6819768999994267
degree,Schwefel_2_26,1,-20015.74390979572,20000,0.6549784999951953
degree,Schwefel_2_26,2,-18480.581239715455,20000,0.6982469000067795
degree,Schwefel_2_26,3,-17469.94197311836,20000,0.7918719000008423
degree,Schwefel_2_26,4,-19511.283856000755,20000,0.6667019000014989
degree,Schwefel_2_26,5,-20230.47091152297,20000,0.9764509999949951
degree,Schwefel_2_26,6,-19157.645012916215,20000,1.1816068000043742
degree,Schwefel_2_26,7,-19605.730359606685,20000,1.1894312999938847
degree,Schwefel_2_26,8,-19583.840421715846,20000,1.3608032999909483
degree,Schwefel_2_26,9,-18230.22925135296,20000,1.9421233999892138
degree,Schwefel_2_26,10,-19946.42309089119,20000,1.9826847999938764
degree,Schwefel_2_26,11,-18883.35749133049,20000,2.011494499995024
degree,Schwefel_2_26,12,-19235.57354604167,20000,1.9838253000052646
degree,Schwefel_2_26,13,-19298.172044945386,20000,1.9522752000048058
degree,Schwefel_2_26,14,-18632.794495336784,20000,1.959864500007825
degree,Schwefel_2_26,15,-18429.943084062867,20000,2.045315399998799
degree,Schwefel_2_26,16,-20774.17725418414,20000,2.024379600014072
degree,Schwefel_2_26,17,-18620.755329257714,20000,2.0073025000019697
degree,Schwefel_2_26,18,-20148.935476302766,20000,2.0701785999990534
degree,Schwefel_2_26,19,-19494.285999843807,20000,2.0467700000008335
degree,Schwefel_2_26,20,-18959.21699733842,20000,2.016478299992741
degree,Schwefel_2_26,21,-17676.32797279914,20000,1.909157400004915
degree,Schwefel_2_26,22,-18360.49176012769,20000,1.855633700004546
degree,Schwefel_2_26,23,-19316.100937334046,20000,1.8709967999893706
degree,Schwefel_2_26,24,-19629.657264482645,20000,1.8723872999980813
degree,Schwefel_2_26,25,-19861.139336466767,20000,1.8263420000002952
degree,Schwefel_2_26,26,-19212.06418582518,20000,1.8886681000003591
degree,Schwefel_2_26,27,-19092.49691892581,20000,2.166403099996387
degree,Schwefel_2_26,28,-20369.983890542884,20000,2.1427241999917896
degree,Schwefel_2_26,29,-19955.929849542546,20000,2.28775499999756
degree,Rastrigin,0,22.958619677812464,20000,2.814449900004547
degree,Rastrigin,1,19.19384888980403,20000,2.855920599991805
degree,Rastrigin,2,13.66054687240046,20000,2.842698099993868
degree,Rastrigin,3,17.10562152697935,20000,2.8415707999956794
degree,Rastrigin,4,47.062365656575736,20000,2.8214979999902425
degree,Rastrigin,5,25.331619471809518,20000,2.9150144000013825
degree,Rastrigin,6,26.96798638605975,20000,2.9227517999970587
degree,Rastrigin,7,24.541650929126263,20000,2.8251436999998987
degree,Rastrigin,8,18.44809062332456,20000,2.8426982999953907
degree,Rastrigin,9,33.52152868254126,20000,2.856931699992856
degree,Rastrigin,10,30.377544527468956,20000,2.8841365999978734
degree,Rastrigin,11,37.0350557743335,20000,2.879172100001597
degree,Rastrigin,12,21.80505659092171,20000,2.8404769000044325
degree,Rastrigin,13,37.64852671944834,20000,2.814997699999367
degree,Rastrigin,14,54.762787291933336,20000,2.877007000002777
degree,Rastrigin,15,31.22454060269729,20000,2.895624599987059
degree,Rastrigin,16,18.665425369712125,20000,2.827732500009006
degree,Rastrigin,17,33.00882946840852,20000,2.823166600006516
degree,Rastrigin,18,21.284609729572878,20000,2.8812448999960907
degree,Rastrigin,19,32.99691480219968,20000,2.8589153999928385
degree,Rastrigin,20,27.630789182772673,20000,2.865834399999585
degree,Rastrigin,21,30.22843215259377,20000,2.885852799998247
degree,Rastrigin,22,20.090735359703785,20000,2.828416799995466
degree,Rastrigin,23,40.079378446252406,20000,2.8944672999932664
degree,Rastrigin,24,30.389639728628254,20000,2.904981500003487
degree,Rastrigin,25,16.66634446072578,20000,2.864243699994404
degree,Rastrigin,26,28.88893282881719,20000,2.8744290999893565
degree,Rastrigin,27,12.301355267184249,20000,2.8599322000081884
degree,Rastrigin,28,27.330323389074067,20000,2.858112899994012
degree,Rastrigin,29,33.85516096774768,20000,2.8012779999990016
degree,Ackley,0,5.342492795420508,20000,3.517792600003304
degree,Ackley,1,6.941261208108369,20000,3.52870090000215
degree,Ackley,2,7.364469139341107,20000,3.494332599992049
degree,Ackley,3,7.1495141372614235,20000,3.5378034000023035
degree,Ackley,4,6.02474755208755,20000,3.5556840999925043
degree,Ackley,5,4.721192670923269,20000,3.479766499993275
degree,Ackley,6,6.790338962897533,20000,3.5141023000032874
degree,Ackley,7,5.329349628743429,20000,3.5288990999979433
degree,Ackley,8,5.909354888594624,20000,3.491532300002291
degree,Ackley,9,5.7084574295769634,20000,3.4966089999943506
degree,Ackley,10,7.027518307305824,20000,3.479953199988813
degree,Ackley,11,4.930762909451531,20000,3.47890770000231
degree,Ackley,12,5.3859459846703075,20000,3.5366629000054672
degree,Ackley,13,6.627648425323603,20000,3.5315829000028316
degree,Ackley,14,6.435431471593443,20000,3.558712400001241
degree,Ackley,15,5.369842467059335,20000,3.474686000001384
degree,Ackley,16,6.050716010512424,20000,3.497839200004819
degree,Ackley,17,5.84747378784326,20000,3.548610700003337
degree,Ackley,18,6.554844820823838,20000,3.5577059000061126
degree,Ackley,19,4.1057671202080535,20000,3.5308850000001257
degree,Ackley,20,6.841202540474983,20000,3.50391959999979
degree,Ackley,21,6.393478628763123,20000,3.5145138000079896
degree,Ackley,22,5.664300024263824,20000,3.482961999994586
degree,Ackley,23,5.2557531907058355,20000,3.48564769999939
degree,Ackley,24,6.474464043810883,20000,3.4638643999933265
degree,Ackley,25,5.868146557347668,20000,3.457958700004383
degree,Ackley,26,6.008819077101624,20000,3.4512773000024026
degree,Ackley,27,4.952671643729783,20000,3.4353470999922138
degree,Ackley,28,6.195894597876677,20000,3.4637715999997454
degree,Ackley,29,6.192192703741274,20000,3.491111900002579
degree,Griewank,0,1.5593291677893713,20000,3.1955524000077276
degree,Griewank,1,1.2167972169793706,20000,3.2478957999992417
degree,Griewank,2,1.3784046263163394,20000,3.172426200006157
degree,Griewank,3,1.31599619161343,20000,3.1760623999871314
degree,Griewank,4,1.4537227127333319,20000,3.1846197999984724
degree,Griewank,5,1.6932249326589182,20000,3.2542629999952624
degree,Griewank,6,1.347945902877996,20000,3.2249317999958294
degree,Griewank,7,1.2845212275584952,20000,3.2437263000028906
degree,Griewank,8,2.057560866123968,20000,3.191403100005118
degree,Griewank,9,1.3664191356058168,20000,3.163616300007561
degree,Griewank,10,1.6242513281332565,20000,3.192051599995466
degree,Griewank,11,1.4831682892149953,20000,3.0850448999990476
degree,Griewank,12,1.4924379888430142,20000,3.1672795999911614
degree,Griewank,13,1.78361518678773,20000,3.1571289999992587
degree,Griewank,14,1.7043361534592982,20000,3.1696254999988014
degree,Griewank,15,1.1125566907674296,20000,3.134182799985865
degree,Griewank,16,1.631643992406024,20000,3.0903218000021297
degree,Griewank,17,1.603095497224884,20000,3.152614300008281
degree,Griewank,18,1.2440064452758064,20000,3.2365031999943312
degree,Griewank,19,1.4384877923210326,20000,3.241171999994549
degree,Griewank,20,1.2947439634101876,20000,3.2324236999993445
degree,Griewank,21,1.5221684175399397,20000,3.1977406999940285
degree,Griewank,22,1.7317820351738202,20000,3.247897599998396
degree,Griewank,23,1.2328195841343939,20000,3.2692925999872386
degree,Griewank,24,1.3997745493635898,20000,3.13283629999205
degree,Griewank,25,1.22091835905373,20000,3.219588300009491
degree,Griewank,26,1.3768395018331345,20000,3.1441041999933077
degree,Griewank,27,1.6176489827543286,20000,3.1004300999920815
degree,Griewank,28,1.3104956051213952,20000,3.1459990000003017
degree,Griewank,29,1.256087517538941,20000,3.1355082000081893
degree,Penalized,0,2.9356995923362175,20000,10.296340300003067
degree,Penalized,1,2.241061662673519,20000,10.333614100003615
degree,Penalized,2,2.734783409687179,20000,10.323181999992812
degree,Penalized,3,2.8729610586693703,20000,10.05250750000414
degree,Penalized,4,3.103458039667508,20000,10.094146300005377
degree,Penalized,5,2.094022570417852,20000,10.011510299998918
degree,Penalized,6,1.7312627529309226,20000,9.135931899989373
degree,Penalized,7,3.0400758310627984,20000,8.987935299999663
degree,Penalized,8,1.8198465671693251,20000,9.072479700000258
degree,Penalized,9,2.2692915237972415,20000,9.044565899996087
degree,Penalized,10,2.541934876439615,20000,9.052723899992998
degree,Penalized,11,3.5532426705867755,20000,9.12172450000071
degree,Penalized,12,2.327568207938159,20000,8.113642000011168
degree,Penalized,13,3.986779228037312,20000,8.088445500005037
degree,Penalized,14,5.716881666918002,20000,8.030121600007988
degree,Penalized,15,2.0582073974358237,20000,7.939546399997198
degree,Penalized,16,8.005427506992508,20000,7.897584600010305
degree,Penalized,17,3.5616520051890115,20000,7.789779899991117
degree,Penalized,18,5.905038433653869,20000,7.037284899997758
degree,Penalized,19,3.9653639695605243,20000,6.934543600000325
degree,Penalized,20,6.277033877678833,20000,7.0207509999891045
degree,Penalized,21,2.708925846905247,20000,6.996749199999613
degree,Penalized,22,2.231963253428552,20000,6.964604599997983
degree,Penalized,23,2.4373870250452248,20000,6.950036000009277
degree,Penalized,24,4.484281947109119,20000,6.919168200009153
degree,Penalized,25,3.777785838238742,20000,6.883537600006093
degree,Penalized,26,2.712654947876916,20000,6.968150400003651
degree,Penalized,27,2.4259345029753843,20000,6.922011800008477
degree,Penalized,28,3.146513477655042,20000,6.940995999990264
degree,Penalized,29,3.1062001578467577,20000,6.938082799999393
degree,Quartic,0,0.0007807798422744633,20000,2.045901199991931
degree,Quartic,1,0.00040571037360125545,20000,1.997129399998812
degree,Quartic,2,0.0001252510593610945,20000,2.026719800007413
degree,Quartic,3,0.00011385601943165763,20000,1.9895433000056073
degree,Quartic,4,0.00015517519868382643,20000,2.0128073999949265
degree,Quartic,5,6.345971010704896e-05,20000,1.9526829999958863
degree,Quartic,6,0.00013532327606943282,20000,1.9290382000035606
degree,Quartic,7,0.00036056754495094294,20000,1.904282699993928
degree,Quartic,8,0.0006079676089814562,20000,1.9110081999970134
degree,Quartic,9,3.337692688655386e-05,20000,1.931457099999534
degree,Quartic,10,0.0002504377672542198,20000,1.9491377999947872
degree,Quartic,11,0.00036613805425467,20000,1.960567300004186
degree,Quartic,12,0.00020848794414029482,20000,1.9570544000016525
degree,Quartic,13,0.0003250454061567305,20000,1.996437199995853
degree,Quartic,14,6.048053361157373e-05,20000,1.9421589999983553
degree,Quartic,15,0.0003451220213773878,20000,1.9256452999979956
degree,Quartic,16,0.00020078952828553713,20000,1.943408699997235
degree,Quartic,17,0.0003720485179951038,20000,1.9550052000122378
degree,Quartic,18,0.00042105747602654985,20000,1.9256897999875946
degree,Quartic,19,0.00012312621556644595,20000,1.9190987000038149
degree,Quartic,20,0.00014461322449156494,20000,1.9117341999954078
degree,Quartic,21,0.0008953765923511222,20000,1.9500740000075893
degree,Quartic,22,0.0004696731203531434,20000,1.9086408000002848
degree,Quartic,23,0.00019196039449457893,20000,1.9292283999966457
degree,Quartic,24,0.00017316635401800503,20000,1.9169281999929808
degree,Quartic,25,0.00018241161443780272,20000,2.0377155000023777
degree,Quartic,26,0.00017920727772927666,20000,1.925735099997837
degree,Quartic,27,9.889968531750312e-05,20000,1.9673980999941705
degree,Quartic,28,0.00043133235681152627,20000,1.979683199999272
degree,Quartic,29,0.00017859886559846376,20000,1.9406639999942854
degree,Schwefel_1_2,0,886.9731023066613,20000,10.845338800005266
degree,Schwefel_1_2,1,769.2135184282197,20000,10.711874599990551
degree,Schwefel_1_2,2,2299.5389134653806,20000,10.82998240001325
degree,Schwefel_1_2,3,914.0861052807409,20000,10.673079100000905
degree,Schwefel_1_2,4,925.3366905713405,20000,10.776479199994355
degree,Schwefel_1_2,5,960.3699155297849,20000,10.75721870000416
degree,Schwefel_1_2,6,671.9834828151866,20000,11.479369699998642
degree,Schwefel_1_2,7,877.5367085138045,20000,11.166423699993175
degree,Schwefel_1_2,8,997.8936384517392,20000,11.399215600002208
degree,Schwefel_1_2,9,852.5272002083843,20000,11.300704299996141
degree,Schwefel_1_2,10,1290.2720667344718,20000,11.37116180000885
degree,Schwefel_1_2,11,1323.5035425211681,20000,11.199425799990422
degree,Schwefel_1_2,12,1454.2404297170249,20000,11.345195000001695
degree,Schwefel_1_2,13,1292.9627269203895,20000,11.513579799997387
degree,Schwefel_1_2,14,1495.6361494518892,20000,11.568520000000717
degree,Schwefel_1_2,15,254.1602450747612,20000,11.329379799994058
degree,Schwefel_1_2,16,1090.1897096010425,20000,11.392382099991664
degree,Schwefel_1_2,17,982.2971808006065,20000,11.377659199992195
degree,Schwefel_1_2,18,848.9265798820709,20000,11.316728999998304
degree,Schwefel_1_2,19,1132.5743436788139,20000,11.449944700012566
degree,Schwefel_1_2,20,1028.681692586425,20000,11.222438400000101
degree,Schwefel_1_2,21,516.0242571374202,20000,11.442628799995873
degree,Schwefel_1_2,22,643.171905785977,20000,11.249737800011644
degree,Schwefel_1_2,23,573.3382083038933,20000,11.372200900004827
degree,Schwefel_1_2,24,539.9180900515081,20000,11.182676700002048
degree,Schwefel_1_2,25,520.6797275364128,20000,11.249592299995129
degree,Schwefel_1_2,26,668.4898687432659,20000,11.373873799995636
degree,Schwefel_1_2,27,356.9004729073918,20000,11.249810599998455
degree,Schwefel_1_2,28,919.3355138425824,20000,11.353915300001972
degree,Schwefel_1_2,29,785.704414359828,20000,11.193992500004242
ring,Sphere,0,44.25904348421719,20000,2.7493049999902723
ring,Sphere,1,48.09908714915743,20000,2.8553837000072235
ring,Sphere,2,82.04845540554874,20000,3.0625908999936655
ring,Sphere,3,22.381075299426456,20000,2.992247399990447
ring,Sphere,4,13.907205675717725,20000,3.037495199998375
ring,Sphere,5,53.192475488905494,20000,3.1045636999915587
ring,Sphere,6,31.20059076901249,20000,3.113981500006048
ring,Sphere,7,16.387875360896917,20000,2.995602399998461
ring,Sphere,8,74.3798745522832,20000,2.8363466000009794
ring,Sphere,9,20.78778330302573,20000,2.8595167999883415
ring,Sphere,10,53.74927100007121,20000,2.931056300003547
ring,Sphere,11,38.21835253130576,20000,2.9419372999982443
ring,Sphere,12,20.393869116863936,20000,3.0754075000004377
ring,Sphere,13,32.090749285113844,20000,3.1051133000000846
ring,Sphere,14,45.578313771550825,20000,3.159547300005215
ring,Sphere,15,8.060849485491856,20000,3.148861699999543
ring,Sphere,16,67.51149719358101,20000,3.083803600005922
ring,Sphere,17,39.33289591622306,20000,3.0004656999954022
ring,Sphere,18,17.023411491717766,20000,3.1146769000042696
ring,Sphere,19,9.974034024773237,20000,3.073712000012165
ring,Sphere,20,22.156472339281652,20000,3.079105699987849
ring,Sphere,21,21.818555870876494,20000,3.069610999998986
ring,Sphere,22,36.59275933756402,20000,3.0821935000130907
ring,Sphere,23,20.85704651476785,20000,3.0203294999955688
ring,Sphere,24,15.61689292704449,20000,2.937224799999967
ring,Sphere,25,17.934921568649937,20000,2.8662649000034435
ring,Sphere,26,16.144956407863233,20000,2.793810499992105
ring,Sphere,27,24.972472745278555,20000,2.7787497000099393
ring,Sphere,28,35.83220402417188,20000,2.7896916000026977
ring,Sphere,29,25.67290082254024,20000,2.81124739999359
ring,Rosenbrock,0,1627.4006227391583,20000,4.36020219999773
ring,Rosenbrock,1,2224.130761574464,20000,4.435375400003977
ring,Rosenbrock,2,1745.2654604204865,20000,4.46439689998806
ring,Rosenbrock,3,1163.290604856503,20000,4.470536499997252
ring,Rosenbrock,4,731.9898871117854,20000,4.466484499993385
ring,Rosenbrock,5,2443.685121818826,20000,4.4658167000015965
ring,Rosenbrock,6,1277.147775124664,20000,4.471008799999254
ring,Rosenbrock,7,731.9062579016414,20000,4.490658599999733
ring,Rosenbrock,8,894.8485721576142,20000,4.520344600008684
ring,Rosenbrock,9,1481.983146143884,20000,4.479875100005302
ring,Rosenbrock,10,2286.36487026892,20000,4.521776699999464
ring,Rosenbrock,11,2390.719103909703,20000,4.458359999989625
ring,Rosenbrock,12,338.61117546280934,20000,4.362130599998636
ring,Rosenbrock,13,790.4303729319145,20000,4.367926999999327
ring,Rosenbrock,14,1156.930592535489,20000,4.436371300005703
ring,Rosenbrock,15,562.5169660048849,20000,4.385471999994479
ring,Rosenbrock,16,2809.159628635399,20000,4.4134038999909535
ring,Rosenbrock,17,853.6068483659617,20000,4.373544800007949
ring,Rosenbrock,18,685.8122585273693,20000,4.521358800004236
ring,Rosenbrock,19,408.8807612466356,20000,4.614232199994149
ring,Rosenbrock,20,492.7048384991043,20000,4.626875300004031
ring,Rosenbrock,21,630.204212856415,20000,4.572803600007319
ring,Rosenbrock,22,1156.0767879594748,20000,4.570748400001321
ring,Rosenbrock,23,1844.4436119842412,20000,4.719341300005908
ring,Rosenbrock,24,1100.3960890928013,20000,3.7821922000002814
ring,Rosenbrock,25,1087.327185783998,20000,3.3865143000002718
ring,Rosenbrock,26,848.9850538250339,20000,3.1229306000022916
ring,Rosenbrock,27,445.6233306763872,20000,3.121580200007884
ring,Rosenbrock,28,3335.8536330609454,20000,2.9998253999947337
ring,Rosenbrock,29,676.245595379777,20000,2.891699100000551
ring,Step,0,252.0,20000,0.9655934000038542
ring,Step,1,0.0,20000,0.9635138000012375
ring,Step,2,272.0,20000,0.9721475000114879
ring,Step,3,153.0,20000,0.9405692000000272
ring,Step,4,15.0,20000,0.9945707000006223
ring,Step,5,43.0,20000,0.9689410999999382
ring,Step,6,0.0,20000,0.9673340000008466
ring,Step,7,0.0,20000,0.9446642999973847
ring,Step,8,393.0,20000,0.996803700007149
ring,Step,9,147.0,20000,0.9468873999867355
ring,Step,10,0.0,20000,0.9371147999918321
ring,Step,11,0.0,20000,1.0215688000025693
ring,Step,12,0.0,20000,0.9510301999980584
ring,Step,13,0.0,20000,0.9878879000025336
ring,Step,14,0.0,20000,0.9467355999950087
ring,Step,15,205.0,20000,0.93792840000242
ring,Step,16,0.0,20000,0.9617412000079639
ring,Step,17,0.0,20000,0.9497879000118701
ring,Step,18,0.0,20000,0.9315074999904027
ring,Step,19,149.0,20000,0.9345724999875529
ring,Step,20,17.0,20000,0.9805300000007264
ring,Step,21,0.0,20000,0.9449959000048693
ring,Step,22,0.0,20000,0.9738445999973919
ring,Step,23,116.0,20000,0.9578512000007322
ring,Step,24,0.0,20000,0.9698184000008041
ring,Step,25,165.0,20000,1.0023176999966381
ring,Step,26,83.0,20000,0.9641912999941269
ring,Step,27,0.0,20000,0.9807978000026196
ring,Step,28,298.0,20000,0.9543945999903372
ring,Step,29,27.0,20000,0.9871912000089651
ring,Schwefel_2_26,0,-19923.553065117074,20000,1.0216683000035118
ring,Schwefel_2_26,1,-19646.143522892897,20000,0.908194600007846
ring,Schwefel_2_26,2,-18868.645983921364,20000,1.0037680999957956
ring,Schwefel_2_26,3,-17325.717744140617,20000,0.9279297000030056
ring,Schwefel_2_26,4,-19315.293719203895,20000,0.9503535999974702
ring,Schwefel_2_26,5,-20389.275976372566,20000,0.9500468000042019
ring,Schwefel_2_26,6,-18667.815230289285,20000,0.9971962999989046
ring,Schwefel_2_26,7,-19588.54322095297,20000,0.9724617000028957
ring,Schwefel_2_26,8,-19172.463710272306,20000,0.9145451000076719
ring,Schwefel_2_26,9,-18084.379458073377,20000,0.9403362000011839
ring,Schwefel_2_26,10,-19476.37799988836,20000,0.9618170000030659
ring,Schwefel_2_26,11,-18979.577346692993,20000,1.0357419999927515
ring,Schwefel_2_26,12,-19365.564819446263,20000,0.9558375000051456
ring,Schwefel_2_26,13,-19457.66688849966,20000,0.954946400001063
ring,Schwefel_2_26,14,-18608.850856696754,20000,0.9394571999873733
ring,Schwefel_2_26,15,-18497.034438889757,20000,0.9261331000016071
ring,Schwefel_2_26,16,-21093.602918560093,20000,0.9211414000019431
ring,Schwefel_2_26,17,-18686.186974748103,20000,0.9828630999982124
ring,Schwefel_2_26,18,-19429.94724204232,20000,0.9485492999956477
ring,Schwefel_2_26,19,-19500.781970420743,20000,0.9732270000095014
ring,Schwefel_2_26,20,-19088.29768487515,20000,0.9361937000066973
ring,Schwefel_2_26,21,-17693.880125943866,20000,0.9162180999992415
ring,Schwefel_2_26,22,-19314.570965958006,20000,0.9125205999880563
ring,Schwefel_2_26,23,-20441.587511699443,20000,0.9222793000080856
ring,Schwefel_2_26,24,-19753.85842975045,20000,0.9900144999992335
ring,Schwefel_2_26,25,-19823.399019098393,20000,0.9889808000007179
ring,Schwefel_2_26,26,-19305.933187069997,20000,0.9255170999967959
ring,Schwefel_2_26,27,-19446.719680284456,20000,0.9365950000064913
ring,Schwefel_2_26,28,-20559.853445288387,20000,1.0281929999910062
ring,Schwefel_2_26,29,-19987.089613173717,20000,0.9875596000056248
ring,Rastrigin,0,30.05742393360964,20000,1.0333825999987312
ring,Rastrigin,1,39.94118786783844,20000,1.0258376999991015
ring,Rastrigin,2,25.399644218648746,20000,1.006104599990067
ring,Rastrigin,3,23.832019227453827,20000,1.0367729999998119
ring,Rastrigin,4,23.962502528952882,20000,0.9427474999974947
ring,Rastrigin,5,9.507387618827124,20000,0.9925924999988638
ring,Rastrigin,6,26.169861699764226,20000,0.9808548000000883
ring,Rastrigin,7,38.31952050701972,20000,0.9972206000093138
ring,Rastrigin,8,20.42412609641275,20000,1.0082082000008086
ring,Rastrigin,9,27.287266150803646,20000,0.9721809000038775
ring,Rastrigin,10,30.898606777723785,20000,1.0316783000016585
ring,Rastrigin,11,24.82711879709035,20000,0.9881487999955425
ring,Rastrigin,12,30.088890817997424,20000,1.0178156999900239
ring,Rastrigin,13,28.338602255677188,20000,1.0158311999985017
ring,Rastrigin,14,43.20028070829568,20000,0.9739433999930043
ring,Rastrigin,15,44.205752799798574,20000,0.9947577999992063
ring,Rastrigin,16,32.26531237459699,20000,0.9848370999970939
ring,Rastrigin,17,23.927638672299395,20000,0.9500458999973489
ring,Rastrigin,18,11.130671332395877,20000,0.9868470999936108
ring,Rastrigin,19,35.68163402723417,20000,1.0048992999945767
ring,Rastrigin,20,28.167103520798833,20000,0.9828133999981219
ring,Rastrigin,21,12.877184711009761,20000,0.9919938999955775
ring,Rastrigin,22,11.618875502645267,20000,1.0132407000055537
ring,Rastrigin,23,22.74262112049496,20000,1.022475999998278
ring,Rastrigin,24,41.89867511599505,20000,1.0141888000071049
ring,Rastrigin,25,53.65207792284701,20000,1.082308800003375
ring,Rastrigin,26,34.88824374982073,20000,0.9890834999969229
ring,Rastrigin,27,49.95202751147542,20000,0.9748099999997066
ring,Rastrigin,28,34.42097665029843,20000,1.029533699998865
ring,Rastrigin,29,23.08042886451119,20000,1.0263926000043284
ring,Ackley,0,4.850729627583107,20000,1.0485704999882728
ring,Ackley,1,5.558578562372315,20000,1.1796986999979708
ring,Ackley,2,6.598599973278361,20000,1.0873193000006722
ring,Ackley,3,4.909382028836443,20000,1.1478228999912972
ring,Ackley,4,6.295194626140578,20000,1.1049271999945631
ring,Ackley,5,5.682033525333008,20000,1.093161400000099
ring,Ackley,6,5.062192054005408,20000,1.148882000008598
ring,Ackley,7,5.564689059958276,20000,1.1178224999894155
ring,Ackley,8,6.576989788808806,20000,1.0881635999976425
ring,Ackley,9,6.06546481754059,20000,1.0931692000012845
ring,Ackley,10,7.166804817514944,20000,1.0344291999936104
ring,Ackley,11,6.620158904240974,20000,1.0712856000027386
ring,Ackley,12,6.129336717038878,20000,1.0793345999991288
ring,Ackley,13,7.047756964163195,20000,1.1103391999931773
ring,Ackley,14,6.192694752975928,20000,1.1114189999934752
ring,Ackley,15,4.451227607258357,20000,1.112431600005948
ring,Ackley,16,7.141816422022117,20000,1.1196571999898879
ring,Ackley,17,6.1100639232593,20000,1.1487083000101848
ring,Ackley,18,5.962955508121784,20000,1.0927343999937875
ring,Ackley,19,7.913015937939541,20000,1.1002788999903714
ring,Ackley,20,5.494094261836064,20000,1.073036099987803
ring,Ackley,21,4.346907205568478,20000,1.0992340999946464
ring,Ackley,22,5.494305139140565,20000,1.1298170999943977
ring,Ackley,23,5.0375822002424435,20000,1.085715599998366
ring,Ackley,24,5.856519473903891,20000,1.1159164999990026
ring,Ackley,25,5.337590569614537,20000,1.122191100002965
ring,Ackley,26,4.736271565440962,20000,1.0988860999932513
ring,Ackley,27,5.400693736707158,20000,1.1251013000000967
ring,Ackley,28,6.60358680510668,20000,1.1316966000013053
ring,Ackley,29,4.652532020004472,20000,1.149668500002008
ring,Griewank,0,1.446747864088081,20000,1.120620300003793
ring,Griewank,1,1.5317647755072779,20000,1.035570899999584
ring,Griewank,2,1.769587467147911,20000,1.0672818000020925
ring,Griewank,3,1.672481699815525,20000,1.0222859000059543
ring,Griewank,4,1.2066989041164302,20000,1.0708340999990469
ring,Griewank,5,1.8954910855479254,20000,1.07646160000877
ring,Griewank,6,1.238722754058817,20000,1.0293276000011247
ring,Griewank,7,1.3430260179835432,20000,1.040678699995624
ring,Griewank,8,1.5062381563201659,20000,1.05739590000303
ring,Griewank,9,1.324955742839583,20000,1.0654455000039889
ring,Griewank,10,1.5632783376530774,20000,1.0461586000019452
ring,Griewank,11,1.673255585928337,20000,1.0651374000008218
ring,Griewank,12,1.2814074583737376,20000,1.0350710000057006
ring,Griewank,13,1.4357188563982353,20000,0.9973620000091614
ring,Griewank,14,1.4559034633604335,20000,1.0904752000060398
ring,Griewank,15,1.3063691805594764,20000,1.0963925999967614
ring,Griewank,16,1.802858816870343,20000,1.0914439000043785
ring,Griewank,17,1.5081684614736428,20000,1.0628532999980962
ring,Griewank,18,1.2113326707271583,20000,1.0973148999910336
ring,Griewank,19,1.2113283392367173,20000,1.1034071000030963
ring,Griewank,20,1.2768891275798835,20000,1.0962176000030013
ring,Griewank,21,1.2037944830100575,20000,1.0687462000059895
ring,Griewank,22,1.7025794101180463,20000,1.0542430999921635
ring,Griewank,23,1.149721739866139,20000,1.095409000001382
ring,Griewank,24,1.2399261381750804,20000,1.0642864999972517
ring,Griewank,25,1.1922186349625272,20000,1.069014699998661
ring,Griewank,26,1.2596045350449117,20000,1.0701434000075096
ring,Griewank,27,1.2830426010661689,20000,1.085921000005328
ring,Griewank,28,1.5262683871305298,20000,1.1099452000053134
ring,Griewank,29,1.4539335783025475,20000,1.0293073000066215
ring,Penalized,0,2.3725759778771494,20000,2.6021080000064103
ring,Penalized,1,3.098028811772811,20000,2.598776300001191
ring,Penalized,2,2.627926113325202,20000,2.6617072999943048
ring,Penalized,3,2.5315515824434103,20000,2.7467526999971597
ring,Penalized,4,2.9957872024280507,20000,2.641833100002259
ring,Penalized,5,2.057079758190676,20000,2.6251010999985738
ring,Penalized,6,1.814478550683002,20000,2.7059049000090454
ring,Penalized,7,3.0487384679072873,20000,2.587795500003267
ring,Penalized,8,1.749111227524277,20000,2.671728699991945
ring,Penalized,9,2.1326369861361356,20000,2.7308915999892633
ring,Penalized,10,2.0439512411855176,20000,2.6485753000015393
ring,Penalized,11,4.755118634890234,20000,2.6719366000033915
ring,Penalized,12,3.425207082989496,20000,2.612067800000659
ring,Penalized,13,4.570731587609522,20000,2.610529500001576
ring,Penalized,14,5.882617544062359,20000,2.667608299991116
ring,Penalized,15,1.5957635868763147,20000,2.652998600009596
ring,Penalized,16,5.5354551454843985,20000,2.717147599993041
ring,Penalized,17,2.613468955790728,20000,2.697314199991524
ring,Penalized,18,4.703322385101255,20000,2.6301481000118656
ring,Penalized,19,5.030867691013966,20000,2.646822800001246
ring,Penalized,20,5.287563648635962,20000,2.7279817999951774
ring,Penalized,21,3.5430278568177873,20000,2.663547299991478
ring,Penalized,22,3.9604033947210953,20000,2.643406600007438
ring,Penalized,23,2.390564395043213,20000,2.554223600003752
ring,Penalized,24,3.394408422957066,20000,2.64697659999365
ring,Penalized,25,6.17027801260329,20000,2.6564810999989277
ring,Penalized,26,2.7392112119095886,20000,2.7166541000042344
ring,Penalized,27,2.0452654388831215,20000,2.6408857999922475
ring,Penalized,28,3.9816247725673932,20000,2.68400510000356
ring,Penalized,29,2.595522276641987,20000,2.6171718999976292
ring,Quartic,0,0.0008764275647524723,20000,1.1621603000094183
ring,Quartic,1,0.00021591567548894124,20000,1.2771261000016239
ring,Quartic,2,0.00011772196134667764,20000,1.2129351000039605
ring,Quartic,3,0.00014560524717224324,20000,1.2144178000016836
ring,Quartic,4,0.00021759084002911637,20000,1.218028699993738
ring,Quartic,5,0.0002143715191026985,20000,1.2514761999918846
ring,Quartic,6,0.00014938036860167827,20000,1.3212213999941014
ring,Quartic,7,0.00010054598243386976,20000,1.2971254000003682
ring,Quartic,8,0.0005161791053001596,20000,1.178999499999918
ring,Quartic,9,7.280494187740715e-05,20000,1.2905804000038188
ring,Quartic,10,0.0010724446000009184,20000,1.2668325999984518
ring,Quartic,11,0.0004881364822926578,20000,1.2590019999915967
ring,Quartic,12,0.00024208628171739198,20000,1.2451895999984117
ring,Quartic,13,0.00030401528600351225,20000,1.281905399999232
ring,Quartic,14,4.464774742858347e-05,20000,1.2058379999944009
ring,Quartic,15,5.040180080771685e-05,20000,1.2837985999940429
ring,Quartic,16,0.0007937920442533158,20000,1.2953963999898406
ring,Quartic,17,0.00037522267521235476,20000,1.3032038999954239
ring,Quartic,18,0.000247184453265669,20000,1.2469001999998
ring,Quartic,19,0.00021895432028482876,20000,1.2839489000034519
ring,Quartic,20,0.0002798371367054733,20000,1.2358640000020387
ring,Quartic,21,4.541408038173214e-05,20000,1.2573047000041697
ring,Quartic,22,0.00045060745208347526,20000,1.1703386000008322
ring,Quartic,23,0.00012705988049993187,20000,1.2610462999873562
ring,Quartic,24,0.0005464963292908066,20000,1.2601073999976506
ring,Quartic,25,0.00012291270297637303,20000,1.2891207999928156
ring,Quartic,26,9.11108813299946e-05,20000,1.245219399992493
ring,Quartic,27,0.000140227278701409,20000,1.2745212000008905
ring,Quartic,28,0.00017203685982330745,20000,1.2691706999903545
ring,Quartic,29,0.0005838034741216191,20000,1.2653905000042869
ring,Schwefel_1_2,0,1091.0676975084145,20000,3.6046664000023156
ring,Schwefel_1_2,1,657.2152041311107,20000,3.8510810999869136
ring,Schwefel_1_2,2,1965.0410014444708,20000,3.9677258000010625
ring,Schwefel_1_2,3,982.1790530227263,20000,4.09756299998844
ring,Schwefel_1_2,4,933.1229570294316,20000,3.9670198000094388
ring,Schwefel_1_2,5,1711.121599896082,20000,4.1978574999957345
ring,Schwefel_1_2,6,600.3294634632516,20000,5.109134599988465
ring,Schwefel_1_2,7,966.7235792868163,20000,5.022591200002353
ring,Schwefel_1_2,8,1032.6815640158377,20000,5.253405399998883
ring,Schwefel_1_2,9,1048.833202479297,20000,5.340596900001401
ring,Schwefel_1_2,10,1205.6214012444218,20000,4.917008900010842
ring,Schwefel_1_2,11,1569.2760134000782,20000,5.1904192000074545
ring,Schwefel_1_2,12,1613.77824354794,20000,5.204422499999055
ring,Schwefel_1_2,13,1135.330678102826,20000,5.189815499994438
ring,Schwefel_1_2,14,1168.7742120516043,20000,5.1939528999937465
ring,Schwefel_1_2,15,380.7304952089833,20000,4.990358600000036
ring,Schwefel_1_2,16,788.0650118571003,20000,4.901094699991518
ring,Schwefel_1_2,17,863.0256136149853,20000,5.123374400005559
ring,Schwefel_1_2,18,701.7515279105043,20000,4.76487189999898
ring,Schwefel_1_2,19,1487.9646192932778,20000,4.751377799999318
ring,Schwefel_1_2,20,765.0014328959971,20000,4.761908800006495
ring,Schwefel_1_2,21,669.9972930716265,20000,4.799284599997918
ring,Schwefel_1_2,22,776.2080228176654,20000,4.740263400002732
ring,Schwefel_1_2,23,1053.2309493524485,20000,4.693540499996743
ring,Schwefel_1_2,24,554.1026721002409,20000,4.8282027000095695
ring,Schwefel_1_2,25,668.4445758141088,20000,4.55820029998722
ring,Schwefel_1_2,26,942.721472075772,20000,4.664378600005875
ring,Schwefel_1_2,27,501.2442197056682,20000,4.833859599995776
ring,Schwefel_1_2,28,1253.8242110493009,20000,4.675057600004948
ring,Schwefel_1_2,29,909.9022805176895,20000,4.792025200003991
complete,Sphere,0,48.10446124883072,20000,2.910112300000037
complete,Sphere,1,11.705526069178367,20000,2.9893763000000035
complete,Sphere,2,57.43668881834016,20000,3.0218842000031145
complete,Sphere,3,22.66204775823548,20000,2.9565644999966025
complete,Sphere,4,13.820964839263072,20000,2.9724864000017988
complete,Sphere,5,15.118200814176214,20000,2.9903774999984307
complete,Sphere,6,11.517342333560201,20000,2.918457399995532
complete,Sphere,7,13.140529427471424,20000,2.9577530000096885
complete,Sphere,8,30.016296740302252,20000,2.890785900002811
complete,Sphere,9,10.415498411455742,20000,2.9967520000063814
complete,Sphere,10,33.96260002800051,20000,3.0040972999995574
complete,Sphere,11,18.505854578713357,20000,2.9240565999934915
complete,Sphere,12,27.959431233667395,20000,3.0368963000073563
complete,Sphere,13,28.95644662492913,20000,3.02139179999358
complete,Sphere,14,31.987370881603006,20000,2.9966093999973964
complete,Sphere,15,14.238567430034166,20000,3.00033139999141
complete,Sphere,16,43.32613239938018,20000,2.9158390999946278
complete,Sphere,17,15.690390796917715,20000,2.9175124000030337
complete,Sphere,18,9.839630549627882,20000,2.9195241999987047
complete,Sphere,19,21.81157899805291,20000,2.909581200001412
complete,Sphere,20,20.359215106645856,20000,2.9601206999941496
complete,Sphere,21,22.712757734628138,20000,2.9093833999941126
complete,Sphere,22,51.58492953916897,20000,2.932828699995298
complete,Sphere,23,17.6054836254293,20000,2.88606350000191
complete,Sphere,24,10.465545097768269,20000,2.911406999992323
complete,Sphere,25,18.100210601932755,20000,2.921804900004645
complete,Sphere,26,27.788162597572832,20000,2.913274200007436
complete,Sphere,27,13.205670715321903,20000,2.9435547000030056
complete,Sphere,28,60.56931366631464,20000,2.9404974000062793
complete,Sphere,29,17.667722087896266,20000,2.8885453999973834
complete,Rosenbrock,0,947.6635283462335,20000,3.7778459999972256
complete,Rosenbrock,1,949.0873065871479,20000,3.9121174000028986
complete,Rosenbrock,2,1694.6089301967968,20000,3.794484000012744
complete,Rosenbrock,3,970.4733941233765,20000,3.811656799996854
complete,Rosenbrock,4,721.0332760537708,20000,3.893788900008076
complete,Rosenbrock,5,431.35675568833557,20000,3.792112100010854
complete,Rosenbrock,6,669.0488440083327,20000,3.7919029999902705
complete,Rosenbrock,7,285.0254953746371,20000,3.7703111000009812
complete,Rosenbrock,8,411.3675664599937,20000,3.8291048000101
complete,Rosenbrock,9,1000.0333474832437,20000,3.8486912000080338
complete,Rosenbrock,10,1862.0289977509278,20000,3.8632892000023276
complete,Rosenbrock,11,1439.8489713965637,20000,3.7579690999991726
complete,Rosenbrock,12,533.195906133227,20000,3.8453657000063686
complete,Rosenbrock,13,1668.6641282128571,20000,3.80380910000531
complete,Rosenbrock,14,533.4355262990294,20000,3.814561999999569
complete,Rosenbrock,15,653.1150568143769,20000,3.8897169999981998
complete,Rosenbrock,16,735.6778646703466,20000,3.9901141000009375
complete,Rosenbrock,17,685.7511941560425,20000,3.920648200000869
complete,Rosenbrock,18,749.7720398498576,20000,3.5994019999925513
complete,Rosenbrock,19,499.99339568451325,20000,3.5083257000078447
complete,Rosenbrock,20,608.0333868862574,20000,3.6575127999967663
complete,Rosenbrock,21,624.17229078864,20000,3.540529999998398
complete,Rosenbrock,22,610.122531666748,20000,3.394816800006083
complete,Rosenbrock,23,1792.8931011743202,20000,3.2705230999999912
complete,Rosenbrock,24,256.84042526644544,20000,3.2558413999940967
complete,Rosenbrock,25,1033.6428876687085,20000,3.2835477000044193
complete,Rosenbrock,26,579.5366540681771,20000,3.2551198000001023
complete,Rosenbrock,27,767.3522793735262,20000,3.39418580000347
complete,Rosenbrock,28,1938.244470268631,20000,3.3318637999909697
complete,Rosenbrock,29,331.08942852018635,20000,3.304022199998144
complete,Step,0,0.0,20000,2.9041009999928065
complete,Step,1,0.0,20000,2.7822834000107832
complete,Step,2,698.0,20000,2.5318516999977874
complete,Step,3,3.0,20000,2.5898895999998786
complete,Step,4,1.0,20000,2.6742224999907194
complete,Step,5,383.0,20000,2.595003700000234
complete,Step,6,5.0,20000,2.7487741999939317
complete,Step,7,0.0,20000,2.622821199998725
complete,Step,8,0.0,20000,2.759281699996791
complete,Step,9,0.0,20000,2.883559599998989
complete,Step,10,3.0,20000,2.6636729999881936
complete,Step,11,0.0,20000,2.657942499994533
complete,Step,12,653.0,20000,2.529147399996873
complete,Step,13,4.0,20000,2.572431399996276
complete,Step,14,0.0,20000,2.6676189999998314
complete,Step,15,0.0,20000,2.9128091000020504
complete,Step,16,726.0,20000,2.6104936999909114
complete,Step,17,0.0,20000,2.796555199995055
complete,Step,18,0.0,20000,2.7449904999957653
complete,Step,19,1.0,20000,2.8801597999990918
complete,Step,20,0.0,20000,2.8370317999942927
complete,Step,21,0.0,20000,2.6893867000035243
complete,Step,22,0.0,20000,2.8280770999990636
complete,Step,23,0.0,20000,2.7705803999997443
complete,Step,24,2.0,20000,2.745257299990044
complete,Step,25,0.0,20000,2.7576040999992983
complete,Step,26,0.0,20000,2.8249370000121417
complete,Step,27,7.0,20000,2.61934079999628
complete,Step,28,4.0,20000,2.709239499992691
complete,Step,29,1.0,20000,2.712818600004539
complete,Schwefel_2_26,0,-19863.749622535826,20000,2.5751559999916935
complete,Schwefel_2_26,1,-20026.712881463267,20000,2.718676400007098
complete,Schwefel_2_26,2,-19138.509453280305,20000,2.5433044000092195
complete,Schwefel_2_26,3,-18966.35020289622,20000,2.593553700004122
complete,Schwefel_2_26,4,-19504.728171662497,20000,2.5303562999906717
complete,Schwefel_2_26,5,-20196.686491577624,20000,2.6004967000044417
complete,Schwefel_2_26,6,-17840.296499768272,20000,2.6998223999980837
complete,Schwefel_2_26,7,-19390.038678286386,20000,2.602411600004416
complete,Schwefel_2_26,8,-19252.056115306863,20000,2.5688940999971237
complete,Schwefel_2_26,9,-18477.451736120547,20000,2.6077092999912566
complete,Schwefel_2_26,10,-20166.443397273353,20000,2.6702178999985335
complete,Schwefel_2_26,11,-18862.48270801318,20000,2.6761527999915415
complete,Schwefel_2_26,12,-20050.67627151037,20000,2.5895512999995844
complete,Schwefel_2_26,13,-19292.83964510039,20000,2.654712000003201
complete,Schwefel_2_26,14,-18614.19655581054,20000,2.566118300004746
complete,Schwefel_2_26,15,-18612.869648603177,20000,2.60305530000187
complete,Schwefel_2_26,16,-20530.845335992995,20000,2.648381999999401
complete,Schwefel_2_26,17,-18815.39363468365,20000,2.6205512000015005
complete,Schwefel_2_26,18,-20194.136292906835,20000,2.7034230999997817
complete,Schwefel_2_26,19,-19513.762792864403,20000,2.600872499999241
complete,Schwefel_2_26,20,-19245.486667677884,20000,2.633341399996425
complete,Schwefel_2_26,21,-19259.426936051543,20000,2.563098099999479
complete,Schwefel_2_26,22,-19325.213198136575,20000,2.6300723999884212
complete,Schwefel_2_26,23,-20135.042434396186,20000,2.6140586999972584
complete,Schwefel_2_26,24,-19319.596128175912,20000,2.5841978000098607
complete,Schwefel_2_26,25,-19922.33821910839,20000,2.5900372000032803
complete,Schwefel_2_26,26,-19155.25487834778,20000,2.666332400011015
complete,Schwefel_2_26,27,-19396.952510867435,20000,2.668005400002585
complete,Schwefel_2_26,28,-20896.883214467773,20000,2.602469999997993
complete,Schwefel_2_26,29,-20975.22703429926,20000,2.6463305999932345
complete,Rastrigin,0,17.28196402315308,20000,2.7716783999931067
complete,Rastrigin,1,11.141744795096201,20000,2.7035204999992857
complete,Rastrigin,2,36.595000818816686,20000,2.674573500000406
complete,Rastrigin,3,16.217200804263484,20000,2.701023100002203
complete,Rastrigin,4,29.887320970944415,20000,2.6901624000020092
complete,Rastrigin,5,24.436369356156035,20000,2.7206470999954036
complete,Rastrigin,6,10.869610432477089,20000,2.737800300004892
complete,Rastrigin,7,9.28794182032135,20000,2.6167512999963947
complete,Rastrigin,8,14.69289201734864,20000,2.6683533000032185
complete,Rastrigin,9,17.37564957820689,20000,2.6721569999936037
complete,Rastrigin,10,16.184434529315354,20000,2.783932599995751
complete,Rastrigin,11,21.544740146732863,20000,2.703769600004307
complete,Rastrigin,12,25.69869669314147,20000,2.6748722000047565
complete,Rastrigin,13,21.978203077592525,20000,2.7165654999989783
complete,Rastrigin,14,13.929961713817875,20000,2.7145440000022063
complete,Rastrigin,15,17.295351852945885,20000,2.720617899991339
complete,Rastrigin,16,17.67970139914405,20000,2.7440170000045327
complete,Rastrigin,17,25.510763510123127,20000,2.7144170999963535
complete,Rastrigin,18,16.34090542718019,20000,2.559387000001152
complete,Rastrigin,19,21.32958207818956,20000,2.758792900000117
complete,Rastrigin,20,16.74327438366538,20000,2.7045959000097355
complete,Rastrigin,21,21.409061482737513,20000,2.701832300008391
complete,Rastrigin,22,39.58091749885483,20000,2.66795170000114
complete,Rastrigin,23,24.75443373031169,20000,2.7038522999937413
complete,Rastrigin,24,24.740183958589114,20000,2.773140000004787
complete,Rastrigin,25,25.18988223979244,20000,2.6000620999984676
complete,Rastrigin,26,20.580021364570257,20000,2.6941578999976628
complete,Rastrigin,27,21.394686001675836,20000,2.6890839999978198
complete,Rastrigin,28,16.79497586652286,20000,2.734861599994474
complete,Rastrigin,29,14.279456387674259,20000,2.7703305000031833
complete,Ackley,0,6.097658566614648,20000,2.795425999996951
complete,Ackley,1,7.415355359588272,20000,2.7853597000066657
complete,Ackley,2,4.571831638902889,20000,2.7592308999883244
complete,Ackley,3,4.973131936417783,20000,2.959163300009095
complete,Ackley,4,4.9394124609895655,20000,2.7633139999961713
complete,Ackley,5,5.542523972432832,20000,2.8326944000000367
complete,Ackley,6,5.232731040025083,20000,2.8252682000020286
complete,Ackley,7,4.885113936379874,20000,2.7709867999947164
complete,Ackley,8,5.414375782602541,20000,2.8114199000119697
complete,Ackley,9,5.385472752864398,20000,2.7074991000117734
complete,Ackley,10,6.522995059562152,20000,2.7933516999910353
complete,Ackley,11,6.920815875937022,20000,2.8474253000022145
complete,Ackley,12,6.275934585176664,20000,2.745575499997358
complete,Ackley,13,4.363591252890469,20000,2.9316056000097888
complete,Ackley,14,3.8942940562996964,20000,2.863878100004513
complete,Ackley,15,4.115659262014869,20000,2.9122205000021495
complete,Ackley,16,4.942817928155858,20000,2.860951299997396
complete,Ackley,17,6.017508455736973,20000,2.8227880999911577
complete,Ackley,18,5.11400687891042,20000,2.79234830000496
complete,Ackley,19,4.710438452341151,20000,2.8727373000001535
complete,Ackley,20,7.115585029309685,20000,2.9689197999978205
complete,Ackley,21,6.169725001383693,20000,2.8334221999975853
complete,Ackley,22,5.876157582879436,20000,2.7549768000026233
complete,Ackley,23,5.084701222714504,20000,2.8694599000009475
complete,Ackley,24,4.386903165771688,20000,2.8194521000114037
complete,Ackley,25,5.723958367619815,20000,2.7654475000017555
complete,Ackley,26,3.291313074419087,20000,2.7080076999991434
complete,Ackley,27,3.6515484317807396,20000,2.8806307000049856
complete,Ackley,28,6.475889268078763,20000,2.8571011000021826
complete,Ackley,29,4.435716139290712,20000,2.8514110000105575
complete,Griewank,0,1.454884657396862,20000,2.6951060999999754
complete,Griewank,1,1.1978575194316485,20000,2.7674938999989536
complete,Griewank,2,1.6739764144034628,20000,2.814576200005831
complete,Griewank,3,1.2429021352656278,20000,2.762052100006258
complete,Griewank,4,1.2386484911566316,20000,2.9144110000052024
complete,Griewank,5,1.2235916347393136,20000,2.7968193999986397
complete,Griewank,6,1.1785289467381286,20000,2.6762679999956163
complete,Griewank,7,1.1500972343437474,20000,2.7874669000011636
complete,Griewank,8,1.5857995433411363,20000,2.7599250999919605
complete,Griewank,9,1.1761635002047965,20000,2.792307299998356
complete,Griewank,10,1.181369365714448,20000,2.835148300000583
complete,Griewank,11,1.246480101154422,20000,2.6234196000004886
complete,Griewank,12,1.3340501575807184,20000,2.713234700000612
complete,Griewank,13,1.2085411005442321,20000,2.7672094000008656
complete,Griewank,14,1.4711247103334277,20000,2.6562592000118457
complete,Griewank,15,1.1635398639760353,20000,2.803010200004792
complete,Griewank,16,1.408436890471048,20000,2.716495100001339
complete,Griewank,17,1.1503248545111684,20000,2.8454848999972455
complete,Griewank,18,1.1754719141917336,20000,2.9252621000050567
complete,Griewank,19,1.2427490961028698,20000,2.753837399999611
complete,Griewank,20,1.395014668555297,20000,2.7671588999946835
complete,Griewank,21,1.2225010010209219,20000,2.8031902000075206
complete,Griewank,22,1.5462091598225416,20000,2.7221495999983745
complete,Griewank,23,1.3263913322165581,20000,2.7261238000064623
complete,Griewank,24,1.1755418394929802,20000,2.9128614999935962
complete,Griewank,25,1.2388244710990208,20000,2.7341105000086827
complete,Griewank,26,1.1965715050063748,20000,2.8644403999933274
complete,Griewank,27,1.1277061507650163,20000,2.710919399993145
complete,Griewank,28,1.422226120901433,20000,2.763533400007873
complete,Griewank,29,1.0947579346742438,20000,2.7584219999989728
complete,Penalized,0,2.374705613912188,20000,4.576559099994483
complete,Penalized,1,3.80319134274569,20000,4.82183570000052
complete,Penalized,2,2.326487318819392,20000,4.799017100012861
complete,Penalized,3,2.6234470961920695,20000,4.750090299989097
complete,Penalized,4,2.563829620853005,20000,4.865893299996969
complete,Penalized,5,1.998716033123016,20000,5.00020389999554
complete,Penalized,6,1.8477185058296923,20000,4.811729599998216
complete,Penalized,7,2.1768113016000328,20000,4.707028800010448
complete,Penalized,8,1.9185612923111521,20000,4.588714900004561
complete,Penalized,9,1.7129900367157338,20000,4.807626099995105
complete,Penalized,10,3.057364249777472,20000,4.767707999999402
complete,Penalized,11,2.2215784001900247,20000,4.7841336999990745
complete,Penalized,12,1.957913642959458,20000,4.690553899999941
complete,Penalized,13,3.267693223122243,20000,4.6874059999972815
complete,Penalized,14,4.179303728606079,20000,4.867201200002455
complete,Penalized,15,1.3629956872894855,20000,4.849925299989991
complete,Penalized,16,4.567529773294968,20000,4.63811979998718
complete,Penalized,17,2.8873764021467294,20000,4.776173799997196
complete,Penalized,18,2.29568679182834,20000,4.659423799996148
complete,Penalized,19,5.203992077364743,20000,4.64822849999473
complete,Penalized,20,3.878376897140877,20000,4.6886335000017425
complete,Penalized,21,2.7067987769615622,20000,4.768233800001326
complete,Penalized,22,3.750727701592954,20000,4.6874058000103105
complete,Penalized,23,2.888226245448149,20000,4.7945278999977745
complete,Penalized,24,1.7150337803209483,20000,4.70242529999814
complete,Penalized,25,5.69064276259615,20000,4.757066899997881
complete,Penalized,26,2.569690501788215,20000,4.74202599999262
complete,Penalized,27,1.78748158380958,20000,4.672275400007493
complete,Penalized,28,5.144797511751932,20000,4.604858999999124
complete,Penalized,29,3.383507694446285,20000,4.735810499987565
complete,Quartic,0,0.0001917925062353906,20000,2.9107850000000326
complete,Quartic,1,6.242078431859972e-05,20000,2.973665500001516
complete,Quartic,2,6.716842933485162e-05,20000,2.9210366000042995
complete,Quartic,3,0.00021658187552144541,20000,2.8556806999986293
complete,Quartic,4,4.246838367157364e-05,20000,2.886339399992721
complete,Quartic,5,5.918805424975066e-05,20000,2.9092271999979857
complete,Quartic,6,0.00022923216477699576,20000,2.92984160000924
complete,Quartic,7,4.110008254346539e-05,20000,2.8614289999968605
complete,Quartic,8,0.00021349329703132638,20000,2.8717471999989357
complete,Quartic,9,2.7357309372956285e-05,20000,2.8661951999965822
complete,Quartic,10,0.0008994517459414546,20000,2.8601548000006005
complete,Quartic,11,0.00030295822083832667,20000,2.906418400001712
complete,Quartic,12,0.0002211911725100871,20000,2.815885400006664
complete,Quartic,13,0.0003076804362235025,20000,2.772128299999167
complete,Quartic,14,3.0949979375813885e-05,20000,2.8752666999935172
complete,Quartic,15,0.00016202322769635587,20000,2.910648199991556
complete,Quartic,16,0.0004135869504084837,20000,2.8888146999961464
complete,Quartic,17,0.0003797780965667414,20000,2.844589200001792
complete,Quartic,18,9.600860786351914e-05,20000,2.8224381000036374
complete,Quartic,19,0.00010780310134597583,20000,2.8991258000023663
complete,Quartic,20,0.00019460250975374577,20000,2.824095700008911
complete,Quartic,21,0.00012322649128755246,20000,2.9107335999869974
complete,Quartic,22,0.0002719863517811521,20000,2.889240199991036
complete,Quartic,23,0.00017274394469015772,20000,2.960075800001505
complete,Quartic,24,0.00024462972540970936,20000,2.9215867000020808
complete,Quartic,25,0.00018417500321372583,20000,2.9782198000029894
complete,Quartic,26,6.944122243049294e-05,20000,2.960497599997325
complete,Quartic,27,5.9444149647351594e-05,20000,2.924507600007928
complete,Quartic,28,0.0006006747564921549,20000,2.873914900003001
complete,Quartic,29,3.534505119465751e-05,20000,2.8867999999929452
complete,Schwefel_1_2,0,1451.0817878991709,20000,5.748143199991318
complete,Schwefel_1_2,1,682.3753115647701,20000,5.712816200000816
complete,Schwefel_1_2,2,1588.3206117679533,20000,5.679396300009103
complete,Schwefel_1_2,3,693.3314565598632,20000,5.698358800000278
complete,Schwefel_1_2,4,1127.1387254046851,20000,5.5919004999886965
complete,Schwefel_1_2,5,1136.5234106643304,20000,5.684626600006595
complete,Schwefel_1_2,6,669.2326089120089,20000,5.027499699994223
complete,Schwefel_1_2,7,863.7550776971747,20000,5.055491900013294
complete,Schwefel_1_2,8,893.3982522470296,20000,4.935965500000748
complete,Schwefel_1_2,9,836.5670418282278,20000,4.98734739999054
complete,Schwefel_1_2,10,1445.541659777225,20000,4.950566599989543
complete,Schwefel_1_2,11,1375.3095839145549,20000,4.900935999990907
complete,Schwefel_1_2,12,1059.2184213008727,20000,4.804370700003346
complete,Schwefel_1_2,13,611.523412900664,20000,4.791640800001915
complete,Schwefel_1_2,14,1266.2100937184505,20000,4.8292077999940375
complete,Schwefel_1_2,15,316.92233052103865,20000,4.814084500001627
complete,Schwefel_1_2,16,896.6394161253284,20000,4.810696600005031
complete,Schwefel_1_2,17,395.9773217122065,20000,4.802665600000182
complete,Schwefel_1_2,18,968.6314097472707,20000,4.769470300001558
complete,Schwefel_1_2,19,1580.2757028148274,20000,4.7838969000004
complete,Schwefel_1_2,20,804.9568403036808,20000,4.776201899992884
complete,Schwefel_1_2,21,418.9909291653145,20000,4.751785500004189
complete,Schwefel_1_2,22,999.299895349047,20000,4.787410100005218
complete,Schwefel_1_2,23,713.6305180302832,20000,4.7968415999930585
complete,Schwefel_1_2,24,1153.699796821352,20000,4.857173600001261
complete,Schwefel_1_2,25,814.7216189698577,20000,4.839452300002449
complete,Schwefel_1_2,26,840.2665914917369,20000,4.80264619999798
complete,Schwefel_1_2,27,737.2873533405932,20000,4.737256399996113
complete,Schwefel_1_2,28,800.1646943738574,20000,4.70595719999983
complete,Schwefel_1_2,29,707.8055681602028,20000,4.415515400003642
