variant,function,seed,best,evals,seconds
social,Sphere,0,7.931263457651537e-05,105000,3.848513399992953
social,Sphere,1,0.00015201107473561656,105000,3.7686096999968868
social,Sphere,2,0.00017328927469374212,105000,3.7838463000080083
social,Sphere,3,0.0001272022341748234,105000,3.81229170000006
social,Sphere,4,0.00012916688211562997,105000,3.8019192999927327
social,Sphere,5,8.083640742533456e-05,105000,3.7993730999878608
social,Sphere,6,8.683267860568464e-05,105000,3.7929963000060525
social,Sphere,7,0.000153423102993841,105000,3.8183541000034893
social,Sphere,8,7.000548745933573e-05,105000,3.814850299997488
social,Sphere,9,0.00015414407062352994,105000,3.7352109999919776
social,Sphere,10,1.2056036898431372e-05,105000,3.772551399990334
social,Sphere,11,5.246620480313691e-05,105000,3.8239223999989918
social,Sphere,12,9.08744355423305e-05,105000,3.7930858000036096
social,Sphere,13,9.546093482879342e-05,105000,3.773548099998152
social,Sphere,14,7.914494685275922e-05,105000,3.7480942999973195
social,Sphere,15,0.0002029094335736517,105000,3.8682007000024896
social,Sphere,16,0.00013705981940772147,105000,3.750854199999594
social,Sphere,17,8.413924403071752e-05,105000,3.7785673000034876
social,Sphere,18,0.00010716345482566379,105000,3.7637157999997726
social,Sphere,19,9.810708514059347e-05,105000,3.7619670999993104
social,Sphere,20,9.788577839444737e-05,105000,3.7878320000017993
social,Sphere,21,7.059156030485135e-05,105000,3.7900347000104375
social,Sphere,22,0.00011634892607868588,105000,3.8392062000057194
social,Sphere,23,0.00012234022568836578,105000,3.801047799992375
social,Sphere,24,6.961812000913671e-05,105000,3.7436882000038167
social,Sphere,25,0.00010712760896782989,105000,3.771906600013608
social,Sphere,26,0.00019140416862287895,105000,3.7480835000023944
social,Sphere,27,0.0002172014814689384,105000,3.788109400004032
social,Sphere,28,0.00014665084540446975,105000,3.8255678999994416
social,Sphere,29,5.25034072150953e-05,105000,3.719856099996832
social,Rosenbrock,0,28.00221325878494,105000,6.228414999990491
social,Rosenbrock,1,24.56109933176022,105000,6.235784900010913
social,Rosenbrock,2,72.7521596640467,105000,6.275873700011289
social,Rosenbrock,3,336.6512540733961,105000,6.32222560000082
social,Rosenbrock,4,145.86650313439645,105000,6.328463300000294
social,Rosenbrock,5,23.346974301031484,105000,6.402128899993841
social,Rosenbrock,6,27.682197607804127,105000,7.990255400000024
social,Rosenbrock,7,28.235744980012694,105000,8.05648879999353
social,Rosenbrock,8,90.31085646878438,105000,7.971226299996488
social,Rosenbrock,9,28.464162573377422,105000,8.189319899989641
social,Rosenbrock,10,31.989411944247117,105000,8.132024199992884
social,Rosenbrock,11,28.108502243004903,105000,8.2388964999991
social,Rosenbrock,12,28.271850791004738,105000,8.870361699999194
social,Rosenbrock,13,143.85708188542543,105000,8.885263599993777
social,Rosenbrock,14,29.10835849459999,105000,8.916961899987655
social,Rosenbrock,15,71.49760289723301,105000,8.90583560000232
social,Rosenbrock,16,295.2747093532649,105000,8.918321699995431
social,Rosenbrock,17,29.340517953327264,105000,8.956350300009944
social,Rosenbrock,18,24.705717918366265,105000,11.661580300002242
social,Rosenbrock,19,89.58052098977824,105000,11.771902200009208
social,Rosenbrock,20,21.71662202225558,105000,11.928240799999912
social,Rosenbrock,21,29.18776945310183,105000,12.1954482000001
social,Rosenbrock,22,27.63376566401773,105000,12.265672900000936
social,Rosenbrock,23,28.816344662971197,105000,12.721833200004767
social,Rosenbrock,24,138.13264946405488,105000,19.219547100001364
social,Rosenbrock,25,29.295949665017737,105000,19.27460269999574
social,Rosenbrock,26,25.63381837150804,105000,19.23233590000018
social,Rosenbrock,27,29.240490781030868,105000,19.24766420001106
social,Rosenbrock,28,60.55129213053571,105000,19.317341300004045
social,Rosenbrock,29,203.83343810463455,105000,19.30890720000025
social,Step,0,0.0,105000,13.004129699998884
social,Step,1,0.0,105000,13.020156399987172
social,Step,2,0.0,105000,12.987393400006113
social,Step,3,0.0,105000,12.95928680000361
social,Step,4,0.0,105000,12.912859500007471
social,Step,5,0.0,105000,12.986358199996175
social,Step,6,0.0,105000,12.976872200000798
social,Step,7,0.0,105000,13.082665599999018
social,Step,8,0.0,105000,12.992349400010426
social,Step,9,0.0,105000,13.05407520000881
social,Step,10,0.0,105000,13.019040400002268
social,Step,11,0.0,105000,12.716143400000874
social,Step,12,0.0,105000,5.550600600006874
social,Step,13,0.0,105000,5.036411100008991
social,Step,14,0.0,105000,5.239326199996867
social,Step,15,0.0,105000,4.578307699994184
social,Step,16,0.0,105000,4.617416099994443
social,Step,17,0.0,105000,4.448208699992392
social,Step,18,0.0,105000,4.591353800002253
social,Step,19,0.0,105000,4.54725440000766
social,Step,20,0.0,105000,4.561523700001999
social,Step,21,0.0,105000,4.5248761999973794
social,Step,22,0.0,105000,4.688411499999347
social,Step,23,0.0,105000,4.754454499998246
social,Step,24,0.0,105000,4.782038200006355
social,Step,25,0.0,105000,4.5622208999993745
social,Step,26,0.0,105000,4.60901179999928
social,Step,27,0.0,105000,4.710631099995226
social,Step,28,0.0,105000,4.667316799997934
social,Step,29,0.0,105000,4.676355300005525
social,Schwefel_2_26,0,-20254.34502651718,105000,4.762588400000823
social,Schwefel_2_26,1,-20084.83399045946,105000,4.720083500011242
social,Schwefel_2_26,2,-19432.64664225287,105000,4.694936300002155
social,Schwefel_2_26,3,-17617.08713697772,105000,4.743984799992177
social,Schwefel_2_26,4,-20029.33624630798,105000,5.388500900007784
social,Schwefel_2_26,5,-21020.747367292548,105000,6.915685300002224
social,Schwefel_2_26,6,-19157.178380110556,105000,13.937172400008421
social,Schwefel_2_26,7,-19749.7009170538,105000,14.07998179999413
social,Schwefel_2_26,8,-19966.921349969794,105000,14.095177300012438
social,Schwefel_2_26,9,-18347.757980513492,105000,14.211665800001356
social,Schwefel_2_26,10,-20039.525698967293,105000,14.080458800002816
social,Schwefel_2_26,11,-19149.048523099023,105000,14.076969899993856
social,Schwefel_2_26,12,-20475.41522948393,105000,14.279145299995434
social,Schwefel_2_26,13,-20065.316201355454,105000,14.294089099988923
social,Schwefel_2_26,14,-17439.544272255916,105000,14.315115899997181
social,Schwefel_2_26,15,-18634.186069629897,105000,14.278090300009353
social,Schwefel_2_26,16,-21250.02509468495,105000,14.385810300009325
social,Schwefel_2_26,17,-18854.449394514406,105000,14.315915799990762
social,Schwefel_2_26,18,-20310.323426764855,105000,14.039739699990605
social,Schwefel_2_26,19,-19511.725582164705,105000,13.972433200004161
social,Schwefel_2_26,20,-19344.943520793702,105000,14.289950299993507
social,Schwefel_2_26,21,-17854.112921254462,105000,14.03854510000383
social,Schwefel_2_26,22,-19274.276590525522,105000,14.04351730000053
social,Schwefel_2_26,23,-16550.340892339293,105000,14.09813060000306
social,Schwefel_2_26,24,-20440.681709183038,105000,13.209672099997988
social,Schwefel_2_26,25,-19965.91444529986,105000,13.13848360000702
social,Schwefel_2_26,26,-19634.760136945315,105000,13.189760599998408
social,Schwefel_2_26,27,-19374.113574964358,105000,13.169413700001314
social,Schwefel_2_26,28,-20341.972862162067,105000,13.00494250000338
social,Schwefel_2_26,29,-20598.617001146165,105000,12.826537500004633
social,Rastrigin,0,0.07269565022329516,105000,13.588720500003546
social,Rastrigin,1,9.949737216235576,105000,13.530159300004016
social,Rastrigin,2,1.9164577454976666,105000,13.598946899990551
social,Rastrigin,3,8.95482271381178,105000,13.618285199991078
social,Rastrigin,4,9.949768655162586,105000,13.549449800004368
social,Rastrigin,5,21.889326080867306,105000,13.565023000002839
social,Rastrigin,6,15.919468104181021,105000,13.624445699999342
social,Rastrigin,7,8.954909890802355,105000,13.635705199994845
social,Rastrigin,8,1.1490209222155272,105000,13.780247300004703
social,Rastrigin,9,12.93462129294636,105000,13.785747200003243
social,Rastrigin,10,0.11695673039270105,105000,13.84997170000861
social,Rastrigin,11,11.939717977905389,105000,13.893075400003
social,Rastrigin,12,14.924647043595371,105000,14.58058369999344
social,Rastrigin,13,0.0021340135127161375,105000,14.575915000008536
social,Rastrigin,14,16.914604600485802,105000,14.525991999995313
social,Rastrigin,15,0.10014949631641912,105000,14.462785099996836
social,Rastrigin,16,21.889351631312252,105000,14.41882489999989
social,Rastrigin,17,15.919533336546749,105000,14.327358900001855
social,Rastrigin,18,22.884193962954498,105000,14.380707799995434
social,Rastrigin,19,8.954861712239449,105000,14.40198209999653
social,Rastrigin,20,19.899491645254386,105000,14.48938180001278
social,Rastrigin,21,20.89440249924013,105000,14.46768560000055
social,Rastrigin,22,52.73338869933724,105000,14.129897100006929
social,Rastrigin,23,8.954906635114867,105000,13.08549579999817
social,Rastrigin,24,0.10997507525695482,105000,9.369943100013188
social,Rastrigin,25,9.949764637499584,105000,9.880049300001701
social,Rastrigin,26,2.7048404379510202,105000,9.952410900004907
social,Rastrigin,27,0.10206184946247276,105000,9.627779000002192
social,Rastrigin,28,10.945028740153873,105000,9.837710899999365
social,Rastrigin,29,20.894580003102817,105000,11.241129100002581
social,Ackley,0,2.81412893799487,105000,15.996345699997619
social,Ackley,1,6.375562645098324,105000,15.977667900006054
social,Ackley,2,5.533083321815422,105000,16.02590659999987
social,Ackley,3,5.951985291840376,105000,15.993906399991829
social,Ackley,4,0.013340308643443155,105000,15.995742300001439
social,Ackley,5,4.919512195105614,105000,15.954534499993315
social,Ackley,6,4.989420189620841,105000,15.37221220000356
social,Ackley,7,4.919366248469746,105000,15.407407699996838
social,Ackley,8,5.871915201540208,105000,15.432972800001153
social,Ackley,9,4.623880596411336,105000,15.466761100004078
social,Ackley,10,5.503244672056542,105000,15.385431600006996
social,Ackley,11,6.03030764314547,105000,15.42330260000017
social,Ackley,12,7.06429626469879,105000,15.534372699999949
social,Ackley,13,4.737885946554709,105000,15.493624800001271
social,Ackley,14,4.584193375177559,105000,15.459648099989863
social,Ackley,15,6.0044083780540625,105000,15.549299200007226
social,Ackley,16,0.2573302200037628,105000,15.549526699993294
social,Ackley,17,5.255952327784886,105000,15.508835599990562
social,Ackley,18,5.1912358024627,105000,15.363862900005188
social,Ackley,19,4.883930882902504,105000,15.378687199990964
social,Ackley,20,0.09829979336817773,105000,15.397821000005933
social,Ackley,21,0.03155502027767598,105000,15.389150300004985
social,Ackley,22,4.700336797354119,105000,15.43151380000927
social,Ackley,23,1.7204403463194713,105000,15.417084700005944
social,Ackley,24,6.231423135041442,105000,15.337093599999207
social,Ackley,25,4.465277385328406,105000,15.311552899991511
social,Ackley,26,4.029588041125358,105000,15.354695400004857
social,Ackley,27,5.158319161016063,105000,15.334814000001643
social,Ackley,28,5.734494213328219,105000,15.288130400003865
social,Ackley,29,3.7342856253070704,105000,15.327518799997051
social,Griewank,0,0.029189061551303075,105000,14.530700199989951
social,Griewank,1,0.023938181820264637,105000,14.532372899993788
social,Griewank,2,0.019495689240920377,105000,14.574380899997777
social,Griewank,3,0.011175042514643407,105000,14.604862899999716
social,Griewank,4,0.044261620579439054,105000,14.568309499998577
social,Griewank,5,0.023496034305590108,105000,14.549554299999727
social,Griewank,6,0.02663954168697047,105000,14.521559499989962
social,Griewank,7,0.010651248831818894,105000,14.54904159999569
social,Griewank,8,0.0056565175411513735,105000,14.548408100003144
social,Griewank,9,0.015291626887149357,105000,14.595411200003582
social,Griewank,10,0.009279989887482909,105000,14.536624300002586
social,Griewank,11,0.028507910092966826,105000,14.523630499999854
social,Griewank,12,0.028060873059353675,105000,14.691853500000434
social,Griewank,13,0.029727454949137755,105000,14.704441200010478
social,Griewank,14,0.04120023010192653,105000,14.69919800000207
social,Griewank,15,0.005444296608100863,105000,14.677678199994261
social,Griewank,16,0.02210237519674174,105000,14.71320180001203
social,Griewank,17,0.008812478944883573,105000,14.667581000001519
social,Griewank,18,0.05241258527873305,105000,6.936302399990382
social,Griewank,19,0.03305634027678339,105000,6.463852800006862
social,Griewank,20,0.0024626242446523783,105000,6.166594299997087
social,Griewank,21,0.04294603447210177,105000,5.851406000001589
social,Griewank,22,0.023338471021196683,105000,5.768870200001402
social,Griewank,23,0.023465079704718228,105000,4.510507099999813
social,Griewank,24,0.0022952378946227148,105000,4.671032300000661
social,Griewank,25,0.01978999612573573,105000,4.777605299997958
social,Griewank,26,0.02309104068037182,105000,4.838777199998731
social,Griewank,27,0.0016420422016689695,105000,4.796984000000521
social,Griewank,28,0.005046857847239572,105000,4.665602199995192
social,Griewank,29,0.02550153077597539,105000,4.850177100001019
social,Penalized,0,1.3873071441803932,105000,10.819294400003855
social,Penalized,1,2.007719733940848,105000,10.88465810001071
social,Penalized,2,3.698501238136482,105000,10.840401800000109
social,Penalized,3,3.3297086920599313,105000,10.900679500002298
social,Penalized,4,4.19712747905428,105000,10.884602799997083
social,Penalized,5,1.5204213036484222,105000,10.964949500004877
social,Penalized,6,2.1175249196085875,105000,10.75402550000581
social,Penalized,7,3.5304099944099048,105000,10.77395630000683
social,Penalized,8,1.8327859459315778,105000,10.778079700001399
social,Penalized,9,2.1808648453781103,105000,10.863167200004682
social,Penalized,10,2.6669583801104553,105000,10.842683899987605
social,Penalized,11,4.273731297178533,105000,11.42012349999277
social,Penalized,12,2.197626337989731,105000,15.18787429999793
social,Penalized,13,3.3202932573272834,105000,15.27492809999967
social,Penalized,14,3.236278674580843,105000,15.133322900001076
social,Penalized,15,1.19998698105334,105000,15.287209200003417
social,Penalized,16,6.4013399906182755,105000,15.257061199998134
social,Penalized,17,0.9570727414002964,105000,15.273036099999445
social,Penalized,18,5.0276166060548615,105000,15.103137499987497
social,Penalized,19,3.6185382272488185,105000,15.104053599992767
social,Penalized,20,4.301325177359935,105000,15.183514299991657
social,Penalized,21,1.8245145146865704,105000,15.100164799994673
social,Penalized,22,1.6764489720904803,105000,15.141487300003064
social,Penalized,23,1.0398682441609712,105000,15.079241899991757
social,Penalized,24,3.7994340584693864,105000,30.154891699989093
social,Penalized,25,3.879443852282513,105000,30.900169499989715
social,Penalized,26,1.767724291991716,105000,31.044879699999
social,Penalized,27,3.0286423311029873,105000,31.3835706999962
social,Penalized,28,4.104851585886532,105000,31.543306399995345
social,Penalized,29,2.247335825001999,105000,33.812545500011765
social,Quartic,0,2.8691977150381226e-11,105000,14.927022300005774
social,Quartic,1,3.414409811872843e-11,105000,14.967218999998295
social,Quartic,2,3.282441998589e-12,105000,15.012629999997444
social,Quartic,3,3.578468488364376e-12,105000,15.004297199993744
social,Quartic,4,3.707906530444293e-12,105000,15.004196599998977
social,Quartic,5,3.581514264524416e-12,105000,14.98369530000491
social,Quartic,6,1.4684087565449528e-12,105000,14.943463500007056
social,Quartic,7,4.196429906373729e-13,105000,14.940782799996668
social,Quartic,8,4.299905932985414e-12,105000,14.973038600001018
social,Quartic,9,2.148472258172891e-12,105000,14.951736700008041
social,Quartic,10,9.559322084984827e-11,105000,14.881059200008167
social,Quartic,11,2.140388069313964e-11,105000,14.85040100000333
social,Quartic,12,1.1640294668744042e-12,105000,14.893032799998764
social,Quartic,13,2.6454443699039497e-12,105000,14.902222000004258
social,Quartic,14,5.684511499139139e-12,105000,14.970745300001
social,Quartic,15,3.3447593741451825e-11,105000,14.863098799993168
social,Quartic,16,1.1151803602254996e-13,105000,14.918145600007847
social,Quartic,17,3.813649512962538e-12,105000,14.865161200010334
social,Quartic,18,3.296877127289386e-12,105000,14.779202899997472
social,Quartic,19,6.788779026736075e-13,105000,14.864788699997007
social,Quartic,20,7.631358790139992e-12,105000,14.841130999993766
social,Quartic,21,9.567389863817833e-13,105000,14.837094999995315
social,Quartic,22,6.725837741445027e-12,105000,14.857567499988363
social,Quartic,23,3.059704275968455e-12,105000,14.835986799997045
social,Quartic,24,8.429141638226715e-12,105000,14.85657980000542
social,Quartic,25,1.882921795452614e-11,105000,14.82416380000359
social,Quartic,26,1.1436165216772241e-11,105000,14.866805800003931
social,Quartic,27,1.1730313541702688e-11,105000,14.838960699999006
social,Quartic,28,1.1836119585030308e-11,105000,14.929634200001601
social,Quartic,29,1.3880840470568604e-11,105000,14.863454299993464
social,Schwefel_1_2,0,71.05611490758149,105000,54.345663400003104
social,Schwefel_1_2,1,97.21961757193564,105000,54.5122515999974
social,Schwefel_1_2,2,143.92261656158075,105000,54.25363140000263
social,Schwefel_1_2,3,191.75480682784146,105000,54.35131729999557
social,Schwefel_1_2,4,188.66588861908258,105000,54.63033890000952
social,Schwefel_1_2,5,70.56572843852791,105000,54.43406000001414
social,Schwefel_1_2,6,44.22118012087909,105000,39.912218899989966
social,Schwefel_1_2,7,68.75256427944686,105000,38.8978766999935
social,Schwefel_1_2,8,58.17005242775162,105000,38.709662199995364
social,Schwefel_1_2,9,84.27457904247179,105000,38.30994439999631
social,Schwefel_1_2,10,103.99278466385084,105000,37.8708825000067
social,Schwefel_1_2,11,136.08344117150648,105000,35.55293739998888
social,Schwefel_1_2,12,176.90313281624356,105000,33.08299480000278
social,Schwefel_1_2,13,163.39341392431183,105000,34.568009199996595
social,Schwefel_1_2,14,166.18585706138322,105000,34.50891400000546
social,Schwefel_1_2,15,18.90290500805055,105000,34.7615766999952
social,Schwefel_1_2,16,34.11311164054589,105000,35.88848460000008
social,Schwefel_1_2,17,91.91880713877894,105000,38.66913300000306
social,Schwefel_1_2,18,125.17166653868316,105000,54.35471709999547
social,Schwefel_1_2,19,110.75308943440021,105000,54.465816500000074
social,Schwefel_1_2,20,207.44154491959725,105000,54.25416179999593
social,Schwefel_1_2,21,39.49811730247568,105000,54.35104809999757
social,Schwefel_1_2,22,44.27846200961931,105000,54.52635869999358
social,Schwefel_1_2,23,49.099496456247024,105000,54.33745690000069
social,Schwefel_1_2,24,106.8073721391308,105000,54.237083800006076
social,Schwefel_1_2,25,52.28892223556359,105000,54.14141749999544
social,Schwefel_1_2,26,152.360433748669,105000,54.36860249999154
social,Schwefel_1_2,27,32.518207614228004,105000,54.218804400006775
social,Schwefel_1_2,28,151.16178759918986,105000,54.50065080000786
social,Schwefel_1_2,29,100.47712988170262,105000,54.27436460000172
shuffled,Sphere,0,0.0001405834580447466,105000,11.778127300000051
shuffled,Sphere,1,6.607471111480261e-05,105000,11.78679589999956
shuffled,Sphere,2,6.640106831003104e-05,105000,11.764934499995434
shuffled,Sphere,3,8.153275289228076e-05,105000,11.830196099996101
shuffled,Sphere,4,0.00012522806706799638,105000,11.795196999999462
shuffled,Sphere,5,4.007983904444361e-05,105000,11.806587099999888
shuffled,Sphere,6,0.00014727762046479707,105000,11.81124360000831
shuffled,Sphere,7,5.842391276451063e-05,105000,11.895376599990414
shuffled,Sphere,8,8.97135492813286e-05,105000,11.822797900007572
shuffled,Sphere,9,6.990444947485039e-05,105000,11.860226499993587
shuffled,Sphere,10,0.0001837191601617906,105000,11.817456899996614
shuffled,Sphere,11,7.690037854493696e-05,105000,11.859209499991266
shuffled,Sphere,12,0.00012900868112716943,105000,11.888603200000944
shuffled,Sphere,13,9.999948200112848e-05,105000,11.854691799991997
shuffled,Sphere,14,9.506402924094166e-05,105000,11.817598099994939
shuffled,Sphere,15,6.136368143320542e-05,105000,11.885726900000009
shuffled,Sphere,16,7.241530066175358e-05,105000,11.837640400000964
shuffled,Sphere,17,5.647342782295123e-06,105000,11.81267050000315
shuffled,Sphere,18,0.0001671844778949438,105000,11.831944100005785
shuffled,Sphere,19,0.00015473693682200893,105000,11.871998999995412
shuffled,Sphere,20,0.0001722544733287128,105000,11.810953199994401
shuffled,Sphere,21,0.00010835204404988297,105000,11.8262481999991
shuffled,Sphere,22,7.599652092427843e-05,105000,11.850801599997794
shuffled,Sphere,23,0.00013256000467406405,105000,11.915116000003763
shuffled,Sphere,24,0.0001358234622659123,105000,12.006804699994973
shuffled,Sphere,25,4.5176985567898285e-05,105000,12.070700600001146
shuffled,Sphere,26,0.0001340793427112734,105000,12.010579299996607
shuffled,Sphere,27,0.00013551476103451982,105000,12.059854899998754
shuffled,Sphere,28,0.00019032776366360876,105000,11.984269900000072
shuffled,Sphere,29,0.00020615697867407118,105000,11.940538400012883
shuffled,Rosenbrock,0,82.88903485303514,105000,18.876285899998038
shuffled,Rosenbrock,1,27.262415977018417,105000,18.9248474999913
shuffled,Rosenbrock,2,129.71814379257253,105000,18.838461899998947
shuffled,Rosenbrock,3,71.09477418926208,105000,18.957945300004212
shuffled,Rosenbrock,4,258.0538530897649,105000,18.883851599995978
shuffled,Rosenbrock,5,23.309470283646096,105000,18.796898999993573
shuffled,Rosenbrock,6,32.07595381976572,105000,18.89283080000314
shuffled,Rosenbrock,7,23.696910215964106,105000,18.966228700010106
shuffled,Rosenbrock,8,25.920973824617466,105000,18.933264299994335
shuffled,Rosenbrock,9,28.480109763838037,105000,18.972969299997203
shuffled,Rosenbrock,10,28.914812243074355,105000,18.967535600007977
shuffled,Rosenbrock,11,28.360107043556248,105000,18.962631799993687
shuffled,Rosenbrock,12,29.398131355437595,105000,18.986921600007918
shuffled,Rosenbrock,13,169.10481340083672,105000,18.95967299999029
shuffled,Rosenbrock,14,109.93625274696255,105000,18.946960799992667
shuffled,Rosenbrock,15,24.204707782068468,105000,19.01206429999729
shuffled,Rosenbrock,16,43.52157738884996,105000,18.9945044000051
shuffled,Rosenbrock,17,28.52175662978488,105000,18.967345800003386
shuffled,Rosenbrock,18,23.02047155145063,105000,18.95075469999574
shuffled,Rosenbrock,19,81.0605884982396,105000,18.99053229999845
shuffled,Rosenbrock,20,21.19513345070133,105000,18.939528300004895
shuffled,Rosenbrock,21,29.212000168624108,105000,18.942590100006782
shuffled,Rosenbrock,22,28.501626453591705,105000,18.911680099990917
shuffled,Rosenbrock,23,26.21660892757844,105000,18.914973200007807
shuffled,Rosenbrock,24,60.67892893709201,105000,18.98246189999918
shuffled,Rosenbrock,25,29.359228708743583,105000,18.953529100006563
shuffled,Rosenbrock,26,27.338642436330847,105000,19.03023380000377
shuffled,Rosenbrock,27,258.42974278109966,105000,19.03443650000554
shuffled,Rosenbrock,28,27.684824363901434,105000,19.007053699999233
shuffled,Rosenbrock,29,27.875073052776376,105000,18.915431800007354
shuffled,Step,0,0.0,105000,12.535307700003614
shuffled,Step,1,0.0,105000,12.555096199997934
shuffled,Step,2,0.0,105000,12.698377799999435
shuffled,Step,3,0.0,105000,12.596023499994772
shuffled,Step,4,0.0,105000,12.369383400000515
shuffled,Step,5,0.0,105000,12.257869699998992
shuffled,Step,6,0.0,105000,12.56964099999459
shuffled,Step,7,0.0,105000,12.303629100002581
shuffled,Step,8,0.0,105000,12.460598199992091
shuffled,Step,9,0.0,105000,12.429135999991558
shuffled,Step,10,0.0,105000,12.688987999994424
shuffled,Step,11,0.0,105000,12.81329820000974
shuffled,Step,12,0.0,105000,12.847806299992953
shuffled,Step,13,0.0,105000,12.8155368000007
shuffled,Step,14,0.0,105000,12.867376599999261
shuffled,Step,15,0.0,105000,12.862266899988754
shuffled,Step,16,0.0,105000,12.504060999999638
shuffled,Step,17,0.0,105000,12.533720399995218
shuffled,Step,18,0.0,105000,12.467829700006405
shuffled,Step,19,0.0,105000,12.67848019998928
shuffled,Step,20,0.0,105000,12.73681069999293
shuffled,Step,21,0.0,105000,12.72338569999556
shuffled,Step,22,0.0,105000,12.681432799989125
shuffled,Step,23,0.0,105000,12.438154200004647
shuffled,Step,24,0.0,105000,12.640230300006806
shuffled,Step,25,0.0,105000,12.644011999989743
shuffled,Step,26,0.0,105000,12.671406199995545
shuffled,Step,27,0.0,105000,12.419011000005412
shuffled,Step,28,0.0,105000,12.728865400000359
shuffled,Step,29,0.0,105000,12.752105499996105
shuffled,Schwefel_2_26,0,-20016.531539273918,105000,12.676783200004138
shuffled,Schwefel_2_26,1,-20084.834384908296,105000,12.69175019999966
shuffled,Schwefel_2_26,2,-19512.47357394975,105000,12.69215930000064
shuffled,Schwefel_2_26,3,-17379.948563419093,105000,12.687252100004116
shuffled,Schwefel_2_26,4,-20217.396536370135,105000,12.694085499999346
shuffled,Schwefel_2_26,5,-21023.49095118251,105000,12.69113780000771
shuffled,Schwefel_2_26,6,-19136.904181097932,105000,12.55410120000306
shuffled,Schwefel_2_26,7,-19887.912693641494,105000,12.573401899993769
shuffled,Schwefel_2_26,8,-20184.06063756135,105000,12.590083499992033
shuffled,Schwefel_2_26,9,-18486.378945859935,105000,12.544853900006274
shuffled,Schwefel_2_26,10,-20085.0623630731,105000,12.446626899996772
shuffled,Schwefel_2_26,11,-19109.95701723174,105000,12.410534399998141
shuffled,Schwefel_2_26,12,-20471.03474969401,105000,12.45316139998613
shuffled,Schwefel_2_26,13,-20045.179222657724,105000,12.401772199998959
shuffled,Schwefel_2_26,14,-19169.460216897616,105000,12.47370139999839
shuffled,Schwefel_2_26,15,-18682.455039707398,105000,12.464802399990731
shuffled,Schwefel_2_26,16,-21151.231927634115,105000,12.473656799993478
shuffled,Schwefel_2_26,17,-19011.79656624706,105000,12.404663599998457
shuffled,Schwefel_2_26,18,-20295.221532486405,105000,11.901652000000468
shuffled,Schwefel_2_26,19,-19313.91951016584,105000,10.642072200003895
shuffled,Schwefel_2_26,20,-19542.13256301161,105000,10.40363939999952
shuffled,Schwefel_2_26,21,-19512.368339063964,105000,10.480179799997131
shuffled,Schwefel_2_26,22,-19313.37945007706,105000,10.344952699990245
shuffled,Schwefel_2_26,23,-19788.251910270483,105000,10.313342999987071
shuffled,Schwefel_2_26,24,-20263.013918343368,105000,10.858404000013252
shuffled,Schwefel_2_26,25,-19748.774421768525,105000,12.09209470001224
shuffled,Schwefel_2_26,26,-19354.806301430075,105000,12.39784089999739
shuffled,Schwefel_2_26,27,-19353.839157249527,105000,12.43434310000157
shuffled,Schwefel_2_26,28,-20697.229316212477,105000,12.42201880000357
shuffled,Schwefel_2_26,29,-20855.217131628808,105000,12.417861199995968
shuffled,Rastrigin,0,1.7385080166628768,105000,13.665249699988635
shuffled,Rastrigin,1,18.90438445850151,105000,13.6591696000105
shuffled,Rastrigin,2,13.929578925379246,105000,13.745696700003464
shuffled,Rastrigin,3,3.051490245442949,105000,13.783491800000775
shuffled,Rastrigin,4,0.7232595371857542,105000,13.851442099999986
shuffled,Rastrigin,5,5.804746965904883,105000,13.876325600009295
shuffled,Rastrigin,6,41.78835833385028,105000,13.763588900008472
shuffled,Rastrigin,7,5.3337146465413525,105000,13.806643199990503
shuffled,Rastrigin,8,16.914523239160303,105000,13.81865810000454
shuffled,Rastrigin,9,3.336892706965614,105000,13.836875799999689
shuffled,Rastrigin,10,0.007374987469688676,105000,13.564470600002096
shuffled,Rastrigin,11,10.944785043443005,105000,13.65375359999598
shuffled,Rastrigin,12,10.94465714571686,105000,13.709294199987198
shuffled,Rastrigin,13,13.929721213567746,105000,13.661962800004403
shuffled,Rastrigin,14,9.949938060937143,105000,13.743779800002812
shuffled,Rastrigin,15,7.02951318185012,105000,13.782536299986532
shuffled,Rastrigin,16,12.934640840063423,105000,13.746511300007114
shuffled,Rastrigin,17,3.777852798163906,105000,13.697470300001442
shuffled,Rastrigin,18,6.964872896588702,105000,13.664886899990961
shuffled,Rastrigin,19,23.879436521758976,105000,13.667869299999438
shuffled,Rastrigin,20,11.939655225239619,105000,13.706668600003468
shuffled,Rastrigin,21,9.949712631157638,105000,13.669641900007264
shuffled,Rastrigin,22,0.4929759543638852,105000,13.689473599995836
shuffled,Rastrigin,23,27.85898337765161,105000,13.771756799993454
shuffled,Rastrigin,24,0.1593802678956422,105000,13.754392900009407
shuffled,Rastrigin,25,0.6176049158651153,105000,13.767622999992454
shuffled,Rastrigin,26,18.90436998729342,105000,13.907525800008443
shuffled,Rastrigin,27,10.944699787027162,105000,13.825385000003735
shuffled,Rastrigin,28,11.520804276032209,105000,13.785389099997701
shuffled,Rastrigin,29,0.23103576636901835,105000,13.741693300005863
shuffled,Ackley,0,4.298474194114501,105000,15.642466199991759
shuffled,Ackley,1,4.66239817826936,105000,15.604385799990268
shuffled,Ackley,2,4.847985021146542,105000,15.659547300005215
shuffled,Ackley,3,5.844909527029888,105000,15.643107700001565
shuffled,Ackley,4,0.39739330220448155,105000,15.64288270000543
shuffled,Ackley,5,4.340963480439775,105000,15.600378200004343
shuffled,Ackley,6,0.4366877479097515,105000,15.450205899993307
shuffled,Ackley,7,4.298306788618866,105000,15.495486900006654
shuffled,Ackley,8,6.777850048911679,105000,15.477574300006381
shuffled,Ackley,9,4.774892673172637,105000,15.494160399990506
shuffled,Ackley,10,6.670176530504655,105000,15.451730900007533
shuffled,Ackley,11,4.662342680724123,105000,15.453261799993925
shuffled,Ackley,12,5.8986611685136765,105000,15.465164199995343
shuffled,Ackley,13,5.951804608090804,105000,15.418363800010411
shuffled,Ackley,14,6.004269819281468,105000,15.472439100005431
shuffled,Ackley,15,0.9108684243940819,105000,15.516623699993943
shuffled,Ackley,16,4.424333500598031,105000,15.422044300008565
shuffled,Ackley,17,5.898796964087104,105000,15.4389891000028
shuffled,Ackley,18,2.579950091856514,105000,15.432017700004508
shuffled,Ackley,19,6.559522119596323,105000,15.455674299999373
shuffled,Ackley,20,0.09344594615758739,105000,15.548975700003211
shuffled,Ackley,21,0.038708673477796385,105000,15.534522899994045
shuffled,Ackley,22,4.954708472914156,105000,15.505008099993574
shuffled,Ackley,23,3.404089521729944,105000,15.477646600003936
shuffled,Ackley,24,0.014802808340267593,105000,15.354746900004102
shuffled,Ackley,25,4.700059031184285,105000,15.439049099994008
shuffled,Ackley,26,0.015707910178978768,105000,15.489308899996104
shuffled,Ackley,27,0.9749447324646359,105000,15.459943000008934
shuffled,Ackley,28,6.984585843136374,105000,15.454530800008797
shuffled,Ackley,29,0.0279228635940183,105000,15.473062399993069
shuffled,Griewank,0,0.013070351516191958,105000,14.736437399988063
shuffled,Griewank,1,0.026194794849255354,105000,14.797140700000455
shuffled,Griewank,2,0.012948927934380627,105000,14.834780199991656
shuffled,Griewank,3,0.01742370749454658,105000,14.804195699995034
shuffled,Griewank,4,0.01751802893579113,105000,14.798786200000905
shuffled,Griewank,5,0.014206298182453336,105000,14.850565600005211
shuffled,Griewank,6,0.009203379126665578,105000,14.753528800007189
shuffled,Griewank,7,0.004241826422953232,105000,14.829879299999448
shuffled,Griewank,8,0.053043283629582216,105000,14.80304059998889
shuffled,Griewank,9,0.016399360459646406,105000,14.837433499997132
shuffled,Griewank,10,0.011189343317788092,105000,14.717532599999686
shuffled,Griewank,11,0.013313483358433187,105000,14.735750800013193
shuffled,Griewank,12,0.03741180236097352,105000,14.69690310000442
shuffled,Griewank,13,0.0008208695057476678,105000,14.67405110000982
shuffled,Griewank,14,0.02223968502417928,105000,14.696711700002197
shuffled,Griewank,15,0.014432998995287494,105000,14.759586600004695
shuffled,Griewank,16,0.01524825271156316,105000,14.650155299998005
shuffled,Griewank,17,0.02069392577375251,105000,14.601443099993048
shuffled,Griewank,18,0.011587655285683285,105000,14.532989700004691
shuffled,Griewank,19,0.0060785607714568535,105000,14.572187199999462
shuffled,Griewank,20,0.03327781229573645,105000,14.656731499999296
shuffled,Griewank,21,0.019225749337920206,105000,14.616032700010692
shuffled,Griewank,22,0.020071157492200786,105000,14.595011999990675
shuffled,Griewank,23,0.02668409944676664,105000,14.662129699994694
shuffled,Griewank,24,0.009960758032989014,105000,14.718509199999971
shuffled,Griewank,25,0.0022518623897241907,105000,14.685705199997756
shuffled,Griewank,26,0.027177346513073908,105000,14.79306660000293
shuffled,Griewank,27,0.037980123028640955,105000,14.737086599998293
shuffled,Griewank,28,0.013631358801274418,105000,14.727547600006801
shuffled,Griewank,29,0.035083585401192385,105000,14.69326679999358
shuffled,Penalized,0,1.5605822322368497,105000,38.84077960001014
shuffled,Penalized,1,2.4642426979976095,105000,38.79961519999779
shuffled,Penalized,2,2.690833606659546,105000,38.921157899996615
shuffled,Penalized,3,4.007007883453871,105000,38.84915140000521
shuffled,Penalized,4,1.6178781480249806,105000,38.91304159999709
shuffled,Penalized,5,2.428306507041406,105000,38.77985819999594
shuffled,Penalized,6,2.0322260188687125,105000,37.253332000007504
shuffled,Penalized,7,0.9840461592236937,105000,35.815211000008276
shuffled,Penalized,8,2.096668811163315,105000,34.728479600002174
shuffled,Penalized,9,1.6506623477577786,105000,34.61991720000515
shuffled,Penalized,10,3.403702797434718,105000,34.310420499998145
shuffled,Penalized,11,2.527646077961456,105000,32.321227499996894
shuffled,Penalized,12,1.391652182635088,105000,12.353040200003306
shuffled,Penalized,13,3.422571519926549,105000,12.861263300001156
shuffled,Penalized,14,2.7033925018871217,105000,13.07150580000598
shuffled,Penalized,15,1.4302868312071357,105000,13.085860399995
shuffled,Penalized,16,4.860447445069327,105000,13.042830699996557
shuffled,Penalized,17,1.419199573942427,105000,13.32448789999762
shuffled,Penalized,18,3.0227992016914556,105000,16.187570299996878
shuffled,Penalized,19,1.7592323335165019,105000,16.043575600007898
shuffled,Penalized,20,3.4194904374921786,105000,16.092610500010778
shuffled,Penalized,21,1.3065214280743829,105000,16.010916200000793
shuffled,Penalized,22,1.7102406690616794,105000,16.130332799992175
shuffled,Penalized,23,3.028802587363141,105000,16.143656400003238
shuffled,Penalized,24,3.1588972113149145,105000,19.299379300005967
shuffled,Penalized,25,3.613927976208882,105000,19.1540634999983
shuffled,Penalized,26,2.565873927112306,105000,19.395870499996818
shuffled,Penalized,27,1.8255793047110658,105000,18.963688699994236
shuffled,Penalized,28,3.4713387280989707,105000,18.924132300002384
shuffled,Penalized,29,1.871550815930535,105000,19.017207700002473
shuffled,Quartic,0,6.993790658522946e-12,105000,7.131482800003141
shuffled,Quartic,1,5.53197033177545e-11,105000,7.039213299998664
shuffled,Quartic,2,3.056569194882377e-13,105000,7.196128499999759
shuffled,Quartic,3,1.1100196951798033e-12,105000,7.05424659998971
shuffled,Quartic,4,1.0368481229537469e-11,105000,7.185727100004442
shuffled,Quartic,5,3.4587332201780454e-14,105000,7.113376499997685
shuffled,Quartic,6,7.543394047273833e-13,105000,6.981394900009036
shuffled,Quartic,7,1.4065733231222534e-11,105000,6.983727599988924
shuffled,Quartic,8,1.162073275432142e-13,105000,7.013347400003113
shuffled,Quartic,9,1.5840092324886225e-11,105000,6.9871807000017725
shuffled,Quartic,10,3.064628353115394e-11,105000,7.144718499999726
shuffled,Quartic,11,7.925340743151478e-12,105000,6.985793700005161
shuffled,Quartic,12,2.5901699100959395e-11,105000,7.159983099991223
shuffled,Quartic,13,1.1398597126895925e-11,105000,7.084038400003919
shuffled,Quartic,14,2.481546653535194e-12,105000,7.245272100000875
shuffled,Quartic,15,3.9988916386461164e-11,105000,7.175513800000772
shuffled,Quartic,16,3.1187034917557772e-12,105000,7.2071119000029285
shuffled,Quartic,17,8.544837036233153e-12,105000,7.280041300007724
shuffled,Quartic,18,3.820988696741772e-11,105000,7.8975397999893175
shuffled,Quartic,19,4.046632061813542e-12,105000,7.897616800008109
shuffled,Quartic,20,2.4294089955755095e-12,105000,7.7914105000090785
shuffled,Quartic,21,5.044475305704894e-12,105000,7.910513900002115
shuffled,Quartic,22,3.337327017764179e-12,105000,8.028936199989403
shuffled,Quartic,23,3.2663523389913403e-12,105000,7.920209199990495
shuffled,Quartic,24,4.744026133399307e-12,105000,7.392562399996677
shuffled,Quartic,25,1.3212640339960113e-11,105000,7.445205900003202
shuffled,Quartic,26,3.6001668399372467e-12,105000,7.46712679999473
shuffled,Quartic,27,6.471484248045208e-14,105000,7.487959799997043
shuffled,Quartic,28,5.210054973244317e-12,105000,7.303519299995969
shuffled,Quartic,29,7.533354929975694e-12,105000,7.2701081999985036
shuffled,Schwefel_1_2,0,66.7239694373507,105000,19.265025500004413
shuffled,Schwefel_1_2,1,169.45640808413398,105000,19.399466599992593
shuffled,Schwefel_1_2,2,257.5709681577416,105000,19.348107800004072
shuffled,Schwefel_1_2,3,183.78457739937116,105000,19.407928400003584
shuffled,Schwefel_1_2,4,61.68317546909958,105000,19.30354670000088
shuffled,Schwefel_1_2,5,58.86918879864582,105000,19.57808279999881
shuffled,Schwefel_1_2,6,67.90418459155983,105000,19.793202899993048
shuffled,Schwefel_1_2,7,86.50659189510024,105000,19.788001499997335
shuffled,Schwefel_1_2,8,69.98902703832532,105000,19.75254390000191
shuffled,Schwefel_1_2,9,125.23481423021684,105000,19.879529099998763
shuffled,Schwefel_1_2,10,86.93963666500682,105000,19.884461299996474
shuffled,Schwefel_1_2,11,182.98763502435412,105000,19.896006700000726
shuffled,Schwefel_1_2,12,126.2185445103006,105000,19.768267099992954
shuffled,Schwefel_1_2,13,123.31768654912173,105000,19.48215640000126
shuffled,Schwefel_1_2,14,226.7475554731653,105000,19.635517699993216
shuffled,Schwefel_1_2,15,22.41236850554454,105000,19.757603999998537
shuffled,Schwefel_1_2,16,39.424612125502286,105000,19.547768000003998
shuffled,Schwefel_1_2,17,109.40795753709234,105000,19.87899350000953
shuffled,Schwefel_1_2,18,127.37239757317015,105000,19.511920299992198
shuffled,Schwefel_1_2,19,104.44369186254606,105000,19.41933849999623
shuffled,Schwefel_1_2,20,72.78916668351289,105000,19.28884680000192
shuffled,Schwefel_1_2,21,55.20229998879086,105000,19.386553700009244
shuffled,Schwefel_1_2,22,81.16340449224975,105000,19.276102699994226
shuffled,Schwefel_1_2,23,54.34113484577559,105000,19.4858019999956
shuffled,Schwefel_1_2,24,129.54398178719939,105000,19.423423000000184
shuffled,Schwefel_1_2,25,96.62700950259983,105000,19.556559999997262
shuffled,Schwefel_1_2,26,87.1568261225259,105000,19.525119699988863
shuffled,Schwefel_1_2,27,30.653211905527716,105000,19.47024209999654
shuffled,Schwefel_1_2,28,67.9000452630284,105000,19.399365299992496
shuffled,Schwefel_1_2,29,92.39180664963686,105000,19.533374799997546
complete,Sphere,0,0.00865882991433743,105000,12.73835909999616
complete,Sphere,1,0.007498798240000987,105000,12.70542340000975
complete,Sphere,2,0.004134373229436323,105000,12.858524900002521
complete,Sphere,3,0.00949827218618684,105000,13.045115200002328
complete,Sphere,4,0.006105255274465587,105000,13.049448199992185
complete,Sphere,5,0.0042800807613933975,105000,13.01269279999542
complete,Sphere,6,0.006242222128154386,105000,12.712192000006326
complete,Sphere,7,0.010145288043833165,105000,12.725856099990779
complete,Sphere,8,0.004072431120605696,105000,12.662021800002549
complete,Sphere,9,0.005163946390996463,105000,12.664722799992887
complete,Sphere,10,0.006997846755920797,105000,12.594898600000306
complete,Sphere,11,0.0036975844900574355,105000,12.637238900002558
complete,Sphere,12,0.005478943980464179,105000,13.566963599994779
complete,Sphere,13,0.007515624939919348,105000,13.859772600000724
complete,Sphere,14,0.00599977963048028,105000,14.809244100004435
complete,Sphere,15,0.011326917396639501,105000,15.270325200006482
complete,Sphere,16,0.0034835918344098393,105000,15.278113200009102
complete,Sphere,17,0.0074211955079208905,105000,16.795668500009924
complete,Sphere,18,0.00881094519529219,105000,24.29232549999142
complete,Sphere,19,0.009639333179031474,105000,24.106719699993846
complete,Sphere,20,0.007250692104316245,105000,24.166480100000626
complete,Sphere,21,0.0049534456338370565,105000,24.194044799995027
complete,Sphere,22,0.009002425101031355,105000,24.117405700002564
complete,Sphere,23,0.00925323344453613,105000,24.368894300001557
complete,Sphere,24,0.005111555474811717,105000,24.046314300008817
complete,Sphere,25,0.006234074329511629,105000,24.069835400005104
complete,Sphere,26,0.004531029494417153,105000,24.398892900004284
complete,Sphere,27,0.005969703625092649,105000,24.179722800006857
complete,Sphere,28,0.011037059834407541,105000,24.308829900008277
complete,Sphere,29,0.004687987396088472,105000,24.14965839999786
complete,Rosenbrock,0,27.680139322091755,105000,31.458686700003454
complete,Rosenbrock,1,29.0361769495372,105000,31.39877770000021
complete,Rosenbrock,2,120.8032611070069,105000,31.431982099995366
complete,Rosenbrock,3,121.69871424457506,105000,31.412852500012377
complete,Rosenbrock,4,172.22704021759256,105000,31.406354000006104
complete,Rosenbrock,5,24.465178321181547,105000,29.825472399999853
complete,Rosenbrock,6,29.95255922094699,105000,14.290860300010536
complete,Rosenbrock,7,29.609929857702216,105000,13.863931400002912
complete,Rosenbrock,8,27.502515604966227,105000,12.515982800003258
complete,Rosenbrock,9,39.611715200252526,105000,11.99683869999717
complete,Rosenbrock,10,29.24084186219841,105000,11.914639300011913
complete,Rosenbrock,11,28.494015267552893,105000,11.74433030000364
complete,Rosenbrock,12,28.675101300871745,105000,13.249185900000157
complete,Rosenbrock,13,176.8054042544587,105000,13.388062100013485
complete,Rosenbrock,14,87.78774837930588,105000,13.775585399998818
complete,Rosenbrock,15,25.214759545482153,105000,13.943712099993718
complete,Rosenbrock,16,99.80301571396124,105000,14.13286060000246
complete,Rosenbrock,17,28.774949026166297,105000,14.728991299998597
complete,Rosenbrock,18,46.42508140620347,105000,16.749529099994106
complete,Rosenbrock,19,28.2460987483771,105000,16.837814600003185
complete,Rosenbrock,20,84.99821447329815,105000,16.64496330000111
complete,Rosenbrock,21,98.45124727797301,105000,16.60265279999294
complete,Rosenbrock,22,26.636197075077565,105000,16.655892900002073
complete,Rosenbrock,23,26.26950951574447,105000,16.293752099998528
complete,Rosenbrock,24,28.561785771687113,105000,16.660965400005807
complete,Rosenbrock,25,73.32833191343464,105000,16.80916160000197
complete,Rosenbrock,26,27.700321622700876,105000,16.729212500009453
complete,Rosenbrock,27,88.71676342429953,105000,16.717749799994635
complete,Rosenbrock,28,52.09020607694151,105000,16.61043139999674
complete,Rosenbrock,29,28.68523500752584,105000,16.860238399996888
complete,Step,0,0.0,105000,13.492094500004896
complete,Step,1,0.0,105000,13.022949999998673
complete,Step,2,0.0,105000,13.335965799997211
complete,Step,3,0.0,105000,13.410977099993033
complete,Step,4,0.0,105000,13.519860800006427
complete,Step,5,0.0,105000,13.545795300000464
complete,Step,6,0.0,105000,13.672731500002556
complete,Step,7,0.0,105000,13.506256799999392
complete,Step,8,0.0,105000,13.627444300000207
complete,Step,9,0.0,105000,13.723152699996717
complete,Step,10,0.0,105000,13.705855899999733
complete,Step,11,0.0,105000,13.87787219999882
complete,Step,12,0.0,105000,12.20472090000112
complete,Step,13,0.0,105000,11.985560700006317
complete,Step,14,0.0,105000,11.84430219999922
complete,Step,15,0.0,105000,11.731513699996867
complete,Step,16,0.0,105000,11.550984799992875
complete,Step,17,0.0,105000,11.290592699995614
complete,Step,18,0.0,105000,9.142446600002586
complete,Step,19,0.0,105000,9.051653500006068
complete,Step,20,0.0,105000,8.868106299996725
complete,Step,21,0.0,105000,8.850284000000102
complete,Step,22,0.0,105000,8.710377099996549
complete,Step,23,0.0,105000,8.447123800011468
complete,Step,24,0.0,105000,8.089553099998739
complete,Step,25,0.0,105000,8.289024500001688
complete,Step,26,0.0,105000,8.346813099997235
complete,Step,27,0.0,105000,8.308072500003618
complete,Step,28,0.0,105000,8.308239200006938
complete,Step,29,0.0,105000,8.311761299992213
complete,Schwefel_2_26,0,-20368.609577343203,105000,7.799616500007687
complete,Schwefel_2_26,1,-20045.268171027612,105000,7.698540499986848
complete,Schwefel_2_26,2,-19343.42667956709,105000,7.802646700001787
complete,Schwefel_2_26,3,-19216.354210798534,105000,7.719317000010051
complete,Schwefel_2_26,4,-19860.33967120605,105000,7.821026300007361
complete,Schwefel_2_26,5,-21001.864333204572,105000,7.92210709999199
complete,Schwefel_2_26,6,-18269.07038895863,105000,7.91622900000948
complete,Schwefel_2_26,7,-19689.995949940032,105000,7.89990800000669
complete,Schwefel_2_26,8,-20184.04599797185,105000,7.801969899999676
complete,Schwefel_2_26,9,-18972.901391021303,105000,8.05253050000465
complete,Schwefel_2_26,10,-20073.945889305163,105000,7.9596450999961235
complete,Schwefel_2_26,11,-19203.787454250276,105000,7.881506200006697
complete,Schwefel_2_26,12,-20472.02435081716,105000,7.9214055000047665
complete,Schwefel_2_26,13,-19512.144542101385,105000,7.981269899988547
complete,Schwefel_2_26,14,-19314.171765383195,105000,8.049248600000283
complete,Schwefel_2_26,15,-18789.49702880012,105000,8.119156699991436
complete,Schwefel_2_26,16,-21091.515240061763,105000,7.9202288999949815
complete,Schwefel_2_26,17,-19009.25217865969,105000,8.05767840000044
complete,Schwefel_2_26,18,-20308.20023749292,105000,8.090886299993144
complete,Schwefel_2_26,19,-19630.76938713012,105000,8.021190400002524
complete,Schwefel_2_26,20,-19595.598834575838,105000,8.099855699998443
complete,Schwefel_2_26,21,-19512.35763607229,105000,7.976221999997506
complete,Schwefel_2_26,22,-19591.076804247365,105000,7.931075800006511
complete,Schwefel_2_26,23,-20262.943988368403,105000,8.171618299995316
complete,Schwefel_2_26,24,-20263.002337315334,105000,8.029280100003234
complete,Schwefel_2_26,25,-19965.90339118529,105000,8.022472900003777
complete,Schwefel_2_26,26,-19834.885845914134,105000,8.190306799995597
complete,Schwefel_2_26,27,-19196.33073725656,105000,8.075706000003265
complete,Schwefel_2_26,28,-20656.92400766642,105000,8.092335199995432
complete,Schwefel_2_26,29,-21131.614654097728,105000,8.25175749999471
complete,Rastrigin,0,10.959842077286453,105000,8.437995700005558
complete,Rastrigin,1,2.3559619373845635,105000,8.44722709999769
complete,Rastrigin,2,2.4053859872395265,105000,8.35204060000251
complete,Rastrigin,3,9.964991444880013,105000,8.383570300007705
complete,Rastrigin,4,15.930987182759793,105000,8.34454010000627
complete,Rastrigin,5,0.3103038607969779,105000,8.47114110000257
complete,Rastrigin,6,0.5551826983032697,105000,8.648145200000727
complete,Rastrigin,7,0.9814327537435474,105000,8.500695800001267
complete,Rastrigin,8,8.977553062888887,105000,8.55615060000855
complete,Rastrigin,9,0.35495403432139483,105000,8.537442500004545
complete,Rastrigin,10,0.18156968427064157,105000,8.571740999992471
complete,Rastrigin,11,0.0783755210756567,105000,8.711472099996172
complete,Rastrigin,12,0.5440618825562638,105000,8.69741160000558
complete,Rastrigin,13,0.12568679163712204,105000,8.713676100000157
complete,Rastrigin,14,0.22333566537110983,105000,8.783449599999585
complete,Rastrigin,15,4.092531821770933,105000,8.843443799996749
complete,Rastrigin,16,0.2751944386178593,105000,8.84152630000608
complete,Rastrigin,17,0.15483735698364853,105000,8.75343180001073
complete,Rastrigin,18,0.4397627962016486,105000,9.157049400004325
complete,Rastrigin,19,8.970715041501819,105000,8.96748479999951
complete,Rastrigin,20,1.7971615468395612,105000,9.207164400009788
complete,Rastrigin,21,2.8109350657759364,105000,9.235227600001963
complete,Rastrigin,22,3.743079976406932,105000,9.484349399994244
complete,Rastrigin,23,0.22350112505961306,105000,9.16827700000431
complete,Rastrigin,24,1.9571508758975256,105000,8.985161999997217
complete,Rastrigin,25,11.956487119998826,105000,8.909336899989285
complete,Rastrigin,26,3.2393345609857533,105000,8.899388299993007
complete,Rastrigin,27,2.3648959889432035,105000,8.832785499995225
complete,Rastrigin,28,11.965905833143552,105000,8.741766399994958
complete,Rastrigin,29,9.955870311092099,105000,9.007759900006931
complete,Ackley,0,0.38129211844436073,105000,9.314887699991232
complete,Ackley,1,3.3462333528997985,105000,9.259235099991201
complete,Ackley,2,0.035170685051955974,105000,9.164375499996822
complete,Ackley,3,0.028903967062227753,105000,9.163944300002186
complete,Ackley,4,6.735904730518925,105000,9.062911600005464
complete,Ackley,5,0.04047612787827903,105000,9.216672900001868
complete,Ackley,6,0.5562855515747036,105000,9.317937100000563
complete,Ackley,7,0.044597312021931845,105000,9.258092300005956
complete,Ackley,8,3.2854141468575837,105000,9.240819600003306
complete,Ackley,9,5.443799303232769,105000,9.267917000004672
complete,Ackley,10,0.04471725637008506,105000,9.260539399998379
complete,Ackley,11,0.04065640828288197,105000,9.336522400000831
complete,Ackley,12,0.0290827820802666,105000,9.32899080000061
complete,Ackley,13,3.2238933964404812,105000,9.353560599993216
complete,Ackley,14,4.299794341401256,105000,9.393223499995656
complete,Ackley,15,0.05639734252259787,105000,9.367187700001523
complete,Ackley,16,0.025310624611443178,105000,9.329887700005202
complete,Ackley,17,0.051694897927522465,105000,9.43472040000779
complete,Ackley,18,0.02379164188663596,105000,9.743693199998233
complete,Ackley,19,0.032526022224186324,105000,9.946916100001545
complete,Ackley,20,0.45657717230420447,105000,10.074271900011809
complete,Ackley,21,3.6829793625507574,105000,10.01728909999656
complete,Ackley,22,3.2860451823801538,105000,9.792944800006808
complete,Ackley,23,0.03590106608400889,105000,10.247878700000001
complete,Ackley,24,0.020839121640321867,105000,10.682206600002246
complete,Ackley,25,0.024212700703647005,105000,10.81020009999338
complete,Ackley,26,0.03576277834891117,105000,10.555123500002082
complete,Ackley,27,4.212571926133091,105000,10.791114799998468
complete,Ackley,28,0.035324573291991346,105000,10.597269899997627
complete,Ackley,29,0.06809309626927318,105000,10.518830300003174
complete,Griewank,0,0.03819554072772835,105000,9.894902400003048
complete,Griewank,1,0.03350888267806551,105000,9.884723099996336
complete,Griewank,2,0.0841139878004461,105000,9.91241559998889
complete,Griewank,3,0.04129364574021532,105000,9.786070000001928
complete,Griewank,4,0.07401596021696666,105000,9.76564280000457
complete,Griewank,5,0.048693541896949855,105000,9.866237099995487
complete,Griewank,6,0.08342131368955674,105000,9.763975400011986
complete,Griewank,7,0.035863393842531455,105000,9.58840579999378
complete,Griewank,8,0.06310755824839731,105000,9.788358600009815
complete,Griewank,9,0.020289284412359443,105000,9.704570600006264
complete,Griewank,10,0.11074328780804221,105000,9.72266669999226
complete,Griewank,11,0.03159794723579368,105000,9.804357500004699
complete,Griewank,12,0.047546981507655794,105000,9.794381100000464
complete,Griewank,13,0.05703164821882667,105000,9.827118200002587
complete,Griewank,14,0.026614347350042422,105000,9.835388800012879
complete,Griewank,15,0.03565625729835986,105000,9.73939600000449
complete,Griewank,16,0.04546416877897663,105000,9.825041999996756
complete,Griewank,17,0.05309669720680399,105000,9.912506499997107
complete,Griewank,18,0.04876572728375583,105000,9.811928800001624
complete,Griewank,19,0.06336077867442669,105000,9.756018400003086
complete,Griewank,20,0.02146944693421915,105000,9.711411700001918
complete,Griewank,21,0.06240150790981602,105000,9.837843700006488
complete,Griewank,22,0.030662114801733642,105000,9.759659700008342
complete,Griewank,23,0.059441110566878064,105000,9.843375200012815
complete,Griewank,24,0.04308817714863444,105000,9.944480099991779
complete,Griewank,25,0.01909025261074393,105000,9.998555199999828
complete,Griewank,26,0.06382416134438251,105000,10.116226799989818
complete,Griewank,27,0.04578864569614183,105000,9.947183900003438
complete,Griewank,28,0.01693681407246428,105000,10.016237500007264
complete,Griewank,29,0.0795656250498461,105000,10.094770499999868
complete,Penalized,0,1.4683107667198854,105000,16.739591200006544
complete,Penalized,1,1.1103561051826667,105000,16.87072320000152
complete,Penalized,2,0.02715713736266731,105000,16.67164459999185
complete,Penalized,3,2.1112940441119883,105000,16.8711922000075
complete,Penalized,4,1.9155648024703558,105000,17.00330749999557
complete,Penalized,5,1.6633000180997084,105000,16.67163760001131
complete,Penalized,6,0.007865618438307544,105000,19.12649509999028
complete,Penalized,7,1.5178159798242745,105000,18.84708409999439
complete,Penalized,8,1.442311381601155,105000,20.32532160000119
complete,Penalized,9,1.0717251035570539,105000,20.51610970000911
complete,Penalized,10,2.8524457582919607,105000,20.852817999999388
complete,Penalized,11,0.0009952930462386353,105000,21.744544200002565
complete,Penalized,12,1.8624218436339701,105000,19.101972599994042
complete,Penalized,13,2.5660115224446587,105000,19.028505099995527
complete,Penalized,14,2.663381713060896,105000,18.07650979999744
complete,Penalized,15,0.00048236811388810874,105000,17.852370200009318
complete,Penalized,16,0.016991714421113954,105000,17.45750499999849
complete,Penalized,17,1.7988196581649796,105000,17.32280080000055
complete,Penalized,18,2.773681695157473,105000,18.182861799999955
complete,Penalized,19,3.1020448362566655,105000,18.214683099999093
complete,Penalized,20,3.467588198406482,105000,18.19885400000203
complete,Penalized,21,1.922420070010275,105000,18.16486380000424
complete,Penalized,22,2.631515591919843,105000,18.163210500002606
complete,Penalized,23,0.02015646946678324,105000,18.12838950000878
complete,Penalized,24,0.7663491060901111,105000,18.351843600001303
complete,Penalized,25,0.34125013291289646,105000,18.239883499991265
complete,Penalized,26,2.591241244321569,105000,18.446240699995542
complete,Penalized,27,1.4222738475769554,105000,18.270137300001807
complete,Penalized,28,3.2093913573721076,105000,18.31317220001074
complete,Penalized,29,0.000900525810812914,105000,18.429560500007938
complete,Quartic,0,1.0373296335154903e-09,105000,11.72889369999757
complete,Quartic,1,1.6835743483928325e-09,105000,11.610207099991385
complete,Quartic,2,8.673231881585028e-10,105000,11.546447900007479
complete,Quartic,3,2.165993517486928e-09,105000,11.552465799992206
complete,Quartic,4,2.9877567384222274e-09,105000,11.556375299987849
complete,Quartic,5,4.333082803847608e-09,105000,11.707992099996773
complete,Quartic,6,2.182523038555518e-09,105000,11.729772899998352
complete,Quartic,7,1.4292165375379827e-08,105000,11.795170299999882
complete,Quartic,8,3.6904968228782435e-09,105000,11.797064600003068
complete,Quartic,9,7.979548095477326e-09,105000,11.584932600002503
complete,Quartic,10,5.775870055164384e-09,105000,11.616061799999443
complete,Quartic,11,6.3502313602683454e-09,105000,11.642471600003773
complete,Quartic,12,1.0155885050355968e-08,105000,11.522311199994874
complete,Quartic,13,4.542938569274852e-09,105000,11.496209400007501
complete,Quartic,14,4.828402084756356e-09,105000,11.475819200000842
complete,Quartic,15,2.1135638979933247e-09,105000,11.558271099987905
complete,Quartic,16,2.54196842096118e-09,105000,11.52940800000215
complete,Quartic,17,1.891368044157991e-09,105000,11.573919700007536
complete,Quartic,18,1.2205434556044231e-09,105000,11.989476599992486
complete,Quartic,19,6.685917800881991e-09,105000,11.716376900003524
complete,Quartic,20,5.38532770720197e-09,105000,11.814233099998091
complete,Quartic,21,3.5745747013007753e-09,105000,11.698820899997372
complete,Quartic,22,1.4852360106958969e-09,105000,11.874702100001741
complete,Quartic,23,3.0522036190232588e-09,105000,11.696032099993317
complete,Quartic,24,1.721211191949482e-09,105000,11.865119799986132
complete,Quartic,25,1.5432947943256523e-09,105000,11.832024200004525
complete,Quartic,26,2.221378513887058e-09,105000,11.845918999999412
complete,Quartic,27,9.682540560665388e-10,105000,11.805501900002128
complete,Quartic,28,4.896498600789528e-09,105000,11.81451680000464
complete,Quartic,29,1.248314798384518e-09,105000,12.003832600006717
complete,Schwefel_1_2,0,130.41733122256093,105000,21.988558900004136
complete,Schwefel_1_2,1,103.75749613508175,105000,21.779743499995675
complete,Schwefel_1_2,2,134.19398913870194,105000,21.847129799993127
complete,Schwefel_1_2,3,92.09436107379518,105000,21.90366019999783
complete,Schwefel_1_2,4,121.98783939271985,105000,21.884435300002224
complete,Schwefel_1_2,5,97.52428194057839,105000,21.62120429999777
complete,Schwefel_1_2,6,59.78018098406671,105000,22.129903699998977
complete,Schwefel_1_2,7,78.61876427638954,105000,22.095540200010873
complete,Schwefel_1_2,8,46.20333788114793,105000,21.94603819999611
complete,Schwefel_1_2,9,138.8826974622901,105000,21.9478955000086
complete,Schwefel_1_2,10,104.45715143883054,105000,22.05560449999757
complete,Schwefel_1_2,11,125.92059587505159,105000,22.23488790000556
complete,Schwefel_1_2,12,162.8369657089953,105000,21.80706310000096
complete,Schwefel_1_2,13,74.14094814041444,105000,22.02929380000569
complete,Schwefel_1_2,14,212.53847703866833,105000,21.98713459999999
complete,Schwefel_1_2,15,2.868978715288637,105000,22.048120699997526
complete,Schwefel_1_2,16,53.082146969218165,105000,22.000893699994776
complete,Schwefel_1_2,17,40.74628445989868,105000,22.24338379999972
complete,Schwefel_1_2,18,146.5607301171367,105000,21.73801430000458
complete,Schwefel_1_2,19,142.2608843727874,105000,21.80967000000237
complete,Schwefel_1_2,20,102.80851274772314,105000,21.644825900002616
complete,Schwefel_1_2,21,89.86549497952346,105000,21.623152799991658
complete,Schwefel_1_2,22,99.12198625454899,105000,21.64810099999886
complete,Schwefel_1_2,23,79.96383583179828,105000,21.287075700005516
complete,Schwefel_1_2,24,153.8443140547563,105000,20.887385599999106
complete,Schwefel_1_2,25,93.34342972387591,105000,20.879251399994246
complete,Schwefel_1_2,26,123.92016494003768,105000,20.969294499998796
complete,Schwefel_1_2,27,94.76974862048762,105000,20.757997299995623
complete,Schwefel_1_2,28,170.4985573444088,105000,21.023594199999934
complete,Schwefel_1_2,29,117.14842860118561,105000,21.10632999999507
ring,Sphere,0,7.272959937966015e-05,105000,4.484248799999477
ring,Sphere,1,5.534374035364045e-05,105000,4.4347699000063585
ring,Sphere,2,3.6126575869137332e-06,105000,4.509924500001944
ring,Sphere,3,9.360379168039576e-05,105000,4.445784600000479
ring,Sphere,4,7.010313783907195e-05,105000,4.50650270000915
ring,Sphere,5,3.9167238468838487e-05,105000,4.5222023999958765
ring,Sphere,6,0.00011950091277398239,105000,4.505992500009597
ring,Sphere,7,0.00016769647010776823,105000,4.502504999996745
ring,Sphere,8,9.657422610882727e-05,105000,4.471871700006886
ring,Sphere,9,0.00010376721889523572,105000,4.483274099999107
ring,Sphere,10,5.8062014626005736e-05,105000,4.502124599996023
ring,Sphere,11,9.909007814191292e-05,105000,4.468008700001519
ring,Sphere,12,6.537596410219627e-05,105000,4.439951399996062
ring,Sphere,13,9.542143039457749e-05,105000,4.521376400007284
ring,Sphere,14,0.000134833053219857,105000,4.36907099999371
ring,Sphere,15,0.00019809813600674088,105000,4.4138397999922745
ring,Sphere,16,0.00010041783869674096,105000,4.408393000005162
ring,Sphere,17,0.00013289177891170274,105000,4.4019484000018565
ring,Sphere,18,0.00016914995624179102,105000,4.357358099994599
ring,Sphere,19,0.00011640893340723661,105000,4.472281499998644
ring,Sphere,20,4.968143587761295e-05,105000,4.422984899996663
ring,Sphere,21,7.026790012595654e-05,105000,4.412796000004164
ring,Sphere,22,9.401187236414589e-05,105000,4.369425400000182
ring,Sphere,23,0.00012110997115137558,105000,4.393938199995318
ring,Sphere,24,5.650505149571182e-05,105000,4.416899499992724
ring,Sphere,25,0.00011804120003486601,105000,4.4115768000046955
ring,Sphere,26,0.00015587689498869266,105000,4.353799499993329
ring,Sphere,27,7.784273642784968e-05,105000,4.399567000000388
ring,Sphere,28,0.00014975474959136895,105000,4.394502999988617
ring,Sphere,29,0.00012576998455799394,105000,4.435991399994236
ring,Rosenbrock,0,28.822835182655307,105000,7.170070600011968
ring,Rosenbrock,1,25.984667399519072,105000,7.266311799990945
ring,Rosenbrock,2,140.84990513381862,105000,7.268699000007473
ring,Rosenbrock,3,248.21928252510577,105000,7.2532555000070715
ring,Rosenbrock,4,169.83198774107112,105000,7.284001799998805
ring,Rosenbrock,5,23.4393698964931,105000,7.1723878999910085
ring,Rosenbrock,6,28.495019794145666,105000,7.105343999995966
ring,Rosenbrock,7,25.47943945770041,105000,7.085913999995682
ring,Rosenbrock,8,69.1507918357754,105000,7.022704900009558
ring,Rosenbrock,9,84.61503407664887,105000,7.0843561999936355
ring,Rosenbrock,10,28.62124801198946,105000,7.093457899987698
ring,Rosenbrock,11,28.363301923723053,105000,7.072010199990473
ring,Rosenbrock,12,88.68984739293218,105000,7.049967300001299
ring,Rosenbrock,13,113.8287822153907,105000,7.090540900011547
ring,Rosenbrock,14,54.301559962366056,105000,7.046819900002447
ring,Rosenbrock,15,76.37281488432122,105000,7.040836899992428
ring,Rosenbrock,16,29.06389825734152,105000,7.080123499996262
ring,Rosenbrock,17,29.29587166867235,105000,7.049027200002456
ring,Rosenbrock,18,22.699551535240442,105000,7.067686099995626
ring,Rosenbrock,19,27.59345317263468,105000,7.192971099997521
ring,Rosenbrock,20,79.84033715874793,105000,7.146952100010822
ring,Rosenbrock,21,29.644143539081,105000,7.084695500001544
ring,Rosenbrock,22,26.649121221781463,105000,7.09591360000195
ring,Rosenbrock,23,27.21331781548906,105000,7.151191299999482
ring,Rosenbrock,24,244.2140764950219,105000,7.076967400003923
ring,Rosenbrock,25,60.68182567362464,105000,7.117621400000644
ring,Rosenbrock,26,27.615146642172604,105000,7.1404930999997305
ring,Rosenbrock,27,264.4622709380745,105000,7.094439899999998
ring,Rosenbrock,28,130.22801625358858,105000,7.125390999994124
ring,Rosenbrock,29,42.570797073511784,105000,7.0565987000009045
ring,Step,0,0.0,105000,4.603697400001693
ring,Step,1,0.0,105000,4.521422399993753
ring,Step,2,0.0,105000,4.579491600001347
ring,Step,3,0.0,105000,4.48498870000185
ring,Step,4,0.0,105000,4.539024300000165
ring,Step,5,0.0,105000,4.53440540000156
ring,Step,6,0.0,105000,4.50093249999918
ring,Step,7,0.0,105000,4.528560600010678
ring,Step,8,0.0,105000,4.531958999999915
ring,Step,9,0.0,105000,4.594591799992486
ring,Step,10,0.0,105000,4.546091199998045
ring,Step,11,0.0,105000,4.636687799997162
ring,Step,12,0.0,105000,4.59994819998974
ring,Step,13,0.0,105000,4.5842295000038575
ring,Step,14,0.0,105000,4.557850700002746
ring,Step,15,0.0,105000,4.665568600001279
ring,Step,16,0.0,105000,4.68218319999869
ring,Step,17,0.0,105000,4.713129899988417
ring,Step,18,0.0,105000,4.914583299992955
ring,Step,19,0.0,105000,5.136283800005913
ring,Step,20,0.0,105000,5.124870500003453
ring,Step,21,0.0,105000,5.024604400008684
ring,Step,22,0.0,105000,5.456476399995154
ring,Step,23,0.0,105000,6.926596899997094
ring,Step,24,0.0,105000,6.969804500011378
ring,Step,25,0.0,105000,7.898813399995561
ring,Step,26,0.0,105000,7.838835899994592
ring,Step,27,0.0,105000,7.9523128000000725
ring,Step,28,0.0,105000,7.721453399994061
ring,Step,29,0.0,105000,7.962303799999063
ring,Schwefel_2_26,0,-20254.92591738139,105000,7.787527599997702
ring,Schwefel_2_26,1,-20157.943526355073,105000,7.793146399999387
ring,Schwefel_2_26,2,-19354.128639497532,105000,7.831742299997131
ring,Schwefel_2_26,3,-17557.397368596874,105000,7.79755090000981
ring,Schwefel_2_26,4,-20237.892281886314,105000,7.718540000001667
ring,Schwefel_2_26,5,-21024.093588430427,105000,7.601055799997994
ring,Schwefel_2_26,6,-19334.766526031577,105000,7.589405099992291
ring,Schwefel_2_26,7,-19848.495626585012,105000,7.520037199996295
ring,Schwefel_2_26,8,-19966.921426801237,105000,7.520215900003677
ring,Schwefel_2_26,9,-18466.093582243026,105000,7.572941999998875
ring,Schwefel_2_26,10,-20163.717369094495,105000,7.607146399997873
ring,Schwefel_2_26,11,-19287.05415721109,105000,7.6400419999990845
ring,Schwefel_2_26,12,-20293.524725728857,105000,7.674956299990299
ring,Schwefel_2_26,13,-19906.614121418348,105000,7.696897500005434
ring,Schwefel_2_26,14,-19292.958948543754,105000,7.708274600008735
ring,Schwefel_2_26,15,-18690.188820836876,105000,7.681045799996355
ring,Schwefel_2_26,16,-20934.09228399642,105000,7.677787199994782
ring,Schwefel_2_26,17,-19070.101240289754,105000,7.839633799987496
ring,Schwefel_2_26,18,-20172.650032937665,105000,7.793343900004402
ring,Schwefel_2_26,19,-19827.886828316507,105000,7.816796999992221
ring,Schwefel_2_26,20,-19404.655650703753,105000,7.865474799997173
ring,Schwefel_2_26,21,-17775.01783598512,105000,7.804632599989418
ring,Schwefel_2_26,22,-19254.584876765697,105000,7.826625200003036
ring,Schwefel_2_26,23,-19749.148474667072,105000,7.821664799994323
ring,Schwefel_2_26,24,-20153.44401501187,105000,7.828862399997888
ring,Schwefel_2_26,25,-19965.914619557938,105000,7.801148900005501
ring,Schwefel_2_26,26,-19622.259477388234,105000,7.852137599998969
ring,Schwefel_2_26,27,-19433.803726249193,105000,7.8630503000022145
ring,Schwefel_2_26,28,-20499.50364259096,105000,7.807726499988348
ring,Schwefel_2_26,29,-20953.953601318826,105000,7.791909799998393
ring,Rastrigin,0,0.08525243214467082,105000,8.542974000010872
ring,Rastrigin,1,10.94474251326659,105000,8.432545799994841
ring,Rastrigin,2,0.5235036570132365,105000,8.428342500003055
ring,Rastrigin,3,13.929678933375897,105000,8.52199059999839
ring,Rastrigin,4,18.90437661329861,105000,8.440973799995845
ring,Rastrigin,5,6.965368032022525,105000,8.352561899999273
ring,Rastrigin,6,17.909708716469538,105000,8.31159439998737
ring,Rastrigin,7,11.940009162761498,105000,8.366986299995915
ring,Rastrigin,8,0.04903334053017261,105000,8.37248499999987
ring,Rastrigin,9,14.924609481617665,105000,8.39442379999673
ring,Rastrigin,10,17.9095247331677,105000,8.37642249999044
ring,Rastrigin,11,16.91439326321546,105000,8.45322589999705
ring,Rastrigin,12,23.879190713984883,105000,8.503342399999383
ring,Rastrigin,13,14.924506926761296,105000,8.476855199987767
ring,Rastrigin,14,12.934611804422616,105000,8.495166500011692
ring,Rastrigin,15,25.869639086183042,105000,8.524254699994344
ring,Rastrigin,16,0.031291951846696975,105000,8.488420699999551
ring,Rastrigin,17,13.929776063768259,105000,8.529446900007315
ring,Rastrigin,18,4.974899977714301,105000,8.471592800007784
ring,Rastrigin,19,12.934667747432513,105000,8.502019699997618
ring,Rastrigin,20,2.085182857634834,105000,8.50099020000198
ring,Rastrigin,21,8.954776539008833,105000,8.531790799999726
ring,Rastrigin,22,11.939739969391667,105000,8.460852499993052
ring,Rastrigin,23,16.9146646030415,105000,8.453122399994754
ring,Rastrigin,24,21.88929415288635,105000,8.466641400009394
ring,Rastrigin,25,20.894267153681028,105000,8.427808300009929
ring,Rastrigin,26,6.542832657835675,105000,8.50570890000381
ring,Rastrigin,27,28.853945748846343,105000,8.509736899999552
ring,Rastrigin,28,21.88922313888719,105000,8.440160800004378
ring,Rastrigin,29,10.944858054804172,105000,8.453451800000039
ring,Ackley,0,4.382968906534458,105000,9.666724399998202
ring,Ackley,1,6.468674364657737,105000,9.649937599999248
ring,Ackley,2,4.811765548337856,105000,9.649584300001152
ring,Ackley,3,0.0247466505008771,105000,9.667916699996567
ring,Ackley,4,0.02185454018983224,105000,9.670690700004343
ring,Ackley,5,5.158400685888218,105000,9.645681399997557
ring,Ackley,6,0.17972407067091511,105000,9.579752499994356
ring,Ackley,7,4.7748562710077636,105000,9.591145400001551
ring,Ackley,8,1.2010135496645309,105000,9.63098080000782
ring,Ackley,9,4.121914877545478,105000,9.635245000012219
ring,Ackley,10,1.9152619122566432,105000,9.584360699998797
ring,Ackley,11,4.298456302609576,105000,9.652127900000778
ring,Ackley,12,5.255822369399599,105000,9.660000600008061
ring,Ackley,13,0.645837893917371,105000,9.583957499999087
ring,Ackley,14,6.64812099371424,105000,9.652437299999292
ring,Ackley,15,4.382916202530886,105000,9.606101000012131
ring,Ackley,16,4.424321160130184,105000,9.594175100006396
ring,Ackley,17,0.061557573318201,105000,9.581551600000239
ring,Ackley,18,4.623941064624532,105000,9.531419999999343
ring,Ackley,19,5.706295866124613,105000,9.617001200007508
ring,Ackley,20,5.7065327916212745,105000,9.648338700004388
ring,Ackley,21,3.9826006693044786,105000,9.621020400009002
ring,Ackley,22,5.5328628092096075,105000,9.63988899999822
ring,Ackley,23,0.9734853043542206,105000,9.512014699997962
ring,Ackley,24,4.811751804989147,105000,9.49981170000683
ring,Ackley,25,3.4620736736494604,105000,9.454681499992148
ring,Ackley,26,5.091899296562545,105000,9.480680900000152
ring,Ackley,27,3.597687181486791,105000,9.470773900000495
ring,Ackley,28,3.934586758465976,105000,9.439599099991028
ring,Ackley,29,4.545532458490879,105000,9.538487899990287
ring,Griewank,0,0.0038717676143367186,105000,8.973042300000088
ring,Griewank,1,0.002762564558990488,105000,9.048457600001711
ring,Griewank,2,0.0015974681151429415,105000,9.021876200000406
ring,Griewank,3,0.010470938977501398,105000,9.058187700007693
ring,Griewank,4,0.01190973096475445,105000,9.050556099988171
ring,Griewank,5,0.01246915205329302,105000,9.037779899997986
ring,Griewank,6,0.010339131869271267,105000,9.158354200000758
ring,Griewank,7,0.015642661939956337,105000,9.162746200003312
ring,Griewank,8,0.011724722973885604,105000,9.17868019999878
ring,Griewank,9,0.01495231613990966,105000,9.175748300011037
ring,Griewank,10,0.0047083233131095525,105000,9.143157500002417
ring,Griewank,11,0.003946779107502296,105000,9.146039500003099
ring,Griewank,12,0.0035234571983334684,105000,9.15055140000186
ring,Griewank,13,0.011124074849173327,105000,9.148321000000578
ring,Griewank,14,0.015298473777667465,105000,9.154227000006358
ring,Griewank,15,0.041670467958896173,105000,9.169581900001504
ring,Griewank,16,0.09857480886492642,105000,9.10229039999831
ring,Griewank,17,0.016564963964603274,105000,9.05737140000565
ring,Griewank,18,0.018940854321674028,105000,9.087450699997135
ring,Griewank,19,0.006191729465969242,105000,9.05197020000196
ring,Griewank,20,0.010275104857478956,105000,9.055400700002792
ring,Griewank,21,0.010310177658240716,105000,9.06930060000741
ring,Griewank,22,0.04566391049215124,105000,9.13285980001092
ring,Griewank,23,0.004160527604328168,105000,9.131256799999392
ring,Griewank,24,0.00383710868638365,105000,9.115690899998299
ring,Griewank,25,0.0017573100443806222,105000,9.159153600005084
ring,Griewank,26,0.010296799829036973,105000,9.110662000006414
ring,Griewank,27,0.009605106693131638,105000,9.132587799991597
ring,Griewank,28,0.009619722778331896,105000,9.18563809999614
ring,Griewank,29,0.007490134322040487,105000,9.035965999995824
ring,Penalized,0,2.114923726100751,105000,25.246386300001177
ring,Penalized,1,2.5162860165004455,105000,25.313126499997452
ring,Penalized,2,2.710114127302091,105000,25.303983599995263
ring,Penalized,3,3.5003513422689383,105000,25.369330100002117
ring,Penalized,4,2.818514180745688,105000,25.365260799997486
ring,Penalized,5,1.4063569328128922,105000,25.38278800000262
ring,Penalized,6,1.6696617988134037,105000,24.406173900002614
ring,Penalized,7,1.4927861854684574,105000,24.32711240000208
ring,Penalized,8,1.2623226882073413,105000,24.316005400003633
ring,Penalized,9,1.7059299383766275,105000,24.384011500005727
ring,Penalized,10,1.6684677595677648,105000,24.448665399992024
ring,Penalized,11,3.1840545038862267,105000,24.262880000009318
ring,Penalized,12,2.4175907059869597,105000,23.788065800006734
ring,Penalized,13,2.825593456264544,105000,23.816111300009652
ring,Penalized,14,4.533885512397879,105000,23.781341599998996
ring,Penalized,15,0.6658732169835452,105000,23.9230588000064
ring,Penalized,16,5.154658585005374,105000,23.822806599986507
ring,Penalized,17,1.2033116613845143,105000,23.713094099992304
ring,Penalized,18,4.383374006464023,105000,23.507872100002714
ring,Penalized,19,2.0758315335717366,105000,23.501592400003574
ring,Penalized,20,3.3321575650399975,105000,23.506543099996634
ring,Penalized,21,1.4648787885022418,105000,23.590206499997294
ring,Penalized,22,2.5443037450343975,105000,23.62134420000075
ring,Penalized,23,1.1646093381256006,105000,23.74692330000107
ring,Penalized,24,2.450116556655196,105000,24.252106999992975
ring,Penalized,25,4.676187241925628,105000,24.318885299988324
ring,Penalized,26,2.04066739624894,105000,24.337649599998258
ring,Penalized,27,1.2783861404883268,105000,24.39056060000439
ring,Penalized,28,3.4664506268389323,105000,24.36400029998913
ring,Penalized,29,1.7085562426212668,105000,24.36509950000618
ring,Quartic,0,3.1025136610172383e-12,105000,9.399014399998123
ring,Quartic,1,1.4237743738627908e-11,105000,9.21995450000395
ring,Quartic,2,3.5462462969348363e-13,105000,9.254560500005027
ring,Quartic,3,3.0354288836924277e-12,105000,9.245607299992116
ring,Quartic,4,1.3001909567913899e-11,105000,9.16401439999754
ring,Quartic,5,2.607172978773583e-12,105000,9.097452500005602
ring,Quartic,6,1.9620375595014262e-11,105000,9.053608299989719
ring,Quartic,7,1.44785810108347e-11,105000,9.080110199996852
ring,Quartic,8,6.032162603138409e-11,105000,9.148937599995406
ring,Quartic,9,3.625084540846518e-12,105000,9.024253299998236
ring,Quartic,10,1.7396155039707283e-11,105000,9.025040399996215
ring,Quartic,11,1.1647503824249421e-10,105000,9.022546499996679
ring,Quartic,12,1.2382938338228503e-11,105000,9.068300700004329
ring,Quartic,13,2.4435821823893073e-11,105000,9.008743099999265
ring,Quartic,14,8.885532281394622e-13,105000,9.071851500004414
ring,Quartic,15,1.9790854821200092e-11,105000,9.107465399996727
ring,Quartic,16,2.261267533530071e-11,105000,9.053624799998943
ring,Quartic,17,1.0638239643330604e-11,105000,9.212655200011795
ring,Quartic,18,7.125983707371346e-12,105000,9.133219800001825
ring,Quartic,19,4.6735458129911405e-12,105000,9.170351499997196
ring,Quartic,20,4.3770996209083513e-13,105000,9.130747200004407
ring,Quartic,21,1.626204976431702e-11,105000,9.236584500002209
ring,Quartic,22,1.0554589622089369e-11,105000,9.166723100002855
ring,Quartic,23,4.4738389559551895e-11,105000,9.164514300005976
ring,Quartic,24,3.1894486811749796e-12,105000,9.260296799999196
ring,Quartic,25,9.15999038903292e-12,105000,9.093057700010831
ring,Quartic,26,4.087556907188265e-12,105000,9.10620760000893
ring,Quartic,27,2.5404310187949477e-13,105000,9.189245299989125
ring,Quartic,28,4.056460514396511e-11,105000,9.191973900000448
ring,Quartic,29,1.844989060627996e-12,105000,9.176643200000399
ring,Schwefel_1_2,0,149.69893097017479,105000,25.599734199990053
ring,Schwefel_1_2,1,90.14899740136988,105000,25.64187479999964
ring,Schwefel_1_2,2,188.4160250912772,105000,26.2757663000084
ring,Schwefel_1_2,3,137.33506796139665,105000,25.966615500001353
ring,Schwefel_1_2,4,55.81367587551721,105000,25.554863500001375
ring,Schwefel_1_2,5,80.0218092709597,105000,25.508678500002134
ring,Schwefel_1_2,6,50.02082624295165,105000,34.055765600001905
ring,Schwefel_1_2,7,80.85898831208713,105000,33.85385060000408
ring,Schwefel_1_2,8,71.34050422531463,105000,33.908874200002174
ring,Schwefel_1_2,9,102.9424934179214,105000,34.18513709999388
ring,Schwefel_1_2,10,73.9867247887816,105000,34.060679899994284
ring,Schwefel_1_2,11,201.14107548456815,105000,34.12534040000173
ring,Schwefel_1_2,12,219.28636089853407,105000,34.387916899999254
ring,Schwefel_1_2,13,90.43087687155968,105000,34.11292719999619
ring,Schwefel_1_2,14,131.6323975909206,105000,33.993745200001285
ring,Schwefel_1_2,15,19.62676887774654,105000,34.20173099999374
ring,Schwefel_1_2,16,26.026734599098138,105000,33.91799039999023
ring,Schwefel_1_2,17,81.46199586454964,105000,33.94345710000198
ring,Schwefel_1_2,18,101.27447115897775,105000,33.65179409999109
ring,Schwefel_1_2,19,147.0770814339853,105000,33.56651169998804
ring,Schwefel_1_2,20,68.40833676708368,105000,33.71075050000218
ring,Schwefel_1_2,21,97.19671931469969,105000,33.62373949999164
ring,Schwefel_1_2,22,44.841225851828085,105000,33.75409889999719
ring,Schwefel_1_2,23,66.66048400779043,105000,33.730413500001305
ring,Schwefel_1_2,24,68.66395935160439,105000,33.891099100001156
ring,Schwefel_1_2,25,42.70032085954644,105000,33.83915650000563
ring,Schwefel_1_2,26,74.38386694914388,105000,33.87189419999777
ring,Schwefel_1_2,27,36.557120336212535,105000,33.70831129999715
ring,Schwefel_1_2,28,117.55015354680738,105000,33.97333209999488
ring,Schwefel_1_2,29,112.50018270051287,105000,33.76065609999932
ws_K20,Sphere,0,0.0009895135528023894,105000,10.847885600000154
ws_K20,Sphere,1,0.0016114195727402539,105000,10.905217100007576
ws_K20,Sphere,2,0.0008192928791596772,105000,10.835994100008975
ws_K20,Sphere,3,0.0005555859253094441,105000,10.796534599998267
ws_K20,Sphere,4,0.0013758473002588574,105000,10.798597300003166
ws_K20,Sphere,5,0.0010131891877239413,105000,10.784438400005456
ws_K20,Sphere,6,0.0003337183658843666,105000,10.860788899997715
ws_K20,Sphere,7,0.000900532527369572,105000,10.882328000006964
ws_K20,Sphere,8,0.001167367638539641,105000,10.833414099994116
ws_K20,Sphere,9,0.0004060500657723386,105000,10.897558099997696
ws_K20,Sphere,10,0.0016487025408108778,105000,10.957425000000512
ws_K20,Sphere,11,0.00026676869865970015,105000,10.93124999999418
ws_K20,Sphere,12,0.0007074194912658658,105000,10.858452400003443
ws_K20,Sphere,13,0.0004926099639923707,105000,10.763555799989263
ws_K20,Sphere,14,0.0008373979659817763,105000,10.91895160000422
ws_K20,Sphere,15,0.0005663120048953201,105000,10.855140100000426
ws_K20,Sphere,16,0.0006976915661923713,105000,10.861059100003331
ws_K20,Sphere,17,0.0002899232417025164,105000,10.891720100000384
ws_K20,Sphere,18,0.00041861159414955485,105000,10.827331200009212
ws_K20,Sphere,19,0.0012081777599859587,105000,10.80378409998957
ws_K20,Sphere,20,0.000593134439210555,105000,10.937576500000432
ws_K20,Sphere,21,0.0007227563275346487,105000,10.924943999998504
ws_K20,Sphere,22,0.0008685451258614473,105000,10.824708999993163
ws_K20,Sphere,23,0.0006482137189753452,105000,10.929848999992828
ws_K20,Sphere,24,0.0011817709989013368,105000,11.043139400004293
ws_K20,Sphere,25,0.0008160407053685591,105000,10.925793099988368
ws_K20,Sphere,26,0.0014450285161738477,105000,11.0372583999997
ws_K20,Sphere,27,0.0006151709924997514,105000,11.054802000013296
ws_K20,Sphere,28,0.0007331819917877603,105000,10.923873799998546
ws_K20,Sphere,29,0.000383380044826037,105000,11.019913900003303
ws_K20,Rosenbrock,0,47.46892981757242,105000,15.335352099995362
ws_K20,Rosenbrock,1,29.583264154842368,105000,15.27861780000967
ws_K20,Rosenbrock,2,88.55650430709441,105000,15.290568500000518
ws_K20,Rosenbrock,3,247.56306932602084,105000,15.34075689999736
ws_K20,Rosenbrock,4,228.30482158997089,105000,15.28639259999909
ws_K20,Rosenbrock,5,26.292592134320433,105000,15.101089399991906
ws_K20,Rosenbrock,6,36.7502113722379,105000,15.141442699998152
ws_K20,Rosenbrock,7,29.476605968869805,105000,15.165015200007474
ws_K20,Rosenbrock,8,88.52191626992004,105000,15.084006999997655
ws_K20,Rosenbrock,9,76.68908757501595,105000,15.109500700011267
ws_K20,Rosenbrock,10,28.55276119676031,105000,15.112913200006005
ws_K20,Rosenbrock,11,28.612861618747058,105000,15.219853300004615
ws_K20,Rosenbrock,12,28.57865806338592,105000,15.265717300004326
ws_K20,Rosenbrock,13,191.52413432111112,105000,15.160338700006832
ws_K20,Rosenbrock,14,662.3132770323334,105000,15.253795399999944
ws_K20,Rosenbrock,15,30.00567974664838,105000,15.291936600013287
ws_K20,Rosenbrock,16,107.09472006554603,105000,15.232275400005165
ws_K20,Rosenbrock,17,28.196731538678076,105000,15.213189799993415
ws_K20,Rosenbrock,18,32.44198151471489,105000,15.424290199996904
ws_K20,Rosenbrock,19,96.16402839620507,105000,15.484310100000584
ws_K20,Rosenbrock,20,22.269260558853222,105000,15.454674799999339
ws_K20,Rosenbrock,21,24.988899732254243,105000,15.503272200003266
ws_K20,Rosenbrock,22,26.288433671038437,105000,15.416685299991514
ws_K20,Rosenbrock,23,24.89297688731429,105000,15.536591399999452
ws_K20,Rosenbrock,24,195.6762647660798,105000,15.545597299991641
ws_K20,Rosenbrock,25,119.12099817936374,105000,15.55058700000518
ws_K20,Rosenbrock,26,101.72461987932985,105000,15.555880700005218
ws_K20,Rosenbrock,27,80.34701479874079,105000,15.56152140001359
ws_K20,Rosenbrock,28,81.80935107672491,105000,15.538447600003565
ws_K20,Rosenbrock,29,35.04754747961867,105000,15.580269500002032
ws_K20,Step,0,0.0,105000,12.004519599999185
ws_K20,Step,1,0.0,105000,12.304391500001657
ws_K20,Step,2,0.0,105000,12.457561300005182
ws_K20,Step,3,0.0,105000,12.290026099988609
ws_K20,Step,4,0.0,105000,12.238531199996942
ws_K20,Step,5,0.0,105000,12.192774799987092
ws_K20,Step,6,0.0,105000,12.108236000000034
ws_K20,Step,7,0.0,105000,11.908596499997657
ws_K20,Step,8,0.0,105000,12.01309140000376
ws_K20,Step,9,0.0,105000,12.145693999991636
ws_K20,Step,10,0.0,105000,12.032958299998427
ws_K20,Step,11,0.0,105000,12.134748799988301
ws_K20,Step,12,0.0,105000,12.12870839999232
ws_K20,Step,13,0.0,105000,12.249173100004555
ws_K20,Step,14,0.0,105000,12.19160850001208
ws_K20,Step,15,0.0,105000,12.200347299993155
ws_K20,Step,16,0.0,105000,11.958415500004776
ws_K20,Step,17,0.0,105000,11.830952899996191
ws_K20,Step,18,0.0,105000,12.16853959999571
ws_K20,Step,19,0.0,105000,12.109405199997127
ws_K20,Step,20,0.0,105000,12.028713399995468
ws_K20,Step,21,0.0,105000,12.126801999998861
ws_K20,Step,22,0.0,105000,12.267620200000238
ws_K20,Step,23,0.0,105000,12.094833099996322
ws_K20,Step,24,0.0,105000,12.090167199989082
ws_K20,Step,25,0.0,105000,12.123210599995218
ws_K20,Step,26,0.0,105000,12.110181199997896
ws_K20,Step,27,0.0,105000,12.105502599995816
ws_K20,Step,28,0.0,105000,12.11022969998885
ws_K20,Step,29,0.0,105000,12.12100910001027
ws_K20,Schwefel_2_26,0,-20252.47461310187,105000,11.659920800011605
ws_K20,Schwefel_2_26,1,-20144.519939430113,105000,11.534160700000939
ws_K20,Schwefel_2_26,2,-19808.264697542105,105000,11.630654900000081
ws_K20,Schwefel_2_26,3,-19098.383304002004,105000,11.508075899997493
ws_K20,Schwefel_2_26,4,-20006.17143620867,105000,11.572879199986346
ws_K20,Schwefel_2_26,5,-21023.909027082722,105000,11.487522700001136
ws_K20,Schwefel_2_26,6,-17024.203219701165,105000,11.539751999996952
ws_K20,Schwefel_2_26,7,-19749.700482830533,105000,11.484379600005923
ws_K20,Schwefel_2_26,8,-19946.78225140611,105000,11.550013699990814
ws_K20,Schwefel_2_26,9,-18831.15498974047,105000,11.476456099990173
ws_K20,Schwefel_2_26,10,-19995.94321061304,105000,11.494873500007088
ws_K20,Schwefel_2_26,11,-19182.561691291434,105000,11.387467499997001
ws_K20,Schwefel_2_26,12,-20148.981253957285,105000,11.312757599996985
ws_K20,Schwefel_2_26,13,-20045.17555061246,105000,11.35157940001227
ws_K20,Schwefel_2_26,14,-17123.753979367742,105000,11.515822899993509
ws_K20,Schwefel_2_26,15,-18770.02348751748,105000,11.552427899994655
ws_K20,Schwefel_2_26,16,-21250.02335107531,105000,11.471634799992898
ws_K20,Schwefel_2_26,17,-18886.4767067864,105000,11.573512899994967
ws_K20,Schwefel_2_26,18,-20204.05704916786,105000,11.609530000001541
ws_K20,Schwefel_2_26,19,-19413.075554384362,105000,11.654475900009857
ws_K20,Schwefel_2_26,20,-19699.63660070581,105000,11.747507400010363
ws_K20,Schwefel_2_26,21,-19445.36493864192,105000,11.677574299988919
ws_K20,Schwefel_2_26,22,-19432.619691026062,105000,11.73017450000043
ws_K20,Schwefel_2_26,23,-19879.173361950656,105000,11.745003000003635
ws_K20,Schwefel_2_26,24,-20263.012437333462,105000,11.680412500005332
ws_K20,Schwefel_2_26,25,-19808.87591008846,105000,11.601164099993184
ws_K20,Schwefel_2_26,26,-19191.913346373884,105000,11.631759500000044
ws_K20,Schwefel_2_26,27,-19433.80047615333,105000,11.665755899986834
ws_K20,Schwefel_2_26,28,-20499.41776492971,105000,11.660864600009518
ws_K20,Schwefel_2_26,29,-21052.7450556347,105000,11.626666000011028
ws_K20,Rastrigin,0,0.6337358292041699,105000,12.329689999998664
ws_K20,Rastrigin,1,3.6317803946008667,105000,12.473704600008205
ws_K20,Rastrigin,2,0.15603979152393777,105000,12.366880499990657
ws_K20,Rastrigin,3,0.2013920053906304,105000,12.277535100001842
ws_K20,Rastrigin,4,0.6814851898881216,105000,12.5319778000121
ws_K20,Rastrigin,5,10.94651343835909,105000,12.272765000001527
ws_K20,Rastrigin,6,0.11210430612652544,105000,12.225255900004413
ws_K20,Rastrigin,7,0.06445187808975561,105000,12.208589000001666
ws_K20,Rastrigin,8,3.430279795536592,105000,12.418802400003187
ws_K20,Rastrigin,9,3.9810654108406993,105000,12.28632590000052
ws_K20,Rastrigin,10,0.009683334607871075,105000,12.402445200001239
ws_K20,Rastrigin,11,8.685852978260755,105000,12.42433140000503
ws_K20,Rastrigin,12,14.926828971694874,105000,12.29207779999706
ws_K20,Rastrigin,13,0.29494534372605585,105000,12.174056999996537
ws_K20,Rastrigin,14,0.10864815536683636,105000,12.243759099990712
ws_K20,Rastrigin,15,19.90243524964177,105000,12.230508599997847
ws_K20,Rastrigin,16,0.30624695677551017,105000,12.121756100008497
ws_K20,Rastrigin,17,0.3638264516397385,105000,12.14565429999493
ws_K20,Rastrigin,18,0.7497710463850353,105000,12.016927899996517
ws_K20,Rastrigin,19,0.20672060978540685,105000,12.13713600000483
ws_K20,Rastrigin,20,10.94564143401999,105000,12.20660289999796
ws_K20,Rastrigin,21,1.5159763142353881,105000,12.142983400000958
ws_K20,Rastrigin,22,0.16326728145156721,105000,12.068284100008896
ws_K20,Rastrigin,23,0.07213035252920008,105000,12.129460199997993
ws_K20,Rastrigin,24,15.920819962244991,105000,12.28530150000006
ws_K20,Rastrigin,25,13.930889784373221,105000,12.179768000001786
ws_K20,Rastrigin,26,0.28006017162238095,105000,12.207917200008524
ws_K20,Rastrigin,27,4.976677893916985,105000,12.29436679999344
ws_K20,Rastrigin,28,34.8262876491703,105000,12.204132599988952
ws_K20,Rastrigin,29,0.03749966689321127,105000,12.186362799999188
ws_K20,Ackley,0,0.5024623947524742,105000,13.43434389999311
ws_K20,Ackley,1,0.13046978721153524,105000,13.403086299993447
ws_K20,Ackley,2,0.08548892394031471,105000,13.478179800004
ws_K20,Ackley,3,0.12994702273663394,105000,13.48953469999833
ws_K20,Ackley,4,0.7036845023303582,105000,13.489908000003197
ws_K20,Ackley,5,0.08954090901269085,105000,13.300099699990824
ws_K20,Ackley,6,5.473457120535198,105000,13.43157779998728
ws_K20,Ackley,7,0.022577555027208707,105000,13.456185100003495
ws_K20,Ackley,8,0.15566317054150192,105000,13.43480560000171
ws_K20,Ackley,9,5.412633101567835,105000,13.437427500000922
ws_K20,Ackley,10,0.4110087056700249,105000,13.457188600004883
ws_K20,Ackley,11,0.15479641738959105,105000,13.374257100003888
ws_K20,Ackley,12,4.122211742331309,105000,13.405109599989373
ws_K20,Ackley,13,0.14304698040321684,105000,13.405728799989447
ws_K20,Ackley,14,0.12913846792019656,105000,13.265830500007723
ws_K20,Ackley,15,0.009320240020411763,105000,13.308938800008036
ws_K20,Ackley,16,0.12209042280968818,105000,13.505792899988592
ws_K20,Ackley,17,0.5417918293636395,105000,13.48760890000267
ws_K20,Ackley,18,4.424592117188169,105000,13.338642599992454
ws_K20,Ackley,19,6.422393202521949,105000,13.389542599994456
ws_K20,Ackley,20,5.319445824156411,105000,13.411901499988744
ws_K20,Ackley,21,0.6719399794374863,105000,13.271833999999217
ws_K20,Ackley,22,0.2561042002240197,105000,13.322334999989835
ws_K20,Ackley,23,5.125315043290662,105000,13.270385299998452
ws_K20,Ackley,24,0.1946393793947654,105000,13.319764300002134
ws_K20,Ackley,25,0.09831390432933462,105000,13.151942299999064
ws_K20,Ackley,26,0.21070757106953097,105000,13.370059200009564
ws_K20,Ackley,27,7.256957893227421,105000,13.34115799999563
ws_K20,Ackley,28,4.884217217245524,105000,13.338221800004249
ws_K20,Ackley,29,0.030801748219275726,105000,13.141927200005739
ws_K20,Griewank,0,0.0027248042437088005,105000,12.896160000003874
ws_K20,Griewank,1,0.0037909179365399615,105000,12.868105499990634
ws_K20,Griewank,2,0.005323233303636488,105000,12.785996199992951
ws_K20,Griewank,3,0.015662811579777114,105000,12.757025899991277
ws_K20,Griewank,4,0.02006315004500092,105000,12.85694969999895
ws_K20,Griewank,5,0.0019851978317948493,105000,12.768910599988885
ws_K20,Griewank,6,0.029584284324574384,105000,12.759146999989753
ws_K20,Griewank,7,0.019503460174388754,105000,12.571378299995558
ws_K20,Griewank,8,0.004072809160018398,105000,12.802784400002565
ws_K20,Griewank,9,0.01572898181281379,105000,12.751790499998606
ws_K20,Griewank,10,0.020384912539966882,105000,12.81215009999869
ws_K20,Griewank,11,0.011299873231148005,105000,12.7844877000025
ws_K20,Griewank,12,0.016373353307384098,105000,12.688605699993786
ws_K20,Griewank,13,0.017604630650910003,105000,12.615521100000478
ws_K20,Griewank,14,0.02822007699532192,105000,12.600636899995152
ws_K20,Griewank,15,0.024205942496901778,105000,12.667149200002314
ws_K20,Griewank,16,0.019214583818192854,105000,12.610660899998038
ws_K20,Griewank,17,0.01169713408365114,105000,12.567541300013545
ws_K20,Griewank,18,0.031790839695808204,105000,12.617070599997533
ws_K20,Griewank,19,0.004569579771101395,105000,12.756159199998365
ws_K20,Griewank,20,0.029856259806655405,105000,12.590520099998685
ws_K20,Griewank,21,0.0023053527969896237,105000,12.618558499991195
ws_K20,Griewank,22,0.0239414544799883,105000,12.609214099997189
ws_K20,Griewank,23,0.01468044472435548,105000,12.629167400009464
ws_K20,Griewank,24,0.003974722699484401,105000,12.79402420000406
ws_K20,Griewank,25,0.018486591209923797,105000,12.69617749999452
ws_K20,Griewank,26,0.027902266761363426,105000,12.809712000002037
ws_K20,Griewank,27,0.00322648833689243,105000,12.668453300007968
ws_K20,Griewank,28,0.013768337394631347,105000,12.751973299993551
ws_K20,Griewank,29,0.005263560416208346,105000,12.724776700008078
ws_K20,Penalized,0,1.7735854174919632,105000,27.746080300014
ws_K20,Penalized,1,1.8989577412547427,105000,27.86258309999539
ws_K20,Penalized,2,3.0480398396565755,105000,27.92793750000419
ws_K20,Penalized,3,3.09782668120849,105000,28.028834099997766
ws_K20,Penalized,4,1.8363375104372488,105000,28.100187799995183
ws_K20,Penalized,5,0.6110104709054136,105000,27.93614420000813
ws_K20,Penalized,6,0.1352351944139858,105000,28.21558790000563
ws_K20,Penalized,7,1.8628725504592762,105000,28.116766799998004
ws_K20,Penalized,8,1.574840899539613,105000,28.058778699996765
ws_K20,Penalized,9,1.153715984803576,105000,28.074850499993772
ws_K20,Penalized,10,2.7884658595269474,105000,28.034262500004843
ws_K20,Penalized,11,1.3188481258358868,105000,28.106829800002743
ws_K20,Penalized,12,2.836709077805309,105000,27.38308669999242
ws_K20,Penalized,13,3.1462075426126486,105000,27.495228200001293
ws_K20,Penalized,14,1.5538304171116781,105000,27.235197500005597
ws_K20,Penalized,15,2.353616636844448,105000,27.305566800001543
ws_K20,Penalized,16,3.137045724057197,105000,27.3194935000065
ws_K20,Penalized,17,1.5195488663598944,105000,27.138218500011135
ws_K20,Penalized,18,1.9640447485770607,105000,27.345251999999164
ws_K20,Penalized,19,2.8931391737100145,105000,27.343910299998242
ws_K20,Penalized,20,2.9254560442729676,105000,27.479389799991623
ws_K20,Penalized,21,1.2791950240021566,105000,27.535982300003525
ws_K20,Penalized,22,2.019270047999529,105000,27.590937699991628
ws_K20,Penalized,23,1.4001472193417026,105000,27.62497099999746
ws_K20,Penalized,24,2.4342215314776166,105000,27.646777500005555
ws_K20,Penalized,25,4.882358199541352,105000,27.524478500010446
ws_K20,Penalized,26,2.5245492473139195,105000,27.5341163000121
ws_K20,Penalized,27,1.382359930612083,105000,27.6280945000035
ws_K20,Penalized,28,4.575027538578469,105000,27.6314732000028
ws_K20,Penalized,29,2.4475273126712764,105000,27.577410099998815
ws_K20,Quartic,0,1.7247455914002566e-09,105000,13.100092999986373
ws_K20,Quartic,1,2.010446176530751e-12,105000,13.063735200004885
ws_K20,Quartic,2,3.366407738412081e-10,105000,13.124557699993602
ws_K20,Quartic,3,2.2033600203358335e-09,105000,13.161118200005149
ws_K20,Quartic,4,4.919125754158404e-10,105000,13.123756600005436
ws_K20,Quartic,5,3.72885945349359e-12,105000,13.264632799997344
ws_K20,Quartic,6,6.414468550213798e-13,105000,13.244593800001894
ws_K20,Quartic,7,6.573870688912095e-10,105000,13.05846329999622
ws_K20,Quartic,8,4.0767045669981016e-10,105000,13.080026499999803
ws_K20,Quartic,9,9.586540437040523e-10,105000,13.049677899995004
ws_K20,Quartic,10,1.3782918909170382e-09,105000,13.164605300000403
ws_K20,Quartic,11,4.545238573521183e-10,105000,13.074258499997086
ws_K20,Quartic,12,1.0762373678298835e-09,105000,13.146859200001927
ws_K20,Quartic,13,3.8785131218056685e-10,105000,13.064219299994875
ws_K20,Quartic,14,3.763823635223935e-10,105000,13.134234600001946
ws_K20,Quartic,15,2.0182076964588558e-10,105000,13.16864329999953
ws_K20,Quartic,16,6.10346871553299e-10,105000,13.148526600009063
ws_K20,Quartic,17,2.2948160402790358e-10,105000,13.13408519999939
ws_K20,Quartic,18,1.168717807456695e-09,105000,13.16440270000021
ws_K20,Quartic,19,3.762272572400007e-10,105000,13.071967800002312
ws_K20,Quartic,20,5.169495586129188e-13,105000,13.206159900000785
ws_K20,Quartic,21,6.937240474324741e-10,105000,13.082884799994645
ws_K20,Quartic,22,3.169911060443673e-10,105000,12.97623040000326
ws_K20,Quartic,23,3.251338033491413e-10,105000,12.98299859999679
ws_K20,Quartic,24,5.550078952155451e-10,105000,12.900029499985976
ws_K20,Quartic,25,2.1336377168823116e-10,105000,12.902789600004326
ws_K20,Quartic,26,2.37261043041969e-10,105000,12.900838000001386
ws_K20,Quartic,27,5.394256949285654e-12,105000,13.033498499993584
ws_K20,Quartic,28,3.9373214746953116e-10,105000,12.883214599991334
ws_K20,Quartic,29,7.309002233082428e-10,105000,12.960860299994238
ws_K20,Schwefel_1_2,0,97.18951888170385,105000,37.83076820000133
ws_K20,Schwefel_1_2,1,142.539203072122,105000,37.54534369999601
ws_K20,Schwefel_1_2,2,290.5967810251922,105000,37.46542350000527
ws_K20,Schwefel_1_2,3,94.59912932897467,105000,37.72558800000115
ws_K20,Schwefel_1_2,4,118.99731575318737,105000,37.64396719999786
ws_K20,Schwefel_1_2,5,124.13762066167958,105000,37.62610889998905
ws_K20,Schwefel_1_2,6,96.8573567710271,105000,37.11594929998682
ws_K20,Schwefel_1_2,7,101.19340458442569,105000,36.97676910000155
ws_K20,Schwefel_1_2,8,74.90166193769514,105000,37.021210599996266
ws_K20,Schwefel_1_2,9,128.36739097687118,105000,37.27027370000724
ws_K20,Schwefel_1_2,10,92.4921358905457,105000,36.911753899999894
ws_K20,Schwefel_1_2,11,140.73795862146292,105000,36.951776499990956
ws_K20,Schwefel_1_2,12,143.2547272898625,105000,37.64715040000738
ws_K20,Schwefel_1_2,13,85.89099081387671,105000,37.33964049999486
ws_K20,Schwefel_1_2,14,205.87374888828043,105000,37.30878629999643
ws_K20,Schwefel_1_2,15,66.5200836508943,105000,37.729670899992925
ws_K20,Schwefel_1_2,16,47.018722413642394,105000,37.5827006999898
ws_K20,Schwefel_1_2,17,93.9028659850154,105000,37.67767750000348
ws_K20,Schwefel_1_2,18,143.693328734601,105000,37.57228039999609
ws_K20,Schwefel_1_2,19,202.05121480573328,105000,37.74514149999595
ws_K20,Schwefel_1_2,20,110.75615113862919,105000,37.65684019999753
ws_K20,Schwefel_1_2,21,59.72906894657336,105000,37.70787719999498
ws_K20,Schwefel_1_2,22,105.74148971099046,105000,37.6116589000012
ws_K20,Schwefel_1_2,23,68.55701084770809,105000,37.49731609999435
ws_K20,Schwefel_1_2,24,158.16685836735013,105000,37.191288099988014
ws_K20,Schwefel_1_2,25,93.30148477973101,105000,37.36346419999609
ws_K20,Schwefel_1_2,26,110.58211766157919,105000,37.092256700008875
ws_K20,Schwefel_1_2,27,36.423190665173024,105000,37.421447600005195
ws_K20,Schwefel_1_2,28,195.96532451212045,105000,37.24064070000895
ws_K20,Schwefel_1_2,29,126.53871924965263,105000,37.24040429999877
ws_K40,Sphere,0,0.0017251587315635659,105000,16.478470600006403
ws_K40,Sphere,1,0.003635016349835722,105000,16.488395699998364
ws_K40,Sphere,2,0.001255607863180087,105000,16.485213199994178
ws_K40,Sphere,3,0.001549061323401629,105000,16.390998799994122
ws_K40,Sphere,4,0.002090323328810719,105000,16.49079779999738
ws_K40,Sphere,5,0.0011529276788109755,105000,16.47354579999228
ws_K40,Sphere,6,0.001932368190266311,105000,16.63288289999764
ws_K40,Sphere,7,0.003245625458544013,105000,16.563109700000496
ws_K40,Sphere,8,0.00427782926511749,105000,16.75636630000372
ws_K40,Sphere,9,0.004333199078835151,105000,16.667033700010506
ws_K40,Sphere,10,0.001958525356786922,105000,16.702942499992787
ws_K40,Sphere,11,0.0009033816745450912,105000,16.603237499992247
ws_K40,Sphere,12,0.002025027128166963,105000,16.620217300005606
ws_K40,Sphere,13,0.0017306808826079215,105000,16.50885830000334
ws_K40,Sphere,14,0.0019630731632824046,105000,16.92150669998955
ws_K40,Sphere,15,0.0034585810065823307,105000,16.53942430000461
ws_K40,Sphere,16,0.001285585276249197,105000,16.684892800010857
ws_K40,Sphere,17,0.0016709450632184538,105000,16.76869009999791
ws_K40,Sphere,18,0.0028661742363435424,105000,16.73060810001334
ws_K40,Sphere,19,0.0026682612773640843,105000,16.542164399987087
ws_K40,Sphere,20,0.0011745291630328527,105000,16.809846500007552
ws_K40,Sphere,21,0.0014562717647555643,105000,16.5974406000023
ws_K40,Sphere,22,0.002094874344540026,105000,16.590374999999767
ws_K40,Sphere,23,0.0024302136678131074,105000,17.028581000005943
ws_K40,Sphere,24,0.0025647855936352737,105000,17.093297699990217
ws_K40,Sphere,25,0.00130045202268626,105000,17.23414500000945
ws_K40,Sphere,26,0.0015982916508867208,105000,17.32731189999322
ws_K40,Sphere,27,0.002535420549002006,105000,17.27241089999734
ws_K40,Sphere,28,0.0031549196641112625,105000,17.291447999989032
ws_K40,Sphere,29,0.0020317242048230014,105000,17.3977229000011
ws_K40,Rosenbrock,0,34.96622450416782,105000,21.950770700001158
ws_K40,Rosenbrock,1,29.244231340465355,105000,21.96758390001196
ws_K40,Rosenbrock,2,139.26154106054517,105000,21.75912139999855
ws_K40,Rosenbrock,3,26.7278571738658,105000,21.853156299999682
ws_K40,Rosenbrock,4,186.14754264198598,105000,21.860674199997447
ws_K40,Rosenbrock,5,25.91388197843479,105000,21.684390800000983
ws_K40,Rosenbrock,6,29.72674642468968,105000,21.572771699997247
ws_K40,Rosenbrock,7,37.631420377498316,105000,21.580854600004386
ws_K40,Rosenbrock,8,73.19674794487561,105000,21.498712999993586
ws_K40,Rosenbrock,9,81.6505419827955,105000,21.547762899994268
ws_K40,Rosenbrock,10,29.45827956099462,105000,21.475176899999497
ws_K40,Rosenbrock,11,27.774263155492896,105000,21.471750900003826
ws_K40,Rosenbrock,12,28.626762264198558,105000,21.15438299998641
ws_K40,Rosenbrock,13,29.299675558378325,105000,21.19502439998905
ws_K40,Rosenbrock,14,90.79929149142582,105000,21.179633599997032
ws_K40,Rosenbrock,15,25.71124892908228,105000,21.172005200001877
ws_K40,Rosenbrock,16,45.07777247651768,105000,21.094489499999327
ws_K40,Rosenbrock,17,29.285198524570095,105000,21.15961510001216
ws_K40,Rosenbrock,18,116.99299047596237,105000,21.256895400001667
ws_K40,Rosenbrock,19,28.294677410925242,105000,21.184013899997808
ws_K40,Rosenbrock,20,44.651881851678894,105000,21.316756400003214
ws_K40,Rosenbrock,21,62.730078712342944,105000,21.149375400011195
ws_K40,Rosenbrock,22,26.812263088558634,105000,21.13728120000451
ws_K40,Rosenbrock,23,28.863596769083827,105000,21.209669899995788
ws_K40,Rosenbrock,24,28.109301700266347,105000,14.82235529999889
ws_K40,Rosenbrock,25,42.91703858765246,105000,14.623519800006761
ws_K40,Rosenbrock,26,74.83170501729495,105000,13.437905700004194
ws_K40,Rosenbrock,27,112.63871963583425,105000,13.149748099996941
ws_K40,Rosenbrock,28,160.37401620943683,105000,12.9593223999982
ws_K40,Rosenbrock,29,27.882199990721663,105000,11.876207900000736
ws_K40,Step,0,0.0,105000,10.132829199996195
ws_K40,Step,1,0.0,105000,9.762897900000098
ws_K40,Step,2,0.0,105000,9.953636000005645
ws_K40,Step,3,0.0,105000,9.84178659999452
ws_K40,Step,4,0.0,105000,9.784321400002227
ws_K40,Step,5,0.0,105000,9.900503600001684
ws_K40,Step,6,0.0,105000,9.964454899993143
ws_K40,Step,7,0.0,105000,10.037216700002318
ws_K40,Step,8,0.0,105000,10.688156400006847
ws_K40,Step,9,0.0,105000,11.488346300000558
ws_K40,Step,10,0.0,105000,11.336401699998532
ws_K40,Step,11,0.0,105000,13.411459599999944
ws_K40,Step,12,0.0,105000,19.54110399998899
ws_K40,Step,13,0.0,105000,19.825196200006758
ws_K40,Step,14,0.0,105000,20.243809599996894
ws_K40,Step,15,0.0,105000,20.255831000002217
ws_K40,Step,16,0.0,105000,20.250649000008707
ws_K40,Step,17,0.0,105000,20.414446599999792
ws_K40,Step,18,0.0,105000,20.124575699999696
ws_K40,Step,19,0.0,105000,20.550378400002955
ws_K40,Step,20,0.0,105000,20.148517399997218
ws_K40,Step,21,0.0,105000,19.798286599994753
ws_K40,Step,22,0.0,105000,20.41238809999777
ws_K40,Step,23,0.0,105000,20.722287600001437
ws_K40,Step,24,0.0,105000,20.197725300007733
ws_K40,Step,25,0.0,105000,19.735337500009337
ws_K40,Step,26,0.0,105000,19.992406600009417
ws_K40,Step,27,0.0,105000,19.762426200002665
ws_K40,Step,28,0.0,105000,20.24384119999013
ws_K40,Step,29,0.0,105000,19.760537599999225
ws_K40,Schwefel_2_26,0,-20349.88484207734,105000,16.90545029999339
ws_K40,Schwefel_2_26,1,-20084.828691395654,105000,16.85223699999915
ws_K40,Schwefel_2_26,2,-19354.122247680756,105000,17.009084999997867
ws_K40,Schwefel_2_26,3,-19216.36115978435,105000,16.92573140001332
ws_K40,Schwefel_2_26,4,-19974.37375297415,105000,16.976215999995475
ws_K40,Schwefel_2_26,5,-21024.57157989813,105000,17.64634190000652
ws_K40,Schwefel_2_26,6,-19314.47276847493,105000,17.119071300010546
ws_K40,Schwefel_2_26,7,-19749.692001484043,105000,17.341151500004344
ws_K40,Schwefel_2_26,8,-20184.052231091795,105000,17.11446940001042
ws_K40,Schwefel_2_26,9,-18751.48781229811,105000,17.29070359999605
ws_K40,Schwefel_2_26,10,-20124.599713138963,105000,17.14975699999195
ws_K40,Schwefel_2_26,11,-19144.910223574767,105000,17.440192599999136
ws_K40,Schwefel_2_26,12,-20430.47372591064,105000,17.481147400001646
ws_K40,Schwefel_2_26,13,-19571.75508218103,105000,17.12826369999675
ws_K40,Schwefel_2_26,14,-17084.194184116706,105000,17.39820479998889
ws_K40,Schwefel_2_26,15,-18692.09055696294,105000,17.527302000002237
ws_K40,Schwefel_2_26,16,-21250.016755123477,105000,17.4110517000081
ws_K40,Schwefel_2_26,17,-19062.468805644254,105000,17.810416099993745
ws_K40,Schwefel_2_26,18,-20306.057883846803,105000,18.078628899995238
ws_K40,Schwefel_2_26,19,-19630.790064475237,105000,17.135956900005112
ws_K40,Schwefel_2_26,20,-19384.82672831192,105000,17.38166599998658
ws_K40,Schwefel_2_26,21,-17025.31559221036,105000,17.323196199999074
ws_K40,Schwefel_2_26,22,-19373.725634735354,105000,17.285362499998882
ws_K40,Schwefel_2_26,23,-19879.186706245,105000,17.269311399999424
ws_K40,Schwefel_2_26,24,-19857.56547052593,105000,17.393518500000937
ws_K40,Schwefel_2_26,25,-20025.59619828084,105000,17.44818700000178
ws_K40,Schwefel_2_26,26,-19331.585598024052,105000,17.13073100001202
ws_K40,Schwefel_2_26,27,-19591.2833956569,105000,17.44535850000102
ws_K40,Schwefel_2_26,28,-20815.709183044648,105000,17.1881366000016
ws_K40,Schwefel_2_26,29,-20815.75381275882,105000,17.279841199997463
ws_K40,Rastrigin,0,0.7621600729576699,105000,18.193953399997554
ws_K40,Rastrigin,1,1.0089162777320553,105000,18.18756950000534
ws_K40,Rastrigin,2,1.4853724661724073,105000,18.56732750000083
ws_K40,Rastrigin,3,9.954230683891694,105000,18.325190899995505
ws_K40,Rastrigin,4,0.20200223400388495,105000,18.454537199999322
ws_K40,Rastrigin,5,0.15001114263083082,105000,18.252265399991302
ws_K40,Rastrigin,6,0.03768842294891783,105000,18.02554949998739
ws_K40,Rastrigin,7,0.5141716965659384,105000,18.59269669999776
ws_K40,Rastrigin,8,5.129935152606436,105000,18.380390599995735
ws_K40,Rastrigin,9,0.618390378066124,105000,18.274259700003313
ws_K40,Rastrigin,10,0.14074802846573675,105000,18.259644399993704
ws_K40,Rastrigin,11,0.43531444367954464,105000,18.305791600010707
ws_K40,Rastrigin,12,18.908732029645023,105000,18.08639409999887
ws_K40,Rastrigin,13,0.19282673684477913,105000,18.06842179999512
ws_K40,Rastrigin,14,0.230132135108704,105000,18.098388300000806
ws_K40,Rastrigin,15,8.958458688664791,105000,18.013555899990024
ws_K40,Rastrigin,16,9.954800369059797,105000,18.157534099998884
ws_K40,Rastrigin,17,2.365362105543568,105000,18.3255441999936
ws_K40,Rastrigin,18,0.21004396123049673,105000,18.084066299998085
ws_K40,Rastrigin,19,8.961397681844858,105000,17.965760299994145
ws_K40,Rastrigin,20,9.956198666664136,105000,18.191742499999236
ws_K40,Rastrigin,21,0.3154337174185571,105000,18.089717100010603
ws_K40,Rastrigin,22,0.21013243189372588,105000,18.124674399994547
ws_K40,Rastrigin,23,0.20673040628855688,105000,17.98161980000441
ws_K40,Rastrigin,24,1.598488437060439,105000,17.986762699991232
ws_K40,Rastrigin,25,7.964172909871763,105000,18.0843223999982
ws_K40,Rastrigin,26,0.12932911357376042,105000,18.153812399992603
ws_K40,Rastrigin,27,3.394336917545047,105000,18.350677999987965
ws_K40,Rastrigin,28,3.615685001144186,105000,18.28238119999878
ws_K40,Rastrigin,29,1.15629788182855,105000,19.133313399986946
ws_K40,Ackley,0,4.076701085775131,105000,19.175853599997936
ws_K40,Ackley,1,0.2962094377789666,105000,19.20509210000455
ws_K40,Ackley,2,0.35004543669177623,105000,19.149009800006752
ws_K40,Ackley,3,0.1192417570629094,105000,19.147793199997977
ws_K40,Ackley,4,0.03707774243645945,105000,18.985107899992727
ws_K40,Ackley,5,3.4623660002076737,105000,19.114017799991416
ws_K40,Ackley,6,0.024735242563640458,105000,19.275158000004012
ws_K40,Ackley,7,0.30317108369302703,105000,19.373790800003917
ws_K40,Ackley,8,4.076344117776657,105000,19.22548240001197
ws_K40,Ackley,9,0.17569679158187101,105000,19.223120700000436
ws_K40,Ackley,10,0.23129483355045055,105000,19.385465700004715
ws_K40,Ackley,11,0.21604567355884585,105000,19.405876000004355
ws_K40,Ackley,12,0.00942859297267562,105000,19.564733500010334
ws_K40,Ackley,13,4.076741423908452,105000,19.242860199999996
ws_K40,Ackley,14,4.167102467046387,105000,19.294954700002563
ws_K40,Ackley,15,4.030246444883787,105000,19.267276200000197
ws_K40,Ackley,16,0.02186323653013078,105000,19.4724317999935
ws_K40,Ackley,17,0.045257738461814245,105000,19.51383799999894
ws_K40,Ackley,18,0.6760427325999818,105000,19.396968600005493
ws_K40,Ackley,19,4.2120000766490655,105000,19.20000230000005
ws_K40,Ackley,20,0.07316310167281204,105000,19.422127300000284
ws_K40,Ackley,21,0.630114978254277,105000,19.4082550000021
ws_K40,Ackley,22,0.10784166229520453,105000,19.407446199998958
ws_K40,Ackley,23,0.34829397585550526,105000,19.404474199996912
ws_K40,Ackley,24,0.02172271951092286,105000,18.911697599993204
ws_K40,Ackley,25,0.010129207354602432,105000,19.507345300007728
ws_K40,Ackley,26,5.621213939351549,105000,19.269978700001957
ws_K40,Ackley,27,4.9552039763711555,105000,19.292120399986743
ws_K40,Ackley,28,3.0943556718836907,105000,19.18375530000776
ws_K40,Ackley,29,0.310219114151455,105000,19.453535199994803
ws_K40,Griewank,0,0.03621746359211486,105000,18.733708899992052
ws_K40,Griewank,1,0.017565848940599427,105000,18.631557899992913
ws_K40,Griewank,2,0.006619529038993988,105000,18.65403280001192
ws_K40,Griewank,3,0.03872375842347442,105000,18.6454020000092
ws_K40,Griewank,4,0.011693019486682998,105000,18.680187999998452
ws_K40,Griewank,5,0.03754348828355614,105000,18.58304309999221
ws_K40,Griewank,6,0.009582414794143346,105000,18.806658699992113
ws_K40,Griewank,7,0.018953825272642,105000,18.79188810000778
ws_K40,Griewank,8,0.01545628488146955,105000,18.537721499989857
ws_K40,Griewank,9,0.031286343053249066,105000,18.591128000000026
ws_K40,Griewank,10,0.01541901504458909,105000,18.62964300000749
ws_K40,Griewank,11,0.02714672156167297,105000,18.637992400006624
ws_K40,Griewank,12,0.03574528134585242,105000,18.68902109999908
ws_K40,Griewank,13,0.02683629384210573,105000,18.942290800012415
ws_K40,Griewank,14,0.03525338936761946,105000,18.63547860000108
ws_K40,Griewank,15,0.022057915005934126,105000,18.721226999987266
ws_K40,Griewank,16,0.028237077412867517,105000,18.983903799991822
ws_K40,Griewank,17,0.02035790774452617,105000,18.718936399993254
ws_K40,Griewank,18,0.03221135813511844,105000,18.528333700000076
ws_K40,Griewank,19,0.017502564824528943,105000,18.49916750000557
ws_K40,Griewank,20,0.019443356031552783,105000,18.73907070000132
ws_K40,Griewank,21,0.01004071662735595,105000,18.858447499995236
ws_K40,Griewank,22,0.023563374935320014,105000,18.875674900002195
ws_K40,Griewank,23,0.030496812296791687,105000,19.008277600005385
ws_K40,Griewank,24,0.025340491393935127,105000,18.978020799986552
ws_K40,Griewank,25,0.02474733159572473,105000,18.97904649999691
ws_K40,Griewank,26,0.02291842398392452,105000,18.69577560000471
ws_K40,Griewank,27,0.016587597936037923,105000,18.859749900002498
ws_K40,Griewank,28,0.030427888064193387,105000,18.760886699994444
ws_K40,Griewank,29,0.05444723879430502,105000,18.677593100001104
ws_K40,Penalized,0,1.099997629859598,105000,33.76926440000534
ws_K40,Penalized,1,1.080610953982862,105000,33.5969691999926
ws_K40,Penalized,2,1.62314327533928,105000,33.714286699992954
ws_K40,Penalized,3,1.9468036158463422,105000,33.77449009999691
ws_K40,Penalized,4,1.7449175368260452,105000,33.768750300005195
ws_K40,Penalized,5,2.03341571531882,105000,33.710645800005295
ws_K40,Penalized,6,0.6795922894295766,105000,33.53750690000015
ws_K40,Penalized,7,1.7922492118244338,105000,33.58529940000153
ws_K40,Penalized,8,0.8833981000130317,105000,33.54543020001438
ws_K40,Penalized,9,0.7455101122155072,105000,33.60873409999476
ws_K40,Penalized,10,2.2312989559991525,105000,33.543396600012784
ws_K40,Penalized,11,1.69350895516858,105000,33.61188389999734
ws_K40,Penalized,12,1.9103671957810475,105000,33.634936500006006
ws_K40,Penalized,13,2.6966554774675555,105000,33.67974449999747
ws_K40,Penalized,14,1.8213589503986425,105000,33.666560899990145
ws_K40,Penalized,15,1.0990895775632925,105000,33.72139099999913
ws_K40,Penalized,16,3.7336952227062232,105000,33.69330470000568
ws_K40,Penalized,17,1.021027407344541,105000,33.617873600000166
ws_K40,Penalized,18,2.3231400539598517,105000,33.59059510000225
ws_K40,Penalized,19,2.0334662116963034,105000,33.46107000000484
ws_K40,Penalized,20,0.0011923058830890679,105000,33.93988839999656
ws_K40,Penalized,21,1.343758910397178,105000,33.60980859999836
ws_K40,Penalized,22,2.052855388642986,105000,33.7288780999952
ws_K40,Penalized,23,1.3367879624941519,105000,33.546877600005246
ws_K40,Penalized,24,1.8654171988102632,105000,33.596264699997846
ws_K40,Penalized,25,4.4118007494610145,105000,33.61427649999678
ws_K40,Penalized,26,1.8974370170105903,105000,33.62712269999611
ws_K40,Penalized,27,1.0900766530023625,105000,33.686494599998696
ws_K40,Penalized,28,3.396282931866055,105000,33.66609579999931
ws_K40,Penalized,29,2.5260436805684385,105000,33.7458803000045
ws_K40,Quartic,0,9.6031758212791e-10,105000,18.88030269999581
ws_K40,Quartic,1,6.795296904544598e-09,105000,18.76973219998763
ws_K40,Quartic,2,2.2009759627742742e-09,105000,19.098236200006795
ws_K40,Quartic,3,7.880805633247091e-10,105000,19.377792799990857
ws_K40,Quartic,4,7.430665948428848e-10,105000,18.921029199991608
ws_K40,Quartic,5,1.0480204539440309e-09,105000,19.295664300007047
ws_K40,Quartic,6,1.1566547213917749e-09,105000,19.239179299998796
ws_K40,Quartic,7,5.373223661616119e-10,105000,19.459743100000196
ws_K40,Quartic,8,1.7335680296611698e-09,105000,19.46150380000472
ws_K40,Quartic,9,6.35424970598565e-10,105000,19.047640899996622
ws_K40,Quartic,10,1.6478449587315348e-09,105000,19.545882099992014
ws_K40,Quartic,11,8.847532861781547e-10,105000,19.142222599999513
ws_K40,Quartic,12,1.8972399805347763e-09,105000,19.196355500011123
ws_K40,Quartic,13,2.278456883876583e-09,105000,19.345215199995437
ws_K40,Quartic,14,4.926531747535675e-10,105000,19.27891519998957
ws_K40,Quartic,15,6.426497480279385e-10,105000,19.498315600008937
ws_K40,Quartic,16,2.1831919818106197e-09,105000,19.17539579998993
ws_K40,Quartic,17,7.614378296421376e-10,105000,19.103857000009157
ws_K40,Quartic,18,1.3814165120714395e-09,105000,18.981076199997915
ws_K40,Quartic,19,4.1856552675578196e-09,105000,18.92953320000379
ws_K40,Quartic,20,1.0694342232470883e-09,105000,18.973603099992033
ws_K40,Quartic,21,9.8578807414393e-10,105000,18.978190099995118
ws_K40,Quartic,22,1.8941977131479325e-09,105000,19.270055500004673
ws_K40,Quartic,23,3.2231070177328187e-09,105000,19.055164200006402
ws_K40,Quartic,24,1.2899448460709203e-09,105000,18.925108499999624
ws_K40,Quartic,25,7.837671217824341e-10,105000,18.88492280000355
ws_K40,Quartic,26,8.489807252695562e-10,105000,19.01771909999661
ws_K40,Quartic,27,1.1669096775537247e-09,105000,19.294119799989858
ws_K40,Quartic,28,7.386844846426253e-10,105000,19.155261599997175
ws_K40,Quartic,29,1.9437559645239626e-09,105000,18.876391400001012
ws_K40,Schwefel_1_2,0,161.97225713138792,105000,43.313776000009966
ws_K40,Schwefel_1_2,1,128.79015429479466,105000,43.38175450000563
ws_K40,Schwefel_1_2,2,166.17008504980475,105000,43.39057609999145
ws_K40,Schwefel_1_2,3,137.4381511226433,105000,43.564056999995955
ws_K40,Schwefel_1_2,4,92.82750232016645,105000,43.3011805999995
ws_K40,Schwefel_1_2,5,80.49024729231753,105000,43.48210330000438
ws_K40,Schwefel_1_2,6,58.4016263063885,105000,39.48570609999297
ws_K40,Schwefel_1_2,7,116.10611624291317,105000,39.51982240000507
ws_K40,Schwefel_1_2,8,77.29723159660199,105000,39.49943969999731
ws_K40,Schwefel_1_2,9,94.74742102898907,105000,39.924374099995475
ws_K40,Schwefel_1_2,10,134.79103931221582,105000,39.801603500003694
ws_K40,Schwefel_1_2,11,173.73372884363937,105000,39.578676199991605
ws_K40,Schwefel_1_2,12,229.58885918970867,105000,38.63861919999181
ws_K40,Schwefel_1_2,13,69.39686217247956,105000,37.24777860000904
ws_K40,Schwefel_1_2,14,194.65365854814016,105000,37.02737350000825
ws_K40,Schwefel_1_2,15,46.520555743419656,105000,37.07672789999924
ws_K40,Schwefel_1_2,16,72.58462745379256,105000,37.102670899999794
ws_K40,Schwefel_1_2,17,36.638319160929775,105000,36.65775750001194
ws_K40,Schwefel_1_2,18,100.60473853121958,105000,37.932922499996494
ws_K40,Schwefel_1_2,19,129.84848710682917,105000,37.09255570000096
ws_K40,Schwefel_1_2,20,133.04425278535786,105000,35.97476519999327
ws_K40,Schwefel_1_2,21,61.62519296491666,105000,35.00286199999391
ws_K40,Schwefel_1_2,22,98.75766879557837,105000,34.58838889999606
ws_K40,Schwefel_1_2,23,59.04806518982161,105000,33.218823799994425
ws_K40,Schwefel_1_2,24,166.6998140721738,105000,26.857663200004026
ws_K40,Schwefel_1_2,25,79.17895919016851,105000,29.876717700011795
ws_K40,Schwefel_1_2,26,151.76691960612004,105000,28.111653700005263
ws_K40,Schwefel_1_2,27,48.62882458868179,105000,28.621016900011455
ws_K40,Schwefel_1_2,28,209.87905759759698,105000,28.925789799992344
ws_K40,Schwefel_1_2,29,109.47648613304311,105000,30.22811159999401
